<eac-cpf xmlns="urn:isbn:1-931666-33-4"
         xmlns:xsi="http://www.w3.org/2001/XMLSchema-instance"
         xsi:schemaLocation="urn:isbn:1-931666-33-4 cpf.xsd">
   <control>
      <recordId>FRAN_NP_010358</recordId>
      <otherRecordId localType="Ancien_identifiant">FRDAFANCH00MC_NANOTAIRE00060</otherRecordId>
      <maintenanceStatus>derived</maintenanceStatus>
      <maintenanceAgency>
         <agencyName>Archives nationales de France</agencyName>
      </maintenanceAgency>
      <languageDeclaration>
         <language languageCode="fre">Français</language>
         <script scriptCode="Latn"/>
      </languageDeclaration>
      <conventionDeclaration>
         <citation>Notice établie conformément à la norme ICA-ISAAR (CPF) 2004, aux normes ISO 8601 pour le système de normalisation des dates utilisé, ainsi que AFNOR NF Z 44-061, juin 1986. Catalogage : forme et structure des vedettes noms de personne, des vedettes titres, des rubriques de classement et des titres forgés.</citation>
      </conventionDeclaration>
      <localControl localType="niveau_de_detail">
         <term>Moyenne</term>
      </localControl>
      <maintenanceHistory>
         <maintenanceEvent>
            <eventType>derived</eventType>
            <eventDateTime>2013-04-23</eventDateTime>
            <agentType>machine</agentType>
            <agent>Migration ETANOT</agent>
         </maintenanceEvent>
      </maintenanceHistory>
   </control>
   <cpfDescription>
      <identity>
         <entityType>person</entityType>
         <nameEntry localType="autorisée" scriptCode="Latn" xml:lang="fre">
            <part>Verani, Jean</part>
         </nameEntry>
         <nameEntry>
            <part>Verany, Jean-Michel</part>
         </nameEntry>
      </identity>
      <description>
         <existDates>
            <dateRange>
               <fromDate standardDate="1691-10-05">5 octobre 1691</fromDate>
               <toDate standardDate="1729-07-25">25 juillet 1729</toDate>
            </dateRange>
            <descriptiveNote>
               <p>Les dates d'existence de la personne ne sont pas connues et sont évaluées d'après les dates d'exercice en tant que notaire</p>
            </descriptiveNote>
         </existDates>
         <places>
            <place>
               <placeRole>Lieu de Paris</placeRole>
               <placeEntry localType="paroisse" vocabularySource="d3nyvpcbgs-1cppi2iacclig">saint-sulpice (paroisse)</placeEntry>
               <placeEntry localType="paroisse" vocabularySource="d3nyvosba5--16qzzcu3058e5">saint-andré-des-arts (paroisse)</placeEntry>
               <placeEntry localType="quartier" vocabularySource="d3nyvgazoq--1c50yrnvnvk9s">luxembourg (quartier)</placeEntry>
               <placeEntry localType="paroisse" vocabularySource="d3nyvow9c3--1ln2rhczl581f">saint-eustache (paroisse)</placeEntry>
               <placeEntry localType="quartier" vocabularySource="d3nyvgrw7m-1ulx41q7n6nbj">saint-eustache (quartier)</placeEntry>
               <placeEntry localType="paroisse" vocabularySource="d3nyvovxws-1r3061wzh7bqc">saint-etienne-du-mont (paroisse)</placeEntry>
               <placeEntry localType="quartier" vocabularySource="d3nyvgqtes--1wrsaggwbjmzu">saint-benoît (quartier)</placeEntry>
               <placeEntry localType="voie" vocabularySource="d3nzc7bvi0--1ejocvfxcnkwk">neuve-dauphine (rue)</placeEntry>
               <placeEntry localType="voie" vocabularySource="d3nz91dko1--1xtxzj891nbs9">buci (rue de)</placeEntry>
               <placeEntry localType="voie" vocabularySource="d3nz9nfwcy-19c4nnaw0zqgz">coq-héron (rue)</placeEntry>
               <placeEntry localType="voie" vocabularySource="d3nzc47wbl-1a2g6xqjbuj5s">montmartre (rue)</placeEntry>
               <placeEntry localType="nomLieu">rue Neuve-Dauphine (en 1692), rue de Buci (de 1693 à 1711), rue Coq-Héron (de 1711 à 1719), rue Montmartre, au coin de la rue Plâtrière (de 1720 à 1729)</placeEntry>
            </place>
         </places>
         <functions>
            <function>
               <term vocabularySource="d3nyui3o8w--11y7jgy8q3wnt">notaire à paris</term>
               <dateRange>
                  <fromDate standardDate="1691-10-05">5 octobre 1691</fromDate>
                  <toDate standardDate="1729-07-25">25 juillet 1729</toDate>
               </dateRange>
            </function>
         </functions>
         <biogHist>
            <p>marié à Catherine Brillon (voir ET/LIX/146, 3 février 1708, contrat de mariage)</p>
         </biogHist>
      </description>
      <relations>
         <cpfRelation xmlns:xlink="http://www.w3.org/1999/xlink"
                      cpfRelationType="associative"
                      xlink:href="FRAN_NP_010197"
                      xlink:type="simple">
            <relationEntry>Etude notariale LXX</relationEntry>
            <dateRange>
               <fromDate standardDate="1691-10-05">5 octobre 1691</fromDate>
               <toDate standardDate="1729-07-25">25 juillet 1729</toDate>
            </dateRange>
         </cpfRelation>
         <resourceRelation resourceRelationType="other">
            <relationEntry localType="archival">ET/LXXXIV/394, 3 septembre 1729, inventaire après décès</relationEntry>
         </resourceRelation>
         <resourceRelation xmlns:xlink="http://www.w3.org/1999/xlink"
                           resourceRelationType="creatorOf"
                           xlink:href="FRAN_IR_055823"
                           xlink:type="simple">
            <relationEntry localType="archival">Images des répertoires du notaire Jean Verani pour l'étude LXX</relationEntry>
         </resourceRelation>
      </relations>
   </cpfDescription>
</eac-cpf>
