<eac-cpf xmlns="urn:isbn:1-931666-33-4"
         xmlns:xsi="http://www.w3.org/2001/XMLSchema-instance"
         xsi:schemaLocation="urn:isbn:1-931666-33-4 cpf.xsd">
   <control>
      <recordId>FRAN_NP_010451</recordId>
      <otherRecordId localType="Ancien_identifiant">FRDAFANCH00MC_NANOTAIRE00156</otherRecordId>
      <maintenanceStatus>derived</maintenanceStatus>
      <maintenanceAgency>
         <agencyName>Archives nationales de France</agencyName>
      </maintenanceAgency>
      <languageDeclaration>
         <language languageCode="fre">Français</language>
         <script scriptCode="Latn"/>
      </languageDeclaration>
      <conventionDeclaration>
         <citation>Notice établie conformément à la norme ICA-ISAAR (CPF) 2004, aux normes ISO 8601 pour le système de normalisation des dates utilisé, ainsi que AFNOR NF Z 44-061, juin 1986. Catalogage : forme et structure des vedettes noms de personne, des vedettes titres, des rubriques de classement et des titres forgés.</citation>
      </conventionDeclaration>
      <localControl localType="niveau_de_detail">
         <term>Moyenne</term>
      </localControl>
      <maintenanceHistory>
         <maintenanceEvent>
            <eventType>derived</eventType>
            <eventDateTime>2013-04-23</eventDateTime>
            <agentType>machine</agentType>
            <agent>Migration ETANOT</agent>
         </maintenanceEvent>
      </maintenanceHistory>
   </control>
   <cpfDescription>
      <identity>
         <entityType>person</entityType>
         <nameEntry localType="autorisée" scriptCode="Latn" xml:lang="fre">
            <part>Thomas, Antoine</part>
         </nameEntry>
      </identity>
      <description>
         <existDates>
            <dateRange>
               <fromDate standardDate="1715-01-05">5 janvier 1715</fromDate>
               <toDate standardDate="1721-12-22">22 décembre 1721</toDate>
            </dateRange>
            <descriptiveNote>
               <p>Les dates d'existence de la personne ne sont pas connues et sont évaluées d'après les dates d'exercice en tant que notaire</p>
            </descriptiveNote>
         </existDates>
         <places>
            <place>
               <placeRole>Lieu de Paris</placeRole>
               <placeEntry localType="paroisse" vocabularySource="d3nyvpcbgs-1cppi2iacclig">saint-sulpice (paroisse)</placeEntry>
               <placeEntry localType="quartier" vocabularySource="d3nyvgazoq--1c50yrnvnvk9s">luxembourg (quartier)</placeEntry>
               <placeEntry localType="voie" vocabularySource="d3nzai09ii--1tdnegq96iwld">fossés-saint-germain-des-prés (rue des)</placeEntry>
               <placeEntry localType="nomLieu">rue des Fossés-Saint-Germain-des-Prés, au carrefour de Buci</placeEntry>
            </place>
         </places>
         <functions>
            <function>
               <term vocabularySource="d3nyui3o8w--11y7jgy8q3wnt">notaire à paris</term>
               <dateRange>
                  <fromDate standardDate="1715-01-05">5 janvier 1715</fromDate>
                  <toDate standardDate="1721-12-22">22 décembre 1721</toDate>
               </dateRange>
            </function>
         </functions>
      </description>
      <relations>
         <cpfRelation xmlns:xlink="http://www.w3.org/1999/xlink"
                      cpfRelationType="associative"
                      xlink:href="FRAN_NP_010133"
                      xlink:type="simple">
            <relationEntry>Etude VI</relationEntry>
            <dateRange>
               <fromDate standardDate="1715-01-05">5 janvier 1715</fromDate>
               <toDate standardDate="1721-12-22">22 décembre 1721</toDate>
            </dateRange>
         </cpfRelation>
         <resourceRelation xmlns:xlink="http://www.w3.org/1999/xlink"
                           resourceRelationType="creatorOf"
                           xlink:href="FRAN_IR_041224"
                           xlink:type="simple">
            <relationEntry localType="archival">Minutes et répertoires du notaire Antoine THOMAS, 5 janvier 1715 - 22 décembre 1721 (étude VI)</relationEntry>
         </resourceRelation>
      </relations>
   </cpfDescription>
</eac-cpf>
