<eac-cpf xmlns="urn:isbn:1-931666-33-4"
         xmlns:xsi="http://www.w3.org/2001/XMLSchema-instance"
         xsi:schemaLocation="urn:isbn:1-931666-33-4 cpf.xsd">
   <control>
      <recordId>FRAN_NP_010485</recordId>
      <otherRecordId localType="Ancien_identifiant">FRDAFANCH00MC_NANOTAIRE00193</otherRecordId>
      <maintenanceStatus>derived</maintenanceStatus>
      <maintenanceAgency>
         <agencyName>Archives nationales de France</agencyName>
      </maintenanceAgency>
      <languageDeclaration>
         <language languageCode="fre">Français</language>
         <script scriptCode="Latn"/>
      </languageDeclaration>
      <conventionDeclaration>
         <citation>Notice établie conformément à la norme ICA-ISAAR (CPF) 2004, aux normes ISO 8601 pour le système de normalisation des dates utilisé, ainsi que AFNOR NF Z 44-061, juin 1986. Catalogage : forme et structure des vedettes noms de personne, des vedettes titres, des rubriques de classement et des titres forgés.</citation>
      </conventionDeclaration>
      <localControl localType="niveau_de_detail">
         <term>Moyenne</term>
      </localControl>
      <maintenanceHistory>
         <maintenanceEvent>
            <eventType>derived</eventType>
            <eventDateTime>2013-04-23</eventDateTime>
            <agentType>machine</agentType>
            <agent>Migration ETANOT</agent>
         </maintenanceEvent>
      </maintenanceHistory>
      <sources>
         <source>
            <descriptiveNote>
               <p>Philippe BERTHOLET, Etudes et notaires parisiens en 1803, au moment de la loi du 25 ventôse an XI (16 mars 1803), Paris, 2004, p. 303-305</p>
            </descriptiveNote>
         </source>
      </sources>
   </control>
   <cpfDescription>
      <identity>
         <entityType>person</entityType>
         <nameEntry localType="autorisée" scriptCode="Latn" xml:lang="fre">
            <part>Tricard, Jacques</part>
         </nameEntry>
      </identity>
      <description>
         <existDates>
            <dateRange>
               <fromDate standardDate="1799-09-29">29 septembre 1799</fromDate>
               <toDate standardDate="1820-02-25">25 février 1820</toDate>
            </dateRange>
            <descriptiveNote>
               <p>Les dates d'existence de la personne ne sont pas connues et sont évaluées d'après les dates d'exercice en tant que notaire</p>
            </descriptiveNote>
         </existDates>
         <places>
            <place>
               <placeRole>Lieu de Paris</placeRole>
               <placeEntry localType="paroisse" vocabularySource="d3nyvow9c3--1ln2rhczl581f">saint-eustache (paroisse)</placeEntry>
               <placeEntry localType="quartier" vocabularySource="d3nyvgrw7m-1ulx41q7n6nbj">saint-eustache (quartier)</placeEntry>
               <placeEntry localType="voie" vocabularySource="d3nz8yomrc-p22wy99pptd7">bouloi (rue du)</placeEntry>
               <placeEntry localType="nomLieu">2 rue du Bouloi (de l'an VIII à 1820)</placeEntry>
            </place>
         </places>
         <functions>
            <function>
               <term vocabularySource="d3nyui3o8w--11y7jgy8q3wnt">notaire à paris</term>
               <dateRange>
                  <fromDate standardDate="1799-09-29">29 septembre 1799</fromDate>
                  <toDate standardDate="1820-02-25">25 février 1820</toDate>
               </dateRange>
            </function>
         </functions>
         <biogHist>
            <p>né le 4 janvier 1754 à Paris</p>
            <p>marié à Marie Carbonnet (voir ET/CXIII/662, 30 floréal an VIII [20 mai 1800], contrat de mariage)</p>
            <p>notaire du Ministère de l'intérieur (1814-1815)</p>
            <p>décédé le 23 août 1828 à Nemours (Seine-et-Marne)</p>
         </biogHist>
      </description>
      <relations>
         <cpfRelation xmlns:xlink="http://www.w3.org/1999/xlink"
                      cpfRelationType="associative"
                      xlink:href="FRAN_NP_010129"
                      xlink:type="simple">
            <relationEntry>Etude notariale II</relationEntry>
            <dateRange>
               <fromDate standardDate="1799-09-29">29 septembre 1799</fromDate>
               <toDate standardDate="1820-02-25">25 février 1820</toDate>
            </dateRange>
         </cpfRelation>
         <resourceRelation resourceRelationType="other">
            <relationEntry localType="archival">ET/VII/909, 19 janvier 1829, notoriété après décès</relationEntry>
         </resourceRelation>
         <resourceRelation xmlns:xlink="http://www.w3.org/1999/xlink"
                           resourceRelationType="subjectOf"
                           xlink:href="FRAN_IR_051074"
                           xlink:type="simple">
            <relationEntry localType="archival">Images des répertoires du notaire Jacques Tricard pour l'étude II</relationEntry>
         </resourceRelation>
         <resourceRelation xmlns:xlink="http://www.w3.org/1999/xlink"
                           resourceRelationType="subjectOf"
                           xlink:href="FRAN_IR_051077"
                           xlink:type="simple">
            <relationEntry localType="archival">Répertoire du notaire Antoine (I) Belot pour l'étude II</relationEntry>
         </resourceRelation>
         <resourceRelation xmlns:xlink="http://www.w3.org/1999/xlink"
                           resourceRelationType="subjectOf"
                           xlink:href="FRAN_IR_051088"
                           xlink:type="simple">
            <relationEntry localType="archival">Images des répertoires du notaire Angélique-François Berceon pour l'étude II</relationEntry>
         </resourceRelation>
         <resourceRelation xmlns:xlink="http://www.w3.org/1999/xlink"
                           resourceRelationType="subjectOf"
                           xlink:href="FRAN_IR_051100"
                           xlink:type="simple">
            <relationEntry localType="archival">Images des répertoires du notaire Jacques Tricard pour l'étude II</relationEntry>
         </resourceRelation>
         <resourceRelation xmlns:xlink="http://www.w3.org/1999/xlink"
                           resourceRelationType="subjectOf"
                           xlink:href="FRAN_IR_051104"
                           xlink:type="simple">
            <relationEntry localType="archival">Images des répertoires du notaire Claude Quatremere pour l'étude II</relationEntry>
         </resourceRelation>
         <resourceRelation xmlns:xlink="http://www.w3.org/1999/xlink"
                           resourceRelationType="subjectOf"
                           xlink:href="FRAN_IR_051106"
                           xlink:type="simple">
            <relationEntry localType="archival">Répertoire du notaire Antoine (I) Belot pour l'étude II</relationEntry>
         </resourceRelation>
         <resourceRelation xmlns:xlink="http://www.w3.org/1999/xlink"
                           resourceRelationType="subjectOf"
                           xlink:href="FRAN_IR_051109"
                           xlink:type="simple">
            <relationEntry localType="archival">Images des répertoires du notaire Angélique-François Berceon pour l'étude II</relationEntry>
         </resourceRelation>
         <resourceRelation xmlns:xlink="http://www.w3.org/1999/xlink"
                           resourceRelationType="creatorOf"
                           xlink:href="FRAN_IR_041129"
                           xlink:type="simple">
            <relationEntry localType="archival">Minutes et répertoires du notaire Jacques TRICARD, 27 septembre 1799 -23 février 1820 (étude II)</relationEntry>
         </resourceRelation>
      </relations>
   </cpfDescription>
</eac-cpf>
