<eac-cpf xmlns="urn:isbn:1-931666-33-4"
         xmlns:xsi="http://www.w3.org/2001/XMLSchema-instance"
         xsi:schemaLocation="urn:isbn:1-931666-33-4 cpf.xsd">
   <control>
      <recordId>FRAN_NP_010269</recordId>
      <otherRecordId localType="Ancien_identifiant">FRDAFANCH00MC_NAETUDE_161</otherRecordId>
      <maintenanceStatus>derived</maintenanceStatus>
      <maintenanceAgency>
         <agencyName>Archives nationales de France</agencyName>
      </maintenanceAgency>
      <languageDeclaration>
         <language languageCode="fre">Français</language>
         <script scriptCode="Latn"/>
      </languageDeclaration>
      <conventionDeclaration>
         <citation>Notice établie conformément à la norme ICA-ISAAR (CPF) 2004, aux normes ISO 8601 pour le système de normalisation des dates utilisé, ainsi que AFNOR NF Z 44-061, juin 1986. Catalogage : forme et structure des vedettes noms de personne, des vedettes titres, des rubriques de classement et des titres forgés.</citation>
      </conventionDeclaration>
      <localControl localType="niveau_de_detail">
         <term>Moyenne</term>
      </localControl>
      <maintenanceHistory>
         <maintenanceEvent>
            <eventType>derived</eventType>
            <eventDateTime>2013-04-23</eventDateTime>
            <agentType>machine</agentType>
            <agent>Migration ETANOT</agent>
         </maintenanceEvent>
      </maintenanceHistory>
   </control>
   <cpfDescription>
      <identity>
         <entityType>corporateBody</entityType>
         <nameEntry scriptCode="Latn" localType="autorisée" xml:lang="fre">
            <part>Etude CLXI</part>
         </nameEntry>
         <nameEntry>
            <part>75208</part>
         </nameEntry>
      </identity>
      <description>
         <existDates>
            <dateRange>
               <fromDate standardDate="1980-12-17">17 décembre 1980</fromDate>
            </dateRange>
         </existDates>
         <places>
            <place>
               <placeRole>Lieu de Paris</placeRole>
               <placeEntry localType="nomLieu">91, avenue de Wagram, 75017 PARIS</placeEntry>
            </place>
         </places>
         <functions>
            <function>
               <term vocabularySource="d3nyui3o8w--11y7jgy8q3wnt">notaire à paris</term>
               <dateRange>
                  <fromDate standardDate="1980-12-17">17 décembre 1980</fromDate>
                  <toDate/>
               </dateRange>
            </function>
         </functions>
      </description>
      <relations>
         <cpfRelation xmlns:xlink="http://www.w3.org/1999/xlink"
                      cpfRelationType="associative"
                      xlink:href="FRAN_NP_011516"
                      xlink:type="simple">
            <relationEntry>Lemaréchal, Rémi</relationEntry>
            <dateRange>
               <fromDate standardDate="1995-10-18">18 octobre 1995</fromDate>
            </dateRange>
         </cpfRelation>
         <cpfRelation xmlns:xlink="http://www.w3.org/1999/xlink"
                      cpfRelationType="associative"
                      xlink:href="FRAN_NP_013455"
                      xlink:type="simple">
            <relationEntry>Glandard, Virginie</relationEntry>
            <dateRange>
               <fromDate standardDate="2005-03-30">30 mars 2005</fromDate>
            </dateRange>
         </cpfRelation>
         <cpfRelation xmlns:xlink="http://www.w3.org/1999/xlink"
                      cpfRelationType="associative"
                      xlink:href="FRAN_NP_011232"
                      xlink:type="simple">
            <relationEntry>Morel, Bernard</relationEntry>
            <dateRange>
               <fromDate standardDate="1995-10-18">18 octobre 1995</fromDate>
            </dateRange>
         </cpfRelation>
         <cpfRelation xmlns:xlink="http://www.w3.org/1999/xlink"
                      cpfRelationType="associative"
                      xlink:href="FRAN_NP_010579"
                      xlink:type="simple">
            <relationEntry>Serre, Philippe</relationEntry>
            <dateRange>
               <fromDate standardDate="1980-12-17">17 décembre 1980</fromDate>
               <toDate standardDate="1995-10-18">18 octobre 1995</toDate>
            </dateRange>
         </cpfRelation>
         <cpfRelation xmlns:xlink="http://www.w3.org/1999/xlink"
                      cpfRelationType="associative"
                      xlink:href="FRAN_NP_013365"
                      xlink:type="simple">
            <relationEntry>Géring-Vidal, Marie-Line</relationEntry>
            <dateRange>
               <fromDate standardDate="2008-04-03">3 avril 2008</fromDate>
            </dateRange>
         </cpfRelation>
         <cpfRelation xmlns:xlink="http://www.w3.org/1999/xlink"
                      cpfRelationType="associative"
                      xlink:href="FRAN_NP_011993"
                      xlink:type="simple">
            <relationEntry>Guilbaud, Michel</relationEntry>
            <dateRange>
               <fromDate standardDate="1980-12-17">17 décembre 1980</fromDate>
            </dateRange>
         </cpfRelation>
         <cpfRelation xmlns:xlink="http://www.w3.org/1999/xlink"
                      cpfRelationType="associative"
                      xlink:href="FRAN_NP_013534"
                      xlink:type="simple">
            <relationEntry>Moussay, Hélène</relationEntry>
            <dateRange>
               <fromDate standardDate="2011-11-09">9 novembre 2011</fromDate>
            </dateRange>
         </cpfRelation>
         <cpfRelation xmlns:xlink="http://www.w3.org/1999/xlink"
                      cpfRelationType="associative"
                      xlink:href="FRAN_NP_013456"
                      xlink:type="simple">
            <relationEntry>Guilbaud, Christian</relationEntry>
            <dateRange>
               <fromDate standardDate="2005-03-30">30 mars 2005</fromDate>
            </dateRange>
         </cpfRelation>
         <cpfRelation xmlns:xlink="http://www.w3.org/1999/xlink"
                      cpfRelationType="associative"
                      xlink:href="FRAN_NP_013463"
                      xlink:type="simple">
            <relationEntry>Malamud, Jérôme</relationEntry>
            <dateRange>
               <fromDate standardDate="2010-06-02">2 juin 2010</fromDate>
            </dateRange>
         </cpfRelation>
         <cpfRelation xmlns:xlink="http://www.w3.org/1999/xlink"
                      cpfRelationType="associative"
                      xlink:href="FRAN_NP_013464"
                      xlink:type="simple">
            <relationEntry>Mercier, Irène</relationEntry>
            <dateRange>
               <fromDate standardDate="2010-06-02">2 juin 2010</fromDate>
            </dateRange>
         </cpfRelation>
      </relations>
   </cpfDescription>
</eac-cpf>
