<eac-cpf xmlns="urn:isbn:1-931666-33-4"
         xmlns:xsi="http://www.w3.org/2001/XMLSchema-instance"
         xsi:schemaLocation="urn:isbn:1-931666-33-4 cpf.xsd">
   <control>
      <recordId>FRAN_NP_010500</recordId>
      <otherRecordId localType="Ancien_identifiant">FRDAFANCH00MC_NANOTAIRE00211</otherRecordId>
      <maintenanceStatus>derived</maintenanceStatus>
      <maintenanceAgency>
         <agencyName>Archives nationales de France</agencyName>
      </maintenanceAgency>
      <languageDeclaration>
         <language languageCode="fre">Français</language>
         <script scriptCode="Latn"/>
      </languageDeclaration>
      <conventionDeclaration>
         <citation>Notice établie conformément à la norme ICA-ISAAR (CPF) 2004, aux normes ISO 8601 pour le système de normalisation des dates utilisé, ainsi que AFNOR NF Z 44-061, juin 1986. Catalogage : forme et structure des vedettes noms de personne, des vedettes titres, des rubriques de classement et des titres forgés.</citation>
      </conventionDeclaration>
      <localControl localType="niveau_de_detail">
         <term>Moyenne</term>
      </localControl>
      <maintenanceHistory>
         <maintenanceEvent>
            <eventType>derived</eventType>
            <eventDateTime>2013-04-23</eventDateTime>
            <agentType>machine</agentType>
            <agent>Migration ETANOT</agent>
         </maintenanceEvent>
      </maintenanceHistory>
   </control>
   <cpfDescription>
      <identity>
         <entityType>person</entityType>
         <nameEntry localType="autorisée" scriptCode="Latn" xml:lang="fre">
            <part>Trubert, Alexandre</part>
         </nameEntry>
         <nameEntry>
            <part>Trubert, Alexandre Etienne</part>
         </nameEntry>
      </identity>
      <description>
         <existDates>
            <dateRange>
               <fromDate standardDate="1812-07-15">15 juillet 1812</fromDate>
               <toDate standardDate="1829-07-04">4 juillet 1829</toDate>
            </dateRange>
            <descriptiveNote>
               <p>Les dates d'existence de la personne ne sont pas connues et sont évaluées d'après les dates d'exercice en tant que notaire</p>
            </descriptiveNote>
         </existDates>
         <places>
            <place>
               <placeRole>Lieu de Paris</placeRole>
               <placeEntry localType="voie" vocabularySource="d3nzc47wbl-1a2g6xqjbuj5s">montmartre (rue)</placeEntry>
               <placeEntry localType="nomLieu">148 rue Montmartre</placeEntry>
            </place>
         </places>
         <functions>
            <function>
               <term vocabularySource="d3nyui3o8w--11y7jgy8q3wnt">notaire à paris</term>
               <dateRange>
                  <fromDate standardDate="1812-07-15">15 juillet 1812</fromDate>
                  <toDate standardDate="1829-07-04">4 juillet 1829</toDate>
               </dateRange>
            </function>
         </functions>
         <biogHist>
            <p>Né le 23 décembre 1786 à Paris</p>
            <p>Fils et successeur de Jean Trubert</p>
         </biogHist>
      </description>
      <relations>
         <cpfRelation xmlns:xlink="http://www.w3.org/1999/xlink"
                      cpfRelationType="associative"
                      xlink:href="FRAN_NP_010169"
                      xlink:type="simple">
            <relationEntry>Etude notariale XLII</relationEntry>
            <dateRange>
               <fromDate standardDate="1812-07-15">15 juillet 1812</fromDate>
               <toDate standardDate="1829-07-04">4 juillet 1829</toDate>
            </dateRange>
         </cpfRelation>
         <resourceRelation resourceRelationType="other">
            <relationEntry localType="archival">BB/10/348 et 349, 19 mai 1812, dossier de nomination</relationEntry>
         </resourceRelation>
         <resourceRelation xmlns:xlink="http://www.w3.org/1999/xlink"
                           resourceRelationType="creatorOf"
                           xlink:href="FRAN_IR_052006"
                           xlink:type="simple">
            <relationEntry localType="archival">Images des répertoires du notaire Alexandre Trubert pour l'étude XLII</relationEntry>
         </resourceRelation>
      </relations>
   </cpfDescription>
</eac-cpf>
