<eac-cpf xmlns="urn:isbn:1-931666-33-4"
         xmlns:xsi="http://www.w3.org/2001/XMLSchema-instance"
         xsi:schemaLocation="urn:isbn:1-931666-33-4 cpf.xsd">
   <control>
      <recordId>FRAN_NP_010582</recordId>
      <otherRecordId localType="Ancien_identifiant">FRDAFANCH00MC_NANOTAIRE00301</otherRecordId>
      <maintenanceStatus>derived</maintenanceStatus>
      <maintenanceAgency>
         <agencyName>Archives nationales de France</agencyName>
      </maintenanceAgency>
      <languageDeclaration>
         <language languageCode="fre">Français</language>
         <script scriptCode="Latn"/>
      </languageDeclaration>
      <conventionDeclaration>
         <citation>Notice établie conformément à la norme ICA-ISAAR (CPF) 2004, aux normes ISO 8601 pour le système de normalisation des dates utilisé, ainsi que AFNOR NF Z 44-061, juin 1986. Catalogage : forme et structure des vedettes noms de personne, des vedettes titres, des rubriques de classement et des titres forgés.</citation>
      </conventionDeclaration>
      <localControl localType="niveau_de_detail">
         <term>Moyenne</term>
      </localControl>
      <maintenanceHistory>
         <maintenanceEvent>
            <eventType>derived</eventType>
            <eventDateTime>2013-04-23</eventDateTime>
            <agentType>machine</agentType>
            <agent>Migration ETANOT</agent>
         </maintenanceEvent>
      </maintenanceHistory>
   </control>
   <cpfDescription>
      <identity>
         <entityType>person</entityType>
         <nameEntry localType="autorisée" scriptCode="Latn" xml:lang="fre">
            <part>Sibire, Augustin-Amable</part>
         </nameEntry>
      </identity>
      <description>
         <existDates>
            <dateRange>
               <fromDate standardDate="1759-06-13">13 juin 1759</fromDate>
               <toDate standardDate="1772-02-15">15 février 1772</toDate>
            </dateRange>
            <descriptiveNote>
               <p>Les dates d'existence de la personne ne sont pas connues et sont évaluées d'après les dates d'exercice en tant que notaire</p>
            </descriptiveNote>
         </existDates>
         <places>
            <place>
               <placeRole>Lieu de Paris</placeRole>
               <placeEntry localType="paroisse" vocabularySource="d3nyvpbcz5--gbtglbh0f8xm">saint-sauveur (paroisse)</placeEntry>
               <placeEntry localType="paroisse" vocabularySource="d3nyvp2o77-1wnswrnmvwf46">saint-laurent (paroisse)</placeEntry>
               <placeEntry localType="quartier" vocabularySource="d3nyvgrksc--1qyg7stzts74f">saint-denis (quartier)</placeEntry>
               <placeEntry localType="voie" vocabularySource="d3nzd1u57i-1h2qpz5x5m5i3">saint-denis (rue)</placeEntry>
               <placeEntry localType="voie" vocabularySource="d3nzcltpie-1409i60pc2b1q">ponceau (rue du)</placeEntry>
               <placeEntry localType="nomLieu">rue Saint-Denis vis-à-vis la Trinité (de 1759 à 1770), rue du Ponceau vis-à-vis l'Egoût (de 1771 à 1772)</placeEntry>
            </place>
         </places>
         <functions>
            <function>
               <term vocabularySource="d3nyui3o8w--11y7jgy8q3wnt">notaire à paris</term>
               <dateRange>
                  <fromDate standardDate="1759-06-13">13 juin 1759</fromDate>
                  <toDate standardDate="1772-02-15">15 février 1772</toDate>
               </dateRange>
            </function>
         </functions>
      </description>
      <relations>
         <cpfRelation xmlns:xlink="http://www.w3.org/1999/xlink"
                      cpfRelationType="associative"
                      xlink:href="FRAN_NP_010196"
                      xlink:type="simple">
            <relationEntry>Etude notariale LXIX</relationEntry>
            <dateRange>
               <fromDate standardDate="1759-06-13">13 juin 1759</fromDate>
               <toDate standardDate="1772-02-15">15 février 1772</toDate>
            </dateRange>
         </cpfRelation>
         <resourceRelation xmlns:xlink="http://www.w3.org/1999/xlink"
                           resourceRelationType="creatorOf"
                           xlink:href="FRAN_IR_042560"
                           xlink:type="simple">
            <relationEntry localType="archival">Minutes et répertoires du notaire Augustin Amable SIBIRE, 13 juin 1759 - 13 février 1772 (étude LXIX)</relationEntry>
         </resourceRelation>
         <resourceRelation xmlns:xlink="http://www.w3.org/1999/xlink"
                           resourceRelationType="creatorOf"
                           xlink:href="FRAN_IR_052374"
                           xlink:type="simple">
            <relationEntry localType="archival">Images du répertoire du notaire Augustin Amable Sibire pour l'étude LXIX</relationEntry>
         </resourceRelation>
      </relations>
   </cpfDescription>
</eac-cpf>
