<eac-cpf xmlns="urn:isbn:1-931666-33-4"
         xmlns:xsi="http://www.w3.org/2001/XMLSchema-instance"
         xsi:schemaLocation="urn:isbn:1-931666-33-4 cpf.xsd">
   <control>
      <recordId>FRAN_NP_010243</recordId>
      <otherRecordId localType="Ancien_identifiant">FRDAFANCH00MC_NAETUDE_116</otherRecordId>
      <maintenanceStatus>revised</maintenanceStatus>
      <maintenanceAgency>
         <agencyName>Archives nationales de France</agencyName>
      </maintenanceAgency>
      <languageDeclaration>
         <language languageCode="fre">Français</language>
         <script scriptCode="Latn"/>
      </languageDeclaration>
      <conventionDeclaration>
         <citation>Notice établie conformément à la norme ICA-ISAAR (CPF) 2004, aux normes ISO 8601 pour le système de normalisation des dates utilisé, ainsi que AFNOR NF Z 44-061, juin 1986. Catalogage : forme et structure des vedettes noms de personne, des vedettes titres, des rubriques de classement et des titres forgés.</citation>
      </conventionDeclaration>
      <localControl localType="niveau_de_detail">
         <term>Moyenne</term>
      </localControl>
      <maintenanceHistory>
         <maintenanceEvent>
            <eventType>derived</eventType>
            <eventDateTime>2013-04-23</eventDateTime>
            <agentType>machine</agentType>
            <agent>Migration ETANOT</agent>
         </maintenanceEvent>
         <maintenanceEvent>
            <eventType>revised</eventType>
            <eventDateTime>2015-09-30</eventDateTime>
            <agentType>human</agentType>
            <agent>Marie-Françoise LIMON-BONNET</agent>
            <eventDescription>F. Clavaud, 31 mars 2014 : révision liens IR</eventDescription>
         </maintenanceEvent>
      </maintenanceHistory>
      <sources>
         <source>
            <descriptiveNote>
               <p>
                  <span style="bold">Voir : </span>
               </p>
               <p>Limon-Bonnet (M.-F.) [dir.], 
      <span style="italic">122 minutes d'histoire. Actes des notaires de Paris, XVIe-XXe siècle</span>, Paris, 2012, pp. 236-237. 
     </p>
               <p>
                  <span style="italic">Annuaire officiel du notariat</span>, 2012. 
     </p>
            </descriptiveNote>
         </source>
      </sources>
   </control>
   <cpfDescription>
      <identity>
         <entityType>corporateBody</entityType>
         <nameEntry localType="autorisée" scriptCode="Latn" xml:lang="fre">
            <part>Etude CXVI</part>
         </nameEntry>
         <nameEntry>
            <part>75084</part>
         </nameEntry>
         <nameEntry>
            <part>DUPONT-CARIOT Jean, DEPAQUIT Benoît et CLERMON Marceau, SCP BENICHOU Marilyn, notaire au sein de l'étude</part>
         </nameEntry>
      </identity>
      <description>
         <existDates>
            <dateRange>
               <fromDate standardDate="1667-01-01">1667</fromDate>
            </dateRange>
         </existDates>
         <places>
            <place>
               <placeRole>Lieu de Paris</placeRole>
               <placeEntry localType="nomLieu">65, avenue de Messine</placeEntry>
               <placeEntry localType="voie" vocabularySource="d3nzc1foxm-1ckw8lzr0kvpe">Messine (avenue de)</placeEntry>
            </place>
         </places>
         <legalStatuses>
            <legalStatus>
               <term>office notarial</term>
            </legalStatus>
         </legalStatuses>
         <functions>
            <function>
               <term vocabularySource="d3nyui3o8w--11y7jgy8q3wnt">notaire à Paris</term>
               <dateRange>
                  <fromDate standardDate="1667-01-01">1667</fromDate>
                  <toDate/>
               </dateRange>
            </function>
         </functions>
         <mandates>
            <mandate/>
         </mandates>
         <biogHist>
            <p>L'étude reste fidèle au quartier du Palais-Royal depuis le XVIIe siècle ; d'abord rue Saint-Honoré (1667-1785), puis rue de Richelieu jusqu'en 1850, cette étude demeure dans le quartier du Palais-Royal ; à nouveau rue Saint-Honoré et enfin rue des Petits-Champs en 1877 ; elle déménage au XXe siècle au 65, rue d'Anjou. Elle est aujourd'hui établie 65, avenue de Messine, dans le VIIIe arrondissement.</p>
            <p>Au XVIIe siècle, des personnages à l'illustre parenté se succèdent, tels Armande Béjart, veuve de Molière (1673), Thomas Corneille, frère de Pierre Corneille, pour la reconnaissance d'un contrat de société entre Jean Donneau et lui-même pour l'exploitation du 
     <span style="italic">Mercure Galant</span>, où l'on indique qu'"on n'y parlera point du Roi" (18 janvier 1682). Nous retrouvons le 
     <span style="italic">Mercure de France</span> tout au long du XVIIIe siècle, entouré du 
     <span style="italic">Moniteur universel</span>, qui croisent la création de la société du Théâtre de Monsieur en 1788. Au XIXe siècle, la clientèle se compose essentiellement de commerçants établis dans ce quartier synonyme de luxe et de plaisirs. Chapeliers, bottiers, restaurateurs accueillent Emile Pereire, le peintre de marine Jean Antoine Gudin, la famille Potocki, l'opticien Ambroise Richebourg ; tous passent régulièrement des actes auprès de Me Gossard. Notons, le 19 août 1842, le cahier des charges pour la vente en trois lots du journal 
     <span style="italic">Le Charivari</span> ; le 19 mars 1869, la création du journal 
     <span style="italic">La Chronique illustrée</span> ; le bail du Théâtre du Vaudeville, le 19 novembre 1850, et ce curieux cahier des charges pour la vente d'un cabinet de généalogie (27 août 1844). Le 27 septembre 1897 est réalisé l'inventaire après décès de Rodolphe Salis, peintre et membre du Cercle des hydropathes, directeur du cabaret montmartrois du 
     <span style="italic">Chat noir</span>. 
    </p>
            <p>Le Minutier central conserve les minutes de l'étude CXVI à partir de l'année 1667.</p>
            <p>Les minutes de cette étude ont été versées aux Archives nationales (2013) jusqu'au 31 décembre 1938, mais elles ne sont pas encore cotées. Leur communication en salle de lecture n'est donc pas encore possible.</p>
         </biogHist>
      </description>
      <relations>
         <cpfRelation xmlns:xlink="http://www.w3.org/1999/xlink"
                      cpfRelationType="associative"
                      xlink:href="FRAN_NP_010873"
                      xlink:type="simple">
            <relationEntry>Pérard, Gustave</relationEntry>
            <dateRange>
               <fromDate standardDate="1873-04-30">30 avril 1873</fromDate>
               <toDate standardDate="1903-01-07">7 janvier 1903</toDate>
            </dateRange>
         </cpfRelation>
         <cpfRelation xmlns:xlink="http://www.w3.org/1999/xlink"
                      cpfRelationType="associative"
                      xlink:href="FRAN_NP_011534"
                      xlink:type="simple">
            <relationEntry>Lenoir, Jacques</relationEntry>
            <dateRange>
               <fromDate standardDate="1750-12-19">19 décembre 1750</fromDate>
               <toDate standardDate="1775-08-03">3 août 1775</toDate>
            </dateRange>
         </cpfRelation>
         <cpfRelation xmlns:xlink="http://www.w3.org/1999/xlink"
                      cpfRelationType="associative"
                      xlink:href="FRAN_NP_011634"
                      xlink:type="simple">
            <relationEntry>Louvain, Abel de</relationEntry>
            <dateRange>
               <fromDate standardDate="1667-03-09">9 mars 1667</fromDate>
               <toDate standardDate="1671-07-06">6 juillet 1671</toDate>
            </dateRange>
         </cpfRelation>
         <cpfRelation xmlns:xlink="http://www.w3.org/1999/xlink"
                      cpfRelationType="associative"
                      xlink:href="FRAN_NP_011692"
                      xlink:type="simple">
            <relationEntry>Josset, Alexandre Eugène</relationEntry>
            <dateRange>
               <fromDate standardDate="1903-01-07">7 janvier 1903</fromDate>
               <toDate standardDate="1934-01-24">24 janvier 1934</toDate>
            </dateRange>
         </cpfRelation>
         <cpfRelation xmlns:xlink="http://www.w3.org/1999/xlink"
                      cpfRelationType="associative"
                      xlink:href="FRAN_NP_011244"
                      xlink:type="simple">
            <relationEntry>Morot, Jean Eugène</relationEntry>
            <dateRange>
               <fromDate standardDate="1934-01-24">24 janvier 1934</fromDate>
               <toDate standardDate="1973-07-19">19 juillet 1973</toDate>
            </dateRange>
         </cpfRelation>
         <cpfRelation xmlns:xlink="http://www.w3.org/1999/xlink"
                      cpfRelationType="associative"
                      xlink:href="FRAN_NP_013267"
                      xlink:type="simple">
            <relationEntry>Clermon, Marceau</relationEntry>
            <dateRange>
               <fromDate standardDate="2005-12-27">27 décembre 2005</fromDate>
            </dateRange>
         </cpfRelation>
         <cpfRelation xmlns:xlink="http://www.w3.org/1999/xlink"
                      cpfRelationType="associative"
                      xlink:href="FRAN_NP_012757"
                      xlink:type="simple">
            <relationEntry>Ballot, Sylvain</relationEntry>
            <dateRange>
               <fromDate standardDate="1719-03-21">21 mars 1719</fromDate>
               <toDate standardDate="1750-12-17">17 décembre 1750</toDate>
            </dateRange>
         </cpfRelation>
         <cpfRelation xmlns:xlink="http://www.w3.org/1999/xlink"
                      cpfRelationType="associative"
                      xlink:href="FRAN_NP_012712"
                      xlink:type="simple">
            <relationEntry>Clément, Louis</relationEntry>
            <dateRange>
               <fromDate standardDate="1671-07-06">6 juillet 1671</fromDate>
               <toDate standardDate="1701-08-23">23 août 1701</toDate>
            </dateRange>
         </cpfRelation>
         <cpfRelation xmlns:xlink="http://www.w3.org/1999/xlink"
                      cpfRelationType="associative"
                      xlink:href="FRAN_NP_011873"
                      xlink:type="simple">
            <relationEntry>Gautier, Victor-Nicolas</relationEntry>
            <dateRange>
               <fromDate standardDate="1861-03-08">8 mars 1861</fromDate>
               <toDate standardDate="1873-04-30">30 avril 1873</toDate>
            </dateRange>
         </cpfRelation>
         <cpfRelation xmlns:xlink="http://www.w3.org/1999/xlink"
                      cpfRelationType="associative"
                      xlink:href="FRAN_NP_012878"
                      xlink:type="simple">
            <relationEntry>Bertinot, Antoine-Jacques</relationEntry>
            <dateRange>
               <fromDate standardDate="1818-05-16">16 mai 1818</fromDate>
               <toDate standardDate="1841-10-16">16 octobre 1841</toDate>
            </dateRange>
         </cpfRelation>
         <cpfRelation xmlns:xlink="http://www.w3.org/1999/xlink"
                      cpfRelationType="associative"
                      xlink:href="FRAN_NP_012069"
                      xlink:type="simple">
            <relationEntry>Foacier, Anne-Louis</relationEntry>
            <dateRange>
               <fromDate standardDate="1775-08-05">5 août 1775</fromDate>
               <toDate standardDate="1785-04-21">21 avril 1785</toDate>
            </dateRange>
         </cpfRelation>
         <cpfRelation xmlns:xlink="http://www.w3.org/1999/xlink"
                      cpfRelationType="associative"
                      xlink:href="FRAN_NP_012022"
                      xlink:type="simple">
            <relationEntry>Farmain, Charles-Louis</relationEntry>
            <dateRange>
               <fromDate standardDate="1785-04-23">23 avril 1785</fromDate>
               <toDate standardDate="1790-12-01">1er décembre 1790</toDate>
            </dateRange>
         </cpfRelation>
         <cpfRelation xmlns:xlink="http://www.w3.org/1999/xlink"
                      cpfRelationType="associative"
                      xlink:href="FRAN_NP_011708"
                      xlink:type="simple">
            <relationEntry>Jouvion, Jean François</relationEntry>
            <dateRange>
               <fromDate standardDate="1973-07-19">19 juillet 1973</fromDate>
               <toDate standardDate="1999-11-01">1er novembre 1999</toDate>
            </dateRange>
         </cpfRelation>
         <cpfRelation xmlns:xlink="http://www.w3.org/1999/xlink"
                      cpfRelationType="associative"
                      xlink:href="FRAN_NP_011825"
                      xlink:type="simple">
            <relationEntry>Gabiou, Jean-Frédéric</relationEntry>
            <dateRange>
               <fromDate standardDate="1790-12-01">1er décembre 1790</fromDate>
               <toDate standardDate="1799-09-29">29 septembre 1799</toDate>
            </dateRange>
         </cpfRelation>
         <cpfRelation xmlns:xlink="http://www.w3.org/1999/xlink"
                      cpfRelationType="associative"
                      xlink:href="FRAN_NP_012711"
                      xlink:type="simple">
            <relationEntry>Charpentier, Nicolas-Jean</relationEntry>
            <dateRange>
               <fromDate standardDate="1701-08-23">23 août 1701</fromDate>
               <toDate standardDate="1719-03-20">20 mars 1719</toDate>
            </dateRange>
         </cpfRelation>
         <cpfRelation xmlns:xlink="http://www.w3.org/1999/xlink"
                      cpfRelationType="associative"
                      xlink:href="FRAN_NP_013357"
                      xlink:type="simple">
            <relationEntry>Tiesse-Lapaz, Isabelle</relationEntry>
            <dateRange>
               <fromDate standardDate="2008-02-22">22 février 2008</fromDate>
            </dateRange>
         </cpfRelation>
         <cpfRelation xmlns:xlink="http://www.w3.org/1999/xlink"
                      cpfRelationType="associative"
                      xlink:href="FRAN_NP_011940"
                      xlink:type="simple">
            <relationEntry>Gossart, Louis-Céleste</relationEntry>
            <dateRange>
               <fromDate standardDate="1841-10-16">16 octobre 1841</fromDate>
               <toDate standardDate="1861-03-08">8 mars 1861</toDate>
            </dateRange>
         </cpfRelation>
         <cpfRelation xmlns:xlink="http://www.w3.org/1999/xlink"
                      cpfRelationType="associative"
                      xlink:href="FRAN_NP_011178"
                      xlink:type="simple">
            <relationEntry>Mignard, Jean-Baptiste</relationEntry>
            <dateRange>
               <fromDate standardDate="1799-09-29">29 septembre 1799</fromDate>
               <toDate standardDate="1818-05-16">16 mai 1818</toDate>
            </dateRange>
         </cpfRelation>
         <cpfRelation xmlns:xlink="http://www.w3.org/1999/xlink"
                      cpfRelationType="associative"
                      xlink:href="FRAN_NP_012425"
                      xlink:type="simple">
            <relationEntry>Depaquit, Benoît</relationEntry>
            <dateRange>
               <fromDate standardDate="1997-06-04">4 juin 1997</fromDate>
            </dateRange>
         </cpfRelation>
         <cpfRelation xmlns:xlink="http://www.w3.org/1999/xlink"
                      cpfRelationType="associative"
                      xlink:href="FRAN_NP_012426"
                      xlink:type="simple">
            <relationEntry>Dupont-Carriot, Jean</relationEntry>
            <dateRange>
               <fromDate standardDate="1997-06-04">4 juin 1997</fromDate>
            </dateRange>
         </cpfRelation>
         <cpfRelation xmlns:xlink="http://www.w3.org/1999/xlink"
                      cpfRelationType="associative"
                      xlink:href="FRAN_NP_012427"
                      xlink:type="simple">
            <relationEntry>Durand, Philippe</relationEntry>
            <dateRange>
               <fromDate standardDate="1973-07-19">19 juillet 1973</fromDate>
               <toDate standardDate="1996-12-31">1996</toDate>
            </dateRange>
         </cpfRelation>
         <cpfRelation xmlns:xlink="http://www.w3.org/1999/xlink"
                      cpfRelationType="associative"
                      xlink:href="FRAN_NP_013488"
                      xlink:type="simple">
            <relationEntry>Benichou, Marilyn</relationEntry>
            <dateRange>
               <fromDate standardDate="2010-11-23">23 novembre 2010</fromDate>
            </dateRange>
         </cpfRelation>
         <cpfRelation xmlns:xlink="http://www.w3.org/1999/xlink"
                      cpfRelationType="associative"
                      xlink:href="FRAN_NP_013489"
                      xlink:type="simple">
            <relationEntry>Guilmois, Laurent</relationEntry>
            <dateRange>
               <fromDate standardDate="2010-11-23">23 novembre 2010</fromDate>
            </dateRange>
         </cpfRelation>
         <resourceRelation xmlns:xlink="http://www.w3.org/1999/xlink"
                           resourceRelationType="creatorOf"
                           xlink:href="FRAN_IR_050243"
                           xlink:type="simple">
            <relationEntry localType="archival">Images du répertoire du notaire Anne Louis Foacier pour l'étude CXVI</relationEntry>
         </resourceRelation>
         <resourceRelation xmlns:xlink="http://www.w3.org/1999/xlink"
                           resourceRelationType="creatorOf"
                           xlink:href="FRAN_IR_050248"
                           xlink:type="simple">
            <relationEntry localType="archival">Images du répertoire du notaire Charles Louis Farmain pour l'étude CXVI</relationEntry>
         </resourceRelation>
         <resourceRelation xmlns:xlink="http://www.w3.org/1999/xlink"
                           resourceRelationType="creatorOf"
                           xlink:href="FRAN_IR_050244"
                           xlink:type="simple">
            <relationEntry localType="archival">Images du répertoire du notaire Nicolas Jean Charpentier pour l'étude CXVI</relationEntry>
         </resourceRelation>
         <resourceRelation xmlns:xlink="http://www.w3.org/1999/xlink"
                           resourceRelationType="creatorOf"
                           xlink:href="FRAN_IR_050152"
                           xlink:type="simple">
            <relationEntry localType="archival">Images des répertoires du notaire Jacques Lenoir pour l'étude CXVI</relationEntry>
         </resourceRelation>
         <resourceRelation xmlns:xlink="http://www.w3.org/1999/xlink"
                           resourceRelationType="creatorOf"
                           xlink:href="FRAN_IR_050245"
                           xlink:type="simple">
            <relationEntry localType="archival">Images des répertoires du notaire Louis Clément pour l'étude CXVI</relationEntry>
         </resourceRelation>
         <resourceRelation xmlns:xlink="http://www.w3.org/1999/xlink"
                           resourceRelationType="subjectOf"
                           xlink:href="FRAN_IR_043422"
                           xlink:type="simple">
            <relationEntry localType="archival">Minutes et répertoires du notaire Anne Louis FOACIER, 5 août 1775 - 21 avril 1785 (étude CXVI)</relationEntry>
         </resourceRelation>
         <resourceRelation xmlns:xlink="http://www.w3.org/1999/xlink"
                           resourceRelationType="subjectOf"
                           xlink:href="FRAN_IR_043424"
                           xlink:type="simple">
            <relationEntry localType="archival">Minutes et répertoires du notaire Jean Frédéric GABIOU, décembre 1790 - 29 septembre 1799 (étude CXVI)</relationEntry>
         </resourceRelation>
         <resourceRelation xmlns:xlink="http://www.w3.org/1999/xlink"
                           resourceRelationType="subjectOf"
                           xlink:href="FRAN_IR_043426"
                           xlink:type="simple">
            <relationEntry localType="archival">Minutes et répertoires du notaire Antoine Jacques BERTINOT, 16 mai 1818 - 16 octobre 1841 (étude CXVI)</relationEntry>
         </resourceRelation>
         <resourceRelation xmlns:xlink="http://www.w3.org/1999/xlink"
                           resourceRelationType="subjectOf"
                           xlink:href="FRAN_IR_043428"
                           xlink:type="simple">
            <relationEntry localType="archival">Minutes et répertoires du notaire Victor Nicolas GAUTIER, 8 mars 1861 - 30 avril 1873 (étude CXVI)</relationEntry>
         </resourceRelation>
         <resourceRelation xmlns:xlink="http://www.w3.org/1999/xlink"
                           resourceRelationType="subjectOf"
                           xlink:href="FRAN_IR_043418"
                           xlink:type="simple">
            <relationEntry localType="archival">Minutes et répertoires du notaire Abel de LOUVAIN, 9 mars 1667 - 6 juillet 1689 (étude CXVI)</relationEntry>
         </resourceRelation>
         <resourceRelation xmlns:xlink="http://www.w3.org/1999/xlink"
                           resourceRelationType="subjectOf"
                           xlink:href="FRAN_IR_043425"
                           xlink:type="simple">
            <relationEntry localType="archival">Minutes et répertoires du notaire Jean-Baptiste MIGNARD, 29 septembre 1799 - 16 mai 1818 (étude CXVI)</relationEntry>
         </resourceRelation>
         <resourceRelation xmlns:xlink="http://www.w3.org/1999/xlink"
                           resourceRelationType="creatorOf"
                           xlink:href="FRAN_IR_043419"
                           xlink:type="simple">
            <relationEntry localType="archival">Minutes et répertoires du notaire Nicolas Jean CHARPENTIER, 23 août 1701 - 21 mars 1719 (étude CXVI)</relationEntry>
         </resourceRelation>
         <resourceRelation xmlns:xlink="http://www.w3.org/1999/xlink"
                           resourceRelationType="creatorOf"
                           xlink:href="FRAN_IR_043421"
                           xlink:type="simple">
            <relationEntry localType="archival">Minutes et répertoires du notaire Jacques LENOIR, 19 décembre 1750 - 3 août 1775 (étude CXVI)</relationEntry>
         </resourceRelation>
         <resourceRelation xmlns:xlink="http://www.w3.org/1999/xlink"
                           resourceRelationType="creatorOf"
                           xlink:href="FRAN_IR_053290"
                           xlink:type="simple">
            <relationEntry localType="archival">Images des répertoires du notaire Jean Frédéric Gabiou pour l'étude CXVI</relationEntry>
         </resourceRelation>
         <resourceRelation xmlns:xlink="http://www.w3.org/1999/xlink"
                           resourceRelationType="creatorOf"
                           xlink:href="FRAN_IR_050249"
                           xlink:type="simple">
            <relationEntry localType="archival">Images des répertoires du notaire Antoine Jacques Bertinot pour l'étude CXVI</relationEntry>
         </resourceRelation>
         <resourceRelation xmlns:xlink="http://www.w3.org/1999/xlink"
                           resourceRelationType="creatorOf"
                           xlink:href="FRAN_IR_050241"
                           xlink:type="simple">
            <relationEntry localType="archival">Images des répertoires du notaire Louis Céleste Gossart pour l'étude CXVI</relationEntry>
         </resourceRelation>
         <resourceRelation xmlns:xlink="http://www.w3.org/1999/xlink"
                           resourceRelationType="creatorOf"
                           xlink:href="FRAN_IR_043427"
                           xlink:type="simple">
            <relationEntry localType="archival">Minutes et répertoires du notaire Louis Céleste GOSSART, 16 octobre 1841 - 8 mars 1861 (étude CXVI)</relationEntry>
         </resourceRelation>
         <resourceRelation xmlns:xlink="http://www.w3.org/1999/xlink"
                           resourceRelationType="creatorOf"
                           xlink:href="FRAN_IR_050250"
                           xlink:type="simple">
            <relationEntry localType="archival">Images des répertoires du notaire Victor Nicolas Gautier pour l'étude CXVI</relationEntry>
         </resourceRelation>
         <resourceRelation xmlns:xlink="http://www.w3.org/1999/xlink"
                           resourceRelationType="creatorOf"
                           xlink:href="FRAN_IR_053265"
                           xlink:type="simple">
            <relationEntry localType="archival">Images du répertoire du notaire Abel de Louvain pour l'étude CXVI</relationEntry>
         </resourceRelation>
         <resourceRelation xmlns:xlink="http://www.w3.org/1999/xlink"
                           resourceRelationType="creatorOf"
                           xlink:href="FRAN_IR_053451"
                           xlink:type="simple">
            <relationEntry localType="archival">Images des répertoires du notaire Sylvain Ballot pour l'étude CXVI</relationEntry>
         </resourceRelation>
         <resourceRelation xmlns:xlink="http://www.w3.org/1999/xlink"
                           resourceRelationType="creatorOf"
                           xlink:href="FRAN_IR_053211"
                           xlink:type="simple">
            <relationEntry localType="archival">Images des répertoires du notaire Jean-Baptiste Mignard pour l'étude CXVI</relationEntry>
         </resourceRelation>
         <resourceRelation xmlns:xlink="http://www.w3.org/1999/xlink"
                           resourceRelationType="creatorOf"
                           xlink:href="FRAN_IR_053583"
                           xlink:type="simple">
            <relationEntry localType="archival">Images des répertoires du notaire Gustave Pérard pour l'étude CXVI</relationEntry>
         </resourceRelation>
         <resourceRelation xmlns:xlink="http://www.w3.org/1999/xlink"
                           resourceRelationType="creatorOf"
                           xlink:href="FRAN_IR_043416"
                           xlink:type="simple">
            <relationEntry localType="archival">Archives de l'étude CXVI</relationEntry>
         </resourceRelation>
         <resourceRelation xmlns:xlink="http://www.w3.org/1999/xlink"
                           resourceRelationType="creatorOf"
                           xlink:href="FRAN_IR_052924"
                           xlink:type="simple">
            <relationEntry localType="archival">Minutes et répertoires du notaire Jean Eugène MOROT, 24 janvier 1934 - 31 décembre 1938 (étude CXVI)</relationEntry>
         </resourceRelation>
         <resourceRelation xmlns:xlink="http://www.w3.org/1999/xlink"
                           resourceRelationType="creatorOf"
                           xlink:href="FRAN_IR_043430"
                           xlink:type="simple">
            <relationEntry localType="archival">Minutes et répertoires du notaire Alexandre Eugène JOSSET, 7 janvier 1903 - 24 janvier 1934 (étude CXVI)</relationEntry>
         </resourceRelation>
      </relations>
   </cpfDescription>
</eac-cpf>
