<eac-cpf xmlns="urn:isbn:1-931666-33-4"
         xmlns:xsi="http://www.w3.org/2001/XMLSchema-instance"
         xsi:schemaLocation="urn:isbn:1-931666-33-4 cpf.xsd">
   <control>
      <recordId>FRAN_NP_010162</recordId>
      <otherRecordId localType="Ancien_identifiant">FRDAFANCH00MC_NAETUDE_035</otherRecordId>
      <maintenanceStatus>revised</maintenanceStatus>
      <maintenanceAgency>
         <agencyName>Archives nationales de France</agencyName>
      </maintenanceAgency>
      <languageDeclaration>
         <language languageCode="fre">Français</language>
         <script scriptCode="Latn"/>
      </languageDeclaration>
      <conventionDeclaration>
         <citation>Notice établie conformément à la norme ICA-ISAAR (CPF) 2004, aux normes ISO 8601 pour le système de normalisation des dates utilisé, ainsi que AFNOR NF Z 44-061, juin 1986. Catalogage : forme et structure des vedettes noms de personne, des vedettes titres, des rubriques de classement et des titres forgés.</citation>
      </conventionDeclaration>
      <localControl localType="niveau_de_detail">
         <term>Complète</term>
      </localControl>
      <maintenanceHistory>
         <maintenanceEvent>
            <eventType>derived</eventType>
            <eventDateTime>2013-04-23</eventDateTime>
            <agentType>machine</agentType>
            <agent>Migration ETANOT</agent>
         </maintenanceEvent>
         <maintenanceEvent>
            <eventType>revised</eventType>
            <eventDateTime>2013-10-16</eventDateTime>
            <agentType>human</agentType>
            <agent>Marie-Françoise LIMON-BONNET</agent>
         </maintenanceEvent>
         <maintenanceEvent>
            <eventType>revised</eventType>
            <eventDateTime>2014-10-10</eventDateTime>
            <agentType>human</agentType>
            <agent>Marie-Françoise LIMON-BONNET</agent>
            <eventDescription>F. Clavaud, 10 octobre 2014 : revu fonction et tous les liens IR</eventDescription>
         </maintenanceEvent>
      </maintenanceHistory>
      <sources>
         <source>
            <descriptiveNote>
               <p>
                  <span style="bold">Voir : </span>
               </p>
               <p>Limon-Bonnet (M.-F.) [dir.], 
      <span style="italic">122 minutes d'histoire. Actes des notaires de Paris, XVIe-XXe siècle</span>, Paris, 2012, pp. 74-75. 
     </p>
               <p>
                  <span style="italic">Annuaire du notariat français 2012</span>, p. 1042. 
     </p>
            </descriptiveNote>
         </source>
      </sources>
   </control>
   <cpfDescription>
      <identity>
         <entityType>corporateBody</entityType>
         <nameEntry localType="autorisée" scriptCode="Latn" xml:lang="fre">
            <part>Etude XXXV</part>
         </nameEntry>
         <nameEntry>
            <part>75095</part>
         </nameEntry>
         <nameEntry>
            <part>THERET Robert, LEROY Philippe, REBERAT Jean, BRANDON Frédérique, SCP</part>
         </nameEntry>
      </identity>
      <description>
         <existDates>
            <dateRange>
               <fromDate standardDate="1574-01-01">1574</fromDate>
            </dateRange>
         </existDates>
         <places>
            <place>
               <placeRole>Lieu de Paris</placeRole>
               <placeEntry localType="nomLieu">16, avenue Kléber, 75116 Paris</placeEntry>
               <placeEntry localType="voie" vocabularySource="d3nzbmh0zh-1p03ualbxvxp0">Kléber (avenue)</placeEntry>
               <placeEntry localType="arrondissement_actuel"
                           vocabularySource="d3nyv8l7vr--1oyxkw6yfemf2">16e arrondissement</placeEntry>
            </place>
         </places>
         <legalStatuses>
            <legalStatus>
               <term>office notarial</term>
            </legalStatus>
         </legalStatuses>
         <functions>
            <function>
               <term vocabularySource="d3nyui3o8w--11y7jgy8q3wnt">notaire à Paris</term>
               <dateRange>
                  <fromDate standardDate="1574-01-01">1574</fromDate>
               </dateRange>
            </function>
         </functions>
         <mandates>
            <mandate/>
         </mandates>
         <generalContext>
            <p>Les minutes de cette étude ont été versées aux Archives nationales (2013) jusqu'au 31 décembre 1938, mais elles ne sont pas encore cotées. Leur communication en salle de lecture n'est donc pas encore possible.</p>
         </generalContext>
         <biogHist>
            <p>Cette étude réunit plusieurs fonds de notaires ayant instrumenté dans le voisinage de l'église Saint-Eustache à la fin du XVIe et au début du XVIIe siècle : rue Montmartre, à la pointe Saint-Eustache, et rue Saint-Denis où sont installés Toutain (1636-1644) et Colas (1645-1665), paroisse Saint-Leu-Saint-Gilles. Leurs successeurs vont rue de Richelieu (1666-1684), avant de revenir à la pointe Saint-Eustache (1684-1747) et rue du Coq-Héron. En l'an III, l'étude se transporte place Vendôme, puis rue d'Antin en l'an VIII. En 1859, on la trouve rue de Hanovre et, en 1884, boulevard de Malesherbes. Au XXe siècle l'étude s'installe rue de Châteaudun, puis avenue Kléber. Les notaires établis près des Halles ont, comme il se doit, une clientèle à caractère commercial prédominant : Dournel, en particulier, accueille les marchands qui s'occupent de la traite en Nouvelle-France en 1608 et 1609. Le voisinage de l'hôtel de Bourgogne explique la présence d'artistes divers, ainsi de nombreux musiciens viennent-ils chez le notaire Camuset passer des actes d'associations, des promesses de leçons et des engagements pour des fêtes. Les confrères de la Passion passent à l'étude les baux des salles de leur hôtel à des marchands fripiers ou aux comédiens du roi, ils y font dresser, au XVIIe siècle, l'inventaire de leurs titres et offrent les affiches donant le programme des spectacles aux notaires qui s'en servent pour enliasser leurs minutes. L'abbaye de Saint-Denis y vient lointainement et y fait dresser le terrier des biens qu'elle possède au port de Neuilly (1612-1628). Au XVIIIe siècle, l'étude est toujours orientée vers le théâtre : Opéra ou Opéra-Comique dont l'inventaire du magasin est dressé de 1758 à 1762. Le monde des affaires reste une spécialité de l'étude, de nombreuses constitutions de rente y sont conservées : rentes viagères, emprunts sur les états de Bretagne ; les difficultés de la banque Horneca, Haggner et Cie y sont évoquées de 1772 à 1775. Les messageries s'implantent au XVIIIe siècle pour plus d'un siècle. Le seul second semestre 1778 enregistre une convention entre Vergennes, Panckoucke et Buffon pour la fondation d'un journal, le privilège pour les 
     <span style="italic">Petites Affiches</span>, les 
     <span style="italic">Gazettes étrangères</span> et la vente d'une source d'eau. Il en est de même au XIXe siècle où les sociétés se multiplient : le Phénix pour l'assurance sur la vie et contre l'incendie (novembre 1833), les messageries Lafitte, Caillard et Cie (1836), les sociétés ferroviaires Andrézieux-Roanne, Mulhouse-Thann, Paris-Versailles (rive gauche), les Orléanaises, les voitures de place de Paris (1838) ... 
    </p>
            <p>Le Minutier central conserve les minutes de l'étude XXXV à partir de l'année 1574.</p>
            <p>Les minutes de cette étude ont été versées aux Archives nationales (2013) jusqu'au 31 décembre 1938, mais elles ne sont pas encore cotées. Leur communication en salle de lecture n'est donc pas encore possible.</p>
         </biogHist>
      </description>
      <relations>
         <cpfRelation xmlns:xlink="http://www.w3.org/1999/xlink"
                      cpfRelationType="associative"
                      xlink:href="FRAN_NP_010365"
                      xlink:type="simple">
            <relationEntry>Viault, Pierre-Amable</relationEntry>
            <dateRange>
               <fromDate standardDate="1809-02-07">7 février 1809</fromDate>
               <toDate standardDate="1826-01-20">20 janvier 1826</toDate>
            </dateRange>
         </cpfRelation>
         <cpfRelation xmlns:xlink="http://www.w3.org/1999/xlink"
                      cpfRelationType="associative"
                      xlink:href="FRAN_NP_010857"
                      xlink:type="simple">
            <relationEntry>Pavyot, Pierre</relationEntry>
            <dateRange>
               <fromDate standardDate="1666-10-22">22 octobre 1666</fromDate>
               <toDate standardDate="1684-10-23">23 octobre 1684</toDate>
            </dateRange>
         </cpfRelation>
         <cpfRelation xmlns:xlink="http://www.w3.org/1999/xlink"
                      cpfRelationType="associative"
                      xlink:href="FRAN_NP_010950"
                      xlink:type="simple">
            <relationEntry>Plessy, Jean Marie</relationEntry>
            <dateRange>
               <fromDate standardDate="1972-05-03">3 mai 1972</fromDate>
               <toDate standardDate="2005-03-23">23 mars 2005</toDate>
            </dateRange>
         </cpfRelation>
         <cpfRelation xmlns:xlink="http://www.w3.org/1999/xlink"
                      cpfRelationType="associative"
                      xlink:href="FRAN_NP_010965"
                      xlink:type="simple">
            <relationEntry>Poisson, Bernard</relationEntry>
            <dateRange>
               <fromDate standardDate="1968-11-27">27 novembre 1968</fromDate>
               <toDate standardDate="1993-01-20">20 janvier 1993</toDate>
            </dateRange>
         </cpfRelation>
         <cpfRelation xmlns:xlink="http://www.w3.org/1999/xlink"
                      cpfRelationType="associative"
                      xlink:href="FRAN_NP_010966"
                      xlink:type="simple">
            <relationEntry>Poisson, Charles</relationEntry>
            <dateRange>
               <fromDate standardDate="1933-10-17">17 octobre 1933</fromDate>
               <toDate standardDate="1972-05-03">3 mai 1972</toDate>
            </dateRange>
         </cpfRelation>
         <cpfRelation xmlns:xlink="http://www.w3.org/1999/xlink"
                      cpfRelationType="associative"
                      xlink:href="FRAN_NP_010970"
                      xlink:type="simple">
            <relationEntry>Poisson, Simon</relationEntry>
            <dateRange>
               <fromDate standardDate="1899-09-20">20 septembre 1899</fromDate>
               <toDate standardDate="1933-10-17">17 octobre 1933</toDate>
            </dateRange>
         </cpfRelation>
         <cpfRelation xmlns:xlink="http://www.w3.org/1999/xlink"
                      cpfRelationType="associative"
                      xlink:href="FRAN_NP_011260"
                      xlink:type="simple">
            <relationEntry>Moufle, Simon III</relationEntry>
            <dateRange>
               <fromDate standardDate="1695-01-01">1er janvier 1695</fromDate>
               <toDate standardDate="1695-12-31">31 décembre 1695</toDate>
            </dateRange>
         </cpfRelation>
         <cpfRelation xmlns:xlink="http://www.w3.org/1999/xlink"
                      cpfRelationType="associative"
                      xlink:href="FRAN_NP_011567"
                      xlink:type="simple">
            <relationEntry>Leroy, Philippe</relationEntry>
            <dateRange>
               <fromDate standardDate="1990-08-30">30 août 1990</fromDate>
            </dateRange>
         </cpfRelation>
         <cpfRelation xmlns:xlink="http://www.w3.org/1999/xlink"
                      cpfRelationType="associative"
                      xlink:href="FRAN_NP_010513"
                      xlink:type="simple">
            <relationEntry>Turquet, Philibert</relationEntry>
            <dateRange>
               <fromDate standardDate="1846-07-09">9 juillet 1846</fromDate>
               <toDate standardDate="1877-03-09">9 mars 1877</toDate>
            </dateRange>
         </cpfRelation>
         <cpfRelation xmlns:xlink="http://www.w3.org/1999/xlink"
                      cpfRelationType="associative"
                      xlink:href="FRAN_NP_010559"
                      xlink:type="simple">
            <relationEntry>Schmitt, Gérard</relationEntry>
            <dateRange>
               <fromDate standardDate="1977-07-21">21 juillet 1977</fromDate>
               <toDate standardDate="1997-07-15">15 juillet 1997</toDate>
            </dateRange>
         </cpfRelation>
         <cpfRelation xmlns:xlink="http://www.w3.org/1999/xlink"
                      cpfRelationType="associative"
                      xlink:href="FRAN_NP_013264"
                      xlink:type="simple">
            <relationEntry>Brandon, Frédérique</relationEntry>
            <dateRange>
               <fromDate standardDate="2005-03-11">11 mars 2005</fromDate>
            </dateRange>
         </cpfRelation>
         <cpfRelation xmlns:xlink="http://www.w3.org/1999/xlink"
                      cpfRelationType="associative"
                      xlink:href="FRAN_NP_010444"
                      xlink:type="simple">
            <relationEntry>Thion de la chaume, Auguste</relationEntry>
            <dateRange>
               <fromDate standardDate="1788-10-21">21 octobre 1788</fromDate>
               <toDate standardDate="1809-02-07">7 février 1809</toDate>
            </dateRange>
         </cpfRelation>
         <cpfRelation xmlns:xlink="http://www.w3.org/1999/xlink"
                      cpfRelationType="associative"
                      xlink:href="FRAN_NP_010470"
                      xlink:type="simple">
            <relationEntry>Touchard, Julien</relationEntry>
            <dateRange>
               <fromDate standardDate="1690-07-18">18 juillet 1690</fromDate>
               <toDate standardDate="1696-12-07">7 décembre 1696</toDate>
            </dateRange>
         </cpfRelation>
         <cpfRelation xmlns:xlink="http://www.w3.org/1999/xlink"
                      cpfRelationType="associative"
                      xlink:href="FRAN_NP_012780"
                      xlink:type="simple">
            <relationEntry>Baron, René</relationEntry>
            <dateRange>
               <fromDate standardDate="1740-03-30">30 mars 1740</fromDate>
               <toDate standardDate="1762-10-25">25 octobre 1762</toDate>
            </dateRange>
         </cpfRelation>
         <cpfRelation xmlns:xlink="http://www.w3.org/1999/xlink"
                      cpfRelationType="associative"
                      xlink:href="FRAN_NP_010610"
                      xlink:type="simple">
            <relationEntry>Rahault, François</relationEntry>
            <dateRange>
               <fromDate standardDate="1734-02-23">23 février 1734</fromDate>
               <toDate standardDate="1740-03-29">29 mars 1740</toDate>
            </dateRange>
         </cpfRelation>
         <cpfRelation xmlns:xlink="http://www.w3.org/1999/xlink"
                      cpfRelationType="associative"
                      xlink:href="FRAN_NP_012089"
                      xlink:type="simple">
            <relationEntry>Fourcault de pavant, Jean</relationEntry>
            <dateRange>
               <fromDate standardDate="1762-11-13">13 novembre 1762</fromDate>
               <toDate standardDate="1778-01-15">15 janvier 1778</toDate>
            </dateRange>
         </cpfRelation>
         <cpfRelation xmlns:xlink="http://www.w3.org/1999/xlink"
                      cpfRelationType="associative"
                      xlink:href="FRAN_NP_012935"
                      xlink:type="simple">
            <relationEntry>Boindin, Nicolas II</relationEntry>
            <dateRange>
               <fromDate standardDate="1673-04-11">11 avril 1673</fromDate>
               <toDate standardDate="1690-06-30">30 juin 1690</toDate>
            </dateRange>
         </cpfRelation>
         <cpfRelation xmlns:xlink="http://www.w3.org/1999/xlink"
                      cpfRelationType="associative"
                      xlink:href="FRAN_NP_011731"
                      xlink:type="simple">
            <relationEntry>Hailig, Antoine-Simon</relationEntry>
            <dateRange>
               <fromDate standardDate="1826-01-20">20 janvier 1826</fromDate>
               <toDate standardDate="1846-07-09">9 juillet 1846</toDate>
            </dateRange>
         </cpfRelation>
         <cpfRelation xmlns:xlink="http://www.w3.org/1999/xlink"
                      cpfRelationType="associative"
                      xlink:href="FRAN_NP_012846"
                      xlink:type="simple">
            <relationEntry>Belurgey, Antoine</relationEntry>
            <dateRange>
               <fromDate standardDate="1778-01-20">20 janvier 1778</fromDate>
               <toDate standardDate="1788-10-21">21 octobre 1788</toDate>
            </dateRange>
         </cpfRelation>
         <cpfRelation xmlns:xlink="http://www.w3.org/1999/xlink"
                      cpfRelationType="associative"
                      xlink:href="FRAN_NP_010475"
                      xlink:type="simple">
            <relationEntry>Toutain, Claude</relationEntry>
            <dateRange>
               <fromDate standardDate="1636-10-11">11 octobre 1636</fromDate>
               <toDate standardDate="1644-12-28">28 décembre 1644</toDate>
            </dateRange>
         </cpfRelation>
         <cpfRelation xmlns:xlink="http://www.w3.org/1999/xlink"
                      cpfRelationType="associative"
                      xlink:href="FRAN_NP_010472"
                      xlink:type="simple">
            <relationEntry>Tourillon, Paul Edmond</relationEntry>
            <dateRange>
               <fromDate standardDate="1877-03-09">9 mars 1877</fromDate>
               <toDate standardDate="1899-09-20">20 septembre 1899</toDate>
            </dateRange>
         </cpfRelation>
         <cpfRelation xmlns:xlink="http://www.w3.org/1999/xlink"
                      cpfRelationType="associative"
                      xlink:href="FRAN_NP_010422"
                      xlink:type="simple">
            <relationEntry>Theret, Robert</relationEntry>
            <dateRange>
               <fromDate standardDate="1984-11-21">21 novembre 1984</fromDate>
            </dateRange>
         </cpfRelation>
         <cpfRelation xmlns:xlink="http://www.w3.org/1999/xlink"
                      cpfRelationType="associative"
                      xlink:href="FRAN_NP_013265"
                      xlink:type="simple">
            <relationEntry>Ladegaillerie, Anne</relationEntry>
            <dateRange>
               <fromDate standardDate="2005-03-11">11 mars 2005</fromDate>
               <toDate standardDate="2011-12-20">20 décembre 2011</toDate>
            </dateRange>
         </cpfRelation>
         <cpfRelation xmlns:xlink="http://www.w3.org/1999/xlink"
                      cpfRelationType="associative"
                      xlink:href="FRAN_NP_011154"
                      xlink:type="simple">
            <relationEntry>Mesnil, Gabriel</relationEntry>
            <dateRange>
               <fromDate standardDate="1710-10-10">10 octobre 1710</fromDate>
               <toDate standardDate="1734-02-22">22 février 1734</toDate>
            </dateRange>
         </cpfRelation>
         <cpfRelation xmlns:xlink="http://www.w3.org/1999/xlink"
                      cpfRelationType="associative"
                      xlink:href="FRAN_NP_011591"
                      xlink:type="simple">
            <relationEntry>Le vasseur, Claude I</relationEntry>
            <dateRange>
               <fromDate standardDate="1599-07-06">6 juillet 1599</fromDate>
               <toDate standardDate="1645-04-18">18 avril 1645</toDate>
            </dateRange>
         </cpfRelation>
         <cpfRelation xmlns:xlink="http://www.w3.org/1999/xlink"
                      cpfRelationType="associative"
                      xlink:href="FRAN_NP_011595"
                      xlink:type="simple">
            <relationEntry>Le vasseur, Nicolas</relationEntry>
            <dateRange>
               <fromDate standardDate="1646-01-26">26 janvier 1646</fromDate>
               <toDate standardDate="1673-02-28">28 février 1673</toDate>
            </dateRange>
         </cpfRelation>
         <cpfRelation xmlns:xlink="http://www.w3.org/1999/xlink"
                      cpfRelationType="associative"
                      xlink:href="FRAN_NP_012234"
                      xlink:type="simple">
            <relationEntry>Deleaue, Nicolas</relationEntry>
            <dateRange>
               <fromDate standardDate="1574-01-01">1574</fromDate>
               <toDate standardDate="1576-12-31">1576</toDate>
            </dateRange>
         </cpfRelation>
         <cpfRelation xmlns:xlink="http://www.w3.org/1999/xlink"
                      cpfRelationType="associative"
                      xlink:href="FRAN_NP_012235"
                      xlink:type="simple">
            <relationEntry>Desforges, René</relationEntry>
            <dateRange>
               <fromDate standardDate="1684-10-24">24 octobre 1684</fromDate>
               <toDate standardDate="1710-10-08">8 octobre 1710</toDate>
            </dateRange>
         </cpfRelation>
         <cpfRelation xmlns:xlink="http://www.w3.org/1999/xlink"
                      cpfRelationType="associative"
                      xlink:href="FRAN_NP_012236"
                      xlink:type="simple">
            <relationEntry>Dournel, Nicolas</relationEntry>
            <dateRange>
               <fromDate standardDate="1606-01-01">1er janvier 1606</fromDate>
               <toDate standardDate="1629-06-21">21 juin 1629</toDate>
            </dateRange>
         </cpfRelation>
         <cpfRelation xmlns:xlink="http://www.w3.org/1999/xlink"
                      cpfRelationType="associative"
                      xlink:href="FRAN_NP_012505"
                      xlink:type="simple">
            <relationEntry>Chapellain, Jean I</relationEntry>
            <dateRange>
               <fromDate standardDate="1580-01-01">1er janvier 1580</fromDate>
               <toDate standardDate="1623-10-24">24 octobre 1623</toDate>
            </dateRange>
         </cpfRelation>
         <cpfRelation xmlns:xlink="http://www.w3.org/1999/xlink"
                      cpfRelationType="associative"
                      xlink:href="FRAN_NP_012542"
                      xlink:type="simple">
            <relationEntry>Chuppin, Jean</relationEntry>
            <dateRange>
               <fromDate standardDate="1684-01-01">1er janvier 1684</fromDate>
               <toDate standardDate="1684-12-31">31 décembre 1684</toDate>
            </dateRange>
         </cpfRelation>
         <cpfRelation xmlns:xlink="http://www.w3.org/1999/xlink"
                      cpfRelationType="associative"
                      xlink:href="FRAN_NP_012552"
                      xlink:type="simple">
            <relationEntry>Camuset, Denis</relationEntry>
            <dateRange>
               <fromDate standardDate="1629-06-22">22 juin 1629</fromDate>
               <toDate standardDate="1641-04-20">20 avril 1641</toDate>
            </dateRange>
         </cpfRelation>
         <cpfRelation xmlns:xlink="http://www.w3.org/1999/xlink"
                      cpfRelationType="associative"
                      xlink:href="FRAN_NP_012553"
                      xlink:type="simple">
            <relationEntry>Colas, Jean</relationEntry>
            <dateRange>
               <fromDate standardDate="1645-01-12">12 janvier 1645</fromDate>
               <toDate standardDate="1665-06-07">7 juin 1665</toDate>
            </dateRange>
         </cpfRelation>
         <resourceRelation xmlns:xlink="http://www.w3.org/1999/xlink"
                           resourceRelationType="creatorOf"
                           xlink:href="FRAN_IR_041933"
                           xlink:type="simple">
            <relationEntry localType="archival">Archives de l'étude XXXV</relationEntry>
         </resourceRelation>
         <resourceRelation xmlns:xlink="http://www.w3.org/1999/xlink"
                           resourceRelationType="creatorOf"
                           xlink:href="FRAN_IR_051912"
                           xlink:type="simple">
            <relationEntry localType="archival">Images des répertoires du notaire Auguste Thion de La Chaume pour l'étude XXXV</relationEntry>
         </resourceRelation>
         <resourceRelation xmlns:xlink="http://www.w3.org/1999/xlink"
                           resourceRelationType="creatorOf"
                           xlink:href="FRAN_IR_051926"
                           xlink:type="simple">
            <relationEntry localType="archival">Images des répertoires du notaire Nicolas Dournel pour l'étude XXXV</relationEntry>
         </resourceRelation>
         <resourceRelation xmlns:xlink="http://www.w3.org/1999/xlink"
                           resourceRelationType="creatorOf"
                           xlink:href="FRAN_IR_051916"
                           xlink:type="simple">
            <relationEntry localType="archival">Images des répertoires du notaire Philibert Turquet pour l'étude XXXV</relationEntry>
         </resourceRelation>
         <resourceRelation xmlns:xlink="http://www.w3.org/1999/xlink"
                           resourceRelationType="creatorOf"
                           xlink:href="FRAN_IR_051911"
                           xlink:type="simple">
            <relationEntry localType="archival">Images des répertoires du notaire Pierre Amable Viault pour l'étude XXXV</relationEntry>
         </resourceRelation>
         <resourceRelation xmlns:xlink="http://www.w3.org/1999/xlink"
                           resourceRelationType="creatorOf"
                           xlink:href="FRAN_IR_051920"
                           xlink:type="simple">
            <relationEntry localType="archival">Images du répertoire du notaire Claude I Le Vasseur pour l'étude XXXV</relationEntry>
         </resourceRelation>
         <resourceRelation xmlns:xlink="http://www.w3.org/1999/xlink"
                           resourceRelationType="creatorOf"
                           xlink:href="FRAN_IR_051914"
                           xlink:type="simple">
            <relationEntry localType="archival">Images du répertoire du notaire Claude Toutain pour l'étude XXXV</relationEntry>
         </resourceRelation>
         <resourceRelation xmlns:xlink="http://www.w3.org/1999/xlink"
                           resourceRelationType="creatorOf"
                           xlink:href="FRAN_IR_051925"
                           xlink:type="simple">
            <relationEntry localType="archival">Images du répertoire du notaire Denis Camuset pour l'étude XXXV</relationEntry>
         </resourceRelation>
         <resourceRelation xmlns:xlink="http://www.w3.org/1999/xlink"
                           resourceRelationType="creatorOf"
                           xlink:href="FRAN_IR_051927"
                           xlink:type="simple">
            <relationEntry localType="archival">Images des répertoires du notaire Jean I Chapellain pour l'étude XXXV</relationEntry>
         </resourceRelation>
         <resourceRelation xmlns:xlink="http://www.w3.org/1999/xlink"
                           resourceRelationType="creatorOf"
                           xlink:href="FRAN_IR_051913"
                           xlink:type="simple">
            <relationEntry localType="archival">Images du répertoire du notaire Julien Touchard pour l'étude XXXV</relationEntry>
         </resourceRelation>
         <resourceRelation xmlns:xlink="http://www.w3.org/1999/xlink"
                           resourceRelationType="creatorOf"
                           xlink:href="FRAN_IR_051932"
                           xlink:type="simple">
            <relationEntry localType="archival">Images du répertoire du notaire Nicolas II Boindin pour l'étude XXXV</relationEntry>
         </resourceRelation>
         <resourceRelation xmlns:xlink="http://www.w3.org/1999/xlink"
                           resourceRelationType="creatorOf"
                           xlink:href="FRAN_IR_051919"
                           xlink:type="simple">
            <relationEntry localType="archival">Images du répertoire du notaire Pierre Pavyot pour l'étude XXXV</relationEntry>
         </resourceRelation>
         <resourceRelation xmlns:xlink="http://www.w3.org/1999/xlink"
                           resourceRelationType="creatorOf"
                           xlink:href="FRAN_IR_050939"
                           xlink:type="simple">
            <relationEntry localType="archival">«Mélanges» (dossiers de clients) de l’étude XXXV. MC/ET/XXXV/1306-1355 (XVe-XIXe siècle)</relationEntry>
         </resourceRelation>
         <resourceRelation xmlns:xlink="http://www.w3.org/1999/xlink"
                           resourceRelationType="creatorOf"
                           xlink:href="FRAN_IR_041934"
                           xlink:type="simple">
            <relationEntry localType="archival">Minutes et répertoires du notaire Nicolas DELEAUE, 1574 - 1576 (étude XXXV)</relationEntry>
         </resourceRelation>
         <resourceRelation xmlns:xlink="http://www.w3.org/1999/xlink"
                           resourceRelationType="creatorOf"
                           xlink:href="FRAN_IR_041935"
                           xlink:type="simple">
            <relationEntry localType="archival">Minutes et répertoires du notaire Jean I CHAPELLAIN, janvier 1580 - 24 octobre 1623 (étude XXXV)</relationEntry>
         </resourceRelation>
         <resourceRelation xmlns:xlink="http://www.w3.org/1999/xlink"
                           resourceRelationType="creatorOf"
                           xlink:href="FRAN_IR_041938"
                           xlink:type="simple">
            <relationEntry localType="archival">Minutes et répertoires du notaire Nicolas DOURNEL, 1606 - 21 juin 1629 (étude XXXV)</relationEntry>
         </resourceRelation>
         <resourceRelation xmlns:xlink="http://www.w3.org/1999/xlink"
                           resourceRelationType="creatorOf"
                           xlink:href="FRAN_IR_041939"
                           xlink:type="simple">
            <relationEntry localType="archival">Minutes et répertoires du notaire Denis CAMUSET, 22 juin 1629 - 20 avril 1641 (étude XXXV)</relationEntry>
         </resourceRelation>
         <resourceRelation xmlns:xlink="http://www.w3.org/1999/xlink"
                           resourceRelationType="creatorOf"
                           xlink:href="FRAN_IR_041936"
                           xlink:type="simple">
            <relationEntry localType="archival">Minutes et répertoires du notaire Claude I LE VASSEUR, 6 juillet 1599 - 23 décembre 1645 (étude XXXV)</relationEntry>
         </resourceRelation>
         <resourceRelation xmlns:xlink="http://www.w3.org/1999/xlink"
                           resourceRelationType="creatorOf"
                           xlink:href="FRAN_IR_041945"
                           xlink:type="simple">
            <relationEntry localType="archival">Minutes et répertoires du notaire Nicolas LE VASSEUR, 26 janvier 1646 - 28 février 1673 (étude XXXV)</relationEntry>
         </resourceRelation>
         <resourceRelation xmlns:xlink="http://www.w3.org/1999/xlink"
                           resourceRelationType="creatorOf"
                           xlink:href="FRAN_IR_041942"
                           xlink:type="simple">
            <relationEntry localType="archival">Minutes et répertoires du notaire Nicolas II BOINDIN, 11 avril 1673 - 30 juin 1690 (étude XXXV)</relationEntry>
         </resourceRelation>
         <resourceRelation xmlns:xlink="http://www.w3.org/1999/xlink"
                           resourceRelationType="creatorOf"
                           xlink:href="FRAN_IR_041937"
                           xlink:type="simple">
            <relationEntry localType="archival">Minutes et répertoires du notaire Julien TOUCHARD, 18 juillet 1690 - 7 décembre 1696 (étude XXXV)</relationEntry>
         </resourceRelation>
         <resourceRelation xmlns:xlink="http://www.w3.org/1999/xlink"
                           resourceRelationType="creatorOf"
                           xlink:href="FRAN_IR_041944"
                           xlink:type="simple">
            <relationEntry localType="archival">Minutes et répertoires du notaire Claude TOUTAIN, 12 octobre 1636 - 28 décembre 1644 (étude XXXV)</relationEntry>
         </resourceRelation>
         <resourceRelation xmlns:xlink="http://www.w3.org/1999/xlink"
                           resourceRelationType="creatorOf"
                           xlink:href="FRAN_IR_041940"
                           xlink:type="simple">
            <relationEntry localType="archival">Minutes et répertoires du notaire Jean COLAS, 8 janvier 1645 - 7 juin 1665 (étude XXXV)</relationEntry>
         </resourceRelation>
         <resourceRelation xmlns:xlink="http://www.w3.org/1999/xlink"
                           resourceRelationType="creatorOf"
                           xlink:href="FRAN_IR_041946"
                           xlink:type="simple">
            <relationEntry localType="archival">Minutes et répertoires du notaire Pierre PAVYOT, 15 novembre 1666 - 23 octobre 1684 (étude XXXV)</relationEntry>
         </resourceRelation>
         <resourceRelation xmlns:xlink="http://www.w3.org/1999/xlink"
                           resourceRelationType="creatorOf"
                           xlink:href="FRAN_IR_041943"
                           xlink:type="simple">
            <relationEntry localType="archival">Minutes et répertoires du notaire René DESFORGES, 25 octobre 1684 - 8 octobre 1710 (étude XXXV)</relationEntry>
         </resourceRelation>
         <resourceRelation xmlns:xlink="http://www.w3.org/1999/xlink"
                           resourceRelationType="creatorOf"
                           xlink:href="FRAN_IR_041941"
                           xlink:type="simple">
            <relationEntry localType="archival">Minutes et répertoires du notaire Gabriel MESNIL, 10 octobre 1710 - 22 février 1734 (étude XXXV)</relationEntry>
         </resourceRelation>
         <resourceRelation xmlns:xlink="http://www.w3.org/1999/xlink"
                           resourceRelationType="creatorOf"
                           xlink:href="FRAN_IR_041947"
                           xlink:type="simple">
            <relationEntry localType="archival">Minutes et répertoires du notaire François RAHAULT, 23 février 1734 - 28 mars 1740 (étude XXXV)</relationEntry>
         </resourceRelation>
         <resourceRelation xmlns:xlink="http://www.w3.org/1999/xlink"
                           resourceRelationType="creatorOf"
                           xlink:href="FRAN_IR_041948"
                           xlink:type="simple">
            <relationEntry localType="archival">Minutes et répertoires du notaire René BARON, 2 avril 1740 - 25 octobre 1762 (étude XXXV)</relationEntry>
         </resourceRelation>
         <resourceRelation xmlns:xlink="http://www.w3.org/1999/xlink"
                           resourceRelationType="creatorOf"
                           xlink:href="FRAN_IR_041949"
                           xlink:type="simple">
            <relationEntry localType="archival">Minutes et répertoires du notaire Jean FOURCAULT de PAVANT, 30 octobre 1762 - 15 janvier 1778 (étude XXXV)</relationEntry>
         </resourceRelation>
         <resourceRelation xmlns:xlink="http://www.w3.org/1999/xlink"
                           resourceRelationType="creatorOf"
                           xlink:href="FRAN_IR_041950"
                           xlink:type="simple">
            <relationEntry localType="archival">Minutes et répertoires du notaire Antoine BELURGEY, 16 janvier 1778 - 16 octobre 1788 (étude XXXV)</relationEntry>
         </resourceRelation>
         <resourceRelation xmlns:xlink="http://www.w3.org/1999/xlink"
                           resourceRelationType="creatorOf"
                           xlink:href="FRAN_IR_041951"
                           xlink:type="simple">
            <relationEntry localType="archival">Minutes et répertoires du notaire Auguste THION de LA CHAUME, 21 octobre 1788 - 6 février 1809 (étude XXXV)</relationEntry>
         </resourceRelation>
         <resourceRelation xmlns:xlink="http://www.w3.org/1999/xlink"
                           resourceRelationType="creatorOf"
                           xlink:href="FRAN_IR_041952"
                           xlink:type="simple">
            <relationEntry localType="archival">Minutes et répertoires du notaire Pierre Amable VIAULT, 7 février 1809 - 20 janvier 1826 (étude XXXV)</relationEntry>
         </resourceRelation>
         <resourceRelation xmlns:xlink="http://www.w3.org/1999/xlink"
                           resourceRelationType="creatorOf"
                           xlink:href="FRAN_IR_041953"
                           xlink:type="simple">
            <relationEntry localType="archival">Minutes et répertoires du notaire Antoine Simon HAILIG, 20 janvier 1826 - 8 juillet 1846 (étude XXXV)</relationEntry>
         </resourceRelation>
         <resourceRelation xmlns:xlink="http://www.w3.org/1999/xlink"
                           resourceRelationType="creatorOf"
                           xlink:href="FRAN_IR_041955"
                           xlink:type="simple">
            <relationEntry localType="archival">Minutes et répertoires du notaire Paul Edmond TOURILLON, 10 mars 1877 - 19 septembre 1899 (étude XXXV)</relationEntry>
         </resourceRelation>
         <resourceRelation xmlns:xlink="http://www.w3.org/1999/xlink"
                           resourceRelationType="creatorOf"
                           xlink:href="FRAN_IR_041954"
                           xlink:type="simple">
            <relationEntry localType="archival">Minutes et répertoires du notaire Philibert TURQUET, 9 juillet 1846 - 9 mars 1877 (étude XXXV)</relationEntry>
         </resourceRelation>
         <resourceRelation xmlns:xlink="http://www.w3.org/1999/xlink"
                           resourceRelationType="creatorOf"
                           xlink:href="FRAN_IR_041956"
                           xlink:type="simple">
            <relationEntry localType="archival">Minutes et répertoires du notaire Simon POISSON, 21 septembre 1899 - 17 octobre 1933 (étude XXXV)</relationEntry>
         </resourceRelation>
         <resourceRelation xmlns:xlink="http://www.w3.org/1999/xlink"
                           resourceRelationType="creatorOf"
                           xlink:href="FRAN_IR_053546"
                           xlink:type="simple">
            <relationEntry localType="archival">Images du répertoire du notaire Nicolas Le Vasseur pour l'étude XXXV</relationEntry>
         </resourceRelation>
         <resourceRelation xmlns:xlink="http://www.w3.org/1999/xlink"
                           resourceRelationType="creatorOf"
                           xlink:href="FRAN_IR_052986"
                           xlink:type="simple">
            <relationEntry localType="archival">Images du répertoire du notaire Jean Colas pour l'étude XXXV</relationEntry>
         </resourceRelation>
         <resourceRelation xmlns:xlink="http://www.w3.org/1999/xlink"
                           resourceRelationType="creatorOf"
                           xlink:href="FRAN_IR_052985"
                           xlink:type="simple">
            <relationEntry localType="archival">Images du répertoire du notaire René Desforges pour l'étude XXXV</relationEntry>
         </resourceRelation>
         <resourceRelation xmlns:xlink="http://www.w3.org/1999/xlink"
                           resourceRelationType="creatorOf"
                           xlink:href="FRAN_IR_052983"
                           xlink:type="simple">
            <relationEntry localType="archival">Images du répertoire du notaire Gabriel Mesnil pour l'étude XXXV</relationEntry>
         </resourceRelation>
         <resourceRelation xmlns:xlink="http://www.w3.org/1999/xlink"
                           resourceRelationType="creatorOf"
                           xlink:href="FRAN_IR_052982"
                           xlink:type="simple">
            <relationEntry localType="archival">Images des répertoires du notaire François Rahault pour l'étude XXXV</relationEntry>
         </resourceRelation>
         <resourceRelation xmlns:xlink="http://www.w3.org/1999/xlink"
                           resourceRelationType="creatorOf"
                           xlink:href="FRAN_IR_052987"
                           xlink:type="simple">
            <relationEntry localType="archival">Images du répertoire du notaire René Baron pour l'étude XXXV</relationEntry>
         </resourceRelation>
         <resourceRelation xmlns:xlink="http://www.w3.org/1999/xlink"
                           resourceRelationType="creatorOf"
                           xlink:href="FRAN_IR_052984"
                           xlink:type="simple">
            <relationEntry localType="archival">Images des répertoires du notaire Jean Fourcault de Pavant pour l'étude XXXV</relationEntry>
         </resourceRelation>
         <resourceRelation xmlns:xlink="http://www.w3.org/1999/xlink"
                           resourceRelationType="creatorOf"
                           xlink:href="FRAN_IR_054296"
                           xlink:type="simple">
            <relationEntry localType="archival">Images des répertoires du notaire Antoine Simon Hailig pour l'étude XXXV</relationEntry>
         </resourceRelation>
         <resourceRelation xmlns:xlink="http://www.w3.org/1999/xlink"
                           resourceRelationType="creatorOf"
                           xlink:href="FRAN_IR_056128"
                           xlink:type="simple">
            <relationEntry localType="archival">Images des répertoires du notaire Paul Edmond Tourillon pour l'étude XXXV</relationEntry>
         </resourceRelation>
      </relations>
   </cpfDescription>
</eac-cpf>
