<eac-cpf xmlns="urn:isbn:1-931666-33-4"
         xmlns:xsi="http://www.w3.org/2001/XMLSchema-instance"
         xsi:schemaLocation="urn:isbn:1-931666-33-4 cpf.xsd">
   <control>
      <recordId>FRAN_NP_010527</recordId>
      <otherRecordId localType="Ancien_identifiant">FRDAFANCH00MC_NANOTAIRE00240</otherRecordId>
      <maintenanceStatus>derived</maintenanceStatus>
      <maintenanceAgency>
         <agencyName>Archives nationales de France</agencyName>
      </maintenanceAgency>
      <languageDeclaration>
         <language languageCode="fre">Français</language>
         <script scriptCode="Latn"/>
      </languageDeclaration>
      <conventionDeclaration>
         <citation>Notice établie conformément à la norme ICA-ISAAR (CPF) 2004, aux normes ISO 8601 pour le système de normalisation des dates utilisé, ainsi que AFNOR NF Z 44-061, juin 1986. Catalogage : forme et structure des vedettes noms de personne, des vedettes titres, des rubriques de classement et des titres forgés.</citation>
      </conventionDeclaration>
      <localControl localType="niveau_de_detail">
         <term>Moyenne</term>
      </localControl>
      <maintenanceHistory>
         <maintenanceEvent>
            <eventType>derived</eventType>
            <eventDateTime>2013-04-23</eventDateTime>
            <agentType>machine</agentType>
            <agent>Migration ETANOT</agent>
         </maintenanceEvent>
      </maintenanceHistory>
      <sources>
         <source>
            <descriptiveNote>
               <p>M. F. LIMON, Les notaires au Châtelet sous le règne de Louis XIV, Toulouse, presses universitaires du Mirail, 1992, p.416-417</p>
            </descriptiveNote>
         </source>
      </sources>
   </control>
   <cpfDescription>
      <identity>
         <entityType>person</entityType>
         <nameEntry localType="autorisée" scriptCode="Latn" xml:lang="fre">
            <part>Saint-Jean, Jacques de</part>
         </nameEntry>
      </identity>
      <description>
         <existDates>
            <dateRange>
               <fromDate standardDate="1708-03-20">20 mars 1708</fromDate>
               <toDate standardDate="1733-11-28">28 novembre 1733</toDate>
            </dateRange>
            <descriptiveNote>
               <p>Les dates d'existence de la personne ne sont pas connues et sont évaluées d'après les dates d'exercice en tant que notaire</p>
            </descriptiveNote>
         </existDates>
         <places>
            <place>
               <placeRole>Lieu de Paris</placeRole>
               <placeEntry localType="paroisse" vocabularySource="d3nyvow9c3--1ln2rhczl581f">saint-eustache (paroisse)</placeEntry>
               <placeEntry localType="paroisse" vocabularySource="d3nyvozckb-wk5djyktth83">saint-jacques-de-la-boucherie (paroisse)</placeEntry>
               <placeEntry localType="paroisse" vocabularySource="d3nyvox0hv--s68ql74wtyjp">saint-germain-l'auxerrois (paroisse)</placeEntry>
               <placeEntry localType="paroisse" vocabularySource="d3nyvp8kqp-1nkkmfnvbsro4">sainte-opportune (paroisse)</placeEntry>
               <placeEntry localType="quartier" vocabularySource="d3nyvgvrw7--10kzknmxne1f3">saint-jacques-de-la-boucherie (quartier)</placeEntry>
               <placeEntry localType="voie" vocabularySource="d3nzd1u57i-1h2qpz5x5m5i3">saint-denis (rue)</placeEntry>
               <placeEntry localType="nomLieu">rue Saint-Denis, près Sainte-Opportune (de 1708 à 1723), puis vis-à-vis la rue des Lombards (de 1724 à 1733)</placeEntry>
            </place>
         </places>
         <functions>
            <function>
               <term vocabularySource="d3nyui3o8w--11y7jgy8q3wnt">notaire à paris</term>
               <dateRange>
                  <fromDate standardDate="1708-03-20">20 mars 1708</fromDate>
                  <toDate standardDate="1733-11-28">28 novembre 1733</toDate>
               </dateRange>
            </function>
         </functions>
         <biogHist>
            <p>Baptisé le 9 mai 1677</p>
            <p>marié à Marie Anne Aubry (voir ET/LXXXVII/738, 23 février 1710, contrat de mariage)</p>
            <p>d'abord principal clerc de Claude Mortier, auquel il succède</p>
            <p>il a pour client le maréchal duc de Villeroy</p>
            <p>mort le 24 janvier 1734</p>
         </biogHist>
      </description>
      <relations>
         <cpfRelation xmlns:xlink="http://www.w3.org/1999/xlink"
                      cpfRelationType="associative"
                      xlink:href="FRAN_NP_010168"
                      xlink:type="simple">
            <relationEntry>Etude notariale XLI</relationEntry>
            <dateRange>
               <fromDate standardDate="1708-03-20">20 mars 1708</fromDate>
               <toDate standardDate="1733-11-28">28 novembre 1733</toDate>
            </dateRange>
         </cpfRelation>
         <resourceRelation resourceRelationType="other">
            <relationEntry localType="archival">V/1/ 184 pièce 65, 17 mars 1708, lettre de provision d'office</relationEntry>
         </resourceRelation>
         <resourceRelation resourceRelationType="other">
            <relationEntry localType="archival">ET/CXII/601, 15 juin 1733, traité d'office de notaire entre Jacques de Saint-Jean et Pierre Brillon</relationEntry>
         </resourceRelation>
         <resourceRelation resourceRelationType="other">
            <relationEntry localType="archival">ET/XLI/446, 22 février 1734, inventaire après décès</relationEntry>
         </resourceRelation>
         <resourceRelation xmlns:xlink="http://www.w3.org/1999/xlink"
                           resourceRelationType="subjectOf"
                           xlink:href="FRAN_IR_042060"
                           xlink:type="simple">
            <relationEntry localType="archival">Minutes et répertoires du notaire Jacques de SAINT-JEAN, 20 mars 1708 - 23 novembre 1733 (étude XLI)</relationEntry>
         </resourceRelation>
         <resourceRelation xmlns:xlink="http://www.w3.org/1999/xlink"
                           resourceRelationType="creatorOf"
                           xlink:href="FRAN_IR_055347"
                           xlink:type="simple">
            <relationEntry localType="archival">Images du répertoire du notaire Jacques de Saint-Jean pour l'étude XLI</relationEntry>
         </resourceRelation>
      </relations>
   </cpfDescription>
</eac-cpf>
