<eac-cpf xmlns="urn:isbn:1-931666-33-4"
         xmlns:xsi="http://www.w3.org/2001/XMLSchema-instance"
         xsi:schemaLocation="urn:isbn:1-931666-33-4 cpf.xsd">
   <control>
      <recordId>FRAN_NP_010390</recordId>
      <otherRecordId localType="Ancien_identifiant">FRDAFANCH00MC_NANOTAIRE00092</otherRecordId>
      <maintenanceStatus>derived</maintenanceStatus>
      <maintenanceAgency>
         <agencyName>Archives nationales de France</agencyName>
      </maintenanceAgency>
      <languageDeclaration>
         <language languageCode="fre">Français</language>
         <script scriptCode="Latn"/>
      </languageDeclaration>
      <conventionDeclaration>
         <citation>Notice établie conformément à la norme ICA-ISAAR (CPF) 2004, aux normes ISO 8601 pour le système de normalisation des dates utilisé, ainsi que AFNOR NF Z 44-061, juin 1986. Catalogage : forme et structure des vedettes noms de personne, des vedettes titres, des rubriques de classement et des titres forgés.</citation>
      </conventionDeclaration>
      <localControl localType="niveau_de_detail">
         <term>Moyenne</term>
      </localControl>
      <maintenanceHistory>
         <maintenanceEvent>
            <eventType>derived</eventType>
            <eventDateTime>2013-04-23</eventDateTime>
            <agentType>machine</agentType>
            <agent>Migration ETANOT</agent>
         </maintenanceEvent>
      </maintenanceHistory>
      <sources>
         <source>
            <descriptiveNote>
               <p>Philippe BERTHOLET, Etudes et notaires parisiens en 1803, au moment de la loi du 25 ventôse an XI (16 mars 1803), Paris, 2004, p. 468-470</p>
            </descriptiveNote>
         </source>
      </sources>
   </control>
   <cpfDescription>
      <identity>
         <entityType>person</entityType>
         <nameEntry localType="autorisée" scriptCode="Latn" xml:lang="fre">
            <part>Vingtain, Jean</part>
         </nameEntry>
      </identity>
      <description>
         <existDates>
            <dateRange>
               <fromDate standardDate="1798-09-02">2 septembre 1798</fromDate>
               <toDate standardDate="1822-04-30">30 avril 1822</toDate>
            </dateRange>
            <descriptiveNote>
               <p>Les dates d'existence de la personne ne sont pas connues et sont évaluées d'après les dates d'exercice en tant que notaire</p>
            </descriptiveNote>
         </existDates>
         <places>
            <place>
               <placeRole>Lieu de Paris</placeRole>
               <placeEntry localType="paroisse" vocabularySource="d3nyvp0xwi-18dd5xg8fnnjr">saint-jean-en-grève (paroisse)</placeEntry>
               <placeEntry localType="quartier" vocabularySource="d3nyvg4hsz--1pxjpiihtogfj">grève (quartier)</placeEntry>
               <placeEntry localType="voie" vocabularySource="d3nzc5srpf--1k5rk6z5wepws">mouton (rue du)</placeEntry>
               <placeEntry localType="nomLieu">rue du Mouton (de l'an V à l'an XII), 10 place de l'Hôtel de Ville (de l'an XIII à 1822)</placeEntry>
            </place>
         </places>
         <functions>
            <function>
               <term vocabularySource="d3nyui3o8w--11y7jgy8q3wnt">notaire à paris</term>
               <dateRange>
                  <fromDate standardDate="1798-09-02">2 septembre 1798</fromDate>
                  <toDate standardDate="1822-04-30">30 avril 1822</toDate>
               </dateRange>
            </function>
         </functions>
         <biogHist>
            <p>Né le 13 novembre 1761 à Lyon (Rhône)</p>
            <p>marié à Marguerite Tellier (voir ET/LV/180, 26 fructidor an VI [12 septembre 1798], contrat de mariage)</p>
            <p>de ce mariage est issu un fils, Alphonse, qui sera lui aussi notaire (étude XLIII)</p>
            <p>d'abord principal clerc de Jean-Baptiste Minguet auquel il succède</p>
            <p>en juillet 1789, il s'engage dans la Garde Nationale où il finira capitaine en 1816</p>
            <p>suspecté d'entretenir des relations avec des émigrés, il est arrêté le 25 septembre 1793, puis relaché le 17 décembre 1793</p>
            <p>chevalier de la Légion d'Honneur en 1816</p>
            <p>décédé le 26 juin 1829 à Paris</p>
         </biogHist>
      </description>
      <relations>
         <cpfRelation xmlns:xlink="http://www.w3.org/1999/xlink"
                      cpfRelationType="associative"
                      xlink:href="FRAN_NP_010132"
                      xlink:type="simple">
            <relationEntry>Etude notariale V</relationEntry>
            <dateRange>
               <fromDate standardDate="1798-09-02">2 septembre 1798</fromDate>
               <toDate standardDate="1822-04-30">30 avril 1822</toDate>
            </dateRange>
         </cpfRelation>
         <resourceRelation resourceRelationType="other">
            <relationEntry localType="archival">ET/LXI/798, 16 juillet 1829, inventaire après décès</relationEntry>
         </resourceRelation>
         <resourceRelation xmlns:xlink="http://www.w3.org/1999/xlink"
                           resourceRelationType="creatorOf"
                           xlink:href="FRAN_IR_041195"
                           xlink:type="simple">
            <relationEntry localType="archival">Minutes et répertoires du notaire Jean VINGTAIN, 3 septembre 1798 - 29 avril 1822 (étude V)</relationEntry>
         </resourceRelation>
      </relations>
   </cpfDescription>
</eac-cpf>
