<eac-cpf xmlns="urn:isbn:1-931666-33-4"
         xmlns:xsi="http://www.w3.org/2001/XMLSchema-instance"
         xsi:schemaLocation="urn:isbn:1-931666-33-4 cpf.xsd">
   <control>
      <recordId>FRAN_NP_010382</recordId>
      <otherRecordId localType="Ancien_identifiant">FRDAFANCH00MC_NANOTAIRE00084</otherRecordId>
      <maintenanceStatus>revised</maintenanceStatus>
      <maintenanceAgency>
         <agencyName>Archives nationales de France</agencyName>
      </maintenanceAgency>
      <languageDeclaration>
         <language languageCode="fre">Français</language>
         <script scriptCode="Latn"/>
      </languageDeclaration>
      <conventionDeclaration>
         <citation>Notice établie conformément à la norme ICA-ISAAR (CPF) 2004, aux normes ISO 8601 pour le système de normalisation des dates utilisé, ainsi que AFNOR NF Z 44-061, juin 1986. Catalogage : forme et structure des vedettes noms de personne, des vedettes titres, des rubriques de classement et des titres forgés.</citation>
      </conventionDeclaration>
      <localControl localType="niveau_de_detail">
         <term>Moyenne</term>
      </localControl>
      <maintenanceHistory>
         <maintenanceEvent>
            <eventType>derived</eventType>
            <eventDateTime>2013-04-23</eventDateTime>
            <agentType>machine</agentType>
            <agent>Migration ETANOT</agent>
         </maintenanceEvent>
         <maintenanceEvent>
            <eventType>revised</eventType>
            <eventDateTime>2016-01-11</eventDateTime>
            <agentType>human</agentType>
            <agent>Marie-Françoise LIMON-BONNET</agent>
            <eventDescription>F. Clavaud, 11 janvier 2016 : ajouté activité</eventDescription>
         </maintenanceEvent>
      </maintenanceHistory>
   </control>
   <cpfDescription>
      <identity>
         <entityType>person</entityType>
         <nameEntry localType="autorisée" scriptCode="Latn" xml:lang="fre">
            <part>Vincent, Achille Lucien Jacques</part>
         </nameEntry>
      </identity>
      <description>
         <existDates>
            <dateRange>
               <fromDate standardDate="1923-07-31">31 juillet 1923</fromDate>
               <toDate standardDate="1956-07-25">25 juillet 1956</toDate>
            </dateRange>
            <descriptiveNote>
               <p>Les dates d'existence de la personne ne sont pas connues et sont évaluées d'après les dates d'exercice en tant que notaire</p>
            </descriptiveNote>
         </existDates>
         <places>
            <place>
               <placeRole>Lieu de Paris</placeRole>
               <placeEntry localType="nomLieu">52 ou 43, rue de Clichy</placeEntry>
               <placeEntry localType="voie" vocabularySource="d3nz9jw9hs-17h7byppwg88c">Clichy (rue de)</placeEntry>
               <placeEntry localType="arrondissement_actuel"
                           vocabularySource="d3nyv8il1a-d31b8dfjb0g5">09e arrondissement</placeEntry>
            </place>
         </places>
         <functions>
            <function>
               <term vocabularySource="d3nyui3o8w--11y7jgy8q3wnt">notaire à Paris</term>
               <dateRange>
                  <fromDate standardDate="1923-07-31">31 juillet 1923</fromDate>
                  <toDate standardDate="1956-07-25">25 juillet 1956</toDate>
               </dateRange>
            </function>
         </functions>
         <occupations>
            <occupation>
               <term vocabularySource="d3nyu9x713-9kcjiv44l4wh">notaire</term>
               <dateRange>
                  <fromDate standardDate="1923-07-31">31 juillet 1923</fromDate>
                  <toDate standardDate="1952-07-25">25 juillet 1952</toDate>
               </dateRange>
            </occupation>
         </occupations>
      </description>
      <relations>
         <cpfRelation xmlns:xlink="http://www.w3.org/1999/xlink"
                      cpfRelationType="associative"
                      xlink:href="FRAN_NP_010179"
                      xlink:type="simple">
            <relationEntry>Etude notariale LII</relationEntry>
            <dateRange>
               <fromDate standardDate="1923-07-31">31 juillet 1923</fromDate>
               <toDate standardDate="1956-07-25">25 juillet 1956</toDate>
            </dateRange>
         </cpfRelation>
         <resourceRelation xmlns:xlink="http://www.w3.org/1999/xlink"
                           resourceRelationType="creatorOf"
                           xlink:href="FRAN_IR_054123"
                           xlink:type="simple">
            <relationEntry localType="archival">Minutes et répertoires du notaire Achille Lucien Jacques VINCENT, 1er août 1923 - 31 décembre 1938 (étude LII)</relationEntry>
         </resourceRelation>
      </relations>
   </cpfDescription>
</eac-cpf>
