<eac-cpf xmlns="urn:isbn:1-931666-33-4"
         xmlns:xsi="http://www.w3.org/2001/XMLSchema-instance"
         xsi:schemaLocation="urn:isbn:1-931666-33-4 cpf.xsd">
   <control>
      <recordId>FRAN_NP_010148</recordId>
      <otherRecordId localType="Ancien_identifiant">FRDAFANCH00MC_NAETUDE_021</otherRecordId>
      <maintenanceStatus>derived</maintenanceStatus>
      <maintenanceAgency>
         <agencyName>Archives nationales de France</agencyName>
      </maintenanceAgency>
      <languageDeclaration>
         <language languageCode="fre">Français</language>
         <script scriptCode="Latn"/>
      </languageDeclaration>
      <conventionDeclaration>
         <citation>Notice établie conformément à la norme ICA-ISAAR (CPF) 2004, aux normes ISO 8601 pour le système de normalisation des dates utilisé, ainsi que AFNOR NF Z 44-061, juin 1986. Catalogage : forme et structure des vedettes noms de personne, des vedettes titres, des rubriques de classement et des titres forgés.</citation>
      </conventionDeclaration>
      <localControl localType="niveau_de_detail">
         <term>Moyenne</term>
      </localControl>
      <maintenanceHistory>
         <maintenanceEvent>
            <eventType>derived</eventType>
            <eventDateTime>2013-04-23</eventDateTime>
            <agentType>machine</agentType>
            <agent>Migration ETANOT</agent>
         </maintenanceEvent>
      </maintenanceHistory>
   </control>
   <cpfDescription>
      <identity>
         <entityType>corporateBody</entityType>
         <nameEntry localType="autorisée" scriptCode="Latn" xml:lang="fre">
            <part>Etude XXI</part>
         </nameEntry>
         <nameEntry>
            <part>75115</part>
         </nameEntry>
      </identity>
      <description>
         <existDates>
            <dateRange>
               <fromDate standardDate="1522-01-01">1522</fromDate>
            </dateRange>
         </existDates>
         <places>
            <place>
               <placeRole>Lieu de Paris</placeRole>
               <placeEntry localType="nomLieu">204, bd Voltaire BP 361, 75526 PARIS Cedex 11</placeEntry>
            </place>
         </places>
         <functions>
            <function>
               <term vocabularySource="d3nyui3o8w--11y7jgy8q3wnt">notaire à paris</term>
               <dateRange>
                  <fromDate standardDate="1522-01-01">1522</fromDate>
                  <toDate/>
               </dateRange>
            </function>
         </functions>
         <biogHist>
            <p>Aux XVIème et XVIIème siècles, les notaires de cette étude sont installés rue Saint-Martin, près de la fontaine Maubrie. Pierre BOUCHER (1700-1705) est établi rue de la Barillerie en la Cité (1700-1705), mais ses successeurs se transportent rue Montmartre et y demeurent jusqu'en 1820. A cette date, l'étude est portée rue de Gramont, qu'elle quitte en 1871 pour la rue de Châteaudun.</p>
         </biogHist>
      </description>
      <relations>
         <cpfRelation xmlns:xlink="http://www.w3.org/1999/xlink"
                      cpfRelationType="associative"
                      xlink:href="FRAN_NP_010329"
                      xlink:type="simple">
            <relationEntry>Vallée, Joseph Léon Marcel</relationEntry>
            <dateRange>
               <fromDate standardDate="1907-07-04">4 juillet 1907</fromDate>
               <toDate standardDate="1935-07-10">10 juillet 1935</toDate>
            </dateRange>
         </cpfRelation>
         <cpfRelation xmlns:xlink="http://www.w3.org/1999/xlink"
                      cpfRelationType="associative"
                      xlink:href="FRAN_NP_010330"
                      xlink:type="simple">
            <relationEntry>Vallée, Martin Jules Léon</relationEntry>
            <dateRange>
               <fromDate standardDate="1882-05-26">26 mai 1882</fromDate>
               <toDate standardDate="1907-07-04">4 juillet 1907</toDate>
            </dateRange>
         </cpfRelation>
         <cpfRelation xmlns:xlink="http://www.w3.org/1999/xlink"
                      cpfRelationType="associative"
                      xlink:href="FRAN_NP_010331"
                      xlink:type="simple">
            <relationEntry>Vallée, René Paul Léon Marcel</relationEntry>
            <dateRange>
               <fromDate standardDate="1935-07-10">10 juillet 1935</fromDate>
               <toDate standardDate="1981-12-23">23 décembre 1981</toDate>
            </dateRange>
         </cpfRelation>
         <cpfRelation xmlns:xlink="http://www.w3.org/1999/xlink"
                      cpfRelationType="associative"
                      xlink:href="FRAN_NP_010824"
                      xlink:type="simple">
            <relationEntry>Paillet, Etienne</relationEntry>
            <dateRange>
               <fromDate standardDate="1676-06-15">15 juin 1676</fromDate>
               <toDate standardDate="1680-09-21">21 septembre 1680</toDate>
            </dateRange>
         </cpfRelation>
         <cpfRelation xmlns:xlink="http://www.w3.org/1999/xlink"
                      cpfRelationType="associative"
                      xlink:href="FRAN_NP_011418"
                      xlink:type="simple">
            <relationEntry>Le monnyer, François</relationEntry>
            <dateRange>
               <fromDate standardDate="1839-10-31">31 octobre 1839</fromDate>
               <toDate standardDate="1874-05-08">8 mai 1874</toDate>
            </dateRange>
         </cpfRelation>
         <cpfRelation xmlns:xlink="http://www.w3.org/1999/xlink"
                      cpfRelationType="associative"
                      xlink:href="FRAN_NP_011522"
                      xlink:type="simple">
            <relationEntry>Lemogne, Bernard</relationEntry>
            <dateRange>
               <fromDate standardDate="1986-07-02">2 juillet 1986</fromDate>
               <toDate standardDate="2007-08-09">9 août 2007</toDate>
            </dateRange>
         </cpfRelation>
         <cpfRelation xmlns:xlink="http://www.w3.org/1999/xlink"
                      cpfRelationType="associative"
                      xlink:href="FRAN_NP_011599"
                      xlink:type="simple">
            <relationEntry>Levesque, Bertrand</relationEntry>
            <dateRange>
               <fromDate standardDate="1992-01-22">22 janvier 1992</fromDate>
            </dateRange>
         </cpfRelation>
         <cpfRelation xmlns:xlink="http://www.w3.org/1999/xlink"
                      cpfRelationType="associative"
                      xlink:href="FRAN_NP_013238"
                      xlink:type="simple">
            <relationEntry>Lemogne, Pierre</relationEntry>
            <dateRange>
               <fromDate standardDate="2004-01-07">7 janvier 2004</fromDate>
            </dateRange>
         </cpfRelation>
         <cpfRelation xmlns:xlink="http://www.w3.org/1999/xlink"
                      cpfRelationType="associative"
                      xlink:href="FRAN_NP_010448"
                      xlink:type="simple">
            <relationEntry>Thion de la chaume, Léon André</relationEntry>
            <dateRange>
               <fromDate standardDate="1879-11-07">7 novembre 1879</fromDate>
               <toDate standardDate="1882-05-26">26 mai 1882</toDate>
            </dateRange>
         </cpfRelation>
         <cpfRelation xmlns:xlink="http://www.w3.org/1999/xlink"
                      cpfRelationType="associative"
                      xlink:href="FRAN_NP_011921"
                      xlink:type="simple">
            <relationEntry>Giroux, Claude</relationEntry>
            <dateRange>
               <fromDate standardDate="1981-12-23">23 décembre 1981</fromDate>
               <toDate standardDate="1988-01-04">4 janvier 1988</toDate>
            </dateRange>
         </cpfRelation>
         <cpfRelation xmlns:xlink="http://www.w3.org/1999/xlink"
                      cpfRelationType="associative"
                      xlink:href="FRAN_NP_011028"
                      xlink:type="simple">
            <relationEntry>Puthomme, Jean</relationEntry>
            <dateRange>
               <fromDate standardDate="1592-11-01">novembre 1592</fromDate>
               <toDate standardDate="1594-04-30">avril 1594</toDate>
            </dateRange>
         </cpfRelation>
         <cpfRelation xmlns:xlink="http://www.w3.org/1999/xlink"
                      cpfRelationType="associative"
                      xlink:href="FRAN_NP_013389"
                      xlink:type="simple">
            <relationEntry>Peschard, Charles-Édouard</relationEntry>
            <dateRange>
               <fromDate standardDate="2008-07-09">9 juillet 2008</fromDate>
            </dateRange>
         </cpfRelation>
         <cpfRelation xmlns:xlink="http://www.w3.org/1999/xlink"
                      cpfRelationType="associative"
                      xlink:href="FRAN_NP_010603"
                      xlink:type="simple">
            <relationEntry>Raffeneau de lille, Pierre-Victor</relationEntry>
            <dateRange>
               <fromDate standardDate="1767-07-18">18 juillet 1767</fromDate>
               <toDate standardDate="1799-06-01">1er juin 1799</toDate>
            </dateRange>
         </cpfRelation>
         <cpfRelation xmlns:xlink="http://www.w3.org/1999/xlink"
                      cpfRelationType="associative"
                      xlink:href="FRAN_NP_012974"
                      xlink:type="simple">
            <relationEntry>Boucher, Pierre</relationEntry>
            <dateRange>
               <fromDate standardDate="1700-11-19">19 novembre 1700</fromDate>
               <toDate standardDate="1705-11-24">24 novembre 1705</toDate>
            </dateRange>
         </cpfRelation>
         <cpfRelation xmlns:xlink="http://www.w3.org/1999/xlink"
                      cpfRelationType="associative"
                      xlink:href="FRAN_NP_012912"
                      xlink:type="simple">
            <relationEntry>Bizet, Jean-Baptiste</relationEntry>
            <dateRange>
               <fromDate standardDate="1666-01-04">4 janvier 1666</fromDate>
               <toDate standardDate="1676-03-22">22 mars 1676</toDate>
            </dateRange>
         </cpfRelation>
         <cpfRelation xmlns:xlink="http://www.w3.org/1999/xlink"
                      cpfRelationType="associative"
                      xlink:href="FRAN_NP_012009"
                      xlink:type="simple">
            <relationEntry>Guyon, André</relationEntry>
            <dateRange>
               <fromDate standardDate="1663-01-01">1er janvier 1663</fromDate>
               <toDate standardDate="1663-12-31">31 décembre 1663</toDate>
            </dateRange>
         </cpfRelation>
         <cpfRelation xmlns:xlink="http://www.w3.org/1999/xlink"
                      cpfRelationType="associative"
                      xlink:href="FRAN_NP_010601"
                      xlink:type="simple">
            <relationEntry>Rabouine, Joseph</relationEntry>
            <dateRange>
               <fromDate standardDate="1722-05-20">20 mai 1722</fromDate>
               <toDate standardDate="1767-07-03">3 juillet 1767</toDate>
            </dateRange>
         </cpfRelation>
         <cpfRelation xmlns:xlink="http://www.w3.org/1999/xlink"
                      cpfRelationType="associative"
                      xlink:href="FRAN_NP_013055"
                      xlink:type="simple">
            <relationEntry>Brigrand, Jean</relationEntry>
            <dateRange>
               <fromDate standardDate="1561-09-06">6 septembre 1561</fromDate>
               <toDate standardDate="1586-12-04">4 décembre 1586</toDate>
            </dateRange>
         </cpfRelation>
         <cpfRelation xmlns:xlink="http://www.w3.org/1999/xlink"
                      cpfRelationType="associative"
                      xlink:href="FRAN_NP_012793"
                      xlink:type="simple">
            <relationEntry>Baudoin, Stanislas Emile</relationEntry>
            <dateRange>
               <fromDate standardDate="1874-05-08">8 mai 1874</fromDate>
               <toDate standardDate="1879-11-07">7 novembre 1879</toDate>
            </dateRange>
         </cpfRelation>
         <cpfRelation xmlns:xlink="http://www.w3.org/1999/xlink"
                      cpfRelationType="associative"
                      xlink:href="FRAN_NP_010462"
                      xlink:type="simple">
            <relationEntry>Tissandier, Pierre</relationEntry>
            <dateRange>
               <fromDate standardDate="1799-06-01">1er juin 1799</fromDate>
               <toDate standardDate="1812-12-31">31 décembre 1812</toDate>
            </dateRange>
         </cpfRelation>
         <cpfRelation xmlns:xlink="http://www.w3.org/1999/xlink"
                      cpfRelationType="associative"
                      xlink:href="FRAN_NP_011969"
                      xlink:type="simple">
            <relationEntry>Grulé, Marie-Antoine Constant</relationEntry>
            <dateRange>
               <fromDate standardDate="1827-12-14">14 décembre 1827</fromDate>
               <toDate standardDate="1839-10-31">31 octobre 1839</toDate>
            </dateRange>
         </cpfRelation>
         <cpfRelation xmlns:xlink="http://www.w3.org/1999/xlink"
                      cpfRelationType="associative"
                      xlink:href="FRAN_NP_013228"
                      xlink:type="simple">
            <relationEntry>Gemignani, Florence</relationEntry>
            <dateRange>
               <fromDate standardDate="2003-11-03">3 novembre 2003</fromDate>
            </dateRange>
         </cpfRelation>
         <cpfRelation xmlns:xlink="http://www.w3.org/1999/xlink"
                      cpfRelationType="associative"
                      xlink:href="FRAN_NP_011640"
                      xlink:type="simple">
            <relationEntry>Louvencourt, Jean de</relationEntry>
            <dateRange>
               <fromDate standardDate="1522-01-01">1522</fromDate>
               <toDate standardDate="1552-04-15">15 avril 1552</toDate>
            </dateRange>
         </cpfRelation>
         <cpfRelation xmlns:xlink="http://www.w3.org/1999/xlink"
                      cpfRelationType="associative"
                      xlink:href="FRAN_NP_012185"
                      xlink:type="simple">
            <relationEntry>Deherain, Cléophile</relationEntry>
            <dateRange>
               <fromDate standardDate="1812-12-31">31 décembre 1812</fromDate>
               <toDate standardDate="1827-12-14">14 décembre 1827</toDate>
            </dateRange>
         </cpfRelation>
         <cpfRelation xmlns:xlink="http://www.w3.org/1999/xlink"
                      cpfRelationType="associative"
                      xlink:href="FRAN_NP_012186"
                      xlink:type="simple">
            <relationEntry>Demas, Jean (15..-16..)</relationEntry>
            <dateRange>
               <fromDate standardDate="1612-01-19">19 janvier 1612</fromDate>
               <toDate standardDate="1666-01-01">1er janvier 1666</toDate>
            </dateRange>
         </cpfRelation>
         <cpfRelation xmlns:xlink="http://www.w3.org/1999/xlink"
                      cpfRelationType="associative"
                      xlink:href="FRAN_NP_012506"
                      xlink:type="simple">
            <relationEntry>Chapelain, Sébastien</relationEntry>
            <dateRange>
               <fromDate standardDate="1586-12-18">18 décembre 1586</fromDate>
               <toDate standardDate="1613-10-03">3 octobre 1613</toDate>
            </dateRange>
         </cpfRelation>
         <cpfRelation xmlns:xlink="http://www.w3.org/1999/xlink"
                      cpfRelationType="associative"
                      xlink:href="FRAN_NP_012507"
                      xlink:type="simple">
            <relationEntry>Chuppin, Pierre</relationEntry>
            <dateRange>
               <fromDate standardDate="1680-10-26">26 octobre 1680</fromDate>
               <toDate standardDate="1700-11-11">11 novembre 1700</toDate>
            </dateRange>
         </cpfRelation>
         <cpfRelation xmlns:xlink="http://www.w3.org/1999/xlink"
                      cpfRelationType="associative"
                      xlink:href="FRAN_NP_012508"
                      xlink:type="simple">
            <relationEntry>Corpechot, Henri</relationEntry>
            <dateRange>
               <fromDate standardDate="1981-12-23">23 décembre 1981</fromDate>
               <toDate standardDate="1985-05-02">2 mai 1985</toDate>
            </dateRange>
         </cpfRelation>
         <cpfRelation xmlns:xlink="http://www.w3.org/1999/xlink"
                      cpfRelationType="associative"
                      xlink:href="FRAN_NP_013407"
                      xlink:type="simple">
            <relationEntry>Magnan, Fabienne</relationEntry>
            <dateRange>
               <fromDate standardDate="2008-10-30">30 octobre 2008</fromDate>
            </dateRange>
         </cpfRelation>
         <cpfRelation xmlns:xlink="http://www.w3.org/1999/xlink"
                      cpfRelationType="associative"
                      xlink:href="FRAN_NP_013434"
                      xlink:type="simple">
            <relationEntry>Muzard, Anne</relationEntry>
            <dateRange>
               <fromDate standardDate="2009-09-08">8 septembre 2009</fromDate>
            </dateRange>
         </cpfRelation>
         <resourceRelation xmlns:xlink="http://www.w3.org/1999/xlink"
                           resourceRelationType="creatorOf"
                           xlink:href="FRAN_IR_041653"
                           xlink:type="simple">
            <relationEntry localType="archival">Minutes et répertoires du notaire Pierre BOUCHER, 19 novembre 1700 - 24 novembre 1705 (étude XXI)</relationEntry>
         </resourceRelation>
         <resourceRelation xmlns:xlink="http://www.w3.org/1999/xlink"
                           resourceRelationType="creatorOf"
                           xlink:href="FRAN_IR_041643"
                           xlink:type="simple">
            <relationEntry localType="archival">Archives de l'étude XXI</relationEntry>
         </resourceRelation>
         <resourceRelation xmlns:xlink="http://www.w3.org/1999/xlink"
                           resourceRelationType="creatorOf"
                           xlink:href="FRAN_IR_041644"
                           xlink:type="simple">
            <relationEntry localType="archival">Minutes et répertoires du notaire Jean de LOUVENCOURT, 1522 - 15 avril 1552 (étude XXI)</relationEntry>
         </resourceRelation>
         <resourceRelation xmlns:xlink="http://www.w3.org/1999/xlink"
                           resourceRelationType="creatorOf"
                           xlink:href="FRAN_IR_041645"
                           xlink:type="simple">
            <relationEntry localType="archival">Minutes et répertoires du notaire Jean BRIGRAND, 6 septembre 1561 - 4 décembre 1586 (étude XXI)</relationEntry>
         </resourceRelation>
         <resourceRelation xmlns:xlink="http://www.w3.org/1999/xlink"
                           resourceRelationType="creatorOf"
                           xlink:href="FRAN_IR_041646"
                           xlink:type="simple">
            <relationEntry localType="archival">Minutes et répertoires du notaire Sébastien CHAPELAIN, 19 décembre 1586 - décembre 1612 (étude XXI)</relationEntry>
         </resourceRelation>
         <resourceRelation xmlns:xlink="http://www.w3.org/1999/xlink"
                           resourceRelationType="creatorOf"
                           xlink:href="FRAN_IR_041647"
                           xlink:type="simple">
            <relationEntry localType="archival">Minutes et répertoires du notaire Jean DEMAS, 25 janvier 1612 - 1er janvier 1666 (étude XXI)</relationEntry>
         </resourceRelation>
         <resourceRelation xmlns:xlink="http://www.w3.org/1999/xlink"
                           resourceRelationType="creatorOf"
                           xlink:href="FRAN_IR_041648"
                           xlink:type="simple">
            <relationEntry localType="archival">Minutes et répertoires du notaire Jean PUTHOMME, novembre 1592 - avril 1594 (étude XXI)</relationEntry>
         </resourceRelation>
         <resourceRelation xmlns:xlink="http://www.w3.org/1999/xlink"
                           resourceRelationType="creatorOf"
                           xlink:href="FRAN_IR_041649"
                           xlink:type="simple">
            <relationEntry localType="archival">Minutes et répertoires du notaire André GUYON, 17 septembre 1663 - 17 septembre 1663 (étude XXI)</relationEntry>
         </resourceRelation>
         <resourceRelation xmlns:xlink="http://www.w3.org/1999/xlink"
                           resourceRelationType="creatorOf"
                           xlink:href="FRAN_IR_041650"
                           xlink:type="simple">
            <relationEntry localType="archival">Minutes et répertoires du notaire Jean-Baptiste BIZET, 2 janvier 1666 - 22 mars 1676 (étude XXI)</relationEntry>
         </resourceRelation>
         <resourceRelation xmlns:xlink="http://www.w3.org/1999/xlink"
                           resourceRelationType="creatorOf"
                           xlink:href="FRAN_IR_041651"
                           xlink:type="simple">
            <relationEntry localType="archival">Minutes et répertoires du notaire Étienne PAILLET, 15 juin 1676 - 21 septembre 1680 (étude XXI)</relationEntry>
         </resourceRelation>
         <resourceRelation xmlns:xlink="http://www.w3.org/1999/xlink"
                           resourceRelationType="creatorOf"
                           xlink:href="FRAN_IR_041652"
                           xlink:type="simple">
            <relationEntry localType="archival">Minutes et répertoires du notaire Pierre CHUPPIN, 26 octobre 1680 - 11 novembre 1700 (étude XXI)</relationEntry>
         </resourceRelation>
         <resourceRelation xmlns:xlink="http://www.w3.org/1999/xlink"
                           resourceRelationType="creatorOf"
                           xlink:href="FRAN_IR_041654"
                           xlink:type="simple">
            <relationEntry localType="archival">Minutes et répertoires du notaire Joseph RABOUINE, 27 mai 1722 - 17 juillet 1767 (étude XXI)</relationEntry>
         </resourceRelation>
         <resourceRelation xmlns:xlink="http://www.w3.org/1999/xlink"
                           resourceRelationType="creatorOf"
                           xlink:href="FRAN_IR_041655"
                           xlink:type="simple">
            <relationEntry localType="archival">Minutes et répertoires du notaire Pierre Victor RAFFENEAU de LILLE, 21 juillet 1767 - 30 mai 1799 (étude XXI)</relationEntry>
         </resourceRelation>
         <resourceRelation xmlns:xlink="http://www.w3.org/1999/xlink"
                           resourceRelationType="creatorOf"
                           xlink:href="FRAN_IR_041656"
                           xlink:type="simple">
            <relationEntry localType="archival">Minutes et répertoires du notaire Pierre TISSANDIER, 4 juin 1799 - décembre 1812 (étude XXI)</relationEntry>
         </resourceRelation>
         <resourceRelation xmlns:xlink="http://www.w3.org/1999/xlink"
                           resourceRelationType="creatorOf"
                           xlink:href="FRAN_IR_041657"
                           xlink:type="simple">
            <relationEntry localType="archival">Minutes et répertoires du notaire Cléophile DEHERAIN, 2 janvier 1813 - 13 décembre 1827 (étude XXI)</relationEntry>
         </resourceRelation>
         <resourceRelation xmlns:xlink="http://www.w3.org/1999/xlink"
                           resourceRelationType="creatorOf"
                           xlink:href="FRAN_IR_041658"
                           xlink:type="simple">
            <relationEntry localType="archival">Minutes et répertoires du notaire Marie Antoine Constant GRULÉ, 14 décembre 1827 - 30 octobre 1839 (étude XXI)</relationEntry>
         </resourceRelation>
         <resourceRelation xmlns:xlink="http://www.w3.org/1999/xlink"
                           resourceRelationType="creatorOf"
                           xlink:href="FRAN_IR_041659"
                           xlink:type="simple">
            <relationEntry localType="archival">Minutes et répertoires du notaire François LE MONNYER, 31 octobre 1839 - 7 mai 1874 (étude XXI)</relationEntry>
         </resourceRelation>
         <resourceRelation xmlns:xlink="http://www.w3.org/1999/xlink"
                           resourceRelationType="creatorOf"
                           xlink:href="FRAN_IR_041660"
                           xlink:type="simple">
            <relationEntry localType="archival">Minutes et répertoires du notaire Léon André THION de LA CHAUME, 11 novembre 1879 - 24 mai 1882 (étude XXI)</relationEntry>
         </resourceRelation>
         <resourceRelation xmlns:xlink="http://www.w3.org/1999/xlink"
                           resourceRelationType="creatorOf"
                           xlink:href="FRAN_IR_041661"
                           xlink:type="simple">
            <relationEntry localType="archival">Minutes et répertoires du notaire Martin Jules Léon VALLÉE, 27 mai 1882 - 3 mars 1891 (étude XXI)</relationEntry>
         </resourceRelation>
         <resourceRelation xmlns:xlink="http://www.w3.org/1999/xlink"
                           resourceRelationType="creatorOf"
                           xlink:href="FRAN_IR_041662"
                           xlink:type="simple">
            <relationEntry localType="archival">Minutes et répertoires du notaire Stanislas Émile BAUDOIN, 12 mai 1874 - 30 octobre 1879 (étude XXI)</relationEntry>
         </resourceRelation>
         <resourceRelation xmlns:xlink="http://www.w3.org/1999/xlink"
                           resourceRelationType="creatorOf"
                           xlink:href="FRAN_IR_051242"
                           xlink:type="simple">
            <relationEntry localType="archival">Images des répertoires du notaire Joseph Rabouine pour l'étude XXI</relationEntry>
         </resourceRelation>
         <resourceRelation xmlns:xlink="http://www.w3.org/1999/xlink"
                           resourceRelationType="creatorOf"
                           xlink:href="FRAN_IR_051272"
                           xlink:type="simple">
            <relationEntry localType="archival">Images du répertoire du notaire Etienne Paillet pour l'étude XXI</relationEntry>
         </resourceRelation>
         <resourceRelation xmlns:xlink="http://www.w3.org/1999/xlink"
                           resourceRelationType="creatorOf"
                           xlink:href="FRAN_IR_051536"
                           xlink:type="simple">
            <relationEntry localType="archival">Images du répertoire du notaire Sébastien Chapelain pour l'étude XXI</relationEntry>
         </resourceRelation>
         <resourceRelation xmlns:xlink="http://www.w3.org/1999/xlink"
                           resourceRelationType="creatorOf"
                           xlink:href="FRAN_IR_051612"
                           xlink:type="simple">
            <relationEntry localType="archival">Images du répertoire du notaire Pierre Boucher pour l'étude XXI</relationEntry>
         </resourceRelation>
         <resourceRelation xmlns:xlink="http://www.w3.org/1999/xlink"
                           resourceRelationType="creatorOf"
                           xlink:href="FRAN_IR_051537"
                           xlink:type="simple">
            <relationEntry localType="archival">Images du répertoire du notaire Pierre Chuppin pour l'étude XXI</relationEntry>
         </resourceRelation>
         <resourceRelation xmlns:xlink="http://www.w3.org/1999/xlink"
                           resourceRelationType="creatorOf"
                           xlink:href="FRAN_IR_051477"
                           xlink:type="simple">
            <relationEntry localType="archival">Images des répertoires du notaire Jean Demas pour l'étude XXI</relationEntry>
         </resourceRelation>
         <resourceRelation xmlns:xlink="http://www.w3.org/1999/xlink"
                           resourceRelationType="creatorOf"
                           xlink:href="FRAN_IR_051599"
                           xlink:type="simple">
            <relationEntry localType="archival">Images du répertoire du notaire Jean-Baptiste Bizet pour l'étude XXI</relationEntry>
         </resourceRelation>
         <resourceRelation xmlns:xlink="http://www.w3.org/1999/xlink"
                           resourceRelationType="creatorOf"
                           xlink:href="FRAN_IR_051476"
                           xlink:type="simple">
            <relationEntry localType="archival">Images des répertoires du notaire Cléophile Deherain pour l'étude XXI</relationEntry>
         </resourceRelation>
         <resourceRelation xmlns:xlink="http://www.w3.org/1999/xlink"
                           resourceRelationType="creatorOf"
                           xlink:href="FRAN_IR_051577"
                           xlink:type="simple">
            <relationEntry localType="archival">Images des répertoires du notaire Stanislas Emile Baudoin pour l'étude XXI</relationEntry>
         </resourceRelation>
         <resourceRelation xmlns:xlink="http://www.w3.org/1999/xlink"
                           resourceRelationType="creatorOf"
                           xlink:href="FRAN_IR_051221"
                           xlink:type="simple">
            <relationEntry localType="archival">Images des répertoires du notaire Pierre Tissandier pour l'étude XXI</relationEntry>
         </resourceRelation>
         <resourceRelation xmlns:xlink="http://www.w3.org/1999/xlink"
                           resourceRelationType="creatorOf"
                           xlink:href="FRAN_IR_051243"
                           xlink:type="simple">
            <relationEntry localType="archival">Images des répertoires du notaire Pierre Victor Raffeneau de Lille pour l'étude XXI</relationEntry>
         </resourceRelation>
         <resourceRelation xmlns:xlink="http://www.w3.org/1999/xlink"
                           resourceRelationType="creatorOf"
                           xlink:href="FRAN_IR_051211"
                           xlink:type="simple">
            <relationEntry localType="archival">Images des répertoires du notaire Martin Jules Léon Vallée pour l'étude XXI</relationEntry>
         </resourceRelation>
         <resourceRelation xmlns:xlink="http://www.w3.org/1999/xlink"
                           resourceRelationType="creatorOf"
                           xlink:href="FRAN_IR_051213"
                           xlink:type="simple">
            <relationEntry localType="archival">Images des répertoires du notaire Léon André Thion de la Chaume pour l'étude XXI</relationEntry>
         </resourceRelation>
         <resourceRelation xmlns:xlink="http://www.w3.org/1999/xlink"
                           resourceRelationType="creatorOf"
                           xlink:href="FRAN_IR_051443"
                           xlink:type="simple">
            <relationEntry localType="archival">Images des répertoires du notaire Marie Antoine Constant Grulé pour l'étude XXI</relationEntry>
         </resourceRelation>
         <resourceRelation xmlns:xlink="http://www.w3.org/1999/xlink"
                           resourceRelationType="creatorOf"
                           xlink:href="FRAN_IR_052786"
                           xlink:type="simple">
            <relationEntry localType="archival">Images des répertoires du notaire François Le Monnyer pour l'étude XXI</relationEntry>
         </resourceRelation>
      </relations>
   </cpfDescription>
</eac-cpf>
