<eac-cpf xmlns="urn:isbn:1-931666-33-4"
         xmlns:xsi="http://www.w3.org/2001/XMLSchema-instance"
         xsi:schemaLocation="urn:isbn:1-931666-33-4 cpf.xsd">
   <control>
      <recordId>FRAN_NP_010186</recordId>
      <otherRecordId localType="Ancien_identifiant">FRDAFANCH00MC_NAETUDE_059</otherRecordId>
      <maintenanceStatus>derived</maintenanceStatus>
      <maintenanceAgency>
         <agencyName>Archives nationales de France</agencyName>
      </maintenanceAgency>
      <languageDeclaration>
         <language languageCode="fre">Français</language>
         <script scriptCode="Latn"/>
      </languageDeclaration>
      <conventionDeclaration>
         <citation>Notice établie conformément à la norme ICA-ISAAR (CPF) 2004, aux normes ISO 8601 pour le système de normalisation des dates utilisé, ainsi que AFNOR NF Z 44-061, juin 1986. Catalogage : forme et structure des vedettes noms de personne, des vedettes titres, des rubriques de classement et des titres forgés.</citation>
      </conventionDeclaration>
      <localControl localType="niveau_de_detail">
         <term>Moyenne</term>
      </localControl>
      <maintenanceHistory>
         <maintenanceEvent>
            <eventType>derived</eventType>
            <eventDateTime>2013-04-23</eventDateTime>
            <agentType>machine</agentType>
            <agent>Migration ETANOT</agent>
         </maintenanceEvent>
      </maintenanceHistory>
   </control>
   <cpfDescription>
      <identity>
         <entityType>corporateBody</entityType>
         <nameEntry localType="autorisée" scriptCode="Latn" xml:lang="fre">
            <part>Etude LIX</part>
         </nameEntry>
         <nameEntry>
            <part>75062</part>
         </nameEntry>
      </identity>
      <description>
         <existDates>
            <dateRange>
               <fromDate standardDate="1555-01-01">1555</fromDate>
            </dateRange>
         </existDates>
         <places>
            <place>
               <placeRole>Lieu de Paris</placeRole>
               <placeEntry localType="nomLieu">10, rue Hamelin, 75116 PARIS</placeEntry>
            </place>
         </places>
         <functions>
            <function>
               <term vocabularySource="d3nyui3o8w--11y7jgy8q3wnt">notaire à paris</term>
               <dateRange>
                  <fromDate standardDate="1555-01-01">1555</fromDate>
                  <toDate/>
               </dateRange>
            </function>
         </functions>
         <biogHist>
            <p>L'étude est restée dans le quartier de la rue Saint-Honoré depuis son origine : rue des Prouvaires, à la Corne de Cerf (1578-1667) ; rue Saint-Honoré (1676-1689) ; rue Croix-des-Petits-Champs jusqu'en 1793 ; à nouveau rue Saint-Honoré jusqu'en 1881 et enfin rue des Pyramides.</p>
         </biogHist>
      </description>
      <relations>
         <cpfRelation xmlns:xlink="http://www.w3.org/1999/xlink"
                      cpfRelationType="associative"
                      xlink:href="FRAN_NP_010841"
                      xlink:type="simple">
            <relationEntry>Parrot, Claude Paul Joseph</relationEntry>
            <dateRange>
               <fromDate standardDate="1952-12-04">4 décembre 1952</fromDate>
               <toDate standardDate="1953-12-21">21 décembre 1953</toDate>
            </dateRange>
         </cpfRelation>
         <cpfRelation xmlns:xlink="http://www.w3.org/1999/xlink"
                      cpfRelationType="associative"
                      xlink:href="FRAN_NP_011343"
                      xlink:type="simple">
            <relationEntry>Langlacé, Florence-Nicolas</relationEntry>
            <dateRange>
               <fromDate standardDate="1800-03-09">9 mars 1800</fromDate>
               <toDate standardDate="1821-11-20">20 novembre 1821</toDate>
            </dateRange>
         </cpfRelation>
         <cpfRelation xmlns:xlink="http://www.w3.org/1999/xlink"
                      cpfRelationType="associative"
                      xlink:href="FRAN_NP_011391"
                      xlink:type="simple">
            <relationEntry>Le camus, Jean</relationEntry>
            <dateRange>
               <fromDate standardDate="1575-10-10">10 octobre 1575</fromDate>
               <toDate standardDate="1634-06-26">26 juin 1634</toDate>
            </dateRange>
         </cpfRelation>
         <cpfRelation xmlns:xlink="http://www.w3.org/1999/xlink"
                      cpfRelationType="associative"
                      xlink:href="FRAN_NP_011508"
                      xlink:type="simple">
            <relationEntry>Lejeune, François</relationEntry>
            <dateRange>
               <fromDate standardDate="1986-07-31">31 juillet 1986</fromDate>
            </dateRange>
         </cpfRelation>
         <cpfRelation xmlns:xlink="http://www.w3.org/1999/xlink"
                      cpfRelationType="associative"
                      xlink:href="FRAN_NP_012604"
                      xlink:type="simple">
            <relationEntry>Chauchat, Benoît-Jean</relationEntry>
            <dateRange>
               <fromDate standardDate="1821-11-20">20 novembre 1821</fromDate>
               <toDate standardDate="1836-02-13">13 février 1836</toDate>
            </dateRange>
         </cpfRelation>
         <cpfRelation xmlns:xlink="http://www.w3.org/1999/xlink"
                      cpfRelationType="associative"
                      xlink:href="FRAN_NP_012602"
                      xlink:type="simple">
            <relationEntry>Chantemerle, Denis</relationEntry>
            <dateRange>
               <fromDate standardDate="1555-07-18">18 juillet 1555</fromDate>
               <toDate standardDate="1601-03-29">29 mars 1601</toDate>
            </dateRange>
         </cpfRelation>
         <cpfRelation xmlns:xlink="http://www.w3.org/1999/xlink"
                      cpfRelationType="associative"
                      xlink:href="FRAN_NP_011072"
                      xlink:type="simple">
            <relationEntry>Marchand, François-Gédéon I</relationEntry>
            <dateRange>
               <fromDate standardDate="1691-06-15">15 juin 1691</fromDate>
               <toDate standardDate="1738-05-16">16 mai 1738</toDate>
            </dateRange>
         </cpfRelation>
         <cpfRelation xmlns:xlink="http://www.w3.org/1999/xlink"
                      cpfRelationType="associative"
                      xlink:href="FRAN_NP_011004"
                      xlink:type="simple">
            <relationEntry>Preschez, Eugène</relationEntry>
            <dateRange>
               <fromDate standardDate="1836-02-13">13 février 1836</fromDate>
               <toDate standardDate="1852-04-03">3 avril 1852</toDate>
            </dateRange>
         </cpfRelation>
         <cpfRelation xmlns:xlink="http://www.w3.org/1999/xlink"
                      cpfRelationType="associative"
                      xlink:href="FRAN_NP_010621"
                      xlink:type="simple">
            <relationEntry>Raveau, Jean-Baptiste Etienne</relationEntry>
            <dateRange>
               <fromDate standardDate="1852-04-03">3 avril 1852</fromDate>
               <toDate standardDate="1862-03-18">18 mars 1862</toDate>
            </dateRange>
         </cpfRelation>
         <cpfRelation xmlns:xlink="http://www.w3.org/1999/xlink"
                      cpfRelationType="associative"
                      xlink:href="FRAN_NP_012099"
                      xlink:type="simple">
            <relationEntry>Fournel, François-Henri</relationEntry>
            <dateRange>
               <fromDate standardDate="1760-09-20">20 septembre 1760</fromDate>
               <toDate standardDate="1775-01-14">14 janvier 1775</toDate>
            </dateRange>
         </cpfRelation>
         <cpfRelation xmlns:xlink="http://www.w3.org/1999/xlink"
                      cpfRelationType="associative"
                      xlink:href="FRAN_NP_013100"
                      xlink:type="simple">
            <relationEntry>Airault, Dominique</relationEntry>
            <dateRange>
               <fromDate standardDate="1975-12-18">18 décembre 1975</fromDate>
               <toDate standardDate="2001-06-07">7 juin 2001</toDate>
            </dateRange>
         </cpfRelation>
         <cpfRelation xmlns:xlink="http://www.w3.org/1999/xlink"
                      cpfRelationType="associative"
                      xlink:href="FRAN_NP_012969"
                      xlink:type="simple">
            <relationEntry>Bossy, Louis</relationEntry>
            <dateRange>
               <fromDate standardDate="1902-01-15">15 janvier 1902</fromDate>
               <toDate standardDate="1931-12-09">9 décembre 1931</toDate>
            </dateRange>
         </cpfRelation>
         <cpfRelation xmlns:xlink="http://www.w3.org/1999/xlink"
                      cpfRelationType="associative"
                      xlink:href="FRAN_NP_013177"
                      xlink:type="simple">
            <relationEntry>Le semelier, Jean</relationEntry>
            <dateRange>
               <fromDate standardDate="1634-06-26">26 juin 1634</fromDate>
               <toDate standardDate="1672-03-10">10 mars 1672</toDate>
            </dateRange>
         </cpfRelation>
         <cpfRelation xmlns:xlink="http://www.w3.org/1999/xlink"
                      cpfRelationType="associative"
                      xlink:href="FRAN_NP_012981"
                      xlink:type="simple">
            <relationEntry>Bouillat, Edme</relationEntry>
            <dateRange>
               <fromDate standardDate="1789-08-14">14 août 1789</fromDate>
               <toDate standardDate="1795-03-18">18 mars 1795</toDate>
            </dateRange>
         </cpfRelation>
         <cpfRelation xmlns:xlink="http://www.w3.org/1999/xlink"
                      cpfRelationType="associative"
                      xlink:href="FRAN_NP_012092"
                      xlink:type="simple">
            <relationEntry>Fourchy, André</relationEntry>
            <dateRange>
               <fromDate standardDate="1898-02-16">16 février 1898</fromDate>
               <toDate standardDate="1902-01-15">15 janvier 1902</toDate>
            </dateRange>
         </cpfRelation>
         <cpfRelation xmlns:xlink="http://www.w3.org/1999/xlink"
                      cpfRelationType="associative"
                      xlink:href="FRAN_NP_011707"
                      xlink:type="simple">
            <relationEntry>Jousset, Etienne-Gabriel</relationEntry>
            <dateRange>
               <fromDate standardDate="1794-08-13">13 août 1794</fromDate>
               <toDate standardDate="1800-03-09">9 mars 1800</toDate>
            </dateRange>
         </cpfRelation>
         <cpfRelation xmlns:xlink="http://www.w3.org/1999/xlink"
                      cpfRelationType="associative"
                      xlink:href="FRAN_NP_012814"
                      xlink:type="simple">
            <relationEntry>Beaufort, Pierre II de</relationEntry>
            <dateRange>
               <fromDate standardDate="1672-03-10">10 mars 1672</fromDate>
               <toDate standardDate="1691-06-02">2 juin 1691</toDate>
            </dateRange>
         </cpfRelation>
         <cpfRelation xmlns:xlink="http://www.w3.org/1999/xlink"
                      cpfRelationType="associative"
                      xlink:href="FRAN_NP_011019"
                      xlink:type="simple">
            <relationEntry>Provost, Simon</relationEntry>
            <dateRange>
               <fromDate standardDate="1775-01-14">14 janvier 1775</fromDate>
               <toDate standardDate="1789-08-14">14 août 1789</toDate>
            </dateRange>
         </cpfRelation>
         <cpfRelation xmlns:xlink="http://www.w3.org/1999/xlink"
                      cpfRelationType="associative"
                      xlink:href="FRAN_NP_011073"
                      xlink:type="simple">
            <relationEntry>Marchand, François-Gédéon II</relationEntry>
            <dateRange>
               <fromDate standardDate="1738-05-31">31 mai 1738</fromDate>
               <toDate standardDate="1760-09-11">11 septembre 1760</toDate>
            </dateRange>
         </cpfRelation>
         <cpfRelation xmlns:xlink="http://www.w3.org/1999/xlink"
                      cpfRelationType="associative"
                      xlink:href="FRAN_NP_012603"
                      xlink:type="simple">
            <relationEntry>Chardonnet, Jacques Pierre François Marie Ant.</relationEntry>
            <dateRange>
               <fromDate standardDate="1953-12-21">21 décembre 1953</fromDate>
               <toDate standardDate="1983-03-18">18 mars 1983</toDate>
            </dateRange>
         </cpfRelation>
         <cpfRelation xmlns:xlink="http://www.w3.org/1999/xlink"
                      cpfRelationType="associative"
                      xlink:href="FRAN_NP_013533"
                      xlink:type="simple">
            <relationEntry>De thuin, Aurore</relationEntry>
            <dateRange>
               <fromDate standardDate="2011-11-18">18 novembre 2011</fromDate>
            </dateRange>
         </cpfRelation>
         <cpfRelation xmlns:xlink="http://www.w3.org/1999/xlink"
                      cpfRelationType="associative"
                      xlink:href="FRAN_NP_011577"
                      xlink:type="simple">
            <relationEntry>Le semelier, Noël</relationEntry>
            <dateRange>
               <fromDate standardDate="1604-11-26">26 novembre 1604</fromDate>
               <toDate standardDate="1628-08-18">18 août 1628</toDate>
            </dateRange>
         </cpfRelation>
         <cpfRelation xmlns:xlink="http://www.w3.org/1999/xlink"
                      cpfRelationType="associative"
                      xlink:href="FRAN_NP_011697"
                      xlink:type="simple">
            <relationEntry>Jourdain, Louis Henri</relationEntry>
            <dateRange>
               <fromDate standardDate="1931-12-09">9 décembre 1931</fromDate>
               <toDate standardDate="1952-12-04">4 décembre 1952</toDate>
            </dateRange>
         </cpfRelation>
         <cpfRelation xmlns:xlink="http://www.w3.org/1999/xlink"
                      cpfRelationType="associative"
                      xlink:href="FRAN_NP_012291"
                      xlink:type="simple">
            <relationEntry>Dousset, Daniel</relationEntry>
            <dateRange>
               <fromDate standardDate="1984-10-03">3 octobre 1984</fromDate>
               <toDate standardDate="2004-02-17">17 février 2004</toDate>
            </dateRange>
         </cpfRelation>
         <cpfRelation xmlns:xlink="http://www.w3.org/1999/xlink"
                      cpfRelationType="associative"
                      xlink:href="FRAN_NP_012292"
                      xlink:type="simple">
            <relationEntry>Duplan, Jean-Marie</relationEntry>
            <dateRange>
               <fromDate standardDate="1862-03-18">18 mars 1862</fromDate>
               <toDate standardDate="1898-02-16">16 février 1898</toDate>
            </dateRange>
         </cpfRelation>
         <resourceRelation xmlns:xlink="http://www.w3.org/1999/xlink"
                           resourceRelationType="subjectOf"
                           xlink:href="FRAN_IR_042372"
                           xlink:type="simple">
            <relationEntry localType="archival">Minutes et répertoires du notaire François Henri FOURNEL, 20 septembre 1760 - 14 janvier 1775 (étude LIX)</relationEntry>
         </resourceRelation>
         <resourceRelation xmlns:xlink="http://www.w3.org/1999/xlink"
                           resourceRelationType="subjectOf"
                           xlink:href="FRAN_IR_042374"
                           xlink:type="simple">
            <relationEntry localType="archival">Minutes et répertoires du notaire Étienne Gabriel JOUSSET, 13 août 1794 - 9 mars 1800 (étude LIX)</relationEntry>
         </resourceRelation>
         <resourceRelation xmlns:xlink="http://www.w3.org/1999/xlink"
                           resourceRelationType="subjectOf"
                           xlink:href="FRAN_IR_042375"
                           xlink:type="simple">
            <relationEntry localType="archival">Minutes et répertoires du notaire Florence Nicolas LANGLACÉ, 9 mars 1800 - 20 novembre 1821 (étude LIX)</relationEntry>
         </resourceRelation>
         <resourceRelation xmlns:xlink="http://www.w3.org/1999/xlink"
                           resourceRelationType="subjectOf"
                           xlink:href="FRAN_IR_042376"
                           xlink:type="simple">
            <relationEntry localType="archival">Minutes et répertoires du notaire Benoît Jean CHAUCHAT, 20 novembre 1821 - 13 février 1836 (étude LIX)</relationEntry>
         </resourceRelation>
         <resourceRelation xmlns:xlink="http://www.w3.org/1999/xlink"
                           resourceRelationType="creatorOf"
                           xlink:href="FRAN_IR_042363"
                           xlink:type="simple">
            <relationEntry localType="archival">Archives de l'étude LIX</relationEntry>
         </resourceRelation>
         <resourceRelation xmlns:xlink="http://www.w3.org/1999/xlink"
                           resourceRelationType="creatorOf"
                           xlink:href="FRAN_IR_054357"
                           xlink:type="simple">
            <relationEntry localType="archival">Images des répertoires du notaire Louis Bossy pour l'étude LIX</relationEntry>
         </resourceRelation>
         <resourceRelation xmlns:xlink="http://www.w3.org/1999/xlink"
                           resourceRelationType="creatorOf"
                           xlink:href="FRAN_IR_042370"
                           xlink:type="simple">
            <relationEntry localType="archival">Minutes et répertoires du notaire François Gédéon II MARCHAND, 31 mai 1738 - 11 septembre 1760 (étude LIX)</relationEntry>
         </resourceRelation>
         <resourceRelation xmlns:xlink="http://www.w3.org/1999/xlink"
                           resourceRelationType="creatorOf"
                           xlink:href="FRAN_IR_050919"
                           xlink:type="simple">
            <relationEntry localType="archival">Minutes et répertoires du notaire Louis Henri JOURDAIN, 10 décembre 1931 - 31 décembre 1939 (étude LIX)</relationEntry>
         </resourceRelation>
         <resourceRelation xmlns:xlink="http://www.w3.org/1999/xlink"
                           resourceRelationType="creatorOf"
                           xlink:href="FRAN_IR_054361"
                           xlink:type="simple">
            <relationEntry localType="archival">Images des répertoires du notaire Louis Henri Jourdain pour l'étude LIX</relationEntry>
         </resourceRelation>
         <resourceRelation xmlns:xlink="http://www.w3.org/1999/xlink"
                           resourceRelationType="creatorOf"
                           xlink:href="FRAN_IR_042380"
                           xlink:type="simple">
            <relationEntry localType="archival">Minutes et répertoires du notaire André FOURCHY, 17 février 1898 - 15 janvier 1902 (étude LIX)</relationEntry>
         </resourceRelation>
         <resourceRelation xmlns:xlink="http://www.w3.org/1999/xlink"
                           resourceRelationType="creatorOf"
                           xlink:href="FRAN_IR_052237"
                           xlink:type="simple">
            <relationEntry localType="archival">Images des répertoires du notaire Jean Le Camus pour l'étude LIX</relationEntry>
         </resourceRelation>
         <resourceRelation xmlns:xlink="http://www.w3.org/1999/xlink"
                           resourceRelationType="creatorOf"
                           xlink:href="FRAN_IR_052239"
                           xlink:type="simple">
            <relationEntry localType="archival">Images du répertoire du notaire Noël Le Semelier pour l'étude LIX</relationEntry>
         </resourceRelation>
         <resourceRelation xmlns:xlink="http://www.w3.org/1999/xlink"
                           resourceRelationType="creatorOf"
                           xlink:href="FRAN_IR_052246"
                           xlink:type="simple">
            <relationEntry localType="archival">Images des répertoires du notaire Jean Le Semelier pour l'étude LIX</relationEntry>
         </resourceRelation>
         <resourceRelation xmlns:xlink="http://www.w3.org/1999/xlink"
                           resourceRelationType="creatorOf"
                           xlink:href="FRAN_IR_052232"
                           xlink:type="simple">
            <relationEntry localType="archival">Images du répertoire du notaire François Henri Fournel pour l'étude LIX</relationEntry>
         </resourceRelation>
         <resourceRelation xmlns:xlink="http://www.w3.org/1999/xlink"
                           resourceRelationType="creatorOf"
                           xlink:href="FRAN_IR_052226"
                           xlink:type="simple">
            <relationEntry localType="archival">Images des répertoires du notaire Simon Provost pour l'étude LIX</relationEntry>
         </resourceRelation>
         <resourceRelation xmlns:xlink="http://www.w3.org/1999/xlink"
                           resourceRelationType="creatorOf"
                           xlink:href="FRAN_IR_053011"
                           xlink:type="simple">
            <relationEntry localType="archival">Images du répertoire du notaire Edme Bouillat pour l'étude LIX</relationEntry>
         </resourceRelation>
         <resourceRelation xmlns:xlink="http://www.w3.org/1999/xlink"
                           resourceRelationType="creatorOf"
                           xlink:href="FRAN_IR_052238"
                           xlink:type="simple">
            <relationEntry localType="archival">Images du répertoire du notaire Etienne Gabriel Jousset pour l'étude LIX</relationEntry>
         </resourceRelation>
         <resourceRelation xmlns:xlink="http://www.w3.org/1999/xlink"
                           resourceRelationType="creatorOf"
                           xlink:href="FRAN_IR_052224"
                           xlink:type="simple">
            <relationEntry localType="archival">Images des répertoires du notaire Florence Nicolas Langlacé pour l'étude LIX</relationEntry>
         </resourceRelation>
         <resourceRelation xmlns:xlink="http://www.w3.org/1999/xlink"
                           resourceRelationType="creatorOf"
                           xlink:href="FRAN_IR_053010"
                           xlink:type="simple">
            <relationEntry localType="archival">Images des répertoires du notaire Benoît Jean Chauchat pour l'étude LIX</relationEntry>
         </resourceRelation>
         <resourceRelation xmlns:xlink="http://www.w3.org/1999/xlink"
                           resourceRelationType="creatorOf"
                           xlink:href="FRAN_IR_052233"
                           xlink:type="simple">
            <relationEntry localType="archival">Images des répertoires du notaire Jean-Baptiste Etienne Raveau pour l'étude LIX</relationEntry>
         </resourceRelation>
         <resourceRelation xmlns:xlink="http://www.w3.org/1999/xlink"
                           resourceRelationType="creatorOf"
                           xlink:href="FRAN_IR_052235"
                           xlink:type="simple">
            <relationEntry localType="archival">Images des répertoires du notaire Jean Marie Duplan pour l'étude LIX</relationEntry>
         </resourceRelation>
         <resourceRelation xmlns:xlink="http://www.w3.org/1999/xlink"
                           resourceRelationType="creatorOf"
                           xlink:href="FRAN_IR_042368"
                           xlink:type="simple">
            <relationEntry localType="archival">Minutes et répertoires du notaire Pierre II de BEAUFORT, 10 mars 1672 - 2 juin 1691 (étude LIX)</relationEntry>
         </resourceRelation>
         <resourceRelation xmlns:xlink="http://www.w3.org/1999/xlink"
                           resourceRelationType="creatorOf"
                           xlink:href="FRAN_IR_055894"
                           xlink:type="simple">
            <relationEntry localType="archival">Images des répertoires du notaire Eugène Preschez pour l'étude LIX</relationEntry>
         </resourceRelation>
      </relations>
   </cpfDescription>
</eac-cpf>
