<eac-cpf xmlns="urn:isbn:1-931666-33-4"
         xmlns:xsi="http://www.w3.org/2001/XMLSchema-instance"
         xsi:schemaLocation="urn:isbn:1-931666-33-4 cpf.xsd">
   <control>
      <recordId>FRAN_NP_010147</recordId>
      <otherRecordId localType="Ancien_identifiant">FRDAFANCH00MC_NAETUDE_020</otherRecordId>
      <maintenanceStatus>derived</maintenanceStatus>
      <maintenanceAgency>
         <agencyName>Archives nationales de France</agencyName>
      </maintenanceAgency>
      <languageDeclaration>
         <language languageCode="fre">Français</language>
         <script scriptCode="Latn"/>
      </languageDeclaration>
      <conventionDeclaration>
         <citation>Notice établie conformément à la norme ICA-ISAAR (CPF) 2004, aux normes ISO 8601 pour le système de normalisation des dates utilisé, ainsi que AFNOR NF Z 44-061, juin 1986. Catalogage : forme et structure des vedettes noms de personne, des vedettes titres, des rubriques de classement et des titres forgés.</citation>
      </conventionDeclaration>
      <localControl localType="niveau_de_detail">
         <term>Moyenne</term>
      </localControl>
      <maintenanceHistory>
         <maintenanceEvent>
            <eventType>derived</eventType>
            <eventDateTime>2013-04-23</eventDateTime>
            <agentType>machine</agentType>
            <agent>Migration ETANOT</agent>
         </maintenanceEvent>
      </maintenanceHistory>
   </control>
   <cpfDescription>
      <identity>
         <entityType>corporateBody</entityType>
         <nameEntry localType="autorisée" scriptCode="Latn" xml:lang="fre">
            <part>Etude XX</part>
         </nameEntry>
         <nameEntry>
            <part>75105</part>
         </nameEntry>
      </identity>
      <description>
         <existDates>
            <dateRange>
               <fromDate standardDate="1480-01-01">1480</fromDate>
            </dateRange>
         </existDates>
         <places>
            <place>
               <placeRole>Lieu de Paris</placeRole>
               <placeEntry localType="nomLieu">89, avenue Victor Hugo, 75116 PARIS</placeEntry>
            </place>
         </places>
         <functions>
            <function>
               <term vocabularySource="d3nyui3o8w--11y7jgy8q3wnt">notaire à paris</term>
               <dateRange>
                  <fromDate standardDate="1480-01-01">1480</fromDate>
                  <toDate/>
               </dateRange>
            </function>
         </functions>
         <biogHist>
            <p>L'étude est installée dans le quartier des Halles de 1589 jusqu'en 1897 : pointe Saint-Eustache, rue Montmartre, place des Victoires ; elle se transporte rue de la Michodière, la quitte en 1846 pour la rue Taitbout, s'installe rue Le Peletier en 1866 et rue du Faubourg Montmartre en 1887. Les 100 premières liasses de cette étude sont constituées de minutes fragmentaires émanant d'une vingtaine de fonds appartenant à divers quartiers : Saint-Jacques-de-la-Boucherie, la Grève, Saint-Eustache.</p>
            <p>L'office absorbe l'étude CXII en 1994 (voir JORF n°60 du 12 mars 1994 page 3947, arrêté du ministre de la Justice du 4 mars 1994)</p>
         </biogHist>
      </description>
      <relations>
         <cpfRelation xmlns:xlink="http://www.w3.org/1999/xlink"
                      cpfRelationType="associative"
                      xlink:href="FRAN_NP_010307"
                      xlink:type="simple">
            <relationEntry>Ymbert, François</relationEntry>
            <dateRange>
               <fromDate standardDate="1541-01-05">5 janvier 1541</fromDate>
               <toDate standardDate="1579-10-13">13 octobre 1579</toDate>
            </dateRange>
         </cpfRelation>
         <cpfRelation xmlns:xlink="http://www.w3.org/1999/xlink"
                      cpfRelationType="associative"
                      xlink:href="FRAN_NP_010802"
                      xlink:type="simple">
            <relationEntry>Nicolas, Noël</relationEntry>
            <dateRange>
               <fromDate standardDate="1565-04-25">25 avril 1565</fromDate>
               <toDate standardDate="1574-12-31">1574</toDate>
            </dateRange>
         </cpfRelation>
         <cpfRelation xmlns:xlink="http://www.w3.org/1999/xlink"
                      cpfRelationType="associative"
                      xlink:href="FRAN_NP_010920"
                      xlink:type="simple">
            <relationEntry>Pichon, Aignan</relationEntry>
            <dateRange>
               <fromDate standardDate="1500-03-04">4 mars 1500</fromDate>
               <toDate standardDate="1520-01-14">14 janvier 1520</toDate>
            </dateRange>
         </cpfRelation>
         <cpfRelation xmlns:xlink="http://www.w3.org/1999/xlink"
                      cpfRelationType="associative"
                      xlink:href="FRAN_NP_011253"
                      xlink:type="simple">
            <relationEntry>Mouchet, François</relationEntry>
            <dateRange>
               <fromDate standardDate="1839-12-24">24 décembre 1839</fromDate>
               <toDate standardDate="1873-08-01">1er août 1873</toDate>
            </dateRange>
         </cpfRelation>
         <cpfRelation xmlns:xlink="http://www.w3.org/1999/xlink"
                      cpfRelationType="associative"
                      xlink:href="FRAN_NP_011254"
                      xlink:type="simple">
            <relationEntry>Mouchet, Georges Henri</relationEntry>
            <dateRange>
               <fromDate standardDate="1873-08-01">1er août 1873</fromDate>
               <toDate standardDate="1903-05-06">6 mai 1903</toDate>
            </dateRange>
         </cpfRelation>
         <cpfRelation xmlns:xlink="http://www.w3.org/1999/xlink"
                      cpfRelationType="associative"
                      xlink:href="FRAN_NP_011267"
                      xlink:type="simple">
            <relationEntry>Mouret</relationEntry>
            <dateRange>
               <fromDate standardDate="1500-01-01">1er janvier 1500</fromDate>
               <toDate standardDate="1500-12-31">31 décembre 1500</toDate>
            </dateRange>
         </cpfRelation>
         <cpfRelation xmlns:xlink="http://www.w3.org/1999/xlink"
                      cpfRelationType="associative"
                      xlink:href="FRAN_NP_011271"
                      xlink:type="simple">
            <relationEntry>Muret, Jean</relationEntry>
            <dateRange>
               <fromDate standardDate="1609-01-01">1609</fromDate>
               <toDate standardDate="1612-12-31">1612</toDate>
            </dateRange>
         </cpfRelation>
         <cpfRelation xmlns:xlink="http://www.w3.org/1999/xlink"
                      cpfRelationType="associative"
                      xlink:href="FRAN_NP_011274"
                      xlink:type="simple">
            <relationEntry>Mussard, Jean</relationEntry>
            <dateRange>
               <fromDate standardDate="1537-01-01">1537</fromDate>
               <toDate standardDate="1553-12-31">1553</toDate>
            </dateRange>
         </cpfRelation>
         <cpfRelation xmlns:xlink="http://www.w3.org/1999/xlink"
                      cpfRelationType="associative"
                      xlink:href="FRAN_NP_011275"
                      xlink:type="simple">
            <relationEntry>Mussart, Jacques</relationEntry>
            <dateRange>
               <fromDate standardDate="1536-12-20">20 décembre 1536</fromDate>
               <toDate standardDate="1559-11-07">7 novembre 1559</toDate>
            </dateRange>
         </cpfRelation>
         <cpfRelation xmlns:xlink="http://www.w3.org/1999/xlink"
                      cpfRelationType="associative"
                      xlink:href="FRAN_NP_011276"
                      xlink:type="simple">
            <relationEntry>Mussart, Nicolas</relationEntry>
            <dateRange>
               <fromDate standardDate="1559-11-07">7 novembre 1559</fromDate>
               <toDate standardDate="1579-03-06">6 mars 1579</toDate>
            </dateRange>
         </cpfRelation>
         <cpfRelation xmlns:xlink="http://www.w3.org/1999/xlink"
                      cpfRelationType="associative"
                      xlink:href="FRAN_NP_011280"
                      xlink:type="simple">
            <relationEntry>La frongne, Didier de</relationEntry>
            <dateRange>
               <fromDate standardDate="1568-01-01">1568</fromDate>
               <toDate standardDate="1596-12-31">1596</toDate>
            </dateRange>
         </cpfRelation>
         <cpfRelation xmlns:xlink="http://www.w3.org/1999/xlink"
                      cpfRelationType="associative"
                      xlink:href="FRAN_NP_011367"
                      xlink:type="simple">
            <relationEntry>Laure</relationEntry>
            <dateRange>
               <fromDate standardDate="1547-01-01">1er janvier 1547</fromDate>
               <toDate standardDate="1547-12-31">31 décembre 1547</toDate>
            </dateRange>
         </cpfRelation>
         <cpfRelation xmlns:xlink="http://www.w3.org/1999/xlink"
                      cpfRelationType="associative"
                      xlink:href="FRAN_NP_011449"
                      xlink:type="simple">
            <relationEntry>Le clerc, Pierre</relationEntry>
            <dateRange>
               <fromDate standardDate="1563-01-01">1563</fromDate>
               <toDate standardDate="1564-12-31">1564</toDate>
            </dateRange>
         </cpfRelation>
         <cpfRelation xmlns:xlink="http://www.w3.org/1999/xlink"
                      cpfRelationType="associative"
                      xlink:href="FRAN_NP_011462"
                      xlink:type="simple">
            <relationEntry>Ledoux, Jacques</relationEntry>
            <dateRange>
               <fromDate standardDate="1994-03-30">30 mars 1994</fromDate>
            </dateRange>
         </cpfRelation>
         <cpfRelation xmlns:xlink="http://www.w3.org/1999/xlink"
                      cpfRelationType="associative"
                      xlink:href="FRAN_NP_011550"
                      xlink:type="simple">
            <relationEntry>Le roux, Guillaume</relationEntry>
            <dateRange>
               <fromDate standardDate="1630-03-09">9 mars 1630</fromDate>
               <toDate standardDate="1663-12-31">1663</toDate>
            </dateRange>
         </cpfRelation>
         <cpfRelation xmlns:xlink="http://www.w3.org/1999/xlink"
                      cpfRelationType="associative"
                      xlink:href="FRAN_NP_010522"
                      xlink:type="simple">
            <relationEntry>Sainfray, Charles</relationEntry>
            <dateRange>
               <fromDate standardDate="1663-04-16">16 avril 1663</fromDate>
               <toDate standardDate="1699-12-31">1699</toDate>
            </dateRange>
         </cpfRelation>
         <cpfRelation xmlns:xlink="http://www.w3.org/1999/xlink"
                      cpfRelationType="associative"
                      xlink:href="FRAN_NP_011116"
                      xlink:type="simple">
            <relationEntry>Maulevault, Guillaume</relationEntry>
            <dateRange>
               <fromDate standardDate="1481-01-01">1481</fromDate>
               <toDate standardDate="1502-12-31">1502</toDate>
            </dateRange>
         </cpfRelation>
         <cpfRelation xmlns:xlink="http://www.w3.org/1999/xlink"
                      cpfRelationType="associative"
                      xlink:href="FRAN_NP_011144"
                      xlink:type="simple">
            <relationEntry>Mérault, Pierre</relationEntry>
            <dateRange>
               <fromDate standardDate="1519-01-01">1519</fromDate>
               <toDate standardDate="1536-12-31">1536</toDate>
            </dateRange>
         </cpfRelation>
         <cpfRelation xmlns:xlink="http://www.w3.org/1999/xlink"
                      cpfRelationType="associative"
                      xlink:href="FRAN_NP_011065"
                      xlink:type="simple">
            <relationEntry>Manchon</relationEntry>
            <dateRange>
               <fromDate standardDate="1602-01-01">1er janvier 1602</fromDate>
               <toDate standardDate="1602-12-31">31 décembre 1602</toDate>
            </dateRange>
         </cpfRelation>
         <cpfRelation xmlns:xlink="http://www.w3.org/1999/xlink"
                      cpfRelationType="associative"
                      xlink:href="FRAN_NP_011041"
                      xlink:type="simple">
            <relationEntry>Mahault, Antoine de</relationEntry>
            <dateRange>
               <fromDate standardDate="1700-01-19">19 janvier 1700</fromDate>
               <toDate standardDate="1728-12-29">29 décembre 1728</toDate>
            </dateRange>
         </cpfRelation>
         <cpfRelation xmlns:xlink="http://www.w3.org/1999/xlink"
                      cpfRelationType="associative"
                      xlink:href="FRAN_NP_011008"
                      xlink:type="simple">
            <relationEntry>Prévost, François</relationEntry>
            <dateRange>
               <fromDate standardDate="1728-12-30">30 décembre 1728</fromDate>
               <toDate standardDate="1761-07-31">31 juillet 1761</toDate>
            </dateRange>
         </cpfRelation>
         <cpfRelation xmlns:xlink="http://www.w3.org/1999/xlink"
                      cpfRelationType="associative"
                      xlink:href="FRAN_NP_012706"
                      xlink:type="simple">
            <relationEntry>Collet, Albert</relationEntry>
            <dateRange>
               <fromDate standardDate="1994-03-12">12 mars 1994</fromDate>
            </dateRange>
         </cpfRelation>
         <cpfRelation xmlns:xlink="http://www.w3.org/1999/xlink"
                      cpfRelationType="associative"
                      xlink:href="FRAN_NP_010775"
                      xlink:type="simple">
            <relationEntry>Orage, Pierre</relationEntry>
            <dateRange>
               <fromDate standardDate="1480-01-01">1480</fromDate>
               <toDate standardDate="1521-12-31">1521</toDate>
            </dateRange>
         </cpfRelation>
         <cpfRelation xmlns:xlink="http://www.w3.org/1999/xlink"
                      cpfRelationType="associative"
                      xlink:href="FRAN_NP_010704"
                      xlink:type="simple">
            <relationEntry>Robineau, Denis</relationEntry>
            <dateRange>
               <fromDate standardDate="1976-05-05">5 mai 1976</fromDate>
            </dateRange>
         </cpfRelation>
         <cpfRelation xmlns:xlink="http://www.w3.org/1999/xlink"
                      cpfRelationType="associative"
                      xlink:href="FRAN_NP_012873"
                      xlink:type="simple">
            <relationEntry>Berthe, Gilles</relationEntry>
            <dateRange>
               <fromDate standardDate="1529-01-01">1529</fromDate>
               <toDate standardDate="1572-12-31">1572</toDate>
            </dateRange>
         </cpfRelation>
         <cpfRelation xmlns:xlink="http://www.w3.org/1999/xlink"
                      cpfRelationType="associative"
                      xlink:href="FRAN_NP_011747"
                      xlink:type="simple">
            <relationEntry>Haudry, Guillaume</relationEntry>
            <dateRange>
               <fromDate standardDate="1579-10-13">13 octobre 1579</fromDate>
               <toDate standardDate="1588-11-20">20 novembre 1588</toDate>
            </dateRange>
         </cpfRelation>
         <cpfRelation xmlns:xlink="http://www.w3.org/1999/xlink"
                      cpfRelationType="associative"
                      xlink:href="FRAN_NP_010687"
                      xlink:type="simple">
            <relationEntry>Roard, Augustin</relationEntry>
            <dateRange>
               <fromDate standardDate="1805-10-10">10 octobre 1805</fromDate>
               <toDate standardDate="1818-12-26">26 décembre 1818</toDate>
            </dateRange>
         </cpfRelation>
         <cpfRelation xmlns:xlink="http://www.w3.org/1999/xlink"
                      cpfRelationType="associative"
                      xlink:href="FRAN_NP_012035"
                      xlink:type="simple">
            <relationEntry>Favre, Antoine</relationEntry>
            <dateRange>
               <fromDate standardDate="1500-01-01">1er janvier 1500</fromDate>
               <toDate standardDate="1500-12-31">31 décembre 1500</toDate>
            </dateRange>
         </cpfRelation>
         <cpfRelation xmlns:xlink="http://www.w3.org/1999/xlink"
                      cpfRelationType="associative"
                      xlink:href="FRAN_NP_010615"
                      xlink:type="simple">
            <relationEntry>Rameau, Augustin</relationEntry>
            <dateRange>
               <fromDate standardDate="1782-02-05">5 février 1782</fromDate>
               <toDate standardDate="1805-10-09">9 octobre 1805</toDate>
            </dateRange>
         </cpfRelation>
         <cpfRelation xmlns:xlink="http://www.w3.org/1999/xlink"
                      cpfRelationType="associative"
                      xlink:href="FRAN_NP_012810"
                      xlink:type="simple">
            <relationEntry>Beaudesson, Jean-Louis</relationEntry>
            <dateRange>
               <fromDate standardDate="1818-12-29">29 décembre 1818</fromDate>
               <toDate standardDate="1829-06-02">2 juin 1829</toDate>
            </dateRange>
         </cpfRelation>
         <cpfRelation xmlns:xlink="http://www.w3.org/1999/xlink"
                      cpfRelationType="associative"
                      xlink:href="FRAN_NP_010700"
                      xlink:type="simple">
            <relationEntry>Robineau, Bernard Marie Pierre</relationEntry>
            <dateRange>
               <fromDate standardDate="1935-05-08">8 mai 1935</fromDate>
               <toDate standardDate="1980-02-06">6 février 1980</toDate>
            </dateRange>
         </cpfRelation>
         <cpfRelation xmlns:xlink="http://www.w3.org/1999/xlink"
                      cpfRelationType="associative"
                      xlink:href="FRAN_NP_010703"
                      xlink:type="simple">
            <relationEntry>Robineau, Cyrille Pierre</relationEntry>
            <dateRange>
               <fromDate standardDate="1903-05-06">6 mai 1903</fromDate>
               <toDate standardDate="1935-05-08">8 mai 1935</toDate>
            </dateRange>
         </cpfRelation>
         <cpfRelation xmlns:xlink="http://www.w3.org/1999/xlink"
                      cpfRelationType="associative"
                      xlink:href="FRAN_NP_013386"
                      xlink:type="simple">
            <relationEntry>Pichon, Charles</relationEntry>
            <dateRange>
               <fromDate standardDate="1535-07-12">12 juillet 1535</fromDate>
               <toDate standardDate="1554-11-14">14 novembre 1554</toDate>
            </dateRange>
         </cpfRelation>
         <cpfRelation xmlns:xlink="http://www.w3.org/1999/xlink"
                      cpfRelationType="associative"
                      xlink:href="FRAN_NP_012769"
                      xlink:type="simple">
            <relationEntry>Barbier-Sainte-marie, Marie-Antoine</relationEntry>
            <dateRange>
               <fromDate standardDate="1829-06-03">3 juin 1829</fromDate>
               <toDate standardDate="1839-12-24">24 décembre 1839</toDate>
            </dateRange>
         </cpfRelation>
         <cpfRelation xmlns:xlink="http://www.w3.org/1999/xlink"
                      cpfRelationType="associative"
                      xlink:href="FRAN_NP_011009"
                      xlink:type="simple">
            <relationEntry>Prévost, François-Claude</relationEntry>
            <dateRange>
               <fromDate standardDate="1761-08-01">1er août 1761</fromDate>
               <toDate standardDate="1781-12-31">1781</toDate>
            </dateRange>
         </cpfRelation>
         <cpfRelation xmlns:xlink="http://www.w3.org/1999/xlink"
                      cpfRelationType="associative"
                      xlink:href="FRAN_NP_010418"
                      xlink:type="simple">
            <relationEntry>Thamenay, Nicolas de</relationEntry>
            <dateRange>
               <fromDate standardDate="1518-01-01">1518</fromDate>
               <toDate standardDate="1536-12-31">1536</toDate>
            </dateRange>
         </cpfRelation>
         <cpfRelation xmlns:xlink="http://www.w3.org/1999/xlink"
                      cpfRelationType="associative"
                      xlink:href="FRAN_NP_011095"
                      xlink:type="simple">
            <relationEntry>Martin, Claude</relationEntry>
            <dateRange>
               <fromDate standardDate="1517-01-01">1er janvier 1517</fromDate>
               <toDate standardDate="1540-12-21">21 décembre 1540</toDate>
            </dateRange>
         </cpfRelation>
         <cpfRelation xmlns:xlink="http://www.w3.org/1999/xlink"
                      cpfRelationType="associative"
                      xlink:href="FRAN_NP_011109"
                      xlink:type="simple">
            <relationEntry>Massuet du quesnoy, Louis-Dominique</relationEntry>
            <dateRange>
               <fromDate standardDate="1781-07-10">10 juillet 1781</fromDate>
               <toDate standardDate="1782-01-31">janvier 1782</toDate>
            </dateRange>
         </cpfRelation>
         <cpfRelation xmlns:xlink="http://www.w3.org/1999/xlink"
                      cpfRelationType="associative"
                      xlink:href="FRAN_NP_010550"
                      xlink:type="simple">
            <relationEntry>Sauvegrain, Thomas</relationEntry>
            <dateRange>
               <fromDate standardDate="1537-12-10">10 décembre 1537</fromDate>
               <toDate standardDate="1539-12-31">1539</toDate>
            </dateRange>
         </cpfRelation>
         <cpfRelation xmlns:xlink="http://www.w3.org/1999/xlink"
                      cpfRelationType="associative"
                      xlink:href="FRAN_NP_011198"
                      xlink:type="simple">
            <relationEntry>Mongermon</relationEntry>
            <dateRange>
               <fromDate standardDate="1489-01-01">1489</fromDate>
               <toDate standardDate="1508-12-31">1508</toDate>
            </dateRange>
         </cpfRelation>
         <cpfRelation xmlns:xlink="http://www.w3.org/1999/xlink"
                      cpfRelationType="associative"
                      xlink:href="FRAN_NP_011551"
                      xlink:type="simple">
            <relationEntry>Leroux, Jacques</relationEntry>
            <dateRange>
               <fromDate standardDate="1567-01-01">1567</fromDate>
               <toDate standardDate="1603-12-31">1603</toDate>
            </dateRange>
         </cpfRelation>
         <cpfRelation xmlns:xlink="http://www.w3.org/1999/xlink"
                      cpfRelationType="associative"
                      xlink:href="FRAN_NP_011553"
                      xlink:type="simple">
            <relationEntry>Le roux, Médéric</relationEntry>
            <dateRange>
               <fromDate standardDate="1574-10-25">25 octobre 1574</fromDate>
               <toDate standardDate="1581-12-31">1581</toDate>
            </dateRange>
         </cpfRelation>
         <cpfRelation xmlns:xlink="http://www.w3.org/1999/xlink"
                      cpfRelationType="associative"
                      xlink:href="FRAN_NP_011555"
                      xlink:type="simple">
            <relationEntry>Le roux, Pierre</relationEntry>
            <dateRange>
               <fromDate standardDate="1590-01-01">1590</fromDate>
               <toDate standardDate="1630-02-20">20 février 1630</toDate>
            </dateRange>
         </cpfRelation>
         <cpfRelation xmlns:xlink="http://www.w3.org/1999/xlink"
                      cpfRelationType="associative"
                      xlink:href="FRAN_NP_011591"
                      xlink:type="simple">
            <relationEntry>Le vasseur, Claude I</relationEntry>
            <dateRange>
               <fromDate standardDate="1609-01-01">1609</fromDate>
               <toDate standardDate="1641-12-31">1641</toDate>
            </dateRange>
         </cpfRelation>
         <cpfRelation xmlns:xlink="http://www.w3.org/1999/xlink"
                      cpfRelationType="associative"
                      xlink:href="FRAN_NP_011615"
                      xlink:type="simple">
            <relationEntry>Limosin, Jean</relationEntry>
            <dateRange>
               <fromDate standardDate="1528-01-01">1er janvier 1528</fromDate>
               <toDate standardDate="1528-12-31">31 décembre 1528</toDate>
            </dateRange>
         </cpfRelation>
         <cpfRelation xmlns:xlink="http://www.w3.org/1999/xlink"
                      cpfRelationType="associative"
                      xlink:href="FRAN_NP_011659"
                      xlink:type="simple">
            <relationEntry>Jablier, Thomas</relationEntry>
            <dateRange>
               <fromDate standardDate="1562-01-01">1562</fromDate>
               <toDate standardDate="1564-12-31">1564</toDate>
            </dateRange>
         </cpfRelation>
         <cpfRelation xmlns:xlink="http://www.w3.org/1999/xlink"
                      cpfRelationType="associative"
                      xlink:href="FRAN_NP_011669"
                      xlink:type="simple">
            <relationEntry>Jamart, Martin</relationEntry>
            <dateRange>
               <fromDate standardDate="1560-01-01">1er janvier 1560</fromDate>
               <toDate standardDate="1560-12-31">31 décembre 1560</toDate>
            </dateRange>
         </cpfRelation>
         <cpfRelation xmlns:xlink="http://www.w3.org/1999/xlink"
                      cpfRelationType="associative"
                      xlink:href="FRAN_NP_012183"
                      xlink:type="simple">
            <relationEntry>Delarche, François II</relationEntry>
            <dateRange>
               <fromDate standardDate="1538-01-01">1538</fromDate>
               <toDate standardDate="1555-12-31">1555</toDate>
            </dateRange>
         </cpfRelation>
         <cpfRelation xmlns:xlink="http://www.w3.org/1999/xlink"
                      cpfRelationType="associative"
                      xlink:href="FRAN_NP_012184"
                      xlink:type="simple">
            <relationEntry>Dugat</relationEntry>
            <dateRange>
               <fromDate standardDate="1500-01-01">1er janvier 1500</fromDate>
               <toDate standardDate="1500-12-31">31 décembre 1500</toDate>
            </dateRange>
         </cpfRelation>
         <cpfRelation xmlns:xlink="http://www.w3.org/1999/xlink"
                      cpfRelationType="associative"
                      xlink:href="FRAN_NP_012299"
                      xlink:type="simple">
            <relationEntry>Doujat, Jean</relationEntry>
            <dateRange>
               <fromDate standardDate="1563-01-01">1563</fromDate>
               <toDate standardDate="1568-12-31">1568</toDate>
            </dateRange>
         </cpfRelation>
         <cpfRelation xmlns:xlink="http://www.w3.org/1999/xlink"
                      cpfRelationType="associative"
                      xlink:href="FRAN_NP_012300"
                      xlink:type="simple">
            <relationEntry>Doujat, Pierre</relationEntry>
            <dateRange>
               <fromDate standardDate="1611-01-01">1611</fromDate>
               <toDate standardDate="1616-12-31">1616</toDate>
            </dateRange>
         </cpfRelation>
         <cpfRelation xmlns:xlink="http://www.w3.org/1999/xlink"
                      cpfRelationType="associative"
                      xlink:href="FRAN_NP_012492"
                      xlink:type="simple">
            <relationEntry>Cuvillier, Richard</relationEntry>
            <dateRange>
               <fromDate standardDate="1603-01-01">1603</fromDate>
               <toDate standardDate="1623-12-31">1623</toDate>
            </dateRange>
         </cpfRelation>
         <cpfRelation xmlns:xlink="http://www.w3.org/1999/xlink"
                      cpfRelationType="associative"
                      xlink:href="FRAN_NP_012504"
                      xlink:type="simple">
            <relationEntry>Calais, Jean de</relationEntry>
            <dateRange>
               <fromDate standardDate="1500-01-01">1500</fromDate>
               <toDate standardDate="1501-12-31">1501</toDate>
            </dateRange>
         </cpfRelation>
         <cpfRelation xmlns:xlink="http://www.w3.org/1999/xlink"
                      cpfRelationType="associative"
                      xlink:href="FRAN_NP_012505"
                      xlink:type="simple">
            <relationEntry>Chapellain, Jean I</relationEntry>
            <dateRange>
               <fromDate standardDate="1582-01-03">3 janvier 1582</fromDate>
               <toDate standardDate="1616-12-31">1616</toDate>
            </dateRange>
         </cpfRelation>
         <cpfRelation xmlns:xlink="http://www.w3.org/1999/xlink"
                      cpfRelationType="associative"
                      xlink:href="FRAN_NP_013408"
                      xlink:type="simple">
            <relationEntry>Ledoux, Virginie</relationEntry>
            <dateRange>
               <fromDate standardDate="2008-12-01">1er décembre 2008</fromDate>
            </dateRange>
         </cpfRelation>
         <resourceRelation xmlns:xlink="http://www.w3.org/1999/xlink"
                           resourceRelationType="creatorOf"
                           xlink:href="FRAN_IR_041602"
                           xlink:type="simple">
            <relationEntry localType="archival">Archives de l'étude XX</relationEntry>
         </resourceRelation>
         <resourceRelation xmlns:xlink="http://www.w3.org/1999/xlink"
                           resourceRelationType="creatorOf"
                           xlink:href="FRAN_IR_041640"
                           xlink:type="simple">
            <relationEntry localType="archival">Minutes et répertoires du notaire Marie Antoine BARBIER-SAINTE-MARIE, 3 juin 1829 - 23 décembre 1839 (étude XX)</relationEntry>
         </resourceRelation>
         <resourceRelation xmlns:xlink="http://www.w3.org/1999/xlink"
                           resourceRelationType="creatorOf"
                           xlink:href="FRAN_IR_041639"
                           xlink:type="simple">
            <relationEntry localType="archival">Minutes et répertoires du notaire Jean Louis BEAUDESSON, 28 décembre 1818 - 2 juin 1929 (étude XX)</relationEntry>
         </resourceRelation>
         <resourceRelation xmlns:xlink="http://www.w3.org/1999/xlink"
                           resourceRelationType="creatorOf"
                           xlink:href="FRAN_IR_041611"
                           xlink:type="simple">
            <relationEntry localType="archival">Minutes et répertoires du notaire Gilles BERTHE, 1529 - 1572 (étude XX)</relationEntry>
         </resourceRelation>
         <resourceRelation xmlns:xlink="http://www.w3.org/1999/xlink"
                           resourceRelationType="creatorOf"
                           xlink:href="FRAN_IR_041605"
                           xlink:type="simple">
            <relationEntry localType="archival">Minutes et répertoires du notaire Jean de CALAIS, 1500 - 1513 (étude XX)</relationEntry>
         </resourceRelation>
         <resourceRelation xmlns:xlink="http://www.w3.org/1999/xlink"
                           resourceRelationType="creatorOf"
                           xlink:href="FRAN_IR_041625"
                           xlink:type="simple">
            <relationEntry localType="archival">Minutes et répertoires du notaire Jean I CHAPELLAIN, 3 janvier 1582 - 1616 (étude XX)</relationEntry>
         </resourceRelation>
         <resourceRelation xmlns:xlink="http://www.w3.org/1999/xlink"
                           resourceRelationType="creatorOf"
                           xlink:href="FRAN_IR_041627"
                           xlink:type="simple">
            <relationEntry localType="archival">Minutes et répertoires du notaire Richard CUVILLIER, 1603 - 1626 (étude XX)</relationEntry>
         </resourceRelation>
         <resourceRelation xmlns:xlink="http://www.w3.org/1999/xlink"
                           resourceRelationType="creatorOf"
                           xlink:href="FRAN_IR_041612"
                           xlink:type="simple">
            <relationEntry localType="archival">Minutes et répertoires du notaire François II DELARCHE, 26 avril 1538 - 11 février 1555 (étude XX)</relationEntry>
         </resourceRelation>
         <resourceRelation xmlns:xlink="http://www.w3.org/1999/xlink"
                           resourceRelationType="creatorOf"
                           xlink:href="FRAN_IR_041615"
                           xlink:type="simple">
            <relationEntry localType="archival">Minutes et répertoires du notaire Jean DOUJAT, 19 février 1563 - 10 novembre 1568 (étude XX)</relationEntry>
         </resourceRelation>
         <resourceRelation xmlns:xlink="http://www.w3.org/1999/xlink"
                           resourceRelationType="creatorOf"
                           xlink:href="FRAN_IR_041630"
                           xlink:type="simple">
            <relationEntry localType="archival">Minutes et répertoires du notaire Pierre DOUJAT, 30 juillet 1611 - 1616 (étude XX)</relationEntry>
         </resourceRelation>
         <resourceRelation xmlns:xlink="http://www.w3.org/1999/xlink"
                           resourceRelationType="creatorOf"
                           xlink:href="FRAN_IR_041624"
                           xlink:type="simple">
            <relationEntry localType="archival">Minutes et répertoires du notaire Guillaume HAUDRY, 6 février 1580 - 2 octobre 1588 (étude XX)</relationEntry>
         </resourceRelation>
         <resourceRelation xmlns:xlink="http://www.w3.org/1999/xlink"
                           resourceRelationType="creatorOf"
                           xlink:href="FRAN_IR_041620"
                           xlink:type="simple">
            <relationEntry localType="archival">Minutes et répertoires du notaire Thomas JABLIER, 1562 - 1564 (étude XX)</relationEntry>
         </resourceRelation>
         <resourceRelation xmlns:xlink="http://www.w3.org/1999/xlink"
                           resourceRelationType="creatorOf"
                           xlink:href="FRAN_IR_041616"
                           xlink:type="simple">
            <relationEntry localType="archival">Minutes et répertoires du notaire Martin JAMART, 8 avril 1566 - 8 avril 1566 (étude XX)</relationEntry>
         </resourceRelation>
         <resourceRelation xmlns:xlink="http://www.w3.org/1999/xlink"
                           resourceRelationType="creatorOf"
                           xlink:href="FRAN_IR_041622"
                           xlink:type="simple">
            <relationEntry localType="archival">Minutes et répertoires du notaire Didier de LA FRONGNE, 1568 - 1596 (étude XX)</relationEntry>
         </resourceRelation>
         <resourceRelation xmlns:xlink="http://www.w3.org/1999/xlink"
                           resourceRelationType="creatorOf"
                           xlink:href="FRAN_IR_041617"
                           xlink:type="simple">
            <relationEntry localType="archival">Minutes et répertoires du notaire Pierre LE CLERC, 1563 - 1564 (étude XX)</relationEntry>
         </resourceRelation>
         <resourceRelation xmlns:xlink="http://www.w3.org/1999/xlink"
                           resourceRelationType="creatorOf"
                           xlink:href="FRAN_IR_041618"
                           xlink:type="simple">
            <relationEntry localType="archival">Minutes et répertoires du notaire Louis LEGENDRE, 23 mars 1555 - 23 mars 1555 (étude XX)</relationEntry>
         </resourceRelation>
         <resourceRelation xmlns:xlink="http://www.w3.org/1999/xlink"
                           resourceRelationType="creatorOf"
                           xlink:href="FRAN_IR_041631"
                           xlink:type="simple">
            <relationEntry localType="archival">Minutes et répertoires du notaire Guillaume LE ROUX, 9 mars 1630 - 1663 (étude XX)</relationEntry>
         </resourceRelation>
         <resourceRelation xmlns:xlink="http://www.w3.org/1999/xlink"
                           resourceRelationType="creatorOf"
                           xlink:href="FRAN_IR_041623"
                           xlink:type="simple">
            <relationEntry localType="archival">Minutes et répertoires du notaire Médéric LE ROUX, 25 octobre 1574 - 1581 (étude XX)</relationEntry>
         </resourceRelation>
         <resourceRelation xmlns:xlink="http://www.w3.org/1999/xlink"
                           resourceRelationType="creatorOf"
                           xlink:href="FRAN_IR_041626"
                           xlink:type="simple">
            <relationEntry localType="archival">Minutes et répertoires du notaire Pierre LE ROUX, 22 novembre 1590 - 20 février 1630 (étude XX)</relationEntry>
         </resourceRelation>
         <resourceRelation xmlns:xlink="http://www.w3.org/1999/xlink"
                           resourceRelationType="creatorOf"
                           xlink:href="FRAN_IR_041629"
                           xlink:type="simple">
            <relationEntry localType="archival">Minutes et répertoires du notaire Claude I LE VASSEUR, 1609 - 1641 (étude XX)</relationEntry>
         </resourceRelation>
         <resourceRelation xmlns:xlink="http://www.w3.org/1999/xlink"
                           resourceRelationType="creatorOf"
                           xlink:href="FRAN_IR_041610"
                           xlink:type="simple">
            <relationEntry localType="archival">Minutes et répertoires du notaire Jean LIMOSIN, 10 mai 1528 - 10 mai 1528 (étude XX)</relationEntry>
         </resourceRelation>
         <resourceRelation xmlns:xlink="http://www.w3.org/1999/xlink"
                           resourceRelationType="creatorOf"
                           xlink:href="FRAN_IR_041636"
                           xlink:type="simple">
            <relationEntry localType="archival">Minutes et répertoires du notaire Louis Dominique MASSUET DU QUESNOY, 10 juillet 1781 - 4 février 1782 (étude XX)</relationEntry>
         </resourceRelation>
         <resourceRelation xmlns:xlink="http://www.w3.org/1999/xlink"
                           resourceRelationType="creatorOf"
                           xlink:href="FRAN_IR_041604"
                           xlink:type="simple">
            <relationEntry localType="archival">Minutes et répertoires du notaire Guillaume MAULEVAULT, 1481 - 1502 (étude XX)</relationEntry>
         </resourceRelation>
         <resourceRelation xmlns:xlink="http://www.w3.org/1999/xlink"
                           resourceRelationType="creatorOf"
                           xlink:href="FRAN_IR_041607"
                           xlink:type="simple">
            <relationEntry localType="archival">Minutes et répertoires du notaire Pierre MÉRAULT, 1519 - 1536 (étude XX)</relationEntry>
         </resourceRelation>
         <resourceRelation xmlns:xlink="http://www.w3.org/1999/xlink"
                           resourceRelationType="creatorOf"
                           xlink:href="FRAN_IR_041641"
                           xlink:type="simple">
            <relationEntry localType="archival">Minutes et répertoires du notaire François MOUCHET, 24 décembre 1839 - 31 juillet 1873 (étude XX)</relationEntry>
         </resourceRelation>
         <resourceRelation xmlns:xlink="http://www.w3.org/1999/xlink"
                           resourceRelationType="creatorOf"
                           xlink:href="FRAN_IR_041642"
                           xlink:type="simple">
            <relationEntry localType="archival">Minutes et répertoires du notaire Georges Henri MOUCHET, 1er août 1873 - janvier 1890 (étude XX)</relationEntry>
         </resourceRelation>
         <resourceRelation xmlns:xlink="http://www.w3.org/1999/xlink"
                           resourceRelationType="creatorOf"
                           xlink:href="FRAN_IR_041628"
                           xlink:type="simple">
            <relationEntry localType="archival">Minutes et répertoires du notaire Jean MURET, 1607 - 1613 (étude XX)</relationEntry>
         </resourceRelation>
         <resourceRelation xmlns:xlink="http://www.w3.org/1999/xlink"
                           resourceRelationType="creatorOf"
                           xlink:href="FRAN_IR_041613"
                           xlink:type="simple">
            <relationEntry localType="archival">Minutes et répertoires du notaire Jacques MUSSART, 1537 - mars 1561 (étude XX)</relationEntry>
         </resourceRelation>
         <resourceRelation xmlns:xlink="http://www.w3.org/1999/xlink"
                           resourceRelationType="creatorOf"
                           xlink:href="FRAN_IR_041619"
                           xlink:type="simple">
            <relationEntry localType="archival">Minutes et répertoires du notaire Nicolas MUSSART, 7 novembre 1559 - 6 mars 1579 (étude XX)</relationEntry>
         </resourceRelation>
         <resourceRelation xmlns:xlink="http://www.w3.org/1999/xlink"
                           resourceRelationType="creatorOf"
                           xlink:href="FRAN_IR_041621"
                           xlink:type="simple">
            <relationEntry localType="archival">Minutes et répertoires du notaire Noël NICOLAS, 1564 - 1574 (étude XX)</relationEntry>
         </resourceRelation>
         <resourceRelation xmlns:xlink="http://www.w3.org/1999/xlink"
                           resourceRelationType="creatorOf"
                           xlink:href="FRAN_IR_041603"
                           xlink:type="simple">
            <relationEntry localType="archival">Minutes et répertoires du notaire Pierre ORAGE, 1480 - 1521 (étude XX)</relationEntry>
         </resourceRelation>
         <resourceRelation xmlns:xlink="http://www.w3.org/1999/xlink"
                           resourceRelationType="creatorOf"
                           xlink:href="FRAN_IR_041609"
                           xlink:type="simple">
            <relationEntry localType="archival">Minutes et répertoires du notaire Edmé PARQUE, 4 mars 1599 - 4 mars 1599 (étude XX)</relationEntry>
         </resourceRelation>
         <resourceRelation xmlns:xlink="http://www.w3.org/1999/xlink"
                           resourceRelationType="creatorOf"
                           xlink:href="FRAN_IR_041608"
                           xlink:type="simple">
            <relationEntry localType="archival">Minutes et répertoires du notaire Aignan PICHON, 14 janvier 1520 - 14 janvier 1520 (étude XX)</relationEntry>
         </resourceRelation>
         <resourceRelation xmlns:xlink="http://www.w3.org/1999/xlink"
                           resourceRelationType="creatorOf"
                           xlink:href="FRAN_IR_041638"
                           xlink:type="simple">
            <relationEntry localType="archival">Minutes et répertoires du notaire Augustin ROARD, 10 octobre 1805 - 25 décembre 1818 (étude XX)</relationEntry>
         </resourceRelation>
         <resourceRelation xmlns:xlink="http://www.w3.org/1999/xlink"
                           resourceRelationType="creatorOf"
                           xlink:href="FRAN_IR_041632"
                           xlink:type="simple">
            <relationEntry localType="archival">Minutes et répertoires du notaire Charles SAINFRAY, 16 avril 1663 - 13 janvier 1700 (étude XX)</relationEntry>
         </resourceRelation>
         <resourceRelation xmlns:xlink="http://www.w3.org/1999/xlink"
                           resourceRelationType="creatorOf"
                           xlink:href="FRAN_IR_041606"
                           xlink:type="simple">
            <relationEntry localType="archival">Minutes et répertoires du notaire Nicolas de THAMENAY, 1518 - 1536 (étude XX)</relationEntry>
         </resourceRelation>
         <resourceRelation xmlns:xlink="http://www.w3.org/1999/xlink"
                           resourceRelationType="creatorOf"
                           xlink:href="FRAN_IR_041614"
                           xlink:type="simple">
            <relationEntry localType="archival">Minutes et répertoires du notaire François YMBERT, 5 janvier 1541 - 1575 (étude XX)</relationEntry>
         </resourceRelation>
         <resourceRelation xmlns:xlink="http://www.w3.org/1999/xlink"
                           resourceRelationType="creatorOf"
                           xlink:href="FRAN_IR_041633"
                           xlink:type="simple">
            <relationEntry localType="archival">Minutes et répertoires du notaire Antoine de MAHAULT, 19 janvier 1700 - 29 décembre 1728 (étude XX)</relationEntry>
         </resourceRelation>
         <resourceRelation xmlns:xlink="http://www.w3.org/1999/xlink"
                           resourceRelationType="creatorOf"
                           xlink:href="FRAN_IR_041634"
                           xlink:type="simple">
            <relationEntry localType="archival">Minutes et répertoires du notaire François PRÉVOST, 2 janvier 1729 - 31 juillet 1761 (étude XX)</relationEntry>
         </resourceRelation>
         <resourceRelation xmlns:xlink="http://www.w3.org/1999/xlink"
                           resourceRelationType="creatorOf"
                           xlink:href="FRAN_IR_041635"
                           xlink:type="simple">
            <relationEntry localType="archival">Minutes et répertoires du notaire François Claude PRÉVOST, 1er août 1761 - 5 juillet 1781 (étude XX)</relationEntry>
         </resourceRelation>
         <resourceRelation xmlns:xlink="http://www.w3.org/1999/xlink"
                           resourceRelationType="creatorOf"
                           xlink:href="FRAN_IR_041637"
                           xlink:type="simple">
            <relationEntry localType="archival">Minutes et répertoires du notaire Augustin RAMEAU, 5 février 1782 - 9 octobre 1805 (étude XX)</relationEntry>
         </resourceRelation>
         <resourceRelation xmlns:xlink="http://www.w3.org/1999/xlink"
                           resourceRelationType="creatorOf"
                           xlink:href="FRAN_IR_051584"
                           xlink:type="simple">
            <relationEntry localType="archival">Images des répertoires du notaire Jean Louis Beaudesson pour l'étude XX</relationEntry>
         </resourceRelation>
         <resourceRelation xmlns:xlink="http://www.w3.org/1999/xlink"
                           resourceRelationType="creatorOf"
                           xlink:href="FRAN_IR_051250"
                           xlink:type="simple">
            <relationEntry localType="archival">Images du répertoire du notaire Augustin Roard pour l'étude XX</relationEntry>
         </resourceRelation>
         <resourceRelation xmlns:xlink="http://www.w3.org/1999/xlink"
                           resourceRelationType="creatorOf"
                           xlink:href="FRAN_IR_051387"
                           xlink:type="simple">
            <relationEntry localType="archival">Images du répertoire du notaire Guillaume Le Roux pour l'étude XX</relationEntry>
         </resourceRelation>
         <resourceRelation xmlns:xlink="http://www.w3.org/1999/xlink"
                           resourceRelationType="creatorOf"
                           xlink:href="FRAN_IR_051232"
                           xlink:type="simple">
            <relationEntry localType="archival">Images des répertoires du notaire Charles Sainfray pour l'étude XX</relationEntry>
         </resourceRelation>
         <resourceRelation xmlns:xlink="http://www.w3.org/1999/xlink"
                           resourceRelationType="creatorOf"
                           xlink:href="FRAN_IR_051334"
                           xlink:type="simple">
            <relationEntry localType="archival">Images des répertoires du notaire François Mouchet pour l'étude XX</relationEntry>
         </resourceRelation>
         <resourceRelation xmlns:xlink="http://www.w3.org/1999/xlink"
                           resourceRelationType="creatorOf"
                           xlink:href="FRAN_IR_051574"
                           xlink:type="simple">
            <relationEntry localType="archival">Images des répertoires du notaire Marie Antoine Barbier-Sainte-Marie pour l'étude XX</relationEntry>
         </resourceRelation>
         <resourceRelation xmlns:xlink="http://www.w3.org/1999/xlink"
                           resourceRelationType="creatorOf"
                           xlink:href="FRAN_IR_051316"
                           xlink:type="simple">
            <relationEntry localType="archival">Images du répertoire du notaire Louis Dominique Massuet Du Quesnoy pour l'étude XX</relationEntry>
         </resourceRelation>
         <resourceRelation xmlns:xlink="http://www.w3.org/1999/xlink"
                           resourceRelationType="creatorOf"
                           xlink:href="FRAN_IR_051298"
                           xlink:type="simple">
            <relationEntry localType="archival">Images du répertoire du notaire François Claude Prévost pour l'étude XX</relationEntry>
         </resourceRelation>
         <resourceRelation xmlns:xlink="http://www.w3.org/1999/xlink"
                           resourceRelationType="creatorOf"
                           xlink:href="FRAN_IR_051333"
                           xlink:type="simple">
            <relationEntry localType="archival">Images des répertoires du notaire Georges Henri Mouchet pour l'étude XX</relationEntry>
         </resourceRelation>
         <resourceRelation xmlns:xlink="http://www.w3.org/1999/xlink"
                           resourceRelationType="creatorOf"
                           xlink:href="FRAN_IR_052776"
                           xlink:type="simple">
            <relationEntry localType="archival">Images des répertoires du notaire Didier de La Frongne pour l'étude XX</relationEntry>
         </resourceRelation>
         <resourceRelation xmlns:xlink="http://www.w3.org/1999/xlink"
                           resourceRelationType="creatorOf"
                           xlink:href="FRAN_IR_053225"
                           xlink:type="simple">
            <relationEntry localType="archival">Images du répertoire du notaire Jacques Mussart pour l'étude XX</relationEntry>
         </resourceRelation>
         <resourceRelation xmlns:xlink="http://www.w3.org/1999/xlink"
                           resourceRelationType="creatorOf"
                           xlink:href="FRAN_IR_053174"
                           xlink:type="simple">
            <relationEntry localType="archival">Images des répertoires du notaire Noël Nicolas pour l'étude XX</relationEntry>
         </resourceRelation>
         <resourceRelation xmlns:xlink="http://www.w3.org/1999/xlink"
                           resourceRelationType="creatorOf"
                           xlink:href="FRAN_IR_052770"
                           xlink:type="simple">
            <relationEntry localType="archival">Images des répertoires du notaire Antoine de Mahault pour l'étude XX</relationEntry>
         </resourceRelation>
         <resourceRelation xmlns:xlink="http://www.w3.org/1999/xlink"
                           resourceRelationType="creatorOf"
                           xlink:href="FRAN_IR_052769"
                           xlink:type="simple">
            <relationEntry localType="archival">Images des répertoires du notaire François Prévost pour l'étude XX</relationEntry>
         </resourceRelation>
         <resourceRelation xmlns:xlink="http://www.w3.org/1999/xlink"
                           resourceRelationType="creatorOf"
                           xlink:href="FRAN_IR_052756"
                           xlink:type="simple">
            <relationEntry localType="archival">Images des répertoires du notaire Augustin Rameau pour l'étude XX</relationEntry>
         </resourceRelation>
      </relations>
   </cpfDescription>
</eac-cpf>
