<eac-cpf xmlns="urn:isbn:1-931666-33-4"
         xmlns:xsi="http://www.w3.org/2001/XMLSchema-instance"
         xsi:schemaLocation="urn:isbn:1-931666-33-4 cpf.xsd">
   <control>
      <recordId>FRAN_NP_010199</recordId>
      <otherRecordId localType="Ancien_identifiant">FRDAFANCH00MC_NAETUDE_072</otherRecordId>
      <maintenanceStatus>derived</maintenanceStatus>
      <maintenanceAgency>
         <agencyName>Archives nationales de France</agencyName>
      </maintenanceAgency>
      <languageDeclaration>
         <language languageCode="fre">Français</language>
         <script scriptCode="Latn"/>
      </languageDeclaration>
      <conventionDeclaration>
         <citation>Notice établie conformément à la norme ICA-ISAAR (CPF) 2004, aux normes ISO 8601 pour le système de normalisation des dates utilisé, ainsi que AFNOR NF Z 44-061, juin 1986. Catalogage : forme et structure des vedettes noms de personne, des vedettes titres, des rubriques de classement et des titres forgés.</citation>
      </conventionDeclaration>
      <localControl localType="niveau_de_detail">
         <term>Moyenne</term>
      </localControl>
      <maintenanceHistory>
         <maintenanceEvent>
            <eventType>derived</eventType>
            <eventDateTime>2015-09-30</eventDateTime>
            <agentType>machine</agentType>
            <agent>Migration ETANOT</agent>
         </maintenanceEvent>
      </maintenanceHistory>
   </control>
   <cpfDescription>
      <identity>
         <entityType>corporateBody</entityType>
         <nameEntry localType="autorisée" scriptCode="Latn" xml:lang="fre">
            <part>Etude LXXII</part>
         </nameEntry>
         <nameEntry>
            <part>75015</part>
         </nameEntry>
      </identity>
      <description>
         <existDates>
            <dateRange>
               <fromDate standardDate="1598-01-01">1598</fromDate>
            </dateRange>
         </existDates>
         <places>
            <place>
               <placeRole>Lieu de Paris</placeRole>
               <placeEntry localType="nomLieu">16, place de la République, 75010 PARIS</placeEntry>
            </place>
         </places>
         <functions>
            <function>
               <term vocabularySource="d3nyui3o8w--11y7jgy8q3wnt">notaire à paris</term>
               <dateRange>
                  <fromDate standardDate="1598-01-01">1598</fromDate>
                  <toDate/>
               </dateRange>
            </function>
         </functions>
         <biogHist>
            <p>Dès 1615, cette étude est installée rue Saint-Antoine, dans sa portion médiane. Elle y demeure jusqu'en 1846. Elle déménage alors rue de Bondy, jusqu'à son transfert place de la République (1909).</p>
         </biogHist>
      </description>
      <relations>
         <cpfRelation xmlns:xlink="http://www.w3.org/1999/xlink"
                      cpfRelationType="associative"
                      xlink:href="FRAN_NP_010869"
                      xlink:type="simple">
            <relationEntry>Pecheteau, Pierre</relationEntry>
            <dateRange>
               <fromDate standardDate="1977-10-26">26 octobre 1977</fromDate>
               <toDate standardDate="1982-04-14">14 avril 1982</toDate>
            </dateRange>
         </cpfRelation>
         <cpfRelation xmlns:xlink="http://www.w3.org/1999/xlink"
                      cpfRelationType="associative"
                      xlink:href="FRAN_NP_010949"
                      xlink:type="simple">
            <relationEntry>Plastrier, Louis-Claude</relationEntry>
            <dateRange>
               <fromDate standardDate="1736-05-16">16 mai 1736</fromDate>
               <toDate standardDate="1756-05-24">24 mai 1756</toDate>
            </dateRange>
         </cpfRelation>
         <cpfRelation xmlns:xlink="http://www.w3.org/1999/xlink"
                      cpfRelationType="associative"
                      xlink:href="FRAN_NP_011382"
                      xlink:type="simple">
            <relationEntry>Le bert, Guillaume</relationEntry>
            <dateRange>
               <fromDate standardDate="1647-08-24">24 août 1647</fromDate>
               <toDate standardDate="1677-04-06">6 avril 1677</toDate>
            </dateRange>
         </cpfRelation>
         <cpfRelation xmlns:xlink="http://www.w3.org/1999/xlink"
                      cpfRelationType="associative"
                      xlink:href="FRAN_NP_011445"
                      xlink:type="simple">
            <relationEntry>Lecerf, Vincent</relationEntry>
            <dateRange>
               <fromDate standardDate="1846-06-10">10 juin 1846</fromDate>
               <toDate standardDate="1854-01-14">14 janvier 1854</toDate>
            </dateRange>
         </cpfRelation>
         <cpfRelation xmlns:xlink="http://www.w3.org/1999/xlink"
                      cpfRelationType="associative"
                      xlink:href="FRAN_NP_011448"
                      xlink:type="simple">
            <relationEntry>Le clerc, Marc</relationEntry>
            <dateRange>
               <fromDate standardDate="1784-10-08">8 octobre 1784</fromDate>
               <toDate standardDate="1785-01-06">6 janvier 1785</toDate>
            </dateRange>
         </cpfRelation>
         <cpfRelation xmlns:xlink="http://www.w3.org/1999/xlink"
                      cpfRelationType="associative"
                      xlink:href="FRAN_NP_012632"
                      xlink:type="simple">
            <relationEntry>Cottin, Alexandre-Pierre</relationEntry>
            <dateRange>
               <fromDate standardDate="1818-02-10">10 février 1818</fromDate>
               <toDate standardDate="1823-09-11">11 septembre 1823</toDate>
            </dateRange>
         </cpfRelation>
         <cpfRelation xmlns:xlink="http://www.w3.org/1999/xlink"
                      cpfRelationType="associative"
                      xlink:href="FRAN_NP_013224"
                      xlink:type="simple">
            <relationEntry>Rochechouart - mortemart, Olivier (de)</relationEntry>
            <dateRange>
               <fromDate standardDate="2003-01-01">2003</fromDate>
            </dateRange>
         </cpfRelation>
         <cpfRelation xmlns:xlink="http://www.w3.org/1999/xlink"
                      cpfRelationType="associative"
                      xlink:href="FRAN_NP_013203"
                      xlink:type="simple">
            <relationEntry>Moreau, Étienne</relationEntry>
            <dateRange>
               <fromDate standardDate="2002-03-06">6 mars 2002</fromDate>
               <toDate standardDate="2010-02-15">15 février 2010</toDate>
            </dateRange>
         </cpfRelation>
         <cpfRelation xmlns:xlink="http://www.w3.org/1999/xlink"
                      cpfRelationType="associative"
                      xlink:href="FRAN_NP_010463"
                      xlink:type="simple">
            <relationEntry>Tolleron, Etienne</relationEntry>
            <dateRange>
               <fromDate standardDate="1598-06-28">28 juin 1598</fromDate>
               <toDate standardDate="1647-04-30">avril 1647</toDate>
            </dateRange>
         </cpfRelation>
         <cpfRelation xmlns:xlink="http://www.w3.org/1999/xlink"
                      cpfRelationType="associative"
                      xlink:href="FRAN_NP_012852"
                      xlink:type="simple">
            <relationEntry>Benoist, Louis Alexandre</relationEntry>
            <dateRange>
               <fromDate standardDate="1899-12-30">30 décembre 1899</fromDate>
               <toDate standardDate="1920-05-31">31 mai 1920</toDate>
            </dateRange>
         </cpfRelation>
         <cpfRelation xmlns:xlink="http://www.w3.org/1999/xlink"
                      cpfRelationType="associative"
                      xlink:href="FRAN_NP_012853"
                      xlink:type="simple">
            <relationEntry>Benoist, Marcel Louis</relationEntry>
            <dateRange>
               <fromDate standardDate="1920-05-31">31 mai 1920</fromDate>
               <toDate standardDate="1935-11-27">27 novembre 1935</toDate>
            </dateRange>
         </cpfRelation>
         <cpfRelation xmlns:xlink="http://www.w3.org/1999/xlink"
                      cpfRelationType="associative"
                      xlink:href="FRAN_NP_013026"
                      xlink:type="simple">
            <relationEntry>Bouvet, Gérard</relationEntry>
            <dateRange>
               <fromDate standardDate="1985-08-06">6 août 1985</fromDate>
               <toDate standardDate="2003-05-12">12 mai 2003</toDate>
            </dateRange>
         </cpfRelation>
         <cpfRelation xmlns:xlink="http://www.w3.org/1999/xlink"
                      cpfRelationType="associative"
                      xlink:href="FRAN_NP_013082"
                      xlink:type="simple">
            <relationEntry>Buirette, François-Bernard</relationEntry>
            <dateRange>
               <fromDate standardDate="1710-07-02">2 juillet 1710</fromDate>
               <toDate standardDate="1723-06-09">9 juin 1723</toDate>
            </dateRange>
         </cpfRelation>
         <cpfRelation xmlns:xlink="http://www.w3.org/1999/xlink"
                      cpfRelationType="associative"
                      xlink:href="FRAN_NP_011740"
                      xlink:type="simple">
            <relationEntry>Hargenvilliers, Louis</relationEntry>
            <dateRange>
               <fromDate standardDate="1723-06-10">10 juin 1723</fromDate>
               <toDate standardDate="1736-05-16">16 mai 1736</toDate>
            </dateRange>
         </cpfRelation>
         <cpfRelation xmlns:xlink="http://www.w3.org/1999/xlink"
                      cpfRelationType="associative"
                      xlink:href="FRAN_NP_013111"
                      xlink:type="simple">
            <relationEntry>Allix, Daniel</relationEntry>
            <dateRange>
               <fromDate standardDate="1974-01-24">24 janvier 1974</fromDate>
               <toDate standardDate="1997-04-11">11 avril 1997</toDate>
            </dateRange>
         </cpfRelation>
         <cpfRelation xmlns:xlink="http://www.w3.org/1999/xlink"
                      cpfRelationType="associative"
                      xlink:href="FRAN_NP_010668"
                      xlink:type="simple">
            <relationEntry>Richer, Jean-François</relationEntry>
            <dateRange>
               <fromDate standardDate="1701-08-26">26 août 1701</fromDate>
               <toDate standardDate="1710-06-27">27 juin 1710</toDate>
            </dateRange>
         </cpfRelation>
         <cpfRelation xmlns:xlink="http://www.w3.org/1999/xlink"
                      cpfRelationType="associative"
                      xlink:href="FRAN_NP_013070"
                      xlink:type="simple">
            <relationEntry>Brugerolle, Henri</relationEntry>
            <dateRange>
               <fromDate standardDate="1982-04-14">14 avril 1982</fromDate>
            </dateRange>
         </cpfRelation>
         <cpfRelation xmlns:xlink="http://www.w3.org/1999/xlink"
                      cpfRelationType="associative"
                      xlink:href="FRAN_NP_013027"
                      xlink:type="simple">
            <relationEntry>Bouvet, Jean Louis Michel</relationEntry>
            <dateRange>
               <fromDate standardDate="1935-11-27">27 novembre 1935</fromDate>
               <toDate standardDate="1977-10-26">26 octobre 1977</toDate>
            </dateRange>
         </cpfRelation>
         <cpfRelation xmlns:xlink="http://www.w3.org/1999/xlink"
                      cpfRelationType="associative"
                      xlink:href="FRAN_NP_012854"
                      xlink:type="simple">
            <relationEntry>Benoist, Pierre</relationEntry>
            <dateRange>
               <fromDate standardDate="1677-04-09">9 avril 1677</fromDate>
               <toDate standardDate="1701-08-23">23 août 1701</toDate>
            </dateRange>
         </cpfRelation>
         <cpfRelation xmlns:xlink="http://www.w3.org/1999/xlink"
                      cpfRelationType="associative"
                      xlink:href="FRAN_NP_011102"
                      xlink:type="simple">
            <relationEntry>Mas, Antoine-Gustave</relationEntry>
            <dateRange>
               <fromDate standardDate="1854-01-14">14 janvier 1854</fromDate>
               <toDate standardDate="1878-09-14">14 septembre 1878</toDate>
            </dateRange>
         </cpfRelation>
         <cpfRelation xmlns:xlink="http://www.w3.org/1999/xlink"
                      cpfRelationType="associative"
                      xlink:href="FRAN_NP_011070"
                      xlink:type="simple">
            <relationEntry>Marc, Adrien-Constant</relationEntry>
            <dateRange>
               <fromDate standardDate="1878-09-14">14 septembre 1878</fromDate>
               <toDate standardDate="1899-12-30">30 décembre 1899</toDate>
            </dateRange>
         </cpfRelation>
         <cpfRelation xmlns:xlink="http://www.w3.org/1999/xlink"
                      cpfRelationType="associative"
                      xlink:href="FRAN_NP_013222"
                      xlink:type="simple">
            <relationEntry>Chirouze, Christopher</relationEntry>
            <dateRange>
               <fromDate standardDate="2003-05-12">12 mai 2003</fromDate>
            </dateRange>
         </cpfRelation>
         <cpfRelation xmlns:xlink="http://www.w3.org/1999/xlink"
                      cpfRelationType="associative"
                      xlink:href="FRAN_NP_012631"
                      xlink:type="simple">
            <relationEntry>Charlot, Constant-Pierre</relationEntry>
            <dateRange>
               <fromDate standardDate="1823-09-11">11 septembre 1823</fromDate>
               <toDate standardDate="1846-06-10">10 juin 1846</toDate>
            </dateRange>
         </cpfRelation>
         <cpfRelation xmlns:xlink="http://www.w3.org/1999/xlink"
                      cpfRelationType="associative"
                      xlink:href="FRAN_NP_013234"
                      xlink:type="simple">
            <relationEntry>Hellegouarch, Marc</relationEntry>
            <dateRange>
               <fromDate standardDate="2003-01-01">2003</fromDate>
            </dateRange>
         </cpfRelation>
         <cpfRelation xmlns:xlink="http://www.w3.org/1999/xlink"
                      cpfRelationType="associative"
                      xlink:href="FRAN_NP_011450"
                      xlink:type="simple">
            <relationEntry>Le clerc, Pierre-Urbain</relationEntry>
            <dateRange>
               <fromDate standardDate="1756-05-28">28 mai 1756</fromDate>
               <toDate standardDate="1784-10-05">5 octobre 1784</toDate>
            </dateRange>
         </cpfRelation>
         <cpfRelation xmlns:xlink="http://www.w3.org/1999/xlink"
                      cpfRelationType="associative"
                      xlink:href="FRAN_NP_012126"
                      xlink:type="simple">
            <relationEntry>Egret, Christian</relationEntry>
            <dateRange>
               <fromDate standardDate="1974-01-23">23 janvier 1974</fromDate>
               <toDate standardDate="2004-02-06">6 février 2004</toDate>
            </dateRange>
         </cpfRelation>
         <cpfRelation xmlns:xlink="http://www.w3.org/1999/xlink"
                      cpfRelationType="associative"
                      xlink:href="FRAN_NP_012322"
                      xlink:type="simple">
            <relationEntry>Dumez, Claude-Mathieu</relationEntry>
            <dateRange>
               <fromDate standardDate="1799-09-29">29 septembre 1799</fromDate>
               <toDate standardDate="1818-02-10">10 février 1818</toDate>
            </dateRange>
         </cpfRelation>
         <cpfRelation xmlns:xlink="http://www.w3.org/1999/xlink"
                      cpfRelationType="associative"
                      xlink:href="FRAN_NP_012323"
                      xlink:type="simple">
            <relationEntry>Dupont, Jean-Baptiste</relationEntry>
            <dateRange>
               <fromDate standardDate="1785-01-08">8 janvier 1785</fromDate>
               <toDate standardDate="1799-09-29">29 septembre 1799</toDate>
            </dateRange>
         </cpfRelation>
         <cpfRelation xmlns:xlink="http://www.w3.org/1999/xlink"
                      cpfRelationType="associative"
                      xlink:href="FRAN_NP_013450"
                      xlink:type="simple">
            <relationEntry>Saint-Andre, Philippe</relationEntry>
            <dateRange>
               <fromDate standardDate="2010-02-15">15 février 2010</fromDate>
            </dateRange>
         </cpfRelation>
         <resourceRelation xmlns:xlink="http://www.w3.org/1999/xlink"
                           resourceRelationType="subjectOf"
                           xlink:href="FRAN_IR_042599"
                           xlink:type="simple">
            <relationEntry localType="archival">Minutes et répertoires du notaire Louis HARGENVILLIERS, 10 juin 1723 - 16 mai 1736 (étude LXXII)</relationEntry>
         </resourceRelation>
         <resourceRelation xmlns:xlink="http://www.w3.org/1999/xlink"
                           resourceRelationType="subjectOf"
                           xlink:href="FRAN_IR_042605"
                           xlink:type="simple">
            <relationEntry localType="archival">Minutes et répertoires du notaire Alexandre Pierre COTTIN, 10 février 1818 - 11 septembre 1823 (étude LXXII)</relationEntry>
         </resourceRelation>
         <resourceRelation xmlns:xlink="http://www.w3.org/1999/xlink"
                           resourceRelationType="subjectOf"
                           xlink:href="FRAN_IR_042606"
                           xlink:type="simple">
            <relationEntry localType="archival">Minutes et répertoires du notaire Constant Pierre CHARLOT, 11 septembre 1823 - 10 juin 1846 (étude LXXII)</relationEntry>
         </resourceRelation>
         <resourceRelation xmlns:xlink="http://www.w3.org/1999/xlink"
                           resourceRelationType="subjectOf"
                           xlink:href="FRAN_IR_042596"
                           xlink:type="simple">
            <relationEntry localType="archival">Minutes et répertoires du notaire Pierre BENOIST, 9 avril 1677 - 23 août 1701 (étude LXXII)</relationEntry>
         </resourceRelation>
         <resourceRelation xmlns:xlink="http://www.w3.org/1999/xlink"
                           resourceRelationType="subjectOf"
                           xlink:href="FRAN_IR_042597"
                           xlink:type="simple">
            <relationEntry localType="archival">Minutes et répertoires du notaire François Bernard BUIRETTE, 2 juillet 1710 - 9 juin 1723 (étude LXXII)</relationEntry>
         </resourceRelation>
         <resourceRelation xmlns:xlink="http://www.w3.org/1999/xlink"
                           resourceRelationType="subjectOf"
                           xlink:href="FRAN_IR_042604"
                           xlink:type="simple">
            <relationEntry localType="archival">Minutes et répertoires du notaire Claude Mathieu DUMEZ, 29 septembre 1799 - 9 février 1818 (étude LXXII)</relationEntry>
         </resourceRelation>
         <resourceRelation xmlns:xlink="http://www.w3.org/1999/xlink"
                           resourceRelationType="subjectOf"
                           xlink:href="FRAN_IR_042608"
                           xlink:type="simple">
            <relationEntry localType="archival">Minutes et répertoires du notaire Antoine Gustave MAS, 14 janvier 1854 - 14 septembre 1878 (étude LXXII)</relationEntry>
         </resourceRelation>
         <resourceRelation xmlns:xlink="http://www.w3.org/1999/xlink"
                           resourceRelationType="subjectOf"
                           xlink:href="FRAN_IR_042607"
                           xlink:type="simple">
            <relationEntry localType="archival">Minutes et répertoires du notaire Vincent LECERF, 10 juin 1846 - 14 janvier 1854 (étude LXXII)</relationEntry>
         </resourceRelation>
         <resourceRelation xmlns:xlink="http://www.w3.org/1999/xlink"
                           resourceRelationType="subjectOf"
                           xlink:href="FRAN_IR_042609"
                           xlink:type="simple">
            <relationEntry localType="archival">Minutes et répertoires du notaire Adrien Constant MARC, 14 septembre 1878 - 29 décembre 1899 (étude LXXII)</relationEntry>
         </resourceRelation>
         <resourceRelation xmlns:xlink="http://www.w3.org/1999/xlink"
                           resourceRelationType="subjectOf"
                           xlink:href="FRAN_IR_042598"
                           xlink:type="simple">
            <relationEntry localType="archival">Minutes et répertoires du notaire Jean François RICHER, 26 août 1701 - 27 juin 1710 (étude LXXII)</relationEntry>
         </resourceRelation>
         <resourceRelation xmlns:xlink="http://www.w3.org/1999/xlink"
                           resourceRelationType="creatorOf"
                           xlink:href="FRAN_IR_042603"
                           xlink:type="simple">
            <relationEntry localType="archival">Minutes et répertoires du notaire Jean-Baptiste DUPONT, 8 janvier 1785 - 29 septembre 1799 (étude LXXII)</relationEntry>
         </resourceRelation>
         <resourceRelation xmlns:xlink="http://www.w3.org/1999/xlink"
                           resourceRelationType="creatorOf"
                           xlink:href="FRAN_IR_042600"
                           xlink:type="simple">
            <relationEntry localType="archival">Minutes et répertoires du notaire Louis Claude PLASTRIER, 16 mai 1736 - 24 mai 1756 (étude LXXII)</relationEntry>
         </resourceRelation>
         <resourceRelation xmlns:xlink="http://www.w3.org/1999/xlink"
                           resourceRelationType="creatorOf"
                           xlink:href="FRAN_IR_051249"
                           xlink:type="simple">
            <relationEntry localType="archival">Images du répertoire du notaire Jean François Richer pour l'étude LXXII</relationEntry>
         </resourceRelation>
         <resourceRelation xmlns:xlink="http://www.w3.org/1999/xlink"
                           resourceRelationType="creatorOf"
                           xlink:href="FRAN_IR_051289"
                           xlink:type="simple">
            <relationEntry localType="archival">Images du répertoire du notaire Louis Claude Plastrier pour l'étude LXXII</relationEntry>
         </resourceRelation>
         <resourceRelation xmlns:xlink="http://www.w3.org/1999/xlink"
                           resourceRelationType="creatorOf"
                           xlink:href="FRAN_IR_051355"
                           xlink:type="simple">
            <relationEntry localType="archival">Images du répertoire du notaire Guillaume Le Bert pour l'étude LXXII</relationEntry>
         </resourceRelation>
         <resourceRelation xmlns:xlink="http://www.w3.org/1999/xlink"
                           resourceRelationType="creatorOf"
                           xlink:href="FRAN_IR_051550"
                           xlink:type="simple">
            <relationEntry localType="archival">Images des répertoires du notaire Constant Pierre Charlot pour l'étude LXXII</relationEntry>
         </resourceRelation>
         <resourceRelation xmlns:xlink="http://www.w3.org/1999/xlink"
                           resourceRelationType="creatorOf"
                           xlink:href="FRAN_IR_051410"
                           xlink:type="simple">
            <relationEntry localType="archival">Images du répertoire du notaire Louis Hargenvilliers pour l'étude LXXII</relationEntry>
         </resourceRelation>
         <resourceRelation xmlns:xlink="http://www.w3.org/1999/xlink"
                           resourceRelationType="creatorOf"
                           xlink:href="FRAN_IR_051502"
                           xlink:type="simple">
            <relationEntry localType="archival">Images des répertoires du notaire Claude Mathieu Dumez pour l'étude LXXII</relationEntry>
         </resourceRelation>
         <resourceRelation xmlns:xlink="http://www.w3.org/1999/xlink"
                           resourceRelationType="creatorOf"
                           xlink:href="FRAN_IR_051500"
                           xlink:type="simple">
            <relationEntry localType="archival">Images des répertoires du notaire Jean-Baptiste Dupont pour l'étude LXXII</relationEntry>
         </resourceRelation>
         <resourceRelation xmlns:xlink="http://www.w3.org/1999/xlink"
                           resourceRelationType="creatorOf"
                           xlink:href="FRAN_IR_051589"
                           xlink:type="simple">
            <relationEntry localType="archival">Images du répertoire du notaire Pierre Benoist pour l'étude LXXII</relationEntry>
         </resourceRelation>
         <resourceRelation xmlns:xlink="http://www.w3.org/1999/xlink"
                           resourceRelationType="creatorOf"
                           xlink:href="FRAN_IR_051630"
                           xlink:type="simple">
            <relationEntry localType="archival">Images du répertoire du notaire François Bernard Buirette pour l'étude LXXII</relationEntry>
         </resourceRelation>
         <resourceRelation xmlns:xlink="http://www.w3.org/1999/xlink"
                           resourceRelationType="creatorOf"
                           xlink:href="FRAN_IR_051222"
                           xlink:type="simple">
            <relationEntry localType="archival">Images des répertoires du notaire Étienne Tolleron pour l'étude LXXII</relationEntry>
         </resourceRelation>
         <resourceRelation xmlns:xlink="http://www.w3.org/1999/xlink"
                           resourceRelationType="creatorOf"
                           xlink:href="FRAN_IR_052908"
                           xlink:type="simple">
            <relationEntry localType="archival">Images du répertoire du notaire Marc Le Clerc pour l'étude LXXII</relationEntry>
         </resourceRelation>
         <resourceRelation xmlns:xlink="http://www.w3.org/1999/xlink"
                           resourceRelationType="creatorOf"
                           xlink:href="FRAN_IR_051307"
                           xlink:type="simple">
            <relationEntry localType="archival">Images des répertoires du notaire Adrien Constant Marc pour l'étude LXXII</relationEntry>
         </resourceRelation>
         <resourceRelation xmlns:xlink="http://www.w3.org/1999/xlink"
                           resourceRelationType="creatorOf"
                           xlink:href="FRAN_IR_051312"
                           xlink:type="simple">
            <relationEntry localType="archival">Images des répertoires du notaire Antoine Gustave Mas pour l'étude LXXII</relationEntry>
         </resourceRelation>
         <resourceRelation xmlns:xlink="http://www.w3.org/1999/xlink"
                           resourceRelationType="creatorOf"
                           xlink:href="FRAN_IR_051367"
                           xlink:type="simple">
            <relationEntry localType="archival">Images des répertoires du notaire Vincent Lecerf pour l'étude LXXII</relationEntry>
         </resourceRelation>
         <resourceRelation xmlns:xlink="http://www.w3.org/1999/xlink"
                           resourceRelationType="creatorOf"
                           xlink:href="FRAN_IR_055722"
                           xlink:type="simple">
            <relationEntry localType="archival">Images des répertoires du notaire Pierre Urbain Le Clerc pour l'étude LXXII</relationEntry>
         </resourceRelation>
         <resourceRelation xmlns:xlink="http://www.w3.org/1999/xlink"
                           resourceRelationType="creatorOf"
                           xlink:href="FRAN_IR_055723"
                           xlink:type="simple">
            <relationEntry localType="archival">Images des répertoires du notaire Alexandre Pierre Cottin pour l'étude LXXII</relationEntry>
         </resourceRelation>
         <resourceRelation xmlns:xlink="http://www.w3.org/1999/xlink"
                           resourceRelationType="creatorOf"
                           xlink:href="FRAN_IR_042593"
                           xlink:type="simple">
            <relationEntry localType="archival">Archives de l'étude LXXII</relationEntry>
         </resourceRelation>
         <resourceRelation xmlns:xlink="http://www.w3.org/1999/xlink"
                           resourceRelationType="creatorOf"
                           xlink:href="FRAN_IR_042594"
                           xlink:type="simple">
            <relationEntry localType="archival">Minutes et répertoires du notaire Étienne TOLLERON, 26 juin 1598 - avril 1647 (étude LXXII)</relationEntry>
         </resourceRelation>
         <resourceRelation xmlns:xlink="http://www.w3.org/1999/xlink"
                           resourceRelationType="creatorOf"
                           xlink:href="FRAN_IR_042601"
                           xlink:type="simple">
            <relationEntry localType="archival">Minutes et répertoires du notaire Pierre Urbain LE CLERC, 28 mai 1756 - 5 octobre 1784 (étude LXXII)</relationEntry>
         </resourceRelation>
         <resourceRelation xmlns:xlink="http://www.w3.org/1999/xlink"
                           resourceRelationType="creatorOf"
                           xlink:href="FRAN_IR_042602"
                           xlink:type="simple">
            <relationEntry localType="archival">Minutes et répertoires du notaire Marc LE CLERC, 8 octobre 1784 - décembre 1784 (étude LXXII)</relationEntry>
         </resourceRelation>
      </relations>
   </cpfDescription>
</eac-cpf>
