<eac-cpf xmlns="urn:isbn:1-931666-33-4"
         xmlns:xsi="http://www.w3.org/2001/XMLSchema-instance"
         xsi:schemaLocation="urn:isbn:1-931666-33-4 cpf.xsd">
   <control>
      <recordId>FRAN_NP_010574</recordId>
      <otherRecordId localType="Ancien_identifiant">FRDAFANCH00MC_NANOTAIRE00291</otherRecordId>
      <maintenanceStatus>derived</maintenanceStatus>
      <maintenanceAgency>
         <agencyName>Archives nationales de France</agencyName>
      </maintenanceAgency>
      <languageDeclaration>
         <language languageCode="fre">Français</language>
         <script scriptCode="Latn"/>
      </languageDeclaration>
      <conventionDeclaration>
         <citation>Notice établie conformément à la norme ICA-ISAAR (CPF) 2004, aux normes ISO 8601 pour le système de normalisation des dates utilisé, ainsi que AFNOR NF Z 44-061, juin 1986. Catalogage : forme et structure des vedettes noms de personne, des vedettes titres, des rubriques de classement et des titres forgés.</citation>
      </conventionDeclaration>
      <localControl localType="niveau_de_detail">
         <term>Moyenne</term>
      </localControl>
      <maintenanceHistory>
         <maintenanceEvent>
            <eventType>derived</eventType>
            <eventDateTime>2013-04-23</eventDateTime>
            <agentType>machine</agentType>
            <agent>Migration ETANOT</agent>
         </maintenanceEvent>
      </maintenanceHistory>
   </control>
   <cpfDescription>
      <identity>
         <entityType>person</entityType>
         <nameEntry localType="autorisée" scriptCode="Latn" xml:lang="fre">
            <part>Sené, Jean-Baptiste</part>
         </nameEntry>
         <nameEntry>
            <part>Sené, Jean-Baptiste François</part>
         </nameEntry>
      </identity>
      <description>
         <existDates>
            <dateRange>
               <fromDate standardDate="1807-09-03">3 septembre 1807</fromDate>
               <toDate standardDate="1827-01-06">6 janvier 1827</toDate>
            </dateRange>
            <descriptiveNote>
               <p>Les dates d'existence de la personne ne sont pas connues et sont évaluées d'après les dates d'exercice en tant que notaire</p>
            </descriptiveNote>
         </existDates>
         <places>
            <place>
               <placeRole>Lieu de Paris</placeRole>
               <placeEntry localType="voie" vocabularySource="d3nz9q3eyr--9ddvbew30ib8">croix-rouge (carrefour de la)</placeEntry>
               <placeEntry localType="voie" vocabularySource="d3nzdbfpd2--tk8uh0bp1w7a">sèvres (rue de)</placeEntry>
               <placeEntry localType="nomLieu">2 carrefour de la Croix-Rouge (de 1807 à 1825), 2 rue de Sèvres (de 1825 à 1827)</placeEntry>
            </place>
         </places>
         <functions>
            <function>
               <term vocabularySource="d3nyui3o8w--11y7jgy8q3wnt">notaire à paris</term>
               <dateRange>
                  <fromDate standardDate="1807-09-03">3 septembre 1807</fromDate>
                  <toDate standardDate="1827-01-06">6 janvier 1827</toDate>
               </dateRange>
            </function>
         </functions>
         <biogHist>
            <p>Né le 18 mars 1774 à Paris</p>
            <p>marié à Angélique Joulet (voir ET/XLVI/666, 13 août 1807, contrat de mariage)</p>
            <p>D'abord principal clerc de maître Gauldree-Boilleau</p>
            <p>En juillet 1825, il démissionne en faveur de Jean-Baptiste Ally, son premier clerc, mais celui-ci décède avant d'avoir pu prendre ses fonctions, le 30 octobre 1825. En conséquence, maître Sené retire sa démission et reste notaire jusqu'en 1827</p>
         </biogHist>
      </description>
      <relations>
         <cpfRelation xmlns:xlink="http://www.w3.org/1999/xlink"
                      cpfRelationType="associative"
                      xlink:href="FRAN_NP_010192"
                      xlink:type="simple">
            <relationEntry>Etude notariale LXV</relationEntry>
            <dateRange>
               <fromDate standardDate="1807-09-03">3 septembre 1807</fromDate>
               <toDate standardDate="1827-01-06">6 janvier 1827</toDate>
            </dateRange>
         </cpfRelation>
         <resourceRelation resourceRelationType="other">
            <relationEntry localType="archival">BB/10/347, 5 janvier 1807, dossier de nomination</relationEntry>
         </resourceRelation>
         <resourceRelation resourceRelationType="other">
            <relationEntry localType="archival">BB/10/597, 6 juillet 1825 et 4 janvier juillet, dossiers de nomination d'Ally et d'annulation de cette nomination au profit de Sené</relationEntry>
         </resourceRelation>
         <resourceRelation xmlns:xlink="http://www.w3.org/1999/xlink"
                           resourceRelationType="creatorOf"
                           xlink:href="FRAN_IR_042489"
                           xlink:type="simple">
            <relationEntry localType="archival">Minutes et répertoires du notaire Jean-Baptiste SENÉ, 3 septembre 1807 - 6 janvier 1827 (étude LXV)</relationEntry>
         </resourceRelation>
         <resourceRelation xmlns:xlink="http://www.w3.org/1999/xlink"
                           resourceRelationType="creatorOf"
                           xlink:href="FRAN_IR_052303"
                           xlink:type="simple">
            <relationEntry localType="archival">Images des répertoires du notaire Jean-Baptiste Sené pour l'étude LXV</relationEntry>
         </resourceRelation>
      </relations>
   </cpfDescription>
</eac-cpf>
