<eac-cpf xmlns="urn:isbn:1-931666-33-4"
         xmlns:xsi="http://www.w3.org/2001/XMLSchema-instance"
         xsi:schemaLocation="urn:isbn:1-931666-33-4 cpf.xsd">
   <control>
      <recordId>FRAN_NP_010510</recordId>
      <otherRecordId localType="Ancien_identifiant">FRDAFANCH00MC_NANOTAIRE00221</otherRecordId>
      <maintenanceStatus>derived</maintenanceStatus>
      <maintenanceAgency>
         <agencyName>Archives nationales de France</agencyName>
      </maintenanceAgency>
      <languageDeclaration>
         <language languageCode="fre">Français</language>
         <script scriptCode="Latn"/>
      </languageDeclaration>
      <conventionDeclaration>
         <citation>Notice établie conformément à la norme ICA-ISAAR (CPF) 2004, aux normes ISO 8601 pour le système de normalisation des dates utilisé, ainsi que AFNOR NF Z 44-061, juin 1986. Catalogage : forme et structure des vedettes noms de personne, des vedettes titres, des rubriques de classement et des titres forgés.</citation>
      </conventionDeclaration>
      <localControl localType="niveau_de_detail">
         <term>Moyenne</term>
      </localControl>
      <maintenanceHistory>
         <maintenanceEvent>
            <eventType>derived</eventType>
            <eventDateTime>2013-04-23</eventDateTime>
            <agentType>machine</agentType>
            <agent>Migration ETANOT</agent>
         </maintenanceEvent>
      </maintenanceHistory>
   </control>
   <cpfDescription>
      <identity>
         <entityType>person</entityType>
         <nameEntry localType="autorisée" scriptCode="Latn" xml:lang="fre">
            <part>Tulloue, Robert</part>
         </nameEntry>
      </identity>
      <description>
         <existDates>
            <dateRange>
               <fromDate standardDate="1606-01-02">2 janvier 1606</fromDate>
               <toDate standardDate="1638-09-16">16 septembre 1638</toDate>
            </dateRange>
            <descriptiveNote>
               <p>Les dates d'existence de la personne ne sont pas connues et sont évaluées d'après les dates d'exercice en tant que notaire</p>
            </descriptiveNote>
         </existDates>
         <places>
            <place>
               <placeRole>Lieu de Paris</placeRole>
               <placeEntry localType="paroisse" vocabularySource="d3nyvox0hv--s68ql74wtyjp">saint-germain-l'auxerrois (paroisse)</placeEntry>
               <placeEntry localType="voie" vocabularySource="d3nzbovl43-1jao1r5yh5mwa">lavandières (rue des)</placeEntry>
               <placeEntry localType="voie" vocabularySource="d3nzd2y5sj-7sr9qedw4k60">saint-germain-l'auxerrois (rue)</placeEntry>
               <placeEntry localType="nomLieu">rue des Lavandières, au Pilier-vert, puis rue Saint-Germain-l'Auxerrois, au coin de la rue des Lavandières (après 1618)</placeEntry>
            </place>
         </places>
         <functions>
            <function>
               <term vocabularySource="d3nyui3o8w--11y7jgy8q3wnt">notaire à paris</term>
               <dateRange>
                  <fromDate standardDate="1606-01-02">2 janvier 1606</fromDate>
                  <toDate standardDate="1638-09-16">16 septembre 1638</toDate>
               </dateRange>
            </function>
         </functions>
      </description>
      <relations>
         <cpfRelation xmlns:xlink="http://www.w3.org/1999/xlink"
                      cpfRelationType="associative"
                      xlink:href="FRAN_NP_010151"
                      xlink:type="simple">
            <relationEntry>Etude notariale XXIV</relationEntry>
            <dateRange>
               <fromDate standardDate="1606-01-02">2 janvier 1606</fromDate>
               <toDate standardDate="1638-09-16">16 septembre 1638</toDate>
            </dateRange>
         </cpfRelation>
         <resourceRelation resourceRelationType="other">
            <relationEntry localType="archival">ET/XLVI/18, 2 juillet 1640, inventaire après décès</relationEntry>
         </resourceRelation>
         <resourceRelation xmlns:xlink="http://www.w3.org/1999/xlink"
                           resourceRelationType="creatorOf"
                           xlink:href="FRAN_IR_041705"
                           xlink:type="simple">
            <relationEntry localType="archival">Minutes et répertoires du notaire Robert TULLOUE, 2 janvier 1606 - 16 septembre 1638 (étude XXIV)</relationEntry>
         </resourceRelation>
         <resourceRelation xmlns:xlink="http://www.w3.org/1999/xlink"
                           resourceRelationType="creatorOf"
                           xlink:href="FRAN_IR_051228"
                           xlink:type="simple">
            <relationEntry localType="archival">Images du répertoire du notaire Robert Tulloue pour l'étude XXIV</relationEntry>
         </resourceRelation>
         <resourceRelation xmlns:xlink="http://www.w3.org/1999/xlink"
                           resourceRelationType="creatorOf"
                           xlink:href="FRAN_IR_042072"
                           xlink:type="simple">
            <relationEntry localType="archival">Minutes et répertoires du notaire Jacques MOREL, 27 mai 1605 - 13 novembre 1652 (étude XLII)</relationEntry>
         </resourceRelation>
      </relations>
   </cpfDescription>
</eac-cpf>
