<eac-cpf xmlns="urn:isbn:1-931666-33-4"
         xmlns:xsi="http://www.w3.org/2001/XMLSchema-instance"
         xsi:schemaLocation="urn:isbn:1-931666-33-4 cpf.xsd">
   <control>
      <recordId>FRAN_NP_010155</recordId>
      <otherRecordId localType="Ancien_identifiant">FRDAFANCH00MC_NAETUDE_028</otherRecordId>
      <maintenanceStatus>revised</maintenanceStatus>
      <maintenanceAgency>
         <agencyName>Archives nationales de France</agencyName>
      </maintenanceAgency>
      <languageDeclaration>
         <language languageCode="fre">Français</language>
         <script scriptCode="Latn"/>
      </languageDeclaration>
      <conventionDeclaration>
         <citation>Notice établie conformément à la norme ICA-ISAAR (CPF) 2004, aux normes ISO 8601 pour le système de normalisation des dates utilisé, ainsi que AFNOR NF Z 44-061, juin 1986. Catalogage : forme et structure des vedettes noms de personne, des vedettes titres, des rubriques de classement et des titres forgés.</citation>
      </conventionDeclaration>
      <localControl localType="niveau_de_detail">
         <term>Moyenne</term>
      </localControl>
      <maintenanceHistory>
         <maintenanceEvent>
            <eventType>derived</eventType>
            <eventDateTime>2013-04-23</eventDateTime>
            <agentType>machine</agentType>
            <agent>Migration ETANOT</agent>
         </maintenanceEvent>
         <maintenanceEvent>
            <eventType>revised</eventType>
            <eventDateTime>2015-09-30</eventDateTime>
            <agentType>human</agentType>
            <agent>Marie-Françoise LIMON-BONNET</agent>
         </maintenanceEvent>
      </maintenanceHistory>
      <sources>
         <source>
            <descriptiveNote>
               <p>Poisson (Jean-Paul), " Sociologie statistique et actes de prêt " actes de l'étude XXVIII (1959-1963), Notaires et société. Travaux d'histoire et de sociologie notariales, t. I, 1985, p. 641.</p>
            </descriptiveNote>
         </source>
      </sources>
   </control>
   <cpfDescription>
      <identity>
         <entityType>corporateBody</entityType>
         <nameEntry localType="autorisée" scriptCode="Latn" xml:lang="fre">
            <part>Etude XXVIII</part>
         </nameEntry>
         <nameEntry>
            <part>75122</part>
         </nameEntry>
      </identity>
      <description>
         <existDates>
            <dateRange>
               <fromDate standardDate="1686-01-01">1686</fromDate>
            </dateRange>
         </existDates>
         <places>
            <place>
               <placeRole>Lieu de Paris</placeRole>
               <placeEntry localType="nomLieu">10, rue St Antoine, 75004 PARIS</placeEntry>
            </place>
         </places>
         <functions>
            <function>
               <term vocabularySource="d3nyui3o8w--11y7jgy8q3wnt">notaire à Paris</term>
               <dateRange>
                  <fromDate standardDate="1686-01-01">1686</fromDate>
                  <toDate/>
               </dateRange>
            </function>
         </functions>
         <biogHist>
            <p>Depuis son origine (1686), cette étude est demeurée rue Saint-Antoine, au voisinage de la Bastille.</p>
         </biogHist>
      </description>
      <relations>
         <cpfRelation xmlns:xlink="http://www.w3.org/1999/xlink"
                      cpfRelationType="associative"
                      xlink:href="FRAN_NP_010319"
                      xlink:type="simple">
            <relationEntry>Watin-Augouard, Daniel Prosper Robert</relationEntry>
            <dateRange>
               <fromDate standardDate="1954-06-09">9 juin 1954</fromDate>
               <toDate standardDate="1987-07-08">8 juillet 1987</toDate>
            </dateRange>
         </cpfRelation>
         <cpfRelation xmlns:xlink="http://www.w3.org/1999/xlink"
                      cpfRelationType="associative"
                      xlink:href="FRAN_NP_010320"
                      xlink:type="simple">
            <relationEntry>Watin-Augouard, Denis</relationEntry>
            <dateRange>
               <fromDate standardDate="1987-07-08">8 juillet 1987</fromDate>
            </dateRange>
         </cpfRelation>
         <cpfRelation xmlns:xlink="http://www.w3.org/1999/xlink"
                      cpfRelationType="associative"
                      xlink:href="FRAN_NP_010321"
                      xlink:type="simple">
            <relationEntry>Augouard, René-Etienne</relationEntry>
            <dateRange>
               <fromDate standardDate="1881-12-28">28 décembre 1881</fromDate>
               <toDate standardDate="1897-06-02">2 juin 1897</toDate>
            </dateRange>
         </cpfRelation>
         <cpfRelation xmlns:xlink="http://www.w3.org/1999/xlink"
                      cpfRelationType="associative"
                      xlink:href="FRAN_NP_010322"
                      xlink:type="simple">
            <relationEntry>Watin-Augouard, Robert</relationEntry>
            <dateRange>
               <fromDate standardDate="1921-12-31">31 décembre 1921</fromDate>
               <toDate standardDate="1954-06-09">9 juin 1954</toDate>
            </dateRange>
         </cpfRelation>
         <cpfRelation xmlns:xlink="http://www.w3.org/1999/xlink"
                      cpfRelationType="associative"
                      xlink:href="FRAN_NP_010823"
                      xlink:type="simple">
            <relationEntry>Paillat, Yves</relationEntry>
            <dateRange>
               <fromDate standardDate="1976-09-29">29 septembre 1976</fromDate>
               <toDate standardDate="1996-02-02">2 février 1996</toDate>
            </dateRange>
         </cpfRelation>
         <cpfRelation xmlns:xlink="http://www.w3.org/1999/xlink"
                      cpfRelationType="associative"
                      xlink:href="FRAN_NP_010912"
                      xlink:type="simple">
            <relationEntry>Philippot, Auguste Henri</relationEntry>
            <dateRange>
               <fromDate standardDate="1897-06-02">2 juin 1897</fromDate>
               <toDate standardDate="1921-12-31">31 décembre 1921</toDate>
            </dateRange>
         </cpfRelation>
         <cpfRelation xmlns:xlink="http://www.w3.org/1999/xlink"
                      cpfRelationType="associative"
                      xlink:href="FRAN_NP_011159"
                      xlink:type="simple">
            <relationEntry>Meunié, Hubert</relationEntry>
            <dateRange>
               <fromDate standardDate="2002-08-08">08 août 2002</fromDate>
            </dateRange>
         </cpfRelation>
         <cpfRelation xmlns:xlink="http://www.w3.org/1999/xlink"
                      cpfRelationType="associative"
                      xlink:href="FRAN_NP_013330"
                      xlink:type="simple">
            <relationEntry>Grosjean, Xavier</relationEntry>
            <dateRange>
               <fromDate standardDate="2007-03-11">11 mars 2007</fromDate>
            </dateRange>
         </cpfRelation>
         <cpfRelation xmlns:xlink="http://www.w3.org/1999/xlink"
                      cpfRelationType="associative"
                      xlink:href="FRAN_NP_012847"
                      xlink:type="simple">
            <relationEntry>Benard, Claude</relationEntry>
            <dateRange>
               <fromDate standardDate="1717-01-30">30 janvier 1717</fromDate>
               <toDate standardDate="1742-06-26">26 juin 1742</toDate>
            </dateRange>
         </cpfRelation>
         <cpfRelation xmlns:xlink="http://www.w3.org/1999/xlink"
                      cpfRelationType="associative"
                      xlink:href="FRAN_NP_011865"
                      xlink:type="simple">
            <relationEntry>Gaudray, François</relationEntry>
            <dateRange>
               <fromDate standardDate="1785-11-05">5 novembre 1785</fromDate>
               <toDate standardDate="1793-07-11">11 juillet 1793</toDate>
            </dateRange>
         </cpfRelation>
         <cpfRelation xmlns:xlink="http://www.w3.org/1999/xlink"
                      cpfRelationType="associative"
                      xlink:href="FRAN_NP_011177"
                      xlink:type="simple">
            <relationEntry>Michot, Yann</relationEntry>
            <dateRange>
               <fromDate standardDate="1996-02-21">21 février 1996</fromDate>
            </dateRange>
         </cpfRelation>
         <cpfRelation xmlns:xlink="http://www.w3.org/1999/xlink"
                      cpfRelationType="associative"
                      xlink:href="FRAN_NP_011317"
                      xlink:type="simple">
            <relationEntry>Laisné, Louis-Claude</relationEntry>
            <dateRange>
               <fromDate standardDate="1794-08-12">12 août 1794</fromDate>
               <toDate standardDate="1821-02-28">28 février 1821</toDate>
            </dateRange>
         </cpfRelation>
         <cpfRelation xmlns:xlink="http://www.w3.org/1999/xlink"
                      cpfRelationType="associative"
                      xlink:href="FRAN_NP_011358"
                      xlink:type="simple">
            <relationEntry>Lardin, Nicolas</relationEntry>
            <dateRange>
               <fromDate standardDate="1776-02-03">3 février 1776</fromDate>
               <toDate standardDate="1785-11-03">3 novembre 1785</toDate>
            </dateRange>
         </cpfRelation>
         <cpfRelation xmlns:xlink="http://www.w3.org/1999/xlink"
                      cpfRelationType="associative"
                      xlink:href="FRAN_NP_011412"
                      xlink:type="simple">
            <relationEntry>Le jay, François</relationEntry>
            <dateRange>
               <fromDate standardDate="1746-08-09">9 août 1746</fromDate>
               <toDate standardDate="1775-12-19">19 décembre 1775</toDate>
            </dateRange>
         </cpfRelation>
         <cpfRelation xmlns:xlink="http://www.w3.org/1999/xlink"
                      cpfRelationType="associative"
                      xlink:href="FRAN_NP_012208"
                      xlink:type="simple">
            <relationEntry>Danloux-Dumesnils, Guillaume</relationEntry>
            <dateRange>
               <fromDate standardDate="1821-02-28">28 février 1821</fromDate>
               <toDate standardDate="1842-03-11">11 mars 1842</toDate>
            </dateRange>
         </cpfRelation>
         <cpfRelation xmlns:xlink="http://www.w3.org/1999/xlink"
                      cpfRelationType="associative"
                      xlink:href="FRAN_NP_012209"
                      xlink:type="simple">
            <relationEntry>Madre, Adolphe de</relationEntry>
            <dateRange>
               <fromDate standardDate="1842-03-11">11 mars 1842</fromDate>
               <toDate standardDate="1881-12-28">28 décembre 1881</toDate>
            </dateRange>
         </cpfRelation>
         <cpfRelation xmlns:xlink="http://www.w3.org/1999/xlink"
                      cpfRelationType="associative"
                      xlink:href="FRAN_NP_012210"
                      xlink:type="simple">
            <relationEntry>Dusart, Geoffroy</relationEntry>
            <dateRange>
               <fromDate standardDate="1686-05-20">20 mai 1686</fromDate>
               <toDate standardDate="1717-01-29">29 janvier 1717</toDate>
            </dateRange>
         </cpfRelation>
         <cpfRelation xmlns:xlink="http://www.w3.org/1999/xlink"
                      cpfRelationType="associative"
                      xlink:href="FRAN_NP_012530"
                      xlink:type="simple">
            <relationEntry>Cornet, Alexandre</relationEntry>
            <dateRange>
               <fromDate standardDate="1742-06-27">27 juin 1742</fromDate>
               <toDate standardDate="1746-07-08">8 juillet 1746</toDate>
            </dateRange>
         </cpfRelation>
         <resourceRelation xmlns:xlink="http://www.w3.org/1999/xlink"
                           resourceRelationType="creatorOf"
                           xlink:href="FRAN_IR_041777"
                           xlink:type="simple">
            <relationEntry localType="archival">Minutes et répertoires du notaire Geoffroy DUSART, 26 mai 1686 - 29 janvier 1717 (étude XXVIII)</relationEntry>
         </resourceRelation>
         <resourceRelation xmlns:xlink="http://www.w3.org/1999/xlink"
                           resourceRelationType="creatorOf"
                           xlink:href="FRAN_IR_041778"
                           xlink:type="simple">
            <relationEntry localType="archival">Minutes et répertoires du notaire Claude BENARD, 30 janvier 1717 - 26 juin 1742 (étude XXVIII)</relationEntry>
         </resourceRelation>
         <resourceRelation xmlns:xlink="http://www.w3.org/1999/xlink"
                           resourceRelationType="creatorOf"
                           xlink:href="FRAN_IR_041779"
                           xlink:type="simple">
            <relationEntry localType="archival">Minutes et répertoires du notaire Alexandre CORNET, 27 juin 1742 - 7 août 1746 (étude XXVIII)</relationEntry>
         </resourceRelation>
         <resourceRelation xmlns:xlink="http://www.w3.org/1999/xlink"
                           resourceRelationType="creatorOf"
                           xlink:href="FRAN_IR_041780"
                           xlink:type="simple">
            <relationEntry localType="archival">Minutes et répertoires du notaire François LE JAY, 9 août 1746 - 2 février 1776 (étude XXVIII)</relationEntry>
         </resourceRelation>
         <resourceRelation xmlns:xlink="http://www.w3.org/1999/xlink"
                           resourceRelationType="creatorOf"
                           xlink:href="FRAN_IR_041781"
                           xlink:type="simple">
            <relationEntry localType="archival">Minutes et répertoires du notaire François LE JAY, 9 août 1746 - décembre 1755 (étude XXVIII)</relationEntry>
         </resourceRelation>
         <resourceRelation xmlns:xlink="http://www.w3.org/1999/xlink"
                           resourceRelationType="creatorOf"
                           xlink:href="FRAN_IR_041782"
                           xlink:type="simple">
            <relationEntry localType="archival">Minutes et répertoires du notaire François LE JAY, janvier 1756 - décembre 1765 (étude XXVIII)</relationEntry>
         </resourceRelation>
         <resourceRelation xmlns:xlink="http://www.w3.org/1999/xlink"
                           resourceRelationType="creatorOf"
                           xlink:href="FRAN_IR_041783"
                           xlink:type="simple">
            <relationEntry localType="archival">Minutes et répertoires du notaire François LE JAY, janvier 1766 - décembre 1775 (étude XXVIII)</relationEntry>
         </resourceRelation>
         <resourceRelation xmlns:xlink="http://www.w3.org/1999/xlink"
                           resourceRelationType="creatorOf"
                           xlink:href="FRAN_IR_041784"
                           xlink:type="simple">
            <relationEntry localType="archival">Minutes et répertoires du notaire François LE JAY, janvier 1776 - 2 février 1776 (étude XXVIII)</relationEntry>
         </resourceRelation>
         <resourceRelation xmlns:xlink="http://www.w3.org/1999/xlink"
                           resourceRelationType="creatorOf"
                           xlink:href="FRAN_IR_041787"
                           xlink:type="simple">
            <relationEntry localType="archival">Minutes et répertoires du notaire Nicolas LARDIN, 3 février 1776 - 4 novembre 1785 (étude XXVIII)</relationEntry>
         </resourceRelation>
         <resourceRelation xmlns:xlink="http://www.w3.org/1999/xlink"
                           resourceRelationType="creatorOf"
                           xlink:href="FRAN_IR_041788"
                           xlink:type="simple">
            <relationEntry localType="archival">Minutes et répertoires du notaire François GAUDRAY, 5 novembre 1785 - 23 juillet 1793 (étude XXVIII)</relationEntry>
         </resourceRelation>
         <resourceRelation xmlns:xlink="http://www.w3.org/1999/xlink"
                           resourceRelationType="creatorOf"
                           xlink:href="FRAN_IR_041789"
                           xlink:type="simple">
            <relationEntry localType="archival">Minutes et répertoires du notaire Louis Claude LAISNÉ, 13 août 1794 - 27 février 1821 (étude XXVIII)</relationEntry>
         </resourceRelation>
         <resourceRelation xmlns:xlink="http://www.w3.org/1999/xlink"
                           resourceRelationType="creatorOf"
                           xlink:href="FRAN_IR_041790"
                           xlink:type="simple">
            <relationEntry localType="archival">Minutes et répertoires du notaire Louis Claude LAISNÉ, 13 août 1794 - 21 janvier 1804 (étude XXVIII)</relationEntry>
         </resourceRelation>
         <resourceRelation xmlns:xlink="http://www.w3.org/1999/xlink"
                           resourceRelationType="creatorOf"
                           xlink:href="FRAN_IR_041791"
                           xlink:type="simple">
            <relationEntry localType="archival">Minutes et répertoires du notaire Louis Claude LAISNÉ, 22 janvier 1804 - décembre 1813 (étude XXVIII)</relationEntry>
         </resourceRelation>
         <resourceRelation xmlns:xlink="http://www.w3.org/1999/xlink"
                           resourceRelationType="creatorOf"
                           xlink:href="FRAN_IR_041792"
                           xlink:type="simple">
            <relationEntry localType="archival">Minutes et répertoires du notaire Louis Claude LAISNÉ, janvier 1814 - 27 février 1821 (étude XXVIII)</relationEntry>
         </resourceRelation>
         <resourceRelation xmlns:xlink="http://www.w3.org/1999/xlink"
                           resourceRelationType="creatorOf"
                           xlink:href="FRAN_IR_041793"
                           xlink:type="simple">
            <relationEntry localType="archival">Minutes et répertoires du notaire Guillaume DANLOUX-DUMESNILS, 28 février 1821 - 11 mars 1842 (étude XXVIII)</relationEntry>
         </resourceRelation>
         <resourceRelation xmlns:xlink="http://www.w3.org/1999/xlink"
                           resourceRelationType="creatorOf"
                           xlink:href="FRAN_IR_041794"
                           xlink:type="simple">
            <relationEntry localType="archival">Minutes et répertoires du notaire Guillaume DANLOUX-DUMESNILS, 28 février 1821 - décembre 1830 (étude XXVIII)</relationEntry>
         </resourceRelation>
         <resourceRelation xmlns:xlink="http://www.w3.org/1999/xlink"
                           resourceRelationType="creatorOf"
                           xlink:href="FRAN_IR_041795"
                           xlink:type="simple">
            <relationEntry localType="archival">Minutes et répertoires du notaire Guillaume DANLOUX-DUMESNILS, janvier 1831 - décembre 1840 (étude XXVIII)</relationEntry>
         </resourceRelation>
         <resourceRelation xmlns:xlink="http://www.w3.org/1999/xlink"
                           resourceRelationType="creatorOf"
                           xlink:href="FRAN_IR_041796"
                           xlink:type="simple">
            <relationEntry localType="archival">Minutes et répertoires du notaire Guillaume DANLOUX-DUMESNILS, janvier 1841 - 11 mars1842 (étude XXVIII)</relationEntry>
         </resourceRelation>
         <resourceRelation xmlns:xlink="http://www.w3.org/1999/xlink"
                           resourceRelationType="creatorOf"
                           xlink:href="FRAN_IR_041798"
                           xlink:type="simple">
            <relationEntry localType="archival">Minutes et répertoires du notaire René Étienne AUGOUARD, 28 décembre 1881 - 30 juin 1896 (étude XXVIII)</relationEntry>
         </resourceRelation>
         <resourceRelation xmlns:xlink="http://www.w3.org/1999/xlink"
                           resourceRelationType="creatorOf"
                           xlink:href="FRAN_IR_041776"
                           xlink:type="simple">
            <relationEntry localType="archival">Archives de l'étude XXVIII</relationEntry>
         </resourceRelation>
         <resourceRelation xmlns:xlink="http://www.w3.org/1999/xlink"
                           resourceRelationType="creatorOf"
                           xlink:href="FRAN_IR_041797"
                           xlink:type="simple">
            <relationEntry localType="archival">Minutes et répertoires du notaire Adolphe de MADRE, 11 mars 1842 - 28 décembre 1881 (étude XXVIII)</relationEntry>
         </resourceRelation>
         <resourceRelation xmlns:xlink="http://www.w3.org/1999/xlink"
                           resourceRelationType="creatorOf"
                           xlink:href="FRAN_IR_050881"
                           xlink:type="simple">
            <relationEntry localType="archival">«Mélanges» (dossiers de clients) de l’étude XXVIII. MC/ET/XXVIII/715 (1727-1820)</relationEntry>
         </resourceRelation>
         <resourceRelation xmlns:xlink="http://www.w3.org/1999/xlink"
                           resourceRelationType="creatorOf"
                           xlink:href="FRAN_IR_051890"
                           xlink:type="simple">
            <relationEntry localType="archival">Images du répertoire du notaire Geoffroy Dusart pour l'étude XXVIII</relationEntry>
         </resourceRelation>
         <resourceRelation xmlns:xlink="http://www.w3.org/1999/xlink"
                           resourceRelationType="creatorOf"
                           xlink:href="FRAN_IR_051892"
                           xlink:type="simple">
            <relationEntry localType="archival">Images des répertoires du notaire Claude Benard pour l'étude XXVIII</relationEntry>
         </resourceRelation>
         <resourceRelation xmlns:xlink="http://www.w3.org/1999/xlink"
                           resourceRelationType="creatorOf"
                           xlink:href="FRAN_IR_051889"
                           xlink:type="simple">
            <relationEntry localType="archival">Images du répertoire du notaire Alexandre Cornet pour l'étude XXVIII</relationEntry>
         </resourceRelation>
         <resourceRelation xmlns:xlink="http://www.w3.org/1999/xlink"
                           resourceRelationType="creatorOf"
                           xlink:href="FRAN_IR_051886"
                           xlink:type="simple">
            <relationEntry localType="archival">Images du répertoire du notaire François Gaudray pour l'étude XXVIII</relationEntry>
         </resourceRelation>
         <resourceRelation xmlns:xlink="http://www.w3.org/1999/xlink"
                           resourceRelationType="creatorOf"
                           xlink:href="FRAN_IR_051885"
                           xlink:type="simple">
            <relationEntry localType="archival">Images des répertoires du notaire François Le Jay pour l'étude XXVIII</relationEntry>
         </resourceRelation>
         <resourceRelation xmlns:xlink="http://www.w3.org/1999/xlink"
                           resourceRelationType="creatorOf"
                           xlink:href="FRAN_IR_051884"
                           xlink:type="simple">
            <relationEntry localType="archival">Images du répertoire du notaire Nicolas Lardin pour l'étude XXVIII</relationEntry>
         </resourceRelation>
         <resourceRelation xmlns:xlink="http://www.w3.org/1999/xlink"
                           resourceRelationType="creatorOf"
                           xlink:href="FRAN_IR_051888"
                           xlink:type="simple">
            <relationEntry localType="archival">Images des répertoires du notaire Guillaume Danloux-Dumesnils pour l'étude XXVIII</relationEntry>
         </resourceRelation>
         <resourceRelation xmlns:xlink="http://www.w3.org/1999/xlink"
                           resourceRelationType="creatorOf"
                           xlink:href="FRAN_IR_051891"
                           xlink:type="simple">
            <relationEntry localType="archival">Images des répertoires du notaire Adolphe de Madre pour l'étude XXVIII</relationEntry>
         </resourceRelation>
         <resourceRelation xmlns:xlink="http://www.w3.org/1999/xlink"
                           resourceRelationType="creatorOf"
                           xlink:href="FRAN_IR_056180"
                           xlink:type="simple">
            <relationEntry localType="archival">Images des répertoires du notaire Louis Claude Laisné pour l'étude XXVIII</relationEntry>
         </resourceRelation>
         <resourceRelation xmlns:xlink="http://www.w3.org/1999/xlink"
                           resourceRelationType="creatorOf"
                           xlink:href="FRAN_IR_056182"
                           xlink:type="simple">
            <relationEntry localType="archival">Images des répertoires du notaire René Étienne Augouard pour l'étude XXVIII</relationEntry>
         </resourceRelation>
      </relations>
   </cpfDescription>
</eac-cpf>
