<eac-cpf xmlns="urn:isbn:1-931666-33-4"
         xmlns:xsi="http://www.w3.org/2001/XMLSchema-instance"
         xsi:schemaLocation="urn:isbn:1-931666-33-4 cpf.xsd">
   <control>
      <recordId>FRAN_NP_010522</recordId>
      <otherRecordId localType="Ancien_identifiant">FRDAFANCH00MC_NANOTAIRE00235</otherRecordId>
      <maintenanceStatus>derived</maintenanceStatus>
      <maintenanceAgency>
         <agencyName>Archives nationales de France</agencyName>
      </maintenanceAgency>
      <languageDeclaration>
         <language languageCode="fre">Français</language>
         <script scriptCode="Latn"/>
      </languageDeclaration>
      <conventionDeclaration>
         <citation>Notice établie conformément à la norme ICA-ISAAR (CPF) 2004, aux normes ISO 8601 pour le système de normalisation des dates utilisé, ainsi que AFNOR NF Z 44-061, juin 1986. Catalogage : forme et structure des vedettes noms de personne, des vedettes titres, des rubriques de classement et des titres forgés.</citation>
      </conventionDeclaration>
      <localControl localType="niveau_de_detail">
         <term>Moyenne</term>
      </localControl>
      <maintenanceHistory>
         <maintenanceEvent>
            <eventType>derived</eventType>
            <eventDateTime>2015-09-30</eventDateTime>
            <agentType>machine</agentType>
            <agent>Migration ETANOT</agent>
         </maintenanceEvent>
      </maintenanceHistory>
      <sources>
         <source>
            <descriptiveNote>
               <p>M. F. LIMON, Les notaires au Châtelet sous le règne de Louis XIV, Toulouse, presses universitaires du Mirail, 1992, p. 415-416</p>
            </descriptiveNote>
         </source>
      </sources>
   </control>
   <cpfDescription>
      <identity>
         <entityType>person</entityType>
         <nameEntry localType="autorisée" scriptCode="Latn" xml:lang="fre">
            <part>Sainfray, Charles</part>
         </nameEntry>
      </identity>
      <description>
         <existDates>
            <dateRange>
               <fromDate standardDate="1663-04-16">16 avril 1663</fromDate>
               <toDate standardDate="1699-12-31">1699</toDate>
            </dateRange>
            <descriptiveNote>
               <p>Les dates d'existence de la personne ne sont pas connues et sont évaluées d'après les dates d'exercice en tant que notaire</p>
            </descriptiveNote>
         </existDates>
         <places>
            <place>
               <placeRole>Lieu de Paris</placeRole>
               <placeEntry localType="paroisse" vocabularySource="d3nyvow9c3--1ln2rhczl581f">saint-eustache (paroisse)</placeEntry>
               <placeEntry localType="voie" vocabularySource="d3nzc47wbl-1a2g6xqjbuj5s">montmartre (rue)</placeEntry>
               <placeEntry localType="voie" vocabularySource="d3nzbv02vk-do5s9m0mdd8o">mail (rue du)</placeEntry>
               <placeEntry localType="nomLieu">rue du Mail, rue Montmartre</placeEntry>
            </place>
         </places>
         <functions>
            <function>
               <term vocabularySource="d3nyui3o8w--11y7jgy8q3wnt">notaire à paris</term>
               <dateRange>
                  <fromDate standardDate="1663-04-16">16 avril 1663</fromDate>
                  <toDate standardDate="1699-12-31">1699</toDate>
               </dateRange>
            </function>
         </functions>
         <biogHist>
            <p>marié à Geneviève Chuppin, soeur des notaires Pierre Chuppin (étude XXI) et Jean Chuppin (étude XXXIII) (voir ET/XX/369, 29 novembre 1686, contrat de mariage entre Bernard Oursel et Françoise-Angélique Chuppin, en présence de Jean et Pierre Chuppin, oncles de la future épouse, et Charles Sainfray, oncle à cause de Geneviève Chuppin, sa femme)</p>
            <p>père de Jean Sainfray, notaire de l'étude XVI</p>
            <p>échevin de Paris en 1684</p>
            <p>mort le 30 décembre 1699</p>
         </biogHist>
      </description>
      <relations>
         <cpfRelation xmlns:xlink="http://www.w3.org/1999/xlink"
                      cpfRelationType="associative"
                      xlink:href="FRAN_NP_010147"
                      xlink:type="simple">
            <relationEntry>Etude notariale XX</relationEntry>
            <dateRange>
               <fromDate standardDate="1663-04-16">16 avril 1663</fromDate>
               <toDate standardDate="1699-12-31">1699</toDate>
            </dateRange>
         </cpfRelation>
         <resourceRelation resourceRelationType="other">
            <relationEntry localType="archival">ET/CXII/98, 28 mars 1663, traité d'office de notaire entre Guillaume Le Roux et Charles Sainfray</relationEntry>
         </resourceRelation>
         <resourceRelation xmlns:xlink="http://www.w3.org/1999/xlink"
                           resourceRelationType="creatorOf"
                           xlink:href="FRAN_IR_041632"
                           xlink:type="simple">
            <relationEntry localType="archival">Minutes et répertoires du notaire Charles SAINFRAY, 16 avril 1663 - 13 janvier 1700 (étude XX)</relationEntry>
         </resourceRelation>
         <resourceRelation xmlns:xlink="http://www.w3.org/1999/xlink"
                           resourceRelationType="creatorOf"
                           xlink:href="FRAN_IR_043324"
                           xlink:type="simple">
            <relationEntry localType="archival">Minutes et répertoires du notaire Bernard MOUSNIER, 1658 - 1683 (étude CXII)</relationEntry>
         </resourceRelation>
         <resourceRelation xmlns:xlink="http://www.w3.org/1999/xlink"
                           resourceRelationType="creatorOf"
                           xlink:href="FRAN_IR_051232"
                           xlink:type="simple">
            <relationEntry localType="archival">Images des répertoires du notaire Charles Sainfray pour l'étude XX</relationEntry>
         </resourceRelation>
      </relations>
   </cpfDescription>
</eac-cpf>
