<eac-cpf xmlns="urn:isbn:1-931666-33-4"
         xmlns:xsi="http://www.w3.org/2001/XMLSchema-instance"
         xsi:schemaLocation="urn:isbn:1-931666-33-4 cpf.xsd">
   <control>
      <recordId>FRAN_NP_010585</recordId>
      <otherRecordId localType="Ancien_identifiant">FRDAFANCH00MC_NANOTAIRE00304</otherRecordId>
      <maintenanceStatus>derived</maintenanceStatus>
      <maintenanceAgency>
         <agencyName>Archives nationales de France</agencyName>
      </maintenanceAgency>
      <languageDeclaration>
         <language languageCode="fre">Français</language>
         <script scriptCode="Latn"/>
      </languageDeclaration>
      <conventionDeclaration>
         <citation>Notice établie conformément à la norme ICA-ISAAR (CPF) 2004, aux normes ISO 8601 pour le système de normalisation des dates utilisé, ainsi que AFNOR NF Z 44-061, juin 1986. Catalogage : forme et structure des vedettes noms de personne, des vedettes titres, des rubriques de classement et des titres forgés.</citation>
      </conventionDeclaration>
      <localControl localType="niveau_de_detail">
         <term>Moyenne</term>
      </localControl>
      <maintenanceHistory>
         <maintenanceEvent>
            <eventType>derived</eventType>
            <eventDateTime>2013-04-23</eventDateTime>
            <agentType>machine</agentType>
            <agent>Migration ETANOT</agent>
         </maintenanceEvent>
      </maintenanceHistory>
   </control>
   <cpfDescription>
      <identity>
         <entityType>person</entityType>
         <nameEntry localType="autorisée" scriptCode="Latn" xml:lang="fre">
            <part>Silvestre, Jacques</part>
         </nameEntry>
      </identity>
      <description>
         <existDates>
            <dateRange>
               <fromDate standardDate="1723-06-21">21 juin 1723</fromDate>
               <toDate standardDate="1752-02-01">1er février 1752</toDate>
            </dateRange>
            <descriptiveNote>
               <p>Les dates d'existence de la personne ne sont pas connues et sont évaluées d'après les dates d'exercice en tant que notaire</p>
            </descriptiveNote>
         </existDates>
         <places>
            <place>
               <placeRole>Lieu de Paris</placeRole>
               <placeEntry localType="paroisse" vocabularySource="d3nyvosba5--16qzzcu3058e5">saint-andré-des-arts (paroisse)</placeEntry>
               <placeEntry localType="paroisse" vocabularySource="d3nyvp8zed--rdzkw0dkb1pg">saint-paul (paroisse)</placeEntry>
               <placeEntry localType="quartier" vocabularySource="d3nyvgpu25-95rr5q73ymvw">saint-andré-des-arts (quartier)</placeEntry>
               <placeEntry localType="quartier" vocabularySource="d3nyvgzo81-ac33i47d7v7m">saint-paul (quartier)</placeEntry>
               <placeEntry localType="voie" vocabularySource="d3nz9s8k8f--1iy5px88cmw67">dauphine (rue)</placeEntry>
               <placeEntry localType="voie" vocabularySource="d3nzd665e9-y1sk251q6no1">saint-paul (rue)</placeEntry>
               <placeEntry localType="nomLieu">rue Dauphine, du côté du pont-Neuf (de 1723 à 1724), rue Saint-Paul, vis-à-vis l'église Saint-Paul (de 1725 à 1752)</placeEntry>
            </place>
         </places>
         <functions>
            <function>
               <term vocabularySource="d3nyui3o8w--11y7jgy8q3wnt">notaire à paris</term>
               <dateRange>
                  <fromDate standardDate="1723-06-21">21 juin 1723</fromDate>
                  <toDate standardDate="1752-02-01">1er février 1752</toDate>
               </dateRange>
            </function>
         </functions>
         <biogHist>
            <p>notaire substituant de maître Cornet (étude XXVIII) du 12 juillet 1746 au 7 août 1746</p>
         </biogHist>
      </description>
      <relations>
         <cpfRelation xmlns:xlink="http://www.w3.org/1999/xlink"
                      cpfRelationType="associative"
                      xlink:href="FRAN_NP_010133"
                      xlink:type="simple">
            <relationEntry>Etude VI</relationEntry>
            <dateRange>
               <fromDate standardDate="1723-06-21">21 juin 1723</fromDate>
               <toDate standardDate="1752-02-01">1er février 1752</toDate>
            </dateRange>
         </cpfRelation>
         <resourceRelation xmlns:xlink="http://www.w3.org/1999/xlink"
                           resourceRelationType="creatorOf"
                           xlink:href="FRAN_IR_041225"
                           xlink:type="simple">
            <relationEntry localType="archival">Minutes et répertoires du notaire Jacques SILVESTRE, 21 juin 1723 - 1er février 1752 (étude VI)</relationEntry>
         </resourceRelation>
      </relations>
   </cpfDescription>
</eac-cpf>
