<eac-cpf xmlns="urn:isbn:1-931666-33-4"
         xmlns:xsi="http://www.w3.org/2001/XMLSchema-instance"
         xsi:schemaLocation="urn:isbn:1-931666-33-4 cpf.xsd">
   <control>
      <recordId>FRAN_NP_010132</recordId>
      <otherRecordId localType="Ancien_identifiant">FRDAFANCH00MC_NAETUDE_005</otherRecordId>
      <maintenanceStatus>derived</maintenanceStatus>
      <maintenanceAgency>
         <agencyName>Archives nationales de France</agencyName>
      </maintenanceAgency>
      <languageDeclaration>
         <language languageCode="fre">Français</language>
         <script scriptCode="Latn"/>
      </languageDeclaration>
      <conventionDeclaration>
         <citation>Notice établie conformément à la norme ICA-ISAAR (CPF) 2004, aux normes ISO 8601 pour le système de normalisation des dates utilisé, ainsi que AFNOR NF Z 44-061, juin 1986. Catalogage : forme et structure des vedettes noms de personne, des vedettes titres, des rubriques de classement et des titres forgés.</citation>
      </conventionDeclaration>
      <localControl localType="niveau_de_detail">
         <term>Moyenne</term>
      </localControl>
      <maintenanceHistory>
         <maintenanceEvent>
            <eventType>derived</eventType>
            <eventDateTime>2013-04-23</eventDateTime>
            <agentType>machine</agentType>
            <agent>Migration ETANOT</agent>
         </maintenanceEvent>
      </maintenanceHistory>
   </control>
   <cpfDescription>
      <identity>
         <entityType>corporateBody</entityType>
         <nameEntry localType="autorisée" scriptCode="Latn" xml:lang="fre">
            <part>Etude V</part>
         </nameEntry>
         <nameEntry>
            <part>75042</part>
         </nameEntry>
      </identity>
      <description>
         <existDates>
            <dateRange>
               <fromDate standardDate="1577-01-01">1577</fromDate>
            </dateRange>
         </existDates>
         <places>
            <place>
               <placeRole>Lieu de Paris</placeRole>
               <placeEntry localType="nomLieu">5, rue Beaujon, 75008 PARIS</placeEntry>
            </place>
         </places>
         <functions>
            <function>
               <term vocabularySource="d3nyui3o8w--11y7jgy8q3wnt">notaire à paris</term>
               <dateRange>
                  <fromDate standardDate="1577-01-01">1577</fromDate>
                  <toDate/>
               </dateRange>
            </function>
         </functions>
         <biogHist>
            <p>Cette étude appartient au quartier de la Grève de 1608 à 1826 : rue de la Tissanderie jusqu'en 1653, puis place de Grève au coin de la rue Mouton. Me VINGTAIN transporte l'étude rue Montmartre (1826) où elle demeure jusqu'à son transfert, en 1873, rue du Quatre-Septembre. Les première liasses de l'étude (1579-1602) contiennent les minutes du notaire CHEFDEVILLE qui appartiennent à un fonds différent et concernent le quartier des Halles.</p>
         </biogHist>
      </description>
      <relations>
         <cpfRelation xmlns:xlink="http://www.w3.org/1999/xlink"
                      cpfRelationType="associative"
                      xlink:href="FRAN_NP_012148"
                      xlink:type="simple">
            <relationEntry>Desplanques, Charles Pierre</relationEntry>
            <dateRange>
               <fromDate standardDate="1911-07-19">19 juillet 1911</fromDate>
               <toDate standardDate="1946-04-30">30 avril 1946</toDate>
            </dateRange>
         </cpfRelation>
         <cpfRelation xmlns:xlink="http://www.w3.org/1999/xlink"
                      cpfRelationType="associative"
                      xlink:href="FRAN_NP_011574"
                      xlink:type="simple">
            <relationEntry>Lescuyer, Jean-François</relationEntry>
            <dateRange>
               <fromDate standardDate="1748-04-04">4 avril 1748</fromDate>
               <toDate standardDate="1769-02-01">1er février 1769</toDate>
            </dateRange>
         </cpfRelation>
         <cpfRelation xmlns:xlink="http://www.w3.org/1999/xlink"
                      cpfRelationType="associative"
                      xlink:href="FRAN_NP_010315"
                      xlink:type="simple">
            <relationEntry>Wargny, Hubert</relationEntry>
            <dateRange>
               <fromDate standardDate="1997-06-04">4 juin 1997</fromDate>
            </dateRange>
         </cpfRelation>
         <cpfRelation xmlns:xlink="http://www.w3.org/1999/xlink"
                      cpfRelationType="associative"
                      xlink:href="FRAN_NP_011249"
                      xlink:type="simple">
            <relationEntry>Motelet, Jean</relationEntry>
            <dateRange>
               <fromDate standardDate="1608-01-01">1608</fromDate>
               <toDate standardDate="1609-12-31">1609</toDate>
            </dateRange>
         </cpfRelation>
         <cpfRelation xmlns:xlink="http://www.w3.org/1999/xlink"
                      cpfRelationType="associative"
                      xlink:href="FRAN_NP_012464"
                      xlink:type="simple">
            <relationEntry>Cadot, Pierre</relationEntry>
            <dateRange>
               <fromDate standardDate="1697-09-11">11 septembre 1697</fromDate>
               <toDate standardDate="1726-02-04">4 février 1726</toDate>
            </dateRange>
         </cpfRelation>
         <cpfRelation xmlns:xlink="http://www.w3.org/1999/xlink"
                      cpfRelationType="associative"
                      xlink:href="FRAN_NP_011297"
                      xlink:type="simple">
            <relationEntry>Lachaise, François</relationEntry>
            <dateRange>
               <fromDate standardDate="1769-02-04">4 février 1769</fromDate>
               <toDate standardDate="1783-04-12">12 avril 1783</toDate>
            </dateRange>
         </cpfRelation>
         <cpfRelation xmlns:xlink="http://www.w3.org/1999/xlink"
                      cpfRelationType="associative"
                      xlink:href="FRAN_NP_011186"
                      xlink:type="simple">
            <relationEntry>Minguet, Jean-Baptiste</relationEntry>
            <dateRange>
               <fromDate standardDate="1783-04-12">12 avril 1783</fromDate>
               <toDate standardDate="1789-09-02">2 septembre 1789</toDate>
            </dateRange>
         </cpfRelation>
         <cpfRelation xmlns:xlink="http://www.w3.org/1999/xlink"
                      cpfRelationType="associative"
                      xlink:href="FRAN_NP_011955"
                      xlink:type="simple">
            <relationEntry>Grandrye, Pierre II</relationEntry>
            <dateRange>
               <fromDate standardDate="1645-06-10">10 juin 1645</fromDate>
               <toDate standardDate="1653-07-14">14 juillet 1653</toDate>
            </dateRange>
         </cpfRelation>
         <cpfRelation xmlns:xlink="http://www.w3.org/1999/xlink"
                      cpfRelationType="associative"
                      xlink:href="FRAN_NP_010441"
                      xlink:type="simple">
            <relationEntry>Thierry, Jean</relationEntry>
            <dateRange>
               <fromDate standardDate="1732-08-06">6 août 1732</fromDate>
               <toDate standardDate="1748-02-21">21 février 1748</toDate>
            </dateRange>
         </cpfRelation>
         <cpfRelation xmlns:xlink="http://www.w3.org/1999/xlink"
                      cpfRelationType="associative"
                      xlink:href="FRAN_NP_010390"
                      xlink:type="simple">
            <relationEntry>Vingtain, Jean</relationEntry>
            <dateRange>
               <fromDate standardDate="1798-09-02">2 septembre 1798</fromDate>
               <toDate standardDate="1822-04-30">30 avril 1822</toDate>
            </dateRange>
         </cpfRelation>
         <cpfRelation xmlns:xlink="http://www.w3.org/1999/xlink"
                      cpfRelationType="associative"
                      xlink:href="FRAN_NP_013320"
                      xlink:type="simple">
            <relationEntry>Masseline, Nicolas</relationEntry>
            <dateRange>
               <fromDate standardDate="2007-02-06">6 février 2007</fromDate>
            </dateRange>
         </cpfRelation>
         <cpfRelation xmlns:xlink="http://www.w3.org/1999/xlink"
                      cpfRelationType="associative"
                      xlink:href="FRAN_NP_011829"
                      xlink:type="simple">
            <relationEntry>Galand, René Emile Edmond</relationEntry>
            <dateRange>
               <fromDate standardDate="1946-04-30">30 avril 1946</fromDate>
               <toDate standardDate="1990-07-11">11 juillet 1990</toDate>
            </dateRange>
         </cpfRelation>
         <cpfRelation xmlns:xlink="http://www.w3.org/1999/xlink"
                      cpfRelationType="associative"
                      xlink:href="FRAN_NP_010644"
                      xlink:type="simple">
            <relationEntry>Renard, Charles Pierre Antoine Henri</relationEntry>
            <dateRange>
               <fromDate standardDate="1862-02-27">27 février 1862</fromDate>
               <toDate standardDate="1889-06-28">28 juin 1889</toDate>
            </dateRange>
         </cpfRelation>
         <cpfRelation xmlns:xlink="http://www.w3.org/1999/xlink"
                      cpfRelationType="associative"
                      xlink:href="FRAN_NP_012977"
                      xlink:type="simple">
            <relationEntry>Boudin de vesvres, Cyrus</relationEntry>
            <dateRange>
               <fromDate standardDate="1831-09-08">8 septembre 1831</fromDate>
               <toDate standardDate="1862-02-27">27 février 1862</toDate>
            </dateRange>
         </cpfRelation>
         <cpfRelation xmlns:xlink="http://www.w3.org/1999/xlink"
                      cpfRelationType="associative"
                      xlink:href="FRAN_NP_010695"
                      xlink:type="simple">
            <relationEntry>Robin, Ferdinand</relationEntry>
            <dateRange>
               <fromDate standardDate="1889-06-28">28 juin 1889</fromDate>
               <toDate standardDate="1911-07-19">19 juillet 1911</toDate>
            </dateRange>
         </cpfRelation>
         <cpfRelation xmlns:xlink="http://www.w3.org/1999/xlink"
                      cpfRelationType="associative"
                      xlink:href="FRAN_NP_011828"
                      xlink:type="simple">
            <relationEntry>Galand, Patrice</relationEntry>
            <dateRange>
               <fromDate standardDate="1990-07-11">11 juillet 1990</fromDate>
               <toDate standardDate="1996-12-31">1996</toDate>
            </dateRange>
         </cpfRelation>
         <cpfRelation xmlns:xlink="http://www.w3.org/1999/xlink"
                      cpfRelationType="associative"
                      xlink:href="FRAN_NP_011863"
                      xlink:type="simple">
            <relationEntry>Gaudin, Pierre</relationEntry>
            <dateRange>
               <fromDate standardDate="1653-07-17">17 juillet 1653</fromDate>
               <toDate standardDate="1687-04-15">15 avril 1687</toDate>
            </dateRange>
         </cpfRelation>
         <cpfRelation xmlns:xlink="http://www.w3.org/1999/xlink"
                      cpfRelationType="associative"
                      xlink:href="FRAN_NP_013321"
                      xlink:type="simple">
            <relationEntry>Paturel, Marc</relationEntry>
            <dateRange>
               <fromDate standardDate="2007-02-06">6 février 2007</fromDate>
            </dateRange>
         </cpfRelation>
         <cpfRelation xmlns:xlink="http://www.w3.org/1999/xlink"
                      cpfRelationType="associative"
                      xlink:href="FRAN_NP_010389"
                      xlink:type="simple">
            <relationEntry>Vingtain, Alphonse</relationEntry>
            <dateRange>
               <fromDate standardDate="1822-04-30">30 avril 1822</fromDate>
               <toDate standardDate="1831-09-08">8 septembre 1831</toDate>
            </dateRange>
         </cpfRelation>
         <cpfRelation xmlns:xlink="http://www.w3.org/1999/xlink"
                      cpfRelationType="associative"
                      xlink:href="FRAN_NP_011954"
                      xlink:type="simple">
            <relationEntry>Grandrye, Pierre I</relationEntry>
            <dateRange>
               <fromDate standardDate="1608-02-04">4 février 1608</fromDate>
               <toDate standardDate="1645-05-02">2 mai 1645</toDate>
            </dateRange>
         </cpfRelation>
         <cpfRelation xmlns:xlink="http://www.w3.org/1999/xlink"
                      cpfRelationType="associative"
                      xlink:href="FRAN_NP_013294"
                      xlink:type="simple">
            <relationEntry>N'diaye, Justine</relationEntry>
            <dateRange>
               <fromDate standardDate="2005-06-24">24 juin 2005</fromDate>
            </dateRange>
         </cpfRelation>
         <cpfRelation xmlns:xlink="http://www.w3.org/1999/xlink"
                      cpfRelationType="associative"
                      xlink:href="FRAN_NP_013535"
                      xlink:type="simple">
            <relationEntry>Carlier, Stéphane Marthe Lilliane</relationEntry>
            <dateRange>
               <fromDate standardDate="2011-12-09">9 décembre 2011</fromDate>
            </dateRange>
         </cpfRelation>
         <cpfRelation xmlns:xlink="http://www.w3.org/1999/xlink"
                      cpfRelationType="associative"
                      xlink:href="FRAN_NP_012465"
                      xlink:type="simple">
            <relationEntry>Chefdeville, René</relationEntry>
            <dateRange>
               <fromDate standardDate="1577-10-26">26 octobre 1577</fromDate>
               <toDate standardDate="1602-10-02">2 octobre 1602</toDate>
            </dateRange>
         </cpfRelation>
         <cpfRelation xmlns:xlink="http://www.w3.org/1999/xlink"
                      cpfRelationType="associative"
                      xlink:href="FRAN_NP_011243"
                      xlink:type="simple">
            <relationEntry>Morlon, Jacques</relationEntry>
            <dateRange>
               <fromDate standardDate="1687-04-16">16 avril 1687</fromDate>
               <toDate standardDate="1687-09-10">10 septembre 1687</toDate>
            </dateRange>
         </cpfRelation>
         <cpfRelation xmlns:xlink="http://www.w3.org/1999/xlink"
                      cpfRelationType="associative"
                      xlink:href="FRAN_NP_013425"
                      xlink:type="simple">
            <relationEntry>Cantoni, Jérôme</relationEntry>
            <dateRange>
               <fromDate standardDate="2009-06-03">3 juin 2009</fromDate>
            </dateRange>
         </cpfRelation>
         <cpfRelation xmlns:xlink="http://www.w3.org/1999/xlink"
                      cpfRelationType="associative"
                      xlink:href="FRAN_NP_011473"
                      xlink:type="simple">
            <relationEntry>Lefebvre, Gabriel</relationEntry>
            <dateRange>
               <fromDate standardDate="1725-05-08">8 mai 1725</fromDate>
               <toDate standardDate="1732-07-20">20 juillet 1732</toDate>
            </dateRange>
         </cpfRelation>
         <cpfRelation xmlns:xlink="http://www.w3.org/1999/xlink"
                      cpfRelationType="associative"
                      xlink:href="FRAN_NP_010893"
                      xlink:type="simple">
            <relationEntry>Perret, Thomas-Simon</relationEntry>
            <dateRange>
               <fromDate standardDate="1746-01-01">1746</fromDate>
               <toDate standardDate="1748-12-31">1748</toDate>
            </dateRange>
         </cpfRelation>
         <cpfRelation xmlns:xlink="http://www.w3.org/1999/xlink"
                      cpfRelationType="associative"
                      xlink:href="FRAN_NP_011654"
                      xlink:type="simple">
            <relationEntry>Katz, Alain</relationEntry>
            <dateRange>
               <fromDate standardDate="1999-05-19">19 mai 1999</fromDate>
            </dateRange>
         </cpfRelation>
         <resourceRelation xmlns:xlink="http://www.w3.org/1999/xlink"
                           resourceRelationType="subjectOf"
                           xlink:href="FRAN_IR_051686"
                           xlink:type="simple">
            <relationEntry localType="archival">Images des répertoires du notaire Renard, Charles Pierre Antoine Henri pour l'étude V</relationEntry>
         </resourceRelation>
         <resourceRelation xmlns:xlink="http://www.w3.org/1999/xlink"
                           resourceRelationType="subjectOf"
                           xlink:href="FRAN_IR_051687"
                           xlink:type="simple">
            <relationEntry localType="archival">Images des répertoires du notaire Ferdinand Robin pour l'étude V</relationEntry>
         </resourceRelation>
         <resourceRelation xmlns:xlink="http://www.w3.org/1999/xlink"
                           resourceRelationType="subjectOf"
                           xlink:href="FRAN_IR_051695"
                           xlink:type="simple">
            <relationEntry localType="archival">Images des répertoires du notaire Cyrus Boudin de Vesvres pour l'étude V</relationEntry>
         </resourceRelation>
         <resourceRelation xmlns:xlink="http://www.w3.org/1999/xlink"
                           resourceRelationType="creatorOf"
                           xlink:href="FRAN_IR_041183"
                           xlink:type="simple">
            <relationEntry localType="archival">Minutes et répertoires du notaire René CHEFDEVILLE, septembre 1577 - 4 octobre 1602 (étude V)</relationEntry>
         </resourceRelation>
         <resourceRelation xmlns:xlink="http://www.w3.org/1999/xlink"
                           resourceRelationType="creatorOf"
                           xlink:href="FRAN_IR_041185"
                           xlink:type="simple">
            <relationEntry localType="archival">Minutes et répertoires du notaire Pierre I GRANDRYE, 10 janvier 1608 - 2 mai 1645 (étude V)</relationEntry>
         </resourceRelation>
         <resourceRelation xmlns:xlink="http://www.w3.org/1999/xlink"
                           resourceRelationType="creatorOf"
                           xlink:href="FRAN_IR_041184"
                           xlink:type="simple">
            <relationEntry localType="archival">Minutes et répertoires du notaire Pierre II GRANDRYE, 13 juin 1645 - 14 juillet 1653 (étude V)</relationEntry>
         </resourceRelation>
         <resourceRelation xmlns:xlink="http://www.w3.org/1999/xlink"
                           resourceRelationType="creatorOf"
                           xlink:href="FRAN_IR_041186"
                           xlink:type="simple">
            <relationEntry localType="archival">Minutes et répertoires du notaire Pierre GAUDIN, 20 juillet 1653 - 15 avril 1687 (étude V)</relationEntry>
         </resourceRelation>
         <resourceRelation xmlns:xlink="http://www.w3.org/1999/xlink"
                           resourceRelationType="creatorOf"
                           xlink:href="FRAN_IR_041187"
                           xlink:type="simple">
            <relationEntry localType="archival">Minutes et répertoires du notaire Jacques MORLON, 16 avril 1687 - 5 septembre 1697 (étude V)</relationEntry>
         </resourceRelation>
         <resourceRelation xmlns:xlink="http://www.w3.org/1999/xlink"
                           resourceRelationType="creatorOf"
                           xlink:href="FRAN_IR_041188"
                           xlink:type="simple">
            <relationEntry localType="archival">Minutes et répertoires du notaire Pierre CADOT, 12 septembre 1697 - 4 février 1726 (étude V)</relationEntry>
         </resourceRelation>
         <resourceRelation xmlns:xlink="http://www.w3.org/1999/xlink"
                           resourceRelationType="creatorOf"
                           xlink:href="FRAN_IR_041189"
                           xlink:type="simple">
            <relationEntry localType="archival">Minutes et répertoires du notaire Gabriel LEFEBVRE, 8 mai 1726 - 14 juillet 1732 (étude V)</relationEntry>
         </resourceRelation>
         <resourceRelation xmlns:xlink="http://www.w3.org/1999/xlink"
                           resourceRelationType="creatorOf"
                           xlink:href="FRAN_IR_041191"
                           xlink:type="simple">
            <relationEntry localType="archival">Minutes et répertoires du notaire Jean THIERRY, 8 août 1732 - 14 mars 1748 (étude V)</relationEntry>
         </resourceRelation>
         <resourceRelation xmlns:xlink="http://www.w3.org/1999/xlink"
                           resourceRelationType="creatorOf"
                           xlink:href="FRAN_IR_041190"
                           xlink:type="simple">
            <relationEntry localType="archival">Minutes et répertoires du notaire Thomas Simon PERRET, 20 juin 1746 - 30 mars 1748 (étude V)</relationEntry>
         </resourceRelation>
         <resourceRelation xmlns:xlink="http://www.w3.org/1999/xlink"
                           resourceRelationType="creatorOf"
                           xlink:href="FRAN_IR_041193"
                           xlink:type="simple">
            <relationEntry localType="archival">Minutes et répertoires du notaire Jean François LESCUYER, 4 avril 1748 - 1er février 1769 (étude V)</relationEntry>
         </resourceRelation>
         <resourceRelation xmlns:xlink="http://www.w3.org/1999/xlink"
                           resourceRelationType="creatorOf"
                           xlink:href="FRAN_IR_041192"
                           xlink:type="simple">
            <relationEntry localType="archival">Minutes et répertoires du notaire François LACHAISE, 4 février 1769 - 10 avril 1783 (étude V)</relationEntry>
         </resourceRelation>
         <resourceRelation xmlns:xlink="http://www.w3.org/1999/xlink"
                           resourceRelationType="creatorOf"
                           xlink:href="FRAN_IR_041194"
                           xlink:type="simple">
            <relationEntry localType="archival">Minutes et répertoires du notaire Jean-Baptiste MINGUET, 12 avril 1783 - 1er septembre 1798 (étude V)</relationEntry>
         </resourceRelation>
         <resourceRelation xmlns:xlink="http://www.w3.org/1999/xlink"
                           resourceRelationType="creatorOf"
                           xlink:href="FRAN_IR_041195"
                           xlink:type="simple">
            <relationEntry localType="archival">Minutes et répertoires du notaire Jean VINGTAIN, 3 septembre 1798 - 29 avril 1822 (étude V)</relationEntry>
         </resourceRelation>
         <resourceRelation xmlns:xlink="http://www.w3.org/1999/xlink"
                           resourceRelationType="creatorOf"
                           xlink:href="FRAN_IR_041197"
                           xlink:type="simple">
            <relationEntry localType="archival">Minutes et répertoires du notaire Cyrus BOUDIN de VESVRES, 8 septembre 1831 - 26 février 1862 (étude V)</relationEntry>
         </resourceRelation>
         <resourceRelation xmlns:xlink="http://www.w3.org/1999/xlink"
                           resourceRelationType="creatorOf"
                           xlink:href="FRAN_IR_041198"
                           xlink:type="simple">
            <relationEntry localType="archival">Minutes et répertoires du notaire Charles Pierre Antoine Henri RENARD, 27 février 1862 - 28 juin 1889 (étude V)</relationEntry>
         </resourceRelation>
         <resourceRelation xmlns:xlink="http://www.w3.org/1999/xlink"
                           resourceRelationType="creatorOf"
                           xlink:href="FRAN_IR_041199"
                           xlink:type="simple">
            <relationEntry localType="archival">Minutes et répertoires du notaire Ferdinand ROBIN, 29 juin 1889 - avril 1899 (étude V)</relationEntry>
         </resourceRelation>
         <resourceRelation xmlns:xlink="http://www.w3.org/1999/xlink"
                           resourceRelationType="creatorOf"
                           xlink:href="FRAN_IR_041196"
                           xlink:type="simple">
            <relationEntry localType="archival">Minutes et répertoires du notaire Alphonse VINGTAIN, 30 avril 1822 - 7 septembre 1831 (étude V)</relationEntry>
         </resourceRelation>
         <resourceRelation xmlns:xlink="http://www.w3.org/1999/xlink"
                           resourceRelationType="creatorOf"
                           xlink:href="FRAN_IR_041182"
                           xlink:type="simple">
            <relationEntry localType="archival">Archives de l'étude V</relationEntry>
         </resourceRelation>
      </relations>
   </cpfDescription>
</eac-cpf>
