<eac-cpf xmlns="urn:isbn:1-931666-33-4"
         xmlns:xsi="http://www.w3.org/2001/XMLSchema-instance"
         xsi:schemaLocation="urn:isbn:1-931666-33-4 cpf.xsd">
   <control>
      <recordId>FRAN_NP_010214</recordId>
      <otherRecordId localType="Ancien_identifiant">FRDAFANCH00MC_NAETUDE_087</otherRecordId>
      <maintenanceStatus>derived</maintenanceStatus>
      <maintenanceAgency>
         <agencyName>Archives nationales de France</agencyName>
      </maintenanceAgency>
      <languageDeclaration>
         <language languageCode="fre">Français</language>
         <script scriptCode="Latn"/>
      </languageDeclaration>
      <conventionDeclaration>
         <citation>Notice établie conformément à la norme ICA-ISAAR (CPF) 2004, aux normes ISO 8601 pour le système de normalisation des dates utilisé, ainsi que AFNOR NF Z 44-061, juin 1986. Catalogage : forme et structure des vedettes noms de personne, des vedettes titres, des rubriques de classement et des titres forgés.</citation>
      </conventionDeclaration>
      <localControl localType="niveau_de_detail">
         <term>Moyenne</term>
      </localControl>
      <maintenanceHistory>
         <maintenanceEvent>
            <eventType>derived</eventType>
            <eventDateTime>2013-04-23</eventDateTime>
            <agentType>machine</agentType>
            <agent>Migration ETANOT</agent>
         </maintenanceEvent>
      </maintenanceHistory>
   </control>
   <cpfDescription>
      <identity>
         <entityType>corporateBody</entityType>
         <nameEntry localType="autorisée" scriptCode="Latn" xml:lang="fre">
            <part>Etude LXXXVII</part>
         </nameEntry>
         <nameEntry>
            <part>75037</part>
         </nameEntry>
      </identity>
      <description>
         <existDates>
            <dateRange>
               <fromDate standardDate="1520-01-01">1520</fromDate>
            </dateRange>
         </existDates>
         <places>
            <place>
               <placeRole>Lieu de Paris</placeRole>
               <placeEntry localType="nomLieu">68, rue de la Chaussée d'Antin, 75009 PARIS</placeEntry>
            </place>
         </places>
         <functions>
            <function>
               <term vocabularySource="d3nyui3o8w--11y7jgy8q3wnt">notaire à paris</term>
               <dateRange>
                  <fromDate standardDate="1520-01-01">1520</fromDate>
                  <toDate/>
               </dateRange>
            </function>
         </functions>
         <biogHist>
            <p>Du XVIIIème siècle jusqu'à l'Empire, les notaires de cette étude se succèdent rue Saint-Antoine. Au XIXème siècle, ils s'installent rue Vivienne (an XIV-1847), puis rue de la Chaussée d'Antin. Les 147 premières liasses de cette étude émanent de fonds divers dont les notaires résident rue Saint-Denis et rue Saint-Honoré (1539-1652).</p>
         </biogHist>
      </description>
      <relations>
         <cpfRelation xmlns:xlink="http://www.w3.org/1999/xlink"
                      cpfRelationType="associative"
                      xlink:href="FRAN_NP_010341"
                      xlink:type="simple">
            <relationEntry>Vassart, Nicolas II</relationEntry>
            <dateRange>
               <fromDate standardDate="1584-03-12">12 mars 1584</fromDate>
               <toDate standardDate="1588-01-16">16 janvier 1588</toDate>
            </dateRange>
         </cpfRelation>
         <cpfRelation xmlns:xlink="http://www.w3.org/1999/xlink"
                      cpfRelationType="associative"
                      xlink:href="FRAN_NP_010989"
                      xlink:type="simple">
            <relationEntry>Potron, Augustin-François</relationEntry>
            <dateRange>
               <fromDate standardDate="1805-08-29">29 août 1805</fromDate>
               <toDate standardDate="1828-07-30">30 juillet 1828</toDate>
            </dateRange>
         </cpfRelation>
         <cpfRelation xmlns:xlink="http://www.w3.org/1999/xlink"
                      cpfRelationType="associative"
                      xlink:href="FRAN_NP_011539"
                      xlink:type="simple">
            <relationEntry>Lenormant, Jean</relationEntry>
            <dateRange>
               <fromDate standardDate="1586-06-07">7 juin 1586</fromDate>
               <toDate standardDate="1618-05-01">1er mai 1618</toDate>
            </dateRange>
         </cpfRelation>
         <cpfRelation xmlns:xlink="http://www.w3.org/1999/xlink"
                      cpfRelationType="associative"
                      xlink:href="FRAN_NP_011541"
                      xlink:type="simple">
            <relationEntry>Léomon, Etienne</relationEntry>
            <dateRange>
               <fromDate standardDate="1591-01-21">21 janvier 1591</fromDate>
               <toDate standardDate="1637-11-10">10 novembre 1637</toDate>
            </dateRange>
         </cpfRelation>
         <cpfRelation xmlns:xlink="http://www.w3.org/1999/xlink"
                      cpfRelationType="associative"
                      xlink:href="FRAN_NP_011542"
                      xlink:type="simple">
            <relationEntry>Lepavec, Joseph</relationEntry>
            <dateRange>
               <fromDate standardDate="1971-01-06">6 janvier 1971</fromDate>
               <toDate standardDate="1995-01-18">18 janvier 1995</toDate>
            </dateRange>
         </cpfRelation>
         <cpfRelation xmlns:xlink="http://www.w3.org/1999/xlink"
                      cpfRelationType="associative"
                      xlink:href="FRAN_NP_011560"
                      xlink:type="simple">
            <relationEntry>Leroy, Claude I</relationEntry>
            <dateRange>
               <fromDate standardDate="1618-05-26">26 mai 1618</fromDate>
               <toDate standardDate="1669-05-27">27 mai 1669</toDate>
            </dateRange>
         </cpfRelation>
         <cpfRelation xmlns:xlink="http://www.w3.org/1999/xlink"
                      cpfRelationType="associative"
                      xlink:href="FRAN_NP_011562"
                      xlink:type="simple">
            <relationEntry>Leroy, Étienne</relationEntry>
            <dateRange>
               <fromDate standardDate="1608-01-01">1608</fromDate>
               <toDate standardDate="1611-12-31">1611</toDate>
            </dateRange>
         </cpfRelation>
         <cpfRelation xmlns:xlink="http://www.w3.org/1999/xlink"
                      cpfRelationType="associative"
                      xlink:href="FRAN_NP_011563"
                      xlink:type="simple">
            <relationEntry>Leroy, Jean</relationEntry>
            <dateRange>
               <fromDate standardDate="1582-04-16">16 avril 1582</fromDate>
               <toDate standardDate="1603-03-11">11 mars 1603</toDate>
            </dateRange>
         </cpfRelation>
         <cpfRelation xmlns:xlink="http://www.w3.org/1999/xlink"
                      cpfRelationType="associative"
                      xlink:href="FRAN_NP_012662"
                      xlink:type="simple">
            <relationEntry>Chartain, Lambert</relationEntry>
            <dateRange>
               <fromDate standardDate="1553-01-01">1er janvier 1553</fromDate>
               <toDate standardDate="1591-01-01">1er janvier 1591</toDate>
            </dateRange>
         </cpfRelation>
         <cpfRelation xmlns:xlink="http://www.w3.org/1999/xlink"
                      cpfRelationType="associative"
                      xlink:href="FRAN_NP_010412"
                      xlink:type="simple">
            <relationEntry>Tessier, Pierre-Christophe</relationEntry>
            <dateRange>
               <fromDate standardDate="1721-09-17">17 septembre 1721</fromDate>
               <toDate standardDate="1738-05-20">20 mai 1738</toDate>
            </dateRange>
         </cpfRelation>
         <cpfRelation xmlns:xlink="http://www.w3.org/1999/xlink"
                      cpfRelationType="associative"
                      xlink:href="FRAN_NP_011945"
                      xlink:type="simple">
            <relationEntry>Goullet, Charles-Hyacinte</relationEntry>
            <dateRange>
               <fromDate standardDate="1766-04-10">10 avril 1766</fromDate>
               <toDate standardDate="1787-03-31">31 mars 1787</toDate>
            </dateRange>
         </cpfRelation>
         <cpfRelation xmlns:xlink="http://www.w3.org/1999/xlink"
                      cpfRelationType="associative"
                      xlink:href="FRAN_NP_011905"
                      xlink:type="simple">
            <relationEntry>Girardin, Joseph Pierre</relationEntry>
            <dateRange>
               <fromDate standardDate="1919-11-20">20 novembre 1919</fromDate>
               <toDate standardDate="1932-07-28">28 juillet 1932</toDate>
            </dateRange>
         </cpfRelation>
         <cpfRelation xmlns:xlink="http://www.w3.org/1999/xlink"
                      cpfRelationType="associative"
                      xlink:href="FRAN_NP_012796"
                      xlink:type="simple">
            <relationEntry>Baudrier, Emile Alexandre</relationEntry>
            <dateRange>
               <fromDate standardDate="1868-08-26">26 août 1868</fromDate>
               <toDate standardDate="1893-04-26">26 avril 1893</toDate>
            </dateRange>
         </cpfRelation>
         <cpfRelation xmlns:xlink="http://www.w3.org/1999/xlink"
                      cpfRelationType="associative"
                      xlink:href="FRAN_NP_010719"
                      xlink:type="simple">
            <relationEntry>Romigny, Denis de</relationEntry>
            <dateRange>
               <fromDate standardDate="1706-07-07">7 juillet 1706</fromDate>
               <toDate standardDate="1721-09-16">16 septembre 1721</toDate>
            </dateRange>
         </cpfRelation>
         <cpfRelation xmlns:xlink="http://www.w3.org/1999/xlink"
                      cpfRelationType="associative"
                      xlink:href="FRAN_NP_011757"
                      xlink:type="simple">
            <relationEntry>Hénault, Charles de</relationEntry>
            <dateRange>
               <fromDate standardDate="1634-05-23">23 mai 1634</fromDate>
               <toDate standardDate="1676-08-11">11 août 1676</toDate>
            </dateRange>
         </cpfRelation>
         <cpfRelation xmlns:xlink="http://www.w3.org/1999/xlink"
                      cpfRelationType="associative"
                      xlink:href="FRAN_NP_011735"
                      xlink:type="simple">
            <relationEntry>Halphen, Armand</relationEntry>
            <dateRange>
               <fromDate standardDate="1836-12-20">20 décembre 1836</fromDate>
               <toDate standardDate="1856-12-20">20 décembre 1856</toDate>
            </dateRange>
         </cpfRelation>
         <cpfRelation xmlns:xlink="http://www.w3.org/1999/xlink"
                      cpfRelationType="associative"
                      xlink:href="FRAN_NP_013147"
                      xlink:type="simple">
            <relationEntry>Assant-Lechevallier, Thierry</relationEntry>
            <dateRange>
               <fromDate standardDate="1995-01-18">18 janvier 1995</fromDate>
            </dateRange>
         </cpfRelation>
         <cpfRelation xmlns:xlink="http://www.w3.org/1999/xlink"
                      cpfRelationType="associative"
                      xlink:href="FRAN_NP_012970"
                      xlink:type="simple">
            <relationEntry>Bouard, Alfred</relationEntry>
            <dateRange>
               <fromDate standardDate="1828-07-30">30 juillet 1828</fromDate>
               <toDate standardDate="1836-12-20">20 décembre 1836</toDate>
            </dateRange>
         </cpfRelation>
         <cpfRelation xmlns:xlink="http://www.w3.org/1999/xlink"
                      cpfRelationType="associative"
                      xlink:href="FRAN_NP_011750"
                      xlink:type="simple">
            <relationEntry>Hault, Nicolas de</relationEntry>
            <dateRange>
               <fromDate standardDate="1637-11-16">16 novembre 1637</fromDate>
               <toDate standardDate="1652-10-04">4 octobre 1652</toDate>
            </dateRange>
         </cpfRelation>
         <cpfRelation xmlns:xlink="http://www.w3.org/1999/xlink"
                      cpfRelationType="associative"
                      xlink:href="FRAN_NP_013076"
                      xlink:type="simple">
            <relationEntry>Bruslé, Etienne</relationEntry>
            <dateRange>
               <fromDate standardDate="1563-01-01">1er janvier 1563</fromDate>
               <toDate standardDate="1563-12-31">31 décembre 1563</toDate>
            </dateRange>
         </cpfRelation>
         <cpfRelation xmlns:xlink="http://www.w3.org/1999/xlink"
                      cpfRelationType="associative"
                      xlink:href="FRAN_NP_013370"
                      xlink:type="simple">
            <relationEntry>Chenart, Nicole</relationEntry>
            <dateRange>
               <fromDate standardDate="1520-12-05">5 décembre 1520</fromDate>
               <toDate standardDate="1525-11-21">21 novembre 1525</toDate>
            </dateRange>
         </cpfRelation>
         <cpfRelation xmlns:xlink="http://www.w3.org/1999/xlink"
                      cpfRelationType="associative"
                      xlink:href="FRAN_NP_012798"
                      xlink:type="simple">
            <relationEntry>Baudrier, Lucien Alexandre</relationEntry>
            <dateRange>
               <fromDate standardDate="1893-04-26">26 avril 1893</fromDate>
               <toDate standardDate="1919-11-20">20 novembre 1919</toDate>
            </dateRange>
         </cpfRelation>
         <cpfRelation xmlns:xlink="http://www.w3.org/1999/xlink"
                      cpfRelationType="associative"
                      xlink:href="FRAN_NP_010455"
                      xlink:type="simple">
            <relationEntry>Thomé, Etienne</relationEntry>
            <dateRange>
               <fromDate standardDate="1787-03-31">31 mars 1787</fromDate>
               <toDate standardDate="1805-08-29">29 août 1805</toDate>
            </dateRange>
         </cpfRelation>
         <cpfRelation xmlns:xlink="http://www.w3.org/1999/xlink"
                      cpfRelationType="associative"
                      xlink:href="FRAN_NP_010431"
                      xlink:type="simple">
            <relationEntry>Thibert, Jacques-Emmanuel</relationEntry>
            <dateRange>
               <fromDate standardDate="1690-11-28">28 novembre 1690</fromDate>
               <toDate standardDate="1697-06-18">18 juin 1697</toDate>
            </dateRange>
         </cpfRelation>
         <cpfRelation xmlns:xlink="http://www.w3.org/1999/xlink"
                      cpfRelationType="associative"
                      xlink:href="FRAN_NP_012663"
                      xlink:type="simple">
            <relationEntry>Cousin, Philippe</relationEntry>
            <dateRange>
               <fromDate standardDate="1536-06-19">19 juin 1536</fromDate>
               <toDate standardDate="1555-01-01">1er janvier 1555</toDate>
            </dateRange>
         </cpfRelation>
         <cpfRelation xmlns:xlink="http://www.w3.org/1999/xlink"
                      cpfRelationType="associative"
                      xlink:href="FRAN_NP_011568"
                      xlink:type="simple">
            <relationEntry>Leroy, Pierre II</relationEntry>
            <dateRange>
               <fromDate standardDate="1669-05-27">27 mai 1669</fromDate>
               <toDate standardDate="1697-07-30">30 juillet 1697</toDate>
            </dateRange>
         </cpfRelation>
         <cpfRelation xmlns:xlink="http://www.w3.org/1999/xlink"
                      cpfRelationType="associative"
                      xlink:href="FRAN_NP_011586"
                      xlink:type="simple">
            <relationEntry>Le tourneur, Jean-Baptiste</relationEntry>
            <dateRange>
               <fromDate standardDate="1697-06-18">18 juin 1697</fromDate>
               <toDate standardDate="1714-07-11">11 juillet 1714</toDate>
            </dateRange>
         </cpfRelation>
         <cpfRelation xmlns:xlink="http://www.w3.org/1999/xlink"
                      cpfRelationType="associative"
                      xlink:href="FRAN_NP_011638"
                      xlink:type="simple">
            <relationEntry>Louvel, Hubert</relationEntry>
            <dateRange>
               <fromDate standardDate="1995-01-18">18 janvier 1995</fromDate>
               <toDate standardDate="2005-05-30">30 mai 2005</toDate>
            </dateRange>
         </cpfRelation>
         <cpfRelation xmlns:xlink="http://www.w3.org/1999/xlink"
                      cpfRelationType="associative"
                      xlink:href="FRAN_NP_011674"
                      xlink:type="simple">
            <relationEntry>Janson, Charles I</relationEntry>
            <dateRange>
               <fromDate standardDate="1697-07-30">30 juillet 1697</fromDate>
               <toDate standardDate="1706-07-06">6 juillet 1706</toDate>
            </dateRange>
         </cpfRelation>
         <cpfRelation xmlns:xlink="http://www.w3.org/1999/xlink"
                      cpfRelationType="associative"
                      xlink:href="FRAN_NP_012345"
                      xlink:type="simple">
            <relationEntry>Delaporte, Joseph-Ulysse</relationEntry>
            <dateRange>
               <fromDate standardDate="1856-12-20">20 décembre 1856</fromDate>
               <toDate standardDate="1868-08-26">26 août 1868</toDate>
            </dateRange>
         </cpfRelation>
         <cpfRelation xmlns:xlink="http://www.w3.org/1999/xlink"
                      cpfRelationType="associative"
                      xlink:href="FRAN_NP_012346"
                      xlink:type="simple">
            <relationEntry>Delvallée, Georges Constant</relationEntry>
            <dateRange>
               <fromDate standardDate="1932-07-28">28 juillet 1932</fromDate>
               <toDate standardDate="1971-01-06">6 janvier 1971</toDate>
            </dateRange>
         </cpfRelation>
         <cpfRelation xmlns:xlink="http://www.w3.org/1999/xlink"
                      cpfRelationType="associative"
                      xlink:href="FRAN_NP_012347"
                      xlink:type="simple">
            <relationEntry>Donc, Charles-Henri</relationEntry>
            <dateRange>
               <fromDate standardDate="1676-08-11">11 août 1676</fromDate>
               <toDate standardDate="1690-11-27">27 novembre 1690</toDate>
            </dateRange>
         </cpfRelation>
         <cpfRelation xmlns:xlink="http://www.w3.org/1999/xlink"
                      cpfRelationType="associative"
                      xlink:href="FRAN_NP_012348"
                      xlink:type="simple">
            <relationEntry>Duval, Thomas</relationEntry>
            <dateRange>
               <fromDate standardDate="1738-05-20">20 mai 1738</fromDate>
               <toDate standardDate="1766-04-09">9 avril 1766</toDate>
            </dateRange>
         </cpfRelation>
         <cpfRelation xmlns:xlink="http://www.w3.org/1999/xlink"
                      cpfRelationType="associative"
                      xlink:href="FRAN_NP_012383"
                      xlink:type="simple">
            <relationEntry>La balle, François de</relationEntry>
            <dateRange>
               <fromDate standardDate="1714-07-11">11 juillet 1714</fromDate>
               <toDate standardDate="1715-03-30">30 mars 1715</toDate>
            </dateRange>
         </cpfRelation>
         <resourceRelation xmlns:xlink="http://www.w3.org/1999/xlink"
                           resourceRelationType="subjectOf"
                           xlink:href="FRAN_IR_042875"
                           xlink:type="simple">
            <relationEntry localType="archival">Minutes et répertoires du notaire François de LA BALLE, 11 juillet 1714 - mars 1715 (étude LXXXVII)</relationEntry>
         </resourceRelation>
         <resourceRelation xmlns:xlink="http://www.w3.org/1999/xlink"
                           resourceRelationType="subjectOf"
                           xlink:href="FRAN_IR_042878"
                           xlink:type="simple">
            <relationEntry localType="archival">Minutes et répertoires du notaire Jacques JUDDE, 7 mai 1727 - 14 janvier 1757 (étude LXXXVII)</relationEntry>
         </resourceRelation>
         <resourceRelation xmlns:xlink="http://www.w3.org/1999/xlink"
                           resourceRelationType="subjectOf"
                           xlink:href="FRAN_IR_042882"
                           xlink:type="simple">
            <relationEntry localType="archival">Minutes et répertoires du notaire Augustin François POTRON, 29 août 1805 - 30 juillet 1828 (étude LXXXVII)</relationEntry>
         </resourceRelation>
         <resourceRelation xmlns:xlink="http://www.w3.org/1999/xlink"
                           resourceRelationType="subjectOf"
                           xlink:href="FRAN_IR_042883"
                           xlink:type="simple">
            <relationEntry localType="archival">Minutes et répertoires du notaire Alfred BOUARD, 30 juillet 1828 - 20 décembre 1836 (étude LXXXVII)</relationEntry>
         </resourceRelation>
         <resourceRelation xmlns:xlink="http://www.w3.org/1999/xlink"
                           resourceRelationType="subjectOf"
                           xlink:href="FRAN_IR_042866"
                           xlink:type="simple">
            <relationEntry localType="archival">Minutes et répertoires du notaire Nicolas de HAULT, 16 novembre 1637 - 4 octobre 1652 (étude LXXXVII)</relationEntry>
         </resourceRelation>
         <resourceRelation xmlns:xlink="http://www.w3.org/1999/xlink"
                           resourceRelationType="subjectOf"
                           xlink:href="FRAN_IR_042868"
                           xlink:type="simple">
            <relationEntry localType="archival">Minutes et répertoires du notaire Pierre II LEROY, 27 mai 1669 - 30 juillet 1697 (étude LXXXVII)</relationEntry>
         </resourceRelation>
         <resourceRelation xmlns:xlink="http://www.w3.org/1999/xlink"
                           resourceRelationType="subjectOf"
                           xlink:href="FRAN_IR_042870"
                           xlink:type="simple">
            <relationEntry localType="archival">Minutes et répertoires du notaire Jacques Emmanuel THIBERT, 28 novembre 1690 - 18 juin 1697 (étude LXXXVII)</relationEntry>
         </resourceRelation>
         <resourceRelation xmlns:xlink="http://www.w3.org/1999/xlink"
                           resourceRelationType="subjectOf"
                           xlink:href="FRAN_IR_042872"
                           xlink:type="simple">
            <relationEntry localType="archival">Minutes et répertoires du notaire Jean-Baptiste LE TOURNEUR, 18 juin 1697 - 11 juillet 1714 (étude LXXXVII)</relationEntry>
         </resourceRelation>
         <resourceRelation xmlns:xlink="http://www.w3.org/1999/xlink"
                           resourceRelationType="subjectOf"
                           xlink:href="FRAN_IR_042874"
                           xlink:type="simple">
            <relationEntry localType="archival">Minutes et répertoires du notaire Denis de ROMIGNY, 7 juillet 1706 - 16 septembre 1721 (étude LXXXVII)</relationEntry>
         </resourceRelation>
         <resourceRelation xmlns:xlink="http://www.w3.org/1999/xlink"
                           resourceRelationType="subjectOf"
                           xlink:href="FRAN_IR_042877"
                           xlink:type="simple">
            <relationEntry localType="archival">Minutes et répertoires du notaire François GALLOIS, 1er août 1715 - 7 mai 1727 (étude LXXXVII)</relationEntry>
         </resourceRelation>
         <resourceRelation xmlns:xlink="http://www.w3.org/1999/xlink"
                           resourceRelationType="subjectOf"
                           xlink:href="FRAN_IR_042881"
                           xlink:type="simple">
            <relationEntry localType="archival">Minutes et répertoires du notaire Étienne THOMÉ, 31 mars 1787 - 29 août 1805 (étude LXXXVII)</relationEntry>
         </resourceRelation>
         <resourceRelation xmlns:xlink="http://www.w3.org/1999/xlink"
                           resourceRelationType="subjectOf"
                           xlink:href="FRAN_IR_042887"
                           xlink:type="simple">
            <relationEntry localType="archival">Minutes et répertoires du notaire Lucien Alexandre BAUDRIER, 26 avril 1893 - août 1903 (étude LXXXVII)</relationEntry>
         </resourceRelation>
         <resourceRelation xmlns:xlink="http://www.w3.org/1999/xlink"
                           resourceRelationType="subjectOf"
                           xlink:href="FRAN_IR_042886"
                           xlink:type="simple">
            <relationEntry localType="archival">Minutes et répertoires du notaire Joseph Ulysse DELAPORTE, 20 décembre 1856 - 26 août 1868 (étude LXXXVII)</relationEntry>
         </resourceRelation>
         <resourceRelation xmlns:xlink="http://www.w3.org/1999/xlink"
                           resourceRelationType="subjectOf"
                           xlink:href="FRAN_IR_042873"
                           xlink:type="simple">
            <relationEntry localType="archival">Minutes et répertoires du notaire Charles I JANSON, 30 juillet 1697 - 6 juillet 1706 (étude LXXXVII)</relationEntry>
         </resourceRelation>
         <resourceRelation xmlns:xlink="http://www.w3.org/1999/xlink"
                           resourceRelationType="creatorOf"
                           xlink:href="FRAN_IR_053986"
                           xlink:type="simple">
            <relationEntry localType="archival">«Mélanges» (dossiers de clients) de l’étude LXXXVII. MC/ET/LXXXVII/1380/A-MC/ET/LXXXVII/1380/B (1597-1747)</relationEntry>
         </resourceRelation>
         <resourceRelation xmlns:xlink="http://www.w3.org/1999/xlink"
                           resourceRelationType="creatorOf"
                           xlink:href="FRAN_IR_042879"
                           xlink:type="simple">
            <relationEntry localType="archival">Minutes et répertoires du notaire Thomas DUVAL, 20 mai 1738 - 9 avril 1766 (étude LXXXVII)</relationEntry>
         </resourceRelation>
         <resourceRelation xmlns:xlink="http://www.w3.org/1999/xlink"
                           resourceRelationType="creatorOf"
                           xlink:href="FRAN_IR_042865"
                           xlink:type="simple">
            <relationEntry localType="archival">Minutes et répertoires du notaire Claude I LEROY, 26 mai 1618 - 27 mai 1669 (étude LXXXVII)</relationEntry>
         </resourceRelation>
         <resourceRelation xmlns:xlink="http://www.w3.org/1999/xlink"
                           resourceRelationType="creatorOf"
                           xlink:href="FRAN_IR_042867"
                           xlink:type="simple">
            <relationEntry localType="archival">Minutes et répertoires du notaire Charles de HÉNAULT, 23 mai 1634 - 11 août 1676 (étude LXXXVII)</relationEntry>
         </resourceRelation>
         <resourceRelation xmlns:xlink="http://www.w3.org/1999/xlink"
                           resourceRelationType="creatorOf"
                           xlink:href="FRAN_IR_051254"
                           xlink:type="simple">
            <relationEntry localType="archival">Images du répertoire du notaire Denis de Romigny pour l'étude LXXXVII</relationEntry>
         </resourceRelation>
         <resourceRelation xmlns:xlink="http://www.w3.org/1999/xlink"
                           resourceRelationType="creatorOf"
                           xlink:href="FRAN_IR_051611"
                           xlink:type="simple">
            <relationEntry localType="archival">Images des répertoires du notaire Alfred Bouard pour l'étude LXXXVII</relationEntry>
         </resourceRelation>
         <resourceRelation xmlns:xlink="http://www.w3.org/1999/xlink"
                           resourceRelationType="creatorOf"
                           xlink:href="FRAN_IR_051206"
                           xlink:type="simple">
            <relationEntry localType="archival">Images des répertoires du notaire Pierre Christophe Tessier pour l'étude LXXXVII</relationEntry>
         </resourceRelation>
         <resourceRelation xmlns:xlink="http://www.w3.org/1999/xlink"
                           resourceRelationType="creatorOf"
                           xlink:href="FRAN_IR_051212"
                           xlink:type="simple">
            <relationEntry localType="archival">Images du répertoire du notaire Jacques Emmanuel Thibert pour l'étude LXXXVII</relationEntry>
         </resourceRelation>
         <resourceRelation xmlns:xlink="http://www.w3.org/1999/xlink"
                           resourceRelationType="creatorOf"
                           xlink:href="FRAN_IR_051389"
                           xlink:type="simple">
            <relationEntry localType="archival">Images des répertoires du notaire Claude I Leroy pour l'étude LXXXVII</relationEntry>
         </resourceRelation>
         <resourceRelation xmlns:xlink="http://www.w3.org/1999/xlink"
                           resourceRelationType="creatorOf"
                           xlink:href="FRAN_IR_051510"
                           xlink:type="simple">
            <relationEntry localType="archival">Images du répertoire du notaire Charles Henri Donc pour l'étude LXXXVII</relationEntry>
         </resourceRelation>
         <resourceRelation xmlns:xlink="http://www.w3.org/1999/xlink"
                           resourceRelationType="creatorOf"
                           xlink:href="FRAN_IR_051511"
                           xlink:type="simple">
            <relationEntry localType="archival">Images des répertoires du notaire Thomas Duval pour l'étude LXXXVII</relationEntry>
         </resourceRelation>
         <resourceRelation xmlns:xlink="http://www.w3.org/1999/xlink"
                           resourceRelationType="creatorOf"
                           xlink:href="FRAN_IR_051401"
                           xlink:type="simple">
            <relationEntry localType="archival">Images du répertoire du notaire Charles I Janson pour l'étude LXXXVII</relationEntry>
         </resourceRelation>
         <resourceRelation xmlns:xlink="http://www.w3.org/1999/xlink"
                           resourceRelationType="creatorOf"
                           xlink:href="FRAN_IR_051442"
                           xlink:type="simple">
            <relationEntry localType="archival">Images des répertoires du notaire Charles Hyacinthe Goullet pour l'étude LXXXVII</relationEntry>
         </resourceRelation>
         <resourceRelation xmlns:xlink="http://www.w3.org/1999/xlink"
                           resourceRelationType="creatorOf"
                           xlink:href="FRAN_IR_051579"
                           xlink:type="simple">
            <relationEntry localType="archival">Images des répertoires du notaire Lucien Alexandre Baudrier pour l'étude LXXXVII</relationEntry>
         </resourceRelation>
         <resourceRelation xmlns:xlink="http://www.w3.org/1999/xlink"
                           resourceRelationType="creatorOf"
                           xlink:href="FRAN_IR_051430"
                           xlink:type="simple">
            <relationEntry localType="archival">Images du répertoire du notaire François Gallois pour l'étude LXXXVII</relationEntry>
         </resourceRelation>
         <resourceRelation xmlns:xlink="http://www.w3.org/1999/xlink"
                           resourceRelationType="creatorOf"
                           xlink:href="FRAN_IR_051218"
                           xlink:type="simple">
            <relationEntry localType="archival">Images des répertoires du notaire Etienne Thomé pour l'étude LXXXVII</relationEntry>
         </resourceRelation>
         <resourceRelation xmlns:xlink="http://www.w3.org/1999/xlink"
                           resourceRelationType="creatorOf"
                           xlink:href="FRAN_IR_051393"
                           xlink:type="simple">
            <relationEntry localType="archival">Images du répertoire du notaire Jean-Baptiste Le Tourneur pour l'étude LXXXVII</relationEntry>
         </resourceRelation>
         <resourceRelation xmlns:xlink="http://www.w3.org/1999/xlink"
                           resourceRelationType="creatorOf"
                           xlink:href="FRAN_IR_051558"
                           xlink:type="simple">
            <relationEntry localType="archival">Images du répertoire du notaire François de La Balle pour l'étude LXXXVII</relationEntry>
         </resourceRelation>
         <resourceRelation xmlns:xlink="http://www.w3.org/1999/xlink"
                           resourceRelationType="creatorOf"
                           xlink:href="FRAN_IR_051295"
                           xlink:type="simple">
            <relationEntry localType="archival">Images des répertoires du notaire Augustin François Potron pour l'étude LXXXVII</relationEntry>
         </resourceRelation>
         <resourceRelation xmlns:xlink="http://www.w3.org/1999/xlink"
                           resourceRelationType="creatorOf"
                           xlink:href="FRAN_IR_051382"
                           xlink:type="simple">
            <relationEntry localType="archival">Images du répertoire du notaire Jean Le Masle pour l'étude LXXXVII</relationEntry>
         </resourceRelation>
         <resourceRelation xmlns:xlink="http://www.w3.org/1999/xlink"
                           resourceRelationType="creatorOf"
                           xlink:href="FRAN_IR_042857"
                           xlink:type="simple">
            <relationEntry localType="archival">Minutes et répertoires du notaire Philippe COUSIN, 1538 - 1er janvier 1555 (étude LXXXVII)</relationEntry>
         </resourceRelation>
         <resourceRelation xmlns:xlink="http://www.w3.org/1999/xlink"
                           resourceRelationType="creatorOf"
                           xlink:href="FRAN_IR_042859"
                           xlink:type="simple">
            <relationEntry localType="archival">Minutes et répertoires du notaire Étienne BRUSLÉ, 30 septembre 1563 - 2 août 1564 (étude LXXXVII)</relationEntry>
         </resourceRelation>
         <resourceRelation xmlns:xlink="http://www.w3.org/1999/xlink"
                           resourceRelationType="creatorOf"
                           xlink:href="FRAN_IR_042861"
                           xlink:type="simple">
            <relationEntry localType="archival">Minutes et répertoires du notaire Nicolas II VASSART, 13 mars 1584 - 16 janvier 1588 (étude LXXXVII)</relationEntry>
         </resourceRelation>
         <resourceRelation xmlns:xlink="http://www.w3.org/1999/xlink"
                           resourceRelationType="creatorOf"
                           xlink:href="FRAN_IR_042860"
                           xlink:type="simple">
            <relationEntry localType="archival">Minutes et répertoires du notaire Jean LEROY, 16 avril 1582 - 11 mars 1603 (étude LXXXVII)</relationEntry>
         </resourceRelation>
         <resourceRelation xmlns:xlink="http://www.w3.org/1999/xlink"
                           resourceRelationType="creatorOf"
                           xlink:href="FRAN_IR_042864"
                           xlink:type="simple">
            <relationEntry localType="archival">Minutes et répertoires du notaire Étienne LEROY, 1608 - 1611 (étude LXXXVII)</relationEntry>
         </resourceRelation>
         <resourceRelation xmlns:xlink="http://www.w3.org/1999/xlink"
                           resourceRelationType="creatorOf"
                           xlink:href="FRAN_IR_042862"
                           xlink:type="simple">
            <relationEntry localType="archival">Minutes et répertoires du notaire Jean LENORMANT, 28 juillet 1586 - 3 avril 1618 (étude LXXXVII)</relationEntry>
         </resourceRelation>
         <resourceRelation xmlns:xlink="http://www.w3.org/1999/xlink"
                           resourceRelationType="creatorOf"
                           xlink:href="FRAN_IR_042863"
                           xlink:type="simple">
            <relationEntry localType="archival">Minutes et répertoires du notaire Étienne LÉOMON, 21 janvier 1591 - 10 novembre 1637 (étude LXXXVII)</relationEntry>
         </resourceRelation>
         <resourceRelation xmlns:xlink="http://www.w3.org/1999/xlink"
                           resourceRelationType="creatorOf"
                           xlink:href="FRAN_IR_052794"
                           xlink:type="simple">
            <relationEntry localType="archival">Images du répertoire du notaire Nicolas de Hault pour l'étude LXXXVII</relationEntry>
         </resourceRelation>
         <resourceRelation xmlns:xlink="http://www.w3.org/1999/xlink"
                           resourceRelationType="creatorOf"
                           xlink:href="FRAN_IR_052797"
                           xlink:type="simple">
            <relationEntry localType="archival">Images des répertoires du notaire Charles de Hénault pour l'étude LXXXVII</relationEntry>
         </resourceRelation>
         <resourceRelation xmlns:xlink="http://www.w3.org/1999/xlink"
                           resourceRelationType="creatorOf"
                           xlink:href="FRAN_IR_052790"
                           xlink:type="simple">
            <relationEntry localType="archival">Images des répertoires du notaire Pierre II Leroy pour l'étude LXXXVII</relationEntry>
         </resourceRelation>
         <resourceRelation xmlns:xlink="http://www.w3.org/1999/xlink"
                           resourceRelationType="creatorOf"
                           xlink:href="FRAN_IR_052795"
                           xlink:type="simple">
            <relationEntry localType="archival">Images des répertoires du notaire Armand Halphen pour l'étude LXXXVII</relationEntry>
         </resourceRelation>
         <resourceRelation xmlns:xlink="http://www.w3.org/1999/xlink"
                           resourceRelationType="creatorOf"
                           xlink:href="FRAN_IR_052826"
                           xlink:type="simple">
            <relationEntry localType="archival">Images des répertoires du notaire Joseph Ulysse Delaporte pour l'étude LXXXVII</relationEntry>
         </resourceRelation>
         <resourceRelation xmlns:xlink="http://www.w3.org/1999/xlink"
                           resourceRelationType="creatorOf"
                           xlink:href="FRAN_IR_052844"
                           xlink:type="simple">
            <relationEntry localType="archival">Images des répertoires du notaire Emile Alexandre Baudrier pour l'étude LXXXVII</relationEntry>
         </resourceRelation>
         <resourceRelation xmlns:xlink="http://www.w3.org/1999/xlink"
                           resourceRelationType="creatorOf"
                           xlink:href="FRAN_IR_055677"
                           xlink:type="simple">
            <relationEntry localType="archival">Images du répertoire du notaire Jacques Judde pour l'étude LXXXVII</relationEntry>
         </resourceRelation>
      </relations>
   </cpfDescription>
</eac-cpf>
