<eac-cpf xmlns="urn:isbn:1-931666-33-4"
         xmlns:xsi="http://www.w3.org/2001/XMLSchema-instance"
         xsi:schemaLocation="urn:isbn:1-931666-33-4 cpf.xsd">
   <control>
      <recordId>FRAN_NP_010487</recordId>
      <otherRecordId localType="Ancien_identifiant">FRDAFANCH00MC_NANOTAIRE00195</otherRecordId>
      <maintenanceStatus>revised</maintenanceStatus>
      <maintenanceAgency>
         <agencyName>Archives nationales de France</agencyName>
      </maintenanceAgency>
      <languageDeclaration>
         <language languageCode="fre">Français</language>
         <script scriptCode="Latn"/>
      </languageDeclaration>
      <conventionDeclaration>
         <citation>Notice établie conformément à la norme ICA-ISAAR (CPF) 2004, aux normes ISO 8601 pour le système de normalisation des dates utilisé, ainsi que AFNOR NF Z 44-061, juin 1986. Catalogage : forme et structure des vedettes noms de personne, des vedettes titres, des rubriques de classement et des titres forgés.</citation>
      </conventionDeclaration>
      <localControl localType="niveau_de_detail">
         <term>Moyenne</term>
      </localControl>
      <maintenanceHistory>
         <maintenanceEvent>
            <eventType>derived</eventType>
            <eventDateTime>2013-04-23</eventDateTime>
            <agentType>machine</agentType>
            <agent>Migration ETANOT</agent>
         </maintenanceEvent>
         <maintenanceEvent>
            <eventType>revised</eventType>
            <eventDateTime>2015-12-17</eventDateTime>
            <agentType>human</agentType>
            <agent>Marie-Françoise LIMON-BONNET</agent>
            <eventDescription>F. Clavaud, 17 décembre 2015 : ajouté activité</eventDescription>
         </maintenanceEvent>
      </maintenanceHistory>
   </control>
   <cpfDescription>
      <identity>
         <entityType>person</entityType>
         <nameEntry localType="autorisée" scriptCode="Latn" xml:lang="fre">
            <part>Tronson, Germain</part>
         </nameEntry>
      </identity>
      <description>
         <existDates>
            <dateRange>
               <fromDate standardDate="1598-11-17">17 novembre 1598</fromDate>
               <toDate standardDate="1657-12-29">29 décembre 1657</toDate>
            </dateRange>
            <descriptiveNote>
               <p>Les dates d'existence de la personne ne sont pas connues et sont évaluées d'après les dates d'exercice en tant que notaire</p>
            </descriptiveNote>
         </existDates>
         <places>
            <place>
               <placeRole>Lieu de Paris</placeRole>
               <placeEntry localType="nomLieu">étude I : carrefour du Pont Saint-Michel, à l'écu de Vendôme</placeEntry>
               <placeEntry localType="paroisse" vocabularySource="d3nyvpbvqa-1q7k75sdt2gwp">Saint-Séverin (paroisse)</placeEntry>
               <placeEntry localType="voie" vocabularySource="d3nzd5nz68-1t9usemiw32z8">Saint-Michel (place)</placeEntry>
               <placeEntry localType="paroisse" vocabularySource="d3nyvosba5--16qzzcu3058e5">Saint-André-des-Arts (paroisse)</placeEntry>
            </place>
            <place>
               <placeRole>Lieu de Paris</placeRole>
               <placeEntry localType="nomLieu">étude LVIII : carrefour du Pont Saint-Michel</placeEntry>
               <placeEntry localType="paroisse" vocabularySource="d3nyvpbvqa-1q7k75sdt2gwp">Saint-Séverin (paroisse)</placeEntry>
               <placeEntry localType="voie" vocabularySource="d3nzd5nz68-1t9usemiw32z8">Saint-Michel (place)</placeEntry>
               <placeEntry localType="paroisse" vocabularySource="d3nyvosba5--16qzzcu3058e5">Saint-André-des-Arts (paroisse)</placeEntry>
            </place>
         </places>
         <functions>
            <function>
               <term vocabularySource="d3nyui3o8w--11y7jgy8q3wnt">notaire à Paris</term>
               <dateRange>
                  <fromDate standardDate="1598-11-17">17 novembre 1598</fromDate>
                  <toDate standardDate="1657-12-29">29 décembre 1657</toDate>
               </dateRange>
            </function>
         </functions>
         <occupations>
            <occupation>
               <term vocabularySource="d3nyu9x713-9kcjiv44l4wh">notaire</term>
               <dateRange>
                  <fromDate standardDate="1598-11-17">17 novembre 1598</fromDate>
                  <toDate standardDate="1657-12-29">29 décembre 1657</toDate>
               </dateRange>
            </occupation>
         </occupations>
         <biogHist>
            <p>Marié, en premières noces, à Marie Presterelle, veuve de Jean Dauvergne (ET/CXXII/1549 folio 100, 27 août 1603, quittance de Louis Laurent à Germain Tronson, à cause de Marie Presterelle, sa femme) ; par ce mariage, il devient le beau-père de Claude Dauvergne, qui lui succède dans l'étude LVIII.</p>
            <p>Marié, en secondes noces, à Françoise Robequin (ET/II/154, 5 mars 1637, requête de Germain Tronson auprès de la prieure du couvent Sainte-Madeleine, afin de savoir si Françoise Robequin, sa femme, s'y est retirée, conformément à la sentence du Châtelet du 5 janvier 1637) et demande de Françoise Robequin, mise au couvent des Annonciades, en date du 11 août 1637, à son mari, de lui permettre le retour chez lui uniquement pour pouvoir élever ses enfants (MC/ET/II/155, 11 août 1637). Le 20 août 1637, déclaration de Germain Tronson, autorisant Françoise Robequin à revenir chez lui pour le soin et gouvernement de leurs enfants jusqu'à ce que ceux-ci soient pourvus par mariage (MC/ET/II/155, 20 août 1637).</p>
         </biogHist>
      </description>
      <relations>
         <cpfRelation xmlns:xlink="http://www.w3.org/1999/xlink"
                      cpfRelationType="associative"
                      xlink:href="FRAN_NP_010128"
                      xlink:type="simple">
            <relationEntry>Etude I</relationEntry>
            <dateRange>
               <fromDate standardDate="1598-11-17">17 novembre 1598</fromDate>
               <toDate standardDate="1657-12-29">29 décembre 1657</toDate>
            </dateRange>
         </cpfRelation>
         <cpfRelation xmlns:xlink="http://www.w3.org/1999/xlink"
                      cpfRelationType="associative"
                      xlink:href="FRAN_NP_010185"
                      xlink:type="simple">
            <relationEntry>Etude notariale LVIII</relationEntry>
            <dateRange>
               <fromDate standardDate="1608-04-01">avril 1608</fromDate>
               <toDate standardDate="1612-03-31">mars 1612</toDate>
            </dateRange>
         </cpfRelation>
         <resourceRelation xmlns:xlink="http://www.w3.org/1999/xlink"
                           resourceRelationType="creatorOf"
                           xlink:href="FRAN_IR_041102"
                           xlink:type="simple">
            <relationEntry localType="archival">Minutes et répertoires du notaire Germain TRONSON, 17 novembre 1598 - 29 décembre 1657 (étude I)</relationEntry>
         </resourceRelation>
         <resourceRelation xmlns:xlink="http://www.w3.org/1999/xlink"
                           resourceRelationType="creatorOf"
                           xlink:href="FRAN_IR_042353"
                           xlink:type="simple">
            <relationEntry localType="archival">Minutes et répertoires du notaire Germain TRONSON, avril 1608 - mars 1612 (étude LVIII)</relationEntry>
         </resourceRelation>
         <resourceRelation xmlns:xlink="http://www.w3.org/1999/xlink"
                           resourceRelationType="creatorOf"
                           xlink:href="FRAN_IR_042974"
                           xlink:type="simple">
            <relationEntry localType="archival">Minutes et répertoires du notaire Louis GOSSUIN, 7 septembre 1661 - 13 décembre 1663 (étude XCIV)</relationEntry>
         </resourceRelation>
         <resourceRelation xmlns:xlink="http://www.w3.org/1999/xlink"
                           resourceRelationType="creatorOf"
                           xlink:href="FRAN_IR_052211"
                           xlink:type="simple">
            <relationEntry localType="archival">Images du répertoire du notaire Germain Tronson pour l'étude LVIII</relationEntry>
         </resourceRelation>
      </relations>
   </cpfDescription>
</eac-cpf>
