<eac-cpf xmlns="urn:isbn:1-931666-33-4"
         xmlns:xsi="http://www.w3.org/2001/XMLSchema-instance"
         xsi:schemaLocation="urn:isbn:1-931666-33-4 cpf.xsd">
   <control>
      <recordId>FRAN_NP_010176</recordId>
      <otherRecordId localType="Ancien_identifiant">FRDAFANCH00MC_NAETUDE_049</otherRecordId>
      <maintenanceStatus>derived</maintenanceStatus>
      <maintenanceAgency>
         <agencyName>Archives nationales de France</agencyName>
      </maintenanceAgency>
      <languageDeclaration>
         <language languageCode="fre">Français</language>
         <script scriptCode="Latn"/>
      </languageDeclaration>
      <conventionDeclaration>
         <citation>Notice établie conformément à la norme ICA-ISAAR (CPF) 2004, aux normes ISO 8601 pour le système de normalisation des dates utilisé, ainsi que AFNOR NF Z 44-061, juin 1986. Catalogage : forme et structure des vedettes noms de personne, des vedettes titres, des rubriques de classement et des titres forgés.</citation>
      </conventionDeclaration>
      <localControl localType="niveau_de_detail">
         <term>Moyenne</term>
      </localControl>
      <maintenanceHistory>
         <maintenanceEvent>
            <eventType>derived</eventType>
            <eventDateTime>2015-09-30</eventDateTime>
            <agentType>machine</agentType>
            <agent>Migration ETANOT</agent>
         </maintenanceEvent>
      </maintenanceHistory>
   </control>
   <cpfDescription>
      <identity>
         <entityType>corporateBody</entityType>
         <nameEntry localType="autorisée" scriptCode="Latn" xml:lang="fre">
            <part>Etude XLIX</part>
         </nameEntry>
         <nameEntry>
            <part>75049</part>
         </nameEntry>
      </identity>
      <description>
         <existDates>
            <dateRange>
               <fromDate standardDate="1498-01-01">1498</fromDate>
            </dateRange>
         </existDates>
         <places>
            <place>
               <placeRole>Lieu de Paris</placeRole>
               <placeEntry localType="nomLieu">5, rue du Louvre, 75001 PARIS</placeEntry>
            </place>
         </places>
         <functions>
            <function>
               <term vocabularySource="d3nyui3o8w--11y7jgy8q3wnt">notaire à paris</term>
               <dateRange>
                  <fromDate standardDate="1498-01-01">1498</fromDate>
                  <toDate/>
               </dateRange>
            </function>
         </functions>
         <biogHist>
            <p>Du XVIème au XIXème siècle, cette étude est installée rue Saint-Jacques. En 1842, elle s'installe rue de Grenelle-Saint-Honoré et, après quelques déménagements dans ce même quartier, rue du Louvre. Certains fonds, rapportés pour la fin du XVIème siècle, émanent de notaires établis près de la porte Saint-Honoré et place de Grève.</p>
         </biogHist>
      </description>
      <relations>
         <cpfRelation xmlns:xlink="http://www.w3.org/1999/xlink"
                      cpfRelationType="associative"
                      xlink:href="FRAN_NP_011279"
                      xlink:type="simple">
            <relationEntry>La frenaye, Jean-Pierre de</relationEntry>
            <dateRange>
               <fromDate standardDate="1768-01-23">23 janvier 1768</fromDate>
               <toDate standardDate="1777-11-22">22 novembre 1777</toDate>
            </dateRange>
         </cpfRelation>
         <cpfRelation xmlns:xlink="http://www.w3.org/1999/xlink"
                      cpfRelationType="associative"
                      xlink:href="FRAN_NP_011432"
                      xlink:type="simple">
            <relationEntry>Lebarge, Simon</relationEntry>
            <dateRange>
               <fromDate standardDate="1543-10-01">octobre 1543</fromDate>
               <toDate standardDate="1563-02-05">5 février 1563</toDate>
            </dateRange>
         </cpfRelation>
         <cpfRelation xmlns:xlink="http://www.w3.org/1999/xlink"
                      cpfRelationType="associative"
                      xlink:href="FRAN_NP_011548"
                      xlink:type="simple">
            <relationEntry>Leroux, Alphonse-Zacharie</relationEntry>
            <dateRange>
               <fromDate standardDate="1825-05-21">21 mai 1825</fromDate>
               <toDate standardDate="1849-03-17">17 mars 1849</toDate>
            </dateRange>
         </cpfRelation>
         <cpfRelation xmlns:xlink="http://www.w3.org/1999/xlink"
                      cpfRelationType="associative"
                      xlink:href="FRAN_NP_012109"
                      xlink:type="simple">
            <relationEntry>François, Jean I</relationEntry>
            <dateRange>
               <fromDate standardDate="1592-04-11">11 avril 1592</fromDate>
               <toDate standardDate="1610-04-30">avril 1610</toDate>
            </dateRange>
         </cpfRelation>
         <cpfRelation xmlns:xlink="http://www.w3.org/1999/xlink"
                      cpfRelationType="associative"
                      xlink:href="FRAN_NP_012133"
                      xlink:type="simple">
            <relationEntry>Estienne, François-Marie</relationEntry>
            <dateRange>
               <fromDate standardDate="1811-05-02">2 mai 1811</fromDate>
               <toDate standardDate="1825-05-21">21 mai 1825</toDate>
            </dateRange>
         </cpfRelation>
         <cpfRelation xmlns:xlink="http://www.w3.org/1999/xlink"
                      cpfRelationType="associative"
                      xlink:href="FRAN_NP_012577"
                      xlink:type="simple">
            <relationEntry>Crozon, François</relationEntry>
            <dateRange>
               <fromDate standardDate="1528-05-13">13 mai 1528</fromDate>
               <toDate standardDate="1560-01-09">9 janvier 1560</toDate>
            </dateRange>
         </cpfRelation>
         <cpfRelation xmlns:xlink="http://www.w3.org/1999/xlink"
                      cpfRelationType="associative"
                      xlink:href="FRAN_NP_012575"
                      xlink:type="simple">
            <relationEntry>Charpentier, Michel</relationEntry>
            <dateRange>
               <fromDate standardDate="1560-11-02">2 novembre 1560</fromDate>
               <toDate standardDate="1581-12-31">1581</toDate>
            </dateRange>
         </cpfRelation>
         <cpfRelation xmlns:xlink="http://www.w3.org/1999/xlink"
                      cpfRelationType="associative"
                      xlink:href="FRAN_NP_013217"
                      xlink:type="simple">
            <relationEntry>Adler, Stéphane</relationEntry>
            <dateRange>
               <fromDate standardDate="2003-01-01">2003</fromDate>
            </dateRange>
         </cpfRelation>
         <cpfRelation xmlns:xlink="http://www.w3.org/1999/xlink"
                      cpfRelationType="associative"
                      xlink:href="FRAN_NP_013277"
                      xlink:type="simple">
            <relationEntry>Lavisse, Chantal</relationEntry>
            <dateRange>
               <fromDate standardDate="2005-06-27">27 juin 2005</fromDate>
            </dateRange>
         </cpfRelation>
         <cpfRelation xmlns:xlink="http://www.w3.org/1999/xlink"
                      cpfRelationType="associative"
                      xlink:href="FRAN_NP_011948"
                      xlink:type="simple">
            <relationEntry>Goupy, Martin-Jean-Baptiste</relationEntry>
            <dateRange>
               <fromDate standardDate="1777-11-22">22 novembre 1777</fromDate>
               <toDate standardDate="1780-06-27">27 juin 1780</toDate>
            </dateRange>
         </cpfRelation>
         <cpfRelation xmlns:xlink="http://www.w3.org/1999/xlink"
                      cpfRelationType="associative"
                      xlink:href="FRAN_NP_012765"
                      xlink:type="simple">
            <relationEntry>Barbar, François-Félix</relationEntry>
            <dateRange>
               <fromDate standardDate="1685-09-17">17 septembre 1685</fromDate>
               <toDate standardDate="1703-06-12">12 juin 1703</toDate>
            </dateRange>
         </cpfRelation>
         <cpfRelation xmlns:xlink="http://www.w3.org/1999/xlink"
                      cpfRelationType="associative"
                      xlink:href="FRAN_NP_012834"
                      xlink:type="simple">
            <relationEntry>Bellanger, Jacques-Nicolas</relationEntry>
            <dateRange>
               <fromDate standardDate="1735-07-27">27 juillet 1735</fromDate>
               <toDate standardDate="1746-01-06">6 janvier 1746</toDate>
            </dateRange>
         </cpfRelation>
         <cpfRelation xmlns:xlink="http://www.w3.org/1999/xlink"
                      cpfRelationType="associative"
                      xlink:href="FRAN_NP_012816"
                      xlink:type="simple">
            <relationEntry>Beaumont, Nicolas de</relationEntry>
            <dateRange>
               <fromDate standardDate="1610-05-05">5 mai 1610</fromDate>
               <toDate standardDate="1613-10-21">21 octobre 1613</toDate>
            </dateRange>
         </cpfRelation>
         <cpfRelation xmlns:xlink="http://www.w3.org/1999/xlink"
                      cpfRelationType="associative"
                      xlink:href="FRAN_NP_010604"
                      xlink:type="simple">
            <relationEntry>Raffin, François</relationEntry>
            <dateRange>
               <fromDate standardDate="1568-01-29">29 janvier 1568</fromDate>
               <toDate standardDate="1580-12-02">2 décembre 1580</toDate>
            </dateRange>
         </cpfRelation>
         <cpfRelation xmlns:xlink="http://www.w3.org/1999/xlink"
                      cpfRelationType="associative"
                      xlink:href="FRAN_NP_010696"
                      xlink:type="simple">
            <relationEntry>Robin, Georges</relationEntry>
            <dateRange>
               <fromDate standardDate="1870-07-30">30 juillet 1870</fromDate>
               <toDate standardDate="1897-08-04">4 août 1897</toDate>
            </dateRange>
         </cpfRelation>
         <cpfRelation xmlns:xlink="http://www.w3.org/1999/xlink"
                      cpfRelationType="associative"
                      xlink:href="FRAN_NP_012946"
                      xlink:type="simple">
            <relationEntry>Bonnart, Dominique</relationEntry>
            <dateRange>
               <fromDate standardDate="1989-03-29">29 mars 1989</fromDate>
            </dateRange>
         </cpfRelation>
         <cpfRelation xmlns:xlink="http://www.w3.org/1999/xlink"
                      cpfRelationType="associative"
                      xlink:href="FRAN_NP_012931"
                      xlink:type="simple">
            <relationEntry>Bobye, Alain</relationEntry>
            <dateRange>
               <fromDate standardDate="1551-01-01">1551</fromDate>
               <toDate standardDate="1604-12-31">1604</toDate>
            </dateRange>
         </cpfRelation>
         <cpfRelation xmlns:xlink="http://www.w3.org/1999/xlink"
                      cpfRelationType="associative"
                      xlink:href="FRAN_NP_012020"
                      xlink:type="simple">
            <relationEntry>Fardeau, Jacques</relationEntry>
            <dateRange>
               <fromDate standardDate="1580-11-01">novembre 1580</fromDate>
               <toDate standardDate="1629-12-31">1629</toDate>
            </dateRange>
         </cpfRelation>
         <cpfRelation xmlns:xlink="http://www.w3.org/1999/xlink"
                      cpfRelationType="associative"
                      xlink:href="FRAN_NP_012023"
                      xlink:type="simple">
            <relationEntry>Faroux, André Clovis</relationEntry>
            <dateRange>
               <fromDate standardDate="1902-11-06">6 novembre 1902</fromDate>
               <toDate standardDate="1930-03-07">7 mars 1930</toDate>
            </dateRange>
         </cpfRelation>
         <cpfRelation xmlns:xlink="http://www.w3.org/1999/xlink"
                      cpfRelationType="associative"
                      xlink:href="FRAN_NP_012024"
                      xlink:type="simple">
            <relationEntry>Faroux, Jacques Ernest Marie Edmond</relationEntry>
            <dateRange>
               <fromDate standardDate="1930-03-07">7 mars 1930</fromDate>
               <toDate standardDate="1965-12-22">22 décembre 1965</toDate>
            </dateRange>
         </cpfRelation>
         <cpfRelation xmlns:xlink="http://www.w3.org/1999/xlink"
                      cpfRelationType="associative"
                      xlink:href="FRAN_NP_012947"
                      xlink:type="simple">
            <relationEntry>Bonnart, Frédéric François Albert</relationEntry>
            <dateRange>
               <fromDate standardDate="1965-12-22">22 décembre 1965</fromDate>
               <toDate standardDate="2005-07-07">7 juillet 2005</toDate>
            </dateRange>
         </cpfRelation>
         <cpfRelation xmlns:xlink="http://www.w3.org/1999/xlink"
                      cpfRelationType="associative"
                      xlink:href="FRAN_NP_010699"
                      xlink:type="simple">
            <relationEntry>Robin, Maurice</relationEntry>
            <dateRange>
               <fromDate standardDate="1897-08-04">4 août 1897</fromDate>
               <toDate standardDate="1902-11-05">5 novembre 1902</toDate>
            </dateRange>
         </cpfRelation>
         <cpfRelation xmlns:xlink="http://www.w3.org/1999/xlink"
                      cpfRelationType="associative"
                      xlink:href="FRAN_NP_011797"
                      xlink:type="simple">
            <relationEntry>Huart, Pierre II</relationEntry>
            <dateRange>
               <fromDate standardDate="1629-10-24">24 octobre 1629</fromDate>
               <toDate standardDate="1679-03-25">25 mars 1679</toDate>
            </dateRange>
         </cpfRelation>
         <cpfRelation xmlns:xlink="http://www.w3.org/1999/xlink"
                      cpfRelationType="associative"
                      xlink:href="FRAN_NP_012832"
                      xlink:type="simple">
            <relationEntry>Bellanger, Angélique-François</relationEntry>
            <dateRange>
               <fromDate standardDate="1746-02-14">14 février 1746</fromDate>
               <toDate standardDate="1768-01-23">23 janvier 1768</toDate>
            </dateRange>
         </cpfRelation>
         <cpfRelation xmlns:xlink="http://www.w3.org/1999/xlink"
                      cpfRelationType="associative"
                      xlink:href="FRAN_NP_012869"
                      xlink:type="simple">
            <relationEntry>Bernard, Clément</relationEntry>
            <dateRange>
               <fromDate standardDate="1582-02-17">17 février 1582</fromDate>
               <toDate standardDate="1600-08-20">20 août 1600</toDate>
            </dateRange>
         </cpfRelation>
         <cpfRelation xmlns:xlink="http://www.w3.org/1999/xlink"
                      cpfRelationType="associative"
                      xlink:href="FRAN_NP_011042"
                      xlink:type="simple">
            <relationEntry>Maheut, Jean</relationEntry>
            <dateRange>
               <fromDate standardDate="1529-12-01">décembre 1529</fromDate>
               <toDate standardDate="1540-11-30">30 novembre 1540</toDate>
            </dateRange>
         </cpfRelation>
         <cpfRelation xmlns:xlink="http://www.w3.org/1999/xlink"
                      cpfRelationType="associative"
                      xlink:href="FRAN_NP_011068"
                      xlink:type="simple">
            <relationEntry>Manchon, Pierre</relationEntry>
            <dateRange>
               <fromDate standardDate="1613-10-22">22 octobre 1613</fromDate>
               <toDate standardDate="1629-07-15">15 juillet 1629</toDate>
            </dateRange>
         </cpfRelation>
         <cpfRelation xmlns:xlink="http://www.w3.org/1999/xlink"
                      cpfRelationType="associative"
                      xlink:href="FRAN_NP_011210"
                      xlink:type="simple">
            <relationEntry>Montigne, Pierre</relationEntry>
            <dateRange>
               <fromDate standardDate="1526-09-03">3 septembre 1526</fromDate>
               <toDate standardDate="1547-01-17">17 janvier 1547</toDate>
            </dateRange>
         </cpfRelation>
         <cpfRelation xmlns:xlink="http://www.w3.org/1999/xlink"
                      cpfRelationType="associative"
                      xlink:href="FRAN_NP_012574"
                      xlink:type="simple">
            <relationEntry>Charmolue</relationEntry>
            <dateRange>
               <fromDate standardDate="1578-01-01">1er janvier 1578</fromDate>
               <toDate standardDate="1578-12-31">31 décembre 1578</toDate>
            </dateRange>
         </cpfRelation>
         <cpfRelation xmlns:xlink="http://www.w3.org/1999/xlink"
                      cpfRelationType="associative"
                      xlink:href="FRAN_NP_012576"
                      xlink:type="simple">
            <relationEntry>Crosse, Martin-François</relationEntry>
            <dateRange>
               <fromDate standardDate="1849-03-17">17 mars 1849</fromDate>
               <toDate standardDate="1870-07-30">30 juillet 1870</toDate>
            </dateRange>
         </cpfRelation>
         <cpfRelation xmlns:xlink="http://www.w3.org/1999/xlink"
                      cpfRelationType="associative"
                      xlink:href="FRAN_NP_012578"
                      xlink:type="simple">
            <relationEntry>Crozon, Michel</relationEntry>
            <dateRange>
               <fromDate standardDate="1560-04-15">15 avril 1560</fromDate>
               <toDate standardDate="1568-12-31">décembre 1568</toDate>
            </dateRange>
         </cpfRelation>
         <cpfRelation xmlns:xlink="http://www.w3.org/1999/xlink"
                      cpfRelationType="associative"
                      xlink:href="FRAN_NP_012137"
                      xlink:type="simple">
            <relationEntry>Etienne, Jean-Claude</relationEntry>
            <dateRange>
               <fromDate standardDate="1780-06-27">27 juin 1780</fromDate>
               <toDate standardDate="1794-01-02">2 janvier 1794</toDate>
            </dateRange>
         </cpfRelation>
         <cpfRelation xmlns:xlink="http://www.w3.org/1999/xlink"
                      cpfRelationType="associative"
                      xlink:href="FRAN_NP_012267"
                      xlink:type="simple">
            <relationEntry>Doyen, Louis</relationEntry>
            <dateRange>
               <fromDate standardDate="1703-06-12">12 juin 1703</fromDate>
               <toDate standardDate="1735-07-27">27 juillet 1735</toDate>
            </dateRange>
         </cpfRelation>
         <cpfRelation xmlns:xlink="http://www.w3.org/1999/xlink"
                      cpfRelationType="associative"
                      xlink:href="FRAN_NP_012268"
                      xlink:type="simple">
            <relationEntry>Dubos, Pierre-Antoine</relationEntry>
            <dateRange>
               <fromDate standardDate="1794-08-16">16 août 1794</fromDate>
               <toDate standardDate="1811-05-02">2 mai 1811</toDate>
            </dateRange>
         </cpfRelation>
         <cpfRelation xmlns:xlink="http://www.w3.org/1999/xlink"
                      cpfRelationType="associative"
                      xlink:href="FRAN_NP_012547"
                      xlink:type="simple">
            <relationEntry>Crozon, Jean</relationEntry>
            <dateRange>
               <fromDate standardDate="1500-01-01">1500</fromDate>
               <toDate standardDate="1535-12-31">31 décembre 1535</toDate>
            </dateRange>
         </cpfRelation>
         <cpfRelation xmlns:xlink="http://www.w3.org/1999/xlink"
                      cpfRelationType="associative"
                      xlink:href="FRAN_NP_012548"
                      xlink:type="simple">
            <relationEntry>Crozon, Pierre</relationEntry>
            <dateRange>
               <fromDate standardDate="1530-01-01">1530</fromDate>
               <toDate standardDate="1535-12-31">1535</toDate>
            </dateRange>
         </cpfRelation>
         <resourceRelation xmlns:xlink="http://www.w3.org/1999/xlink"
                           resourceRelationType="subjectOf"
                           xlink:href="FRAN_IR_042184"
                           xlink:type="simple">
            <relationEntry localType="archival">Minutes et répertoires du notaire François RAFFIN, 29 janvier 1568 - 2 décembre 1580 (étude XLIX)</relationEntry>
         </resourceRelation>
         <resourceRelation xmlns:xlink="http://www.w3.org/1999/xlink"
                           resourceRelationType="subjectOf"
                           xlink:href="FRAN_IR_042194"
                           xlink:type="simple">
            <relationEntry localType="archival">Minutes et répertoires du notaire Pierre MANCHON, 22 octobre 1613 - 15 juillet 1629 (étude XLIX)</relationEntry>
         </resourceRelation>
         <resourceRelation xmlns:xlink="http://www.w3.org/1999/xlink"
                           resourceRelationType="subjectOf"
                           xlink:href="FRAN_IR_042202"
                           xlink:type="simple">
            <relationEntry localType="archival">Minutes et répertoires du notaire Martin Jean-Baptiste GOUPY, 22 novembre 1777 - 24 juin 1780 (étude XLIX)</relationEntry>
         </resourceRelation>
         <resourceRelation xmlns:xlink="http://www.w3.org/1999/xlink"
                           resourceRelationType="subjectOf"
                           xlink:href="FRAN_IR_042191"
                           xlink:type="simple">
            <relationEntry localType="archival">Minutes et répertoires du notaire Clément BERNARD, 7 février 1582 - 16 août 1600 (étude XLIX)</relationEntry>
         </resourceRelation>
         <resourceRelation xmlns:xlink="http://www.w3.org/1999/xlink"
                           resourceRelationType="subjectOf"
                           xlink:href="FRAN_IR_042209"
                           xlink:type="simple">
            <relationEntry localType="archival">Minutes et répertoires du notaire Maurice ROBIN, 4 août 1897 - 5 novembre 1902 (étude XLIX)</relationEntry>
         </resourceRelation>
         <resourceRelation xmlns:xlink="http://www.w3.org/1999/xlink"
                           resourceRelationType="subjectOf"
                           xlink:href="FRAN_IR_042201"
                           xlink:type="simple">
            <relationEntry localType="archival">Minutes et répertoires du notaire Jean Pierre de LA FRENAYE, 23 janvier 1768 - 21 novembre 1777 (étude XLIX)</relationEntry>
         </resourceRelation>
         <resourceRelation xmlns:xlink="http://www.w3.org/1999/xlink"
                           resourceRelationType="subjectOf"
                           xlink:href="FRAN_IR_042205"
                           xlink:type="simple">
            <relationEntry localType="archival">Minutes et répertoires du notaire François Marie ESTIENNE, 2 mai 1811 - 20 mai 1825 (étude XLIX)</relationEntry>
         </resourceRelation>
         <resourceRelation xmlns:xlink="http://www.w3.org/1999/xlink"
                           resourceRelationType="subjectOf"
                           xlink:href="FRAN_IR_052095"
                           xlink:type="simple">
            <relationEntry localType="archival">Images des répertoires du notaire Jean I Francois pour l'étude XLIX</relationEntry>
         </resourceRelation>
         <resourceRelation xmlns:xlink="http://www.w3.org/1999/xlink"
                           resourceRelationType="subjectOf"
                           xlink:href="FRAN_IR_052103"
                           xlink:type="simple">
            <relationEntry localType="archival">Images des répertoires du notaire Angélique-François Bellanger pour l'étude XLIX</relationEntry>
         </resourceRelation>
         <resourceRelation xmlns:xlink="http://www.w3.org/1999/xlink"
                           resourceRelationType="subjectOf"
                           xlink:href="FRAN_IR_052105"
                           xlink:type="simple">
            <relationEntry localType="archival">Images des répertoires du notaire Clément Bernard pour l'étude XLIX</relationEntry>
         </resourceRelation>
         <resourceRelation xmlns:xlink="http://www.w3.org/1999/xlink"
                           resourceRelationType="subjectOf"
                           xlink:href="FRAN_IR_042185"
                           xlink:type="simple">
            <relationEntry localType="archival">Minutes et répertoires du notaire Michel CROZON, 15 avril 1560 - janvier 1568 (étude XLIX)</relationEntry>
         </resourceRelation>
         <resourceRelation xmlns:xlink="http://www.w3.org/1999/xlink"
                           resourceRelationType="subjectOf"
                           xlink:href="FRAN_IR_042189"
                           xlink:type="simple">
            <relationEntry localType="archival">Minutes et répertoires du notaire Jacques FARDEAU, 1581 - 1629 (étude XLIX)</relationEntry>
         </resourceRelation>
         <resourceRelation xmlns:xlink="http://www.w3.org/1999/xlink"
                           resourceRelationType="subjectOf"
                           xlink:href="FRAN_IR_042193"
                           xlink:type="simple">
            <relationEntry localType="archival">Minutes et répertoires du notaire Jean I FRANÇOIS, 1593 - avril 1610 (étude XLIX)</relationEntry>
         </resourceRelation>
         <resourceRelation xmlns:xlink="http://www.w3.org/1999/xlink"
                           resourceRelationType="subjectOf"
                           xlink:href="FRAN_IR_042200"
                           xlink:type="simple">
            <relationEntry localType="archival">Minutes et répertoires du notaire Jacques Nicolas BELLANGER, 27 juillet 1735 - 6 janvier 1746 (étude XLIX)</relationEntry>
         </resourceRelation>
         <resourceRelation xmlns:xlink="http://www.w3.org/1999/xlink"
                           resourceRelationType="subjectOf"
                           xlink:href="FRAN_IR_042203"
                           xlink:type="simple">
            <relationEntry localType="archival">Minutes et répertoires du notaire Jean Claude ETIENNE, 27 juin 1780 - 2 janvier 1794 (étude XLIX)</relationEntry>
         </resourceRelation>
         <resourceRelation xmlns:xlink="http://www.w3.org/1999/xlink"
                           resourceRelationType="subjectOf"
                           xlink:href="FRAN_IR_042204"
                           xlink:type="simple">
            <relationEntry localType="archival">Minutes et répertoires du notaire Pierre Antoine DUBOS, 18 août 1794 - 1er mai 1811 (étude XLIX)</relationEntry>
         </resourceRelation>
         <resourceRelation xmlns:xlink="http://www.w3.org/1999/xlink"
                           resourceRelationType="subjectOf"
                           xlink:href="FRAN_IR_042210"
                           xlink:type="simple">
            <relationEntry localType="archival">Minutes et répertoires du notaire André Clovis FAROUX, 6 novembre 1902 - mai 1904 (étude XLIX)</relationEntry>
         </resourceRelation>
         <resourceRelation xmlns:xlink="http://www.w3.org/1999/xlink"
                           resourceRelationType="creatorOf"
                           xlink:href="FRAN_IR_042208"
                           xlink:type="simple">
            <relationEntry localType="archival">Minutes et répertoires du notaire Georges ROBIN, août 1870 - 3 août 1897 (étude XLIX)</relationEntry>
         </resourceRelation>
         <resourceRelation xmlns:xlink="http://www.w3.org/1999/xlink"
                           resourceRelationType="creatorOf"
                           xlink:href="FRAN_IR_042198"
                           xlink:type="simple">
            <relationEntry localType="archival">Minutes et répertoires du notaire Angélique François BELLANGER, 2 janvier 1737 - 23 janvier 1768 (étude XLIX)</relationEntry>
         </resourceRelation>
         <resourceRelation xmlns:xlink="http://www.w3.org/1999/xlink"
                           resourceRelationType="creatorOf"
                           xlink:href="FRAN_IR_042206"
                           xlink:type="simple">
            <relationEntry localType="archival">Minutes et répertoires du notaire Alphonse Zacharie LEROUX, 21 mai 1825 - 16 mars 1849 (étude XLIX)</relationEntry>
         </resourceRelation>
         <resourceRelation xmlns:xlink="http://www.w3.org/1999/xlink"
                           resourceRelationType="creatorOf"
                           xlink:href="FRAN_IR_042196"
                           xlink:type="simple">
            <relationEntry localType="archival">Minutes et répertoires du notaire Pierre II HUART, 24 octobre 1629 - 25 mars 1679 (étude XLIX)</relationEntry>
         </resourceRelation>
         <resourceRelation xmlns:xlink="http://www.w3.org/1999/xlink"
                           resourceRelationType="creatorOf"
                           xlink:href="FRAN_IR_042181"
                           xlink:type="simple">
            <relationEntry localType="archival">Minutes et répertoires du notaire François CROZON, 13 mai 1528 - 10 avril 1560 (étude XLIX)</relationEntry>
         </resourceRelation>
         <resourceRelation xmlns:xlink="http://www.w3.org/1999/xlink"
                           resourceRelationType="creatorOf"
                           xlink:href="FRAN_IR_054355"
                           xlink:type="simple">
            <relationEntry localType="archival">Images des répertoires du notaire Pierre Antoine Dubos pour l'étude XLIX</relationEntry>
         </resourceRelation>
         <resourceRelation xmlns:xlink="http://www.w3.org/1999/xlink"
                           resourceRelationType="creatorOf"
                           xlink:href="FRAN_IR_042179"
                           xlink:type="simple">
            <relationEntry localType="archival">Minutes et répertoires du notaire Jean CROZON, 28 avril 1500 - 31 décembre 1535 (étude XLIX)</relationEntry>
         </resourceRelation>
         <resourceRelation xmlns:xlink="http://www.w3.org/1999/xlink"
                           resourceRelationType="creatorOf"
                           xlink:href="FRAN_IR_042180"
                           xlink:type="simple">
            <relationEntry localType="archival">Minutes et répertoires du notaire Pierre CROZON, 27 mars 1517 - 31 décembre 1535 (étude XLIX)</relationEntry>
         </resourceRelation>
         <resourceRelation xmlns:xlink="http://www.w3.org/1999/xlink"
                           resourceRelationType="creatorOf"
                           xlink:href="FRAN_IR_042183"
                           xlink:type="simple">
            <relationEntry localType="archival">Minutes et répertoires du notaire Pierre MONTIGNE, 4 décembre 1529 - 17 janvier 1547 (étude XLIX)</relationEntry>
         </resourceRelation>
         <resourceRelation xmlns:xlink="http://www.w3.org/1999/xlink"
                           resourceRelationType="creatorOf"
                           xlink:href="FRAN_IR_042182"
                           xlink:type="simple">
            <relationEntry localType="archival">Minutes et répertoires du notaire Jean MAHEUT, décembre 1529 - 30 novembre 1540 (étude XLIX)</relationEntry>
         </resourceRelation>
         <resourceRelation xmlns:xlink="http://www.w3.org/1999/xlink"
                           resourceRelationType="creatorOf"
                           xlink:href="FRAN_IR_042188"
                           xlink:type="simple">
            <relationEntry localType="archival">Minutes et répertoires du notaire Michel CHARPENTIER, 2 novembre 1560 - 1581 (étude XLIX)</relationEntry>
         </resourceRelation>
         <resourceRelation xmlns:xlink="http://www.w3.org/1999/xlink"
                           resourceRelationType="creatorOf"
                           xlink:href="FRAN_IR_042190"
                           xlink:type="simple">
            <relationEntry localType="archival">Minutes et répertoires du notaire CHARMOLUE, 1578 - 1578 (étude XLIX)</relationEntry>
         </resourceRelation>
         <resourceRelation xmlns:xlink="http://www.w3.org/1999/xlink"
                           resourceRelationType="creatorOf"
                           xlink:href="FRAN_IR_042192"
                           xlink:type="simple">
            <relationEntry localType="archival">Minutes et répertoires du notaire Alain BOBYE, 1592 - 1604 (étude XLIX)</relationEntry>
         </resourceRelation>
         <resourceRelation xmlns:xlink="http://www.w3.org/1999/xlink"
                           resourceRelationType="creatorOf"
                           xlink:href="FRAN_IR_042195"
                           xlink:type="simple">
            <relationEntry localType="archival">Minutes et répertoires du notaire Nicolas de BEAUMONT, 5 mai 1610 - 14 octobre 1613 (étude XLIX)</relationEntry>
         </resourceRelation>
         <resourceRelation xmlns:xlink="http://www.w3.org/1999/xlink"
                           resourceRelationType="creatorOf"
                           xlink:href="FRAN_IR_042187"
                           xlink:type="simple">
            <relationEntry localType="archival">Minutes et répertoires du notaire notaires divers, 1550 - 1601 (étude XLIX)</relationEntry>
         </resourceRelation>
         <resourceRelation xmlns:xlink="http://www.w3.org/1999/xlink"
                           resourceRelationType="creatorOf"
                           xlink:href="FRAN_IR_055978"
                           xlink:type="simple">
            <relationEntry localType="archival">Images du répertoire du notaire Jean Pierre de La Frenaye pour l'étude XLIX</relationEntry>
         </resourceRelation>
         <resourceRelation xmlns:xlink="http://www.w3.org/1999/xlink"
                           resourceRelationType="creatorOf"
                           xlink:href="FRAN_IR_055979"
                           xlink:type="simple">
            <relationEntry localType="archival">Images du répertoire du notaire Jean Claude Etienne pour l'étude XLIX</relationEntry>
         </resourceRelation>
         <resourceRelation xmlns:xlink="http://www.w3.org/1999/xlink"
                           resourceRelationType="creatorOf"
                           xlink:href="FRAN_IR_052085"
                           xlink:type="simple">
            <relationEntry localType="archival">Images des répertoires du notaire François Raffin pour l'étude XLIX</relationEntry>
         </resourceRelation>
         <resourceRelation xmlns:xlink="http://www.w3.org/1999/xlink"
                           resourceRelationType="creatorOf"
                           xlink:href="FRAN_IR_052093"
                           xlink:type="simple">
            <relationEntry localType="archival">Images du répertoire du notaire Jacques Fardeau pour l'étude XLIX</relationEntry>
         </resourceRelation>
         <resourceRelation xmlns:xlink="http://www.w3.org/1999/xlink"
                           resourceRelationType="creatorOf"
                           xlink:href="FRAN_IR_052101"
                           xlink:type="simple">
            <relationEntry localType="archival">Images du répertoire du notaire François Crozon pour l'étude XLIX</relationEntry>
         </resourceRelation>
         <resourceRelation xmlns:xlink="http://www.w3.org/1999/xlink"
                           resourceRelationType="creatorOf"
                           xlink:href="FRAN_IR_052091"
                           xlink:type="simple">
            <relationEntry localType="archival">Images du répertoire du notaire Pierre II Huart pour l'étude XLIX</relationEntry>
         </resourceRelation>
         <resourceRelation xmlns:xlink="http://www.w3.org/1999/xlink"
                           resourceRelationType="creatorOf"
                           xlink:href="FRAN_IR_052102"
                           xlink:type="simple">
            <relationEntry localType="archival">Images du répertoire du notaire François Félix Barbar pour l'étude XLIX</relationEntry>
         </resourceRelation>
         <resourceRelation xmlns:xlink="http://www.w3.org/1999/xlink"
                           resourceRelationType="creatorOf"
                           xlink:href="FRAN_IR_052098"
                           xlink:type="simple">
            <relationEntry localType="archival">Images des répertoires du notaire Louis Doyen pour l'étude XLIX</relationEntry>
         </resourceRelation>
         <resourceRelation xmlns:xlink="http://www.w3.org/1999/xlink"
                           resourceRelationType="creatorOf"
                           xlink:href="FRAN_IR_052097"
                           xlink:type="simple">
            <relationEntry localType="archival">Images des répertoires du notaire François Marie Estienne pour l'étude XLIX</relationEntry>
         </resourceRelation>
         <resourceRelation xmlns:xlink="http://www.w3.org/1999/xlink"
                           resourceRelationType="creatorOf"
                           xlink:href="FRAN_IR_052090"
                           xlink:type="simple">
            <relationEntry localType="archival">Images des répertoires du notaire Alphonse Zacharie Leroux pour l'étude XLIX</relationEntry>
         </resourceRelation>
         <resourceRelation xmlns:xlink="http://www.w3.org/1999/xlink"
                           resourceRelationType="creatorOf"
                           xlink:href="FRAN_IR_052099"
                           xlink:type="simple">
            <relationEntry localType="archival">Images des répertoires du notaire Martin François Crosse pour l'étude XLIX</relationEntry>
         </resourceRelation>
         <resourceRelation xmlns:xlink="http://www.w3.org/1999/xlink"
                           resourceRelationType="creatorOf"
                           xlink:href="FRAN_IR_052087"
                           xlink:type="simple">
            <relationEntry localType="archival">Images des répertoires du notaire Maurice Robin pour l'étude XLIX</relationEntry>
         </resourceRelation>
         <resourceRelation xmlns:xlink="http://www.w3.org/1999/xlink"
                           resourceRelationType="creatorOf"
                           xlink:href="FRAN_IR_052094"
                           xlink:type="simple">
            <relationEntry localType="archival">Images du répertoire du notaire André Clovis Faroux pour l'étude XLIX</relationEntry>
         </resourceRelation>
         <resourceRelation xmlns:xlink="http://www.w3.org/1999/xlink"
                           resourceRelationType="creatorOf"
                           xlink:href="FRAN_IR_052095"
                           xlink:type="simple">
            <relationEntry localType="archival">Images des répertoires du notaire Jean I François pour l'étude XLIX</relationEntry>
         </resourceRelation>
         <resourceRelation xmlns:xlink="http://www.w3.org/1999/xlink"
                           resourceRelationType="creatorOf"
                           xlink:href="FRAN_IR_042178"
                           xlink:type="simple">
            <relationEntry localType="archival">Archives de l'étude XLIX</relationEntry>
         </resourceRelation>
      </relations>
   </cpfDescription>
</eac-cpf>
