<eac-cpf xmlns="urn:isbn:1-931666-33-4"
         xmlns:xsi="http://www.w3.org/2001/XMLSchema-instance"
         xsi:schemaLocation="urn:isbn:1-931666-33-4 cpf.xsd">
   <control>
      <recordId>FRAN_NP_010484</recordId>
      <otherRecordId localType="Ancien_identifiant">FRDAFANCH00MC_NANOTAIRE00192</otherRecordId>
      <maintenanceStatus>derived</maintenanceStatus>
      <maintenanceAgency>
         <agencyName>Archives nationales de France</agencyName>
      </maintenanceAgency>
      <languageDeclaration>
         <language languageCode="fre">Français</language>
         <script scriptCode="Latn"/>
      </languageDeclaration>
      <conventionDeclaration>
         <citation>Notice établie conformément à la norme ICA-ISAAR (CPF) 2004, aux normes ISO 8601 pour le système de normalisation des dates utilisé, ainsi que AFNOR NF Z 44-061, juin 1986. Catalogage : forme et structure des vedettes noms de personne, des vedettes titres, des rubriques de classement et des titres forgés.</citation>
      </conventionDeclaration>
      <localControl localType="niveau_de_detail">
         <term>Moyenne</term>
      </localControl>
      <maintenanceHistory>
         <maintenanceEvent>
            <eventType>derived</eventType>
            <eventDateTime>2013-04-23</eventDateTime>
            <agentType>machine</agentType>
            <agent>Migration ETANOT</agent>
         </maintenanceEvent>
      </maintenanceHistory>
   </control>
   <cpfDescription>
      <identity>
         <entityType>person</entityType>
         <nameEntry localType="autorisée" scriptCode="Latn" xml:lang="fre">
            <part>Triboulet, Onésime</part>
         </nameEntry>
      </identity>
      <description>
         <existDates>
            <dateRange>
               <fromDate standardDate="1828-02-09">9 février 1828</fromDate>
               <toDate standardDate="1847-09-05">5 septembre 1847</toDate>
            </dateRange>
            <descriptiveNote>
               <p>Les dates d'existence de la personne ne sont pas connues et sont évaluées d'après les dates d'exercice en tant que notaire</p>
            </descriptiveNote>
         </existDates>
         <places>
            <place>
               <placeRole>Lieu de Paris</placeRole>
               <placeEntry localType="commune_rattachee"
                           vocabularySource="d3nyv27wtc-iflm2unq9zmk">passy (ancienne commune)</placeEntry>
               <placeEntry localType="voie" vocabularySource="d3nzaj4u58--12eqkim81j1l8">franklin (rue)</placeEntry>
               <placeEntry localType="nomLieu">10 rue Franklin (Passy)</placeEntry>
            </place>
         </places>
         <functions>
            <function>
               <term vocabularySource="d3nyui3o8w--11y7jgy8q3wnt">notaire à paris</term>
               <dateRange>
                  <fromDate standardDate="1828-02-09">9 février 1828</fromDate>
                  <toDate standardDate="1847-09-05">5 septembre 1847</toDate>
               </dateRange>
            </function>
         </functions>
         <biogHist>
            <p>marié à Marie-Louise Burgat (voir ET/XXVIII/831, 25 janvier 1830, contrat de mariage)</p>
         </biogHist>
      </description>
      <relations>
         <cpfRelation xmlns:xlink="http://www.w3.org/1999/xlink"
                      cpfRelationType="associative"
                      xlink:href="FRAN_NP_010167"
                      xlink:type="simple">
            <relationEntry>Etude notariale XL</relationEntry>
            <dateRange>
               <fromDate standardDate="1828-02-09">9 février 1828</fromDate>
               <toDate standardDate="1847-09-05">5 septembre 1847</toDate>
            </dateRange>
         </cpfRelation>
         <resourceRelation xmlns:xlink="http://www.w3.org/1999/xlink"
                           resourceRelationType="creatorOf"
                           xlink:href="FRAN_IR_051980"
                           xlink:type="simple">
            <relationEntry localType="archival">Images des répertoires du notaire Onésime Triboulet pour l'étude XL</relationEntry>
         </resourceRelation>
      </relations>
   </cpfDescription>
</eac-cpf>
