<eac-cpf xmlns="urn:isbn:1-931666-33-4"
         xmlns:xsi="http://www.w3.org/2001/XMLSchema-instance"
         xsi:schemaLocation="urn:isbn:1-931666-33-4 cpf.xsd">
   <control>
      <recordId>FRAN_NP_010189</recordId>
      <otherRecordId localType="Ancien_identifiant">FRDAFANCH00MC_NAETUDE_062</otherRecordId>
      <maintenanceStatus>derived</maintenanceStatus>
      <maintenanceAgency>
         <agencyName>Archives nationales de France</agencyName>
      </maintenanceAgency>
      <languageDeclaration>
         <language languageCode="fre">Français</language>
         <script scriptCode="Latn"/>
      </languageDeclaration>
      <conventionDeclaration>
         <citation>Notice établie conformément à la norme ICA-ISAAR (CPF) 2004, aux normes ISO 8601 pour le système de normalisation des dates utilisé, ainsi que AFNOR NF Z 44-061, juin 1986. Catalogage : forme et structure des vedettes noms de personne, des vedettes titres, des rubriques de classement et des titres forgés.</citation>
      </conventionDeclaration>
      <localControl localType="niveau_de_detail">
         <term>Moyenne</term>
      </localControl>
      <maintenanceHistory>
         <maintenanceEvent>
            <eventType>derived</eventType>
            <eventDateTime>2013-04-23</eventDateTime>
            <agentType>machine</agentType>
            <agent>Migration ETANOT</agent>
         </maintenanceEvent>
      </maintenanceHistory>
   </control>
   <cpfDescription>
      <identity>
         <entityType>corporateBody</entityType>
         <nameEntry localType="autorisée" scriptCode="Latn" xml:lang="fre">
            <part>Etude LXII</part>
         </nameEntry>
         <nameEntry>
            <part>indéterminé</part>
         </nameEntry>
      </identity>
      <description>
         <existDates>
            <dateRange>
               <fromDate standardDate="1580-01-01">1580 à 1975</fromDate>
               <toDate standardDate="1975-12-31"/>
            </dateRange>
         </existDates>
         <functions>
            <function>
               <term vocabularySource="d3nyui3o8w--11y7jgy8q3wnt">notaire à paris</term>
               <dateRange>
                  <fromDate standardDate="1580-01-01">1580 à 1975</fromDate>
                  <toDate standardDate="1975-12-31"/>
               </dateRange>
            </function>
         </functions>
         <biogHist>
            <p>Fusion avec l'étude L en 1975. Cette étude est installée rue Saint-Antoine de 1581 à 1782. Elle part alors rue de Grenelle Saint-Honoré, puis rue Gaillon (1808). Après plusieurs déménagements dans le même quartier, elle s'installe rue Louis-le-Grand en 1860.</p>
         </biogHist>
      </description>
      <relations>
         <cpfRelation xmlns:xlink="http://www.w3.org/1999/xlink"
                      cpfRelationType="associative"
                      xlink:href="FRAN_NP_010354"
                      xlink:type="simple">
            <relationEntry>Veillart, Charles</relationEntry>
            <dateRange>
               <fromDate standardDate="1707-02-09">9 février 1707</fromDate>
               <toDate standardDate="1738-05-30">30 mai 1738</toDate>
            </dateRange>
         </cpfRelation>
         <cpfRelation xmlns:xlink="http://www.w3.org/1999/xlink"
                      cpfRelationType="associative"
                      xlink:href="FRAN_NP_010374"
                      xlink:type="simple">
            <relationEntry>Vigeon, Antoine</relationEntry>
            <dateRange>
               <fromDate standardDate="1618-12-19">19 décembre 1618</fromDate>
               <toDate standardDate="1640-07-27">27 juillet 1640</toDate>
            </dateRange>
         </cpfRelation>
         <cpfRelation xmlns:xlink="http://www.w3.org/1999/xlink"
                      cpfRelationType="associative"
                      xlink:href="FRAN_NP_010849"
                      xlink:type="simple">
            <relationEntry>Pasteau, Frédéric Alphonse Victor</relationEntry>
            <dateRange>
               <fromDate standardDate="1932-12-08">08 décembre 1932</fromDate>
               <toDate standardDate="1963-09-25">25 septembre 1963</toDate>
            </dateRange>
         </cpfRelation>
         <cpfRelation xmlns:xlink="http://www.w3.org/1999/xlink"
                      cpfRelationType="associative"
                      xlink:href="FRAN_NP_010850"
                      xlink:type="simple">
            <relationEntry>Pasteau, Maurice Albert</relationEntry>
            <dateRange>
               <fromDate standardDate="1963-09-25">25 septembre 1963</fromDate>
               <toDate standardDate="1975-07-09">9 juillet 1975</toDate>
            </dateRange>
         </cpfRelation>
         <cpfRelation xmlns:xlink="http://www.w3.org/1999/xlink"
                      cpfRelationType="associative"
                      xlink:href="FRAN_NP_011218"
                      xlink:type="simple">
            <relationEntry>Moreau, Pierre-Gatien</relationEntry>
            <dateRange>
               <fromDate standardDate="1782-04-10">10 avril 1782</fromDate>
               <toDate standardDate="1791-08-23">23 août 1791</toDate>
            </dateRange>
         </cpfRelation>
         <cpfRelation xmlns:xlink="http://www.w3.org/1999/xlink"
                      cpfRelationType="associative"
                      xlink:href="FRAN_NP_011990"
                      xlink:type="simple">
            <relationEntry>Guichard, Henri</relationEntry>
            <dateRange>
               <fromDate standardDate="1653-05-26">26 mai 1653</fromDate>
               <toDate standardDate="1686-10-21">21 octobre 1686</toDate>
            </dateRange>
         </cpfRelation>
         <cpfRelation xmlns:xlink="http://www.w3.org/1999/xlink"
                      cpfRelationType="associative"
                      xlink:href="FRAN_NP_011947"
                      xlink:type="simple">
            <relationEntry>Goupil, Marcel</relationEntry>
            <dateRange>
               <fromDate standardDate="1911-03-02">2 mars 1911</fromDate>
               <toDate standardDate="1932-12-08">8 décembre 1932</toDate>
            </dateRange>
         </cpfRelation>
         <cpfRelation xmlns:xlink="http://www.w3.org/1999/xlink"
                      cpfRelationType="associative"
                      xlink:href="FRAN_NP_011015"
                      xlink:type="simple">
            <relationEntry>Privé, Nicolas</relationEntry>
            <dateRange>
               <fromDate standardDate="1580-03-02">2 mars 1580</fromDate>
               <toDate standardDate="1604-10-18">18 octobre 1604</toDate>
            </dateRange>
         </cpfRelation>
         <cpfRelation xmlns:xlink="http://www.w3.org/1999/xlink"
                      cpfRelationType="associative"
                      xlink:href="FRAN_NP_012809"
                      xlink:type="simple">
            <relationEntry>Beaudenom de la maze, Jacques</relationEntry>
            <dateRange>
               <fromDate standardDate="1814-05-14">14 mai 1814</fromDate>
               <toDate standardDate="1836-10-13">13 octobre 1836</toDate>
            </dateRange>
         </cpfRelation>
         <cpfRelation xmlns:xlink="http://www.w3.org/1999/xlink"
                      cpfRelationType="associative"
                      xlink:href="FRAN_NP_012056"
                      xlink:type="simple">
            <relationEntry>Fieffé, Jean</relationEntry>
            <dateRange>
               <fromDate standardDate="1651-07-10">10 juillet 1651</fromDate>
               <toDate standardDate="1653-04-16">16 avril 1653</toDate>
            </dateRange>
         </cpfRelation>
         <cpfRelation xmlns:xlink="http://www.w3.org/1999/xlink"
                      cpfRelationType="associative"
                      xlink:href="FRAN_NP_013141"
                      xlink:type="simple">
            <relationEntry>Arnoult, Nicolas-Louis</relationEntry>
            <dateRange>
               <fromDate standardDate="1762-10-08">8 octobre 1762</fromDate>
               <toDate standardDate="1782-04-04">4 avril 1782</toDate>
            </dateRange>
         </cpfRelation>
         <cpfRelation xmlns:xlink="http://www.w3.org/1999/xlink"
                      cpfRelationType="associative"
                      xlink:href="FRAN_NP_012902"
                      xlink:type="simple">
            <relationEntry>Biesta, Jean-Baptiste</relationEntry>
            <dateRange>
               <fromDate standardDate="1874-08-19">19 août 1874</fromDate>
               <toDate standardDate="1886-08-27">27 août 1886</toDate>
            </dateRange>
         </cpfRelation>
         <cpfRelation xmlns:xlink="http://www.w3.org/1999/xlink"
                      cpfRelationType="associative"
                      xlink:href="FRAN_NP_012057"
                      xlink:type="simple">
            <relationEntry>Fieffé, Pierre</relationEntry>
            <dateRange>
               <fromDate standardDate="1605-08-25">25 août 1605</fromDate>
               <toDate standardDate="1651-06-21">21 juin 1651</toDate>
            </dateRange>
         </cpfRelation>
         <cpfRelation xmlns:xlink="http://www.w3.org/1999/xlink"
                      cpfRelationType="associative"
                      xlink:href="FRAN_NP_010607"
                      xlink:type="simple">
            <relationEntry>Ragot, Antoine-Charles</relationEntry>
            <dateRange>
               <fromDate standardDate="1886-08-17">17 août 1886</fromDate>
               <toDate standardDate="1911-03-02">2 mars 1911</toDate>
            </dateRange>
         </cpfRelation>
         <cpfRelation xmlns:xlink="http://www.w3.org/1999/xlink"
                      cpfRelationType="associative"
                      xlink:href="FRAN_NP_011877"
                      xlink:type="simple">
            <relationEntry>Geoffroy, Jean</relationEntry>
            <dateRange>
               <fromDate standardDate="1696-07-21">21 juillet 1696</fromDate>
               <toDate standardDate="1707-02-08">8 février 1707</toDate>
            </dateRange>
         </cpfRelation>
         <cpfRelation xmlns:xlink="http://www.w3.org/1999/xlink"
                      cpfRelationType="associative"
                      xlink:href="FRAN_NP_011968"
                      xlink:type="simple">
            <relationEntry>Groyn, Thomas</relationEntry>
            <dateRange>
               <fromDate standardDate="1602-04-12">12 avril 1602</fromDate>
               <toDate standardDate="1618-12-15">15 décembre 1618</toDate>
            </dateRange>
         </cpfRelation>
         <cpfRelation xmlns:xlink="http://www.w3.org/1999/xlink"
                      cpfRelationType="associative"
                      xlink:href="FRAN_NP_010430"
                      xlink:type="simple">
            <relationEntry>Thibert, Antoine-Denis</relationEntry>
            <dateRange>
               <fromDate standardDate="1811-02-13">13 février 1811</fromDate>
               <toDate standardDate="1814-03-29">29 mars 1814</toDate>
            </dateRange>
         </cpfRelation>
         <cpfRelation xmlns:xlink="http://www.w3.org/1999/xlink"
                      cpfRelationType="associative"
                      xlink:href="FRAN_NP_012617"
                      xlink:type="simple">
            <relationEntry>Chenuet, Louis</relationEntry>
            <dateRange>
               <fromDate standardDate="1686-12-07">7 décembre 1686</fromDate>
               <toDate standardDate="1696-06-28">28 juin 1696</toDate>
            </dateRange>
         </cpfRelation>
         <cpfRelation xmlns:xlink="http://www.w3.org/1999/xlink"
                      cpfRelationType="associative"
                      xlink:href="FRAN_NP_010902"
                      xlink:type="simple">
            <relationEntry>Petineau, Adolphe</relationEntry>
            <dateRange>
               <fromDate standardDate="1836-10-13">13 octobre 1836</fromDate>
               <toDate standardDate="1852-10-14">14 octobre 1852</toDate>
            </dateRange>
         </cpfRelation>
         <cpfRelation xmlns:xlink="http://www.w3.org/1999/xlink"
                      cpfRelationType="associative"
                      xlink:href="FRAN_NP_011304"
                      xlink:type="simple">
            <relationEntry>La granche, Nicolas de</relationEntry>
            <dateRange>
               <fromDate standardDate="1640-08-02">2 août 1640</fromDate>
               <toDate standardDate="1652-02-03">3 février 1652</toDate>
            </dateRange>
         </cpfRelation>
         <cpfRelation xmlns:xlink="http://www.w3.org/1999/xlink"
                      cpfRelationType="associative"
                      xlink:href="FRAN_NP_011540"
                      xlink:type="simple">
            <relationEntry>Lentaigne, Ismael-Jean</relationEntry>
            <dateRange>
               <fromDate standardDate="1852-10-14">14 octobre 1852</fromDate>
               <toDate standardDate="1874-08-19">19 août 1874</toDate>
            </dateRange>
         </cpfRelation>
         <cpfRelation xmlns:xlink="http://www.w3.org/1999/xlink"
                      cpfRelationType="associative"
                      xlink:href="FRAN_NP_012303"
                      xlink:type="simple">
            <relationEntry>Ruelle, Nicolas de</relationEntry>
            <dateRange>
               <fromDate standardDate="1738-06-26">26 juin 1738</fromDate>
               <toDate standardDate="1762-10-08">8 octobre 1762</toDate>
            </dateRange>
         </cpfRelation>
         <cpfRelation xmlns:xlink="http://www.w3.org/1999/xlink"
                      cpfRelationType="associative"
                      xlink:href="FRAN_NP_012451"
                      xlink:type="simple">
            <relationEntry>Cabal-Castel, Jean-François</relationEntry>
            <dateRange>
               <fromDate standardDate="1791-08-23">23 août 1791</fromDate>
               <toDate standardDate="1811-02-13">13 février 1811</toDate>
            </dateRange>
         </cpfRelation>
         <resourceRelation xmlns:xlink="http://www.w3.org/1999/xlink"
                           resourceRelationType="subjectOf"
                           xlink:href="FRAN_IR_042444"
                           xlink:type="simple">
            <relationEntry localType="archival">Minutes et répertoires du notaire Pierre Gatien MOREAU, 10 avril 1782 - 23 août 1791 (étude LXII)</relationEntry>
         </resourceRelation>
         <resourceRelation xmlns:xlink="http://www.w3.org/1999/xlink"
                           resourceRelationType="subjectOf"
                           xlink:href="FRAN_IR_042447"
                           xlink:type="simple">
            <relationEntry localType="archival">Minutes et répertoires du notaire Adolphe PETINEAU, 13 octobre 1836 - 14 octobre 1852 (étude LXII)</relationEntry>
         </resourceRelation>
         <resourceRelation xmlns:xlink="http://www.w3.org/1999/xlink"
                           resourceRelationType="subjectOf"
                           xlink:href="FRAN_IR_042432"
                           xlink:type="simple">
            <relationEntry localType="archival">Minutes et répertoires du notaire Thomas GROYN, 12 avril 1602 - 15 décembre 1618 (étude LXII)</relationEntry>
         </resourceRelation>
         <resourceRelation xmlns:xlink="http://www.w3.org/1999/xlink"
                           resourceRelationType="subjectOf"
                           xlink:href="FRAN_IR_042439"
                           xlink:type="simple">
            <relationEntry localType="archival">Minutes et répertoires du notaire Jean GEOFFROY, 21 juillet 1696 - 8 février 1707 (étude LXII)</relationEntry>
         </resourceRelation>
         <resourceRelation xmlns:xlink="http://www.w3.org/1999/xlink"
                           resourceRelationType="subjectOf"
                           xlink:href="FRAN_IR_042448"
                           xlink:type="simple">
            <relationEntry localType="archival">Minutes et répertoires du notaire Ismaël Jean LENTAIGNE, 14 octobre 1852 - 19 août 1874 (étude LXII)</relationEntry>
         </resourceRelation>
         <resourceRelation xmlns:xlink="http://www.w3.org/1999/xlink"
                           resourceRelationType="subjectOf"
                           xlink:href="FRAN_IR_042450"
                           xlink:type="simple">
            <relationEntry localType="archival">Minutes et répertoires du notaire Antoine Charles RAGOT, 27 août 1886 - 30 juin 1906 (étude LXII)</relationEntry>
         </resourceRelation>
         <resourceRelation xmlns:xlink="http://www.w3.org/1999/xlink"
                           resourceRelationType="subjectOf"
                           xlink:href="FRAN_IR_042446"
                           xlink:type="simple">
            <relationEntry localType="archival">Minutes et répertoires du notaire Jacques BEAUDENOM de LA MAZE, 14 mai 1814 - 13 octobre 1836 (étude LXII)</relationEntry>
         </resourceRelation>
         <resourceRelation xmlns:xlink="http://www.w3.org/1999/xlink"
                           resourceRelationType="subjectOf"
                           xlink:href="FRAN_IR_042449"
                           xlink:type="simple">
            <relationEntry localType="archival">Minutes et répertoires du notaire Jean-Baptiste BIESTA, 19 août 1874 - 26 août 1886 (étude LXII)</relationEntry>
         </resourceRelation>
         <resourceRelation xmlns:xlink="http://www.w3.org/1999/xlink"
                           resourceRelationType="subjectOf"
                           xlink:href="FRAN_IR_042433"
                           xlink:type="simple">
            <relationEntry localType="archival">Minutes et répertoires du notaire Jean FIEFFÉ, 10 juillet 1651 - 16 avril 1653 (étude LXII)</relationEntry>
         </resourceRelation>
         <resourceRelation xmlns:xlink="http://www.w3.org/1999/xlink"
                           resourceRelationType="subjectOf"
                           xlink:href="FRAN_IR_042431"
                           xlink:type="simple">
            <relationEntry localType="archival">Minutes et répertoires du notaire Nicolas PRIVÉ, 11 avril 1580 - 18 octobre 1604 (étude LXII)</relationEntry>
         </resourceRelation>
         <resourceRelation xmlns:xlink="http://www.w3.org/1999/xlink"
                           resourceRelationType="creatorOf"
                           xlink:href="FRAN_IR_042441"
                           xlink:type="simple">
            <relationEntry localType="archival">Minutes et répertoires du notaire Nicolas de RUELLE, 26 juin 1738 - 8 octobre 1762 (étude LXII)</relationEntry>
         </resourceRelation>
         <resourceRelation xmlns:xlink="http://www.w3.org/1999/xlink"
                           resourceRelationType="creatorOf"
                           xlink:href="FRAN_IR_042440"
                           xlink:type="simple">
            <relationEntry localType="archival">Minutes et répertoires du notaire Charles VEILLART, 9 février 1707 - 30 mai 1738 (étude LXII)</relationEntry>
         </resourceRelation>
         <resourceRelation xmlns:xlink="http://www.w3.org/1999/xlink"
                           resourceRelationType="creatorOf"
                           xlink:href="FRAN_IR_042445"
                           xlink:type="simple">
            <relationEntry localType="archival">Minutes et répertoires du notaire Antoine Denis THIBERT, 13 février 1811 - 10 mai 1814 (étude LXII)</relationEntry>
         </resourceRelation>
         <resourceRelation xmlns:xlink="http://www.w3.org/1999/xlink"
                           resourceRelationType="creatorOf"
                           xlink:href="FRAN_IR_042435"
                           xlink:type="simple">
            <relationEntry localType="archival">Minutes et répertoires du notaire Antoine VIGEON, 19 décembre 1618 - 27 juillet 1640 (étude LXII)</relationEntry>
         </resourceRelation>
         <resourceRelation xmlns:xlink="http://www.w3.org/1999/xlink"
                           resourceRelationType="creatorOf"
                           xlink:href="FRAN_IR_042437"
                           xlink:type="simple">
            <relationEntry localType="archival">Minutes et répertoires du notaire Nicolas de LA GRANCHE, 4 août 1640 - décembre 1651 (étude LXII)</relationEntry>
         </resourceRelation>
         <resourceRelation xmlns:xlink="http://www.w3.org/1999/xlink"
                           resourceRelationType="creatorOf"
                           xlink:href="FRAN_IR_052280"
                           xlink:type="simple">
            <relationEntry localType="archival">Images du répertoire du notaire Nicolas Privé pour l'étude LXII</relationEntry>
         </resourceRelation>
         <resourceRelation xmlns:xlink="http://www.w3.org/1999/xlink"
                           resourceRelationType="creatorOf"
                           xlink:href="FRAN_IR_052276"
                           xlink:type="simple">
            <relationEntry localType="archival">Images du répertoire du notaire Thomas Groyn pour l'étude LXII</relationEntry>
         </resourceRelation>
         <resourceRelation xmlns:xlink="http://www.w3.org/1999/xlink"
                           resourceRelationType="creatorOf"
                           xlink:href="FRAN_IR_052291"
                           xlink:type="simple">
            <relationEntry localType="archival">Images des répertoires du notaire Pierre Fieffé pour l'étude LXII</relationEntry>
         </resourceRelation>
         <resourceRelation xmlns:xlink="http://www.w3.org/1999/xlink"
                           resourceRelationType="creatorOf"
                           xlink:href="FRAN_IR_052292"
                           xlink:type="simple">
            <relationEntry localType="archival">Images du répertoire du notaire Jean Fieffé pour l'étude LXII</relationEntry>
         </resourceRelation>
         <resourceRelation xmlns:xlink="http://www.w3.org/1999/xlink"
                           resourceRelationType="creatorOf"
                           xlink:href="FRAN_IR_052293"
                           xlink:type="simple">
            <relationEntry localType="archival">Images du répertoire du notaire Henri Guichard pour l'étude LXII</relationEntry>
         </resourceRelation>
         <resourceRelation xmlns:xlink="http://www.w3.org/1999/xlink"
                           resourceRelationType="creatorOf"
                           xlink:href="FRAN_IR_052289"
                           xlink:type="simple">
            <relationEntry localType="archival">Images du répertoire du notaire Louis Chenuet pour l'étude LXII</relationEntry>
         </resourceRelation>
         <resourceRelation xmlns:xlink="http://www.w3.org/1999/xlink"
                           resourceRelationType="creatorOf"
                           xlink:href="FRAN_IR_052277"
                           xlink:type="simple">
            <relationEntry localType="archival">Images du répertoire du notaire Jean Geoffroy pour l'étude LXII</relationEntry>
         </resourceRelation>
         <resourceRelation xmlns:xlink="http://www.w3.org/1999/xlink"
                           resourceRelationType="creatorOf"
                           xlink:href="FRAN_IR_052284"
                           xlink:type="simple">
            <relationEntry localType="archival">Images du répertoire du notaire Charles Veillart pour l'étude LXII</relationEntry>
         </resourceRelation>
         <resourceRelation xmlns:xlink="http://www.w3.org/1999/xlink"
                           resourceRelationType="creatorOf"
                           xlink:href="FRAN_IR_052290"
                           xlink:type="simple">
            <relationEntry localType="archival">Images du répertoire du notaire Nicolas de Ruelle pour l'étude LXII</relationEntry>
         </resourceRelation>
         <resourceRelation xmlns:xlink="http://www.w3.org/1999/xlink"
                           resourceRelationType="creatorOf"
                           xlink:href="FRAN_IR_053016"
                           xlink:type="simple">
            <relationEntry localType="archival">Images des répertoires du notaire Nicolas Louis Arnoult pour l'étude LXII</relationEntry>
         </resourceRelation>
         <resourceRelation xmlns:xlink="http://www.w3.org/1999/xlink"
                           resourceRelationType="creatorOf"
                           xlink:href="FRAN_IR_053014"
                           xlink:type="simple">
            <relationEntry localType="archival">Images des répertoires du notaire Pierre Gatien Moreau pour l'étude LXII</relationEntry>
         </resourceRelation>
         <resourceRelation xmlns:xlink="http://www.w3.org/1999/xlink"
                           resourceRelationType="creatorOf"
                           xlink:href="FRAN_IR_053015"
                           xlink:type="simple">
            <relationEntry localType="archival">Images des répertoires du notaire Jean François Cabal-Castel pour l'étude LXII</relationEntry>
         </resourceRelation>
         <resourceRelation xmlns:xlink="http://www.w3.org/1999/xlink"
                           resourceRelationType="creatorOf"
                           xlink:href="FRAN_IR_053013"
                           xlink:type="simple">
            <relationEntry localType="archival">Images des répertoires du notaire Antoine Denis Thibert pour l'étude LXII</relationEntry>
         </resourceRelation>
         <resourceRelation xmlns:xlink="http://www.w3.org/1999/xlink"
                           resourceRelationType="creatorOf"
                           xlink:href="FRAN_IR_052286"
                           xlink:type="simple">
            <relationEntry localType="archival">Images des répertoires du notaire Jacques Beaudenom de La Maze pour l'étude LXII</relationEntry>
         </resourceRelation>
         <resourceRelation xmlns:xlink="http://www.w3.org/1999/xlink"
                           resourceRelationType="creatorOf"
                           xlink:href="FRAN_IR_053012"
                           xlink:type="simple">
            <relationEntry localType="archival">Images des répertoires du notaire Adolphe Petineau pour l'étude LXII</relationEntry>
         </resourceRelation>
         <resourceRelation xmlns:xlink="http://www.w3.org/1999/xlink"
                           resourceRelationType="creatorOf"
                           xlink:href="FRAN_IR_052278"
                           xlink:type="simple">
            <relationEntry localType="archival">Images des répertoires du notaire Ismaël Jean Lentaigne pour l'étude LXII</relationEntry>
         </resourceRelation>
         <resourceRelation xmlns:xlink="http://www.w3.org/1999/xlink"
                           resourceRelationType="creatorOf"
                           xlink:href="FRAN_IR_052287"
                           xlink:type="simple">
            <relationEntry localType="archival">Images des répertoires du notaire Jean-Baptiste Biesta pour l'étude LXII</relationEntry>
         </resourceRelation>
         <resourceRelation xmlns:xlink="http://www.w3.org/1999/xlink"
                           resourceRelationType="creatorOf"
                           xlink:href="FRAN_IR_052282"
                           xlink:type="simple">
            <relationEntry localType="archival">Images des répertoires du notaire Antoine Charles Ragot pour l'étude LXII</relationEntry>
         </resourceRelation>
         <resourceRelation xmlns:xlink="http://www.w3.org/1999/xlink"
                           resourceRelationType="creatorOf"
                           xlink:href="FRAN_IR_042430"
                           xlink:type="simple">
            <relationEntry localType="archival">Archives de l'étude LXII</relationEntry>
         </resourceRelation>
      </relations>
   </cpfDescription>
</eac-cpf>
