<eac-cpf xmlns="urn:isbn:1-931666-33-4"
         xmlns:xsi="http://www.w3.org/2001/XMLSchema-instance"
         xsi:schemaLocation="urn:isbn:1-931666-33-4 cpf.xsd">
   <control>
      <recordId>FRAN_NP_010446</recordId>
      <otherRecordId localType="Ancien_identifiant">FRDAFANCH00MC_NANOTAIRE00151</otherRecordId>
      <maintenanceStatus>derived</maintenanceStatus>
      <maintenanceAgency>
         <agencyName>Archives nationales de France</agencyName>
      </maintenanceAgency>
      <languageDeclaration>
         <language languageCode="fre">Français</language>
         <script scriptCode="Latn"/>
      </languageDeclaration>
      <conventionDeclaration>
         <citation>Notice établie conformément à la norme ICA-ISAAR (CPF) 2004, aux normes ISO 8601 pour le système de normalisation des dates utilisé, ainsi que AFNOR NF Z 44-061, juin 1986. Catalogage : forme et structure des vedettes noms de personne, des vedettes titres, des rubriques de classement et des titres forgés.</citation>
      </conventionDeclaration>
      <localControl localType="niveau_de_detail">
         <term>Moyenne</term>
      </localControl>
      <maintenanceHistory>
         <maintenanceEvent>
            <eventType>derived</eventType>
            <eventDateTime>2013-04-23</eventDateTime>
            <agentType>machine</agentType>
            <agent>Migration ETANOT</agent>
         </maintenanceEvent>
      </maintenanceHistory>
   </control>
   <cpfDescription>
      <identity>
         <entityType>person</entityType>
         <nameEntry localType="autorisée" scriptCode="Latn" xml:lang="fre">
            <part>Thion de la chaume, Henri</part>
         </nameEntry>
      </identity>
      <description>
         <existDates>
            <dateRange>
               <fromDate standardDate="1838-10-03">3 octobre 1838</fromDate>
               <toDate standardDate="1860-11-15">15 novembre 1860</toDate>
            </dateRange>
            <descriptiveNote>
               <p>Les dates d'existence de la personne ne sont pas connues et sont évaluées d'après les dates d'exercice en tant que notaire</p>
            </descriptiveNote>
         </existDates>
         <places>
            <place>
               <placeRole>Lieu de Paris</placeRole>
               <placeEntry localType="voie" vocabularySource="d3nzaeb2lx--1pnzgkzxr0d4r">faubourg-montmartre (rue du)</placeEntry>
               <placeEntry localType="voie" vocabularySource="d3nzbno763-kssdrlmb1ms5">laffitte (rue)</placeEntry>
               <placeEntry localType="nomLieu">13 rue du Faubourg-Montmartre (de 1838 à 1847), 1bis rue Laffitte (de 1847 à 1848), puis 3 (de 1848 à 1860)</placeEntry>
            </place>
         </places>
         <functions>
            <function>
               <term vocabularySource="d3nyui3o8w--11y7jgy8q3wnt">notaire à paris</term>
               <dateRange>
                  <fromDate standardDate="1838-10-03">3 octobre 1838</fromDate>
                  <toDate standardDate="1860-11-15">15 novembre 1860</toDate>
               </dateRange>
            </function>
         </functions>
         <biogHist>
            <p>Né le 8 septembre 1811 à Passy (aujourd'hui Paris, XVIè arrondissement), frère et successeur d'Auguste-Louis Thion de la Chaume</p>
         </biogHist>
      </description>
      <relations>
         <cpfRelation xmlns:xlink="http://www.w3.org/1999/xlink"
                      cpfRelationType="associative"
                      xlink:href="FRAN_NP_010239"
                      xlink:type="simple">
            <relationEntry>Etude notariale CXII</relationEntry>
            <dateRange>
               <fromDate standardDate="1838-10-03">3 octobre 1838</fromDate>
               <toDate standardDate="1860-11-15">15 novembre 1860</toDate>
            </dateRange>
         </cpfRelation>
         <resourceRelation resourceRelationType="other">
            <relationEntry localType="archival">BB/10/983, 6 septembre 1838, dossier de nomination</relationEntry>
         </resourceRelation>
         <resourceRelation resourceRelationType="other">
            <relationEntry localType="archival">RE/XLVII/19, 3 mai 1842, mariage de Henri THION DE LA CHAUME, rue du Faubourg-Montmartre, n° 13, et de Emelie Léonie Victorine DURUFLE, rue Hautefeuille, n° 64</relationEntry>
         </resourceRelation>
         <resourceRelation xmlns:xlink="http://www.w3.org/1999/xlink"
                           resourceRelationType="creatorOf"
                           xlink:href="FRAN_IR_053140"
                           xlink:type="simple">
            <relationEntry localType="archival">Images des répertoires du notaire Henri Thion de La Chaume pour l'étude CXII</relationEntry>
         </resourceRelation>
      </relations>
   </cpfDescription>
</eac-cpf>
