<eac-cpf xmlns="urn:isbn:1-931666-33-4"
         xmlns:xsi="http://www.w3.org/2001/XMLSchema-instance"
         xsi:schemaLocation="urn:isbn:1-931666-33-4 cpf.xsd">
   <control>
      <recordId>FRAN_NP_010471</recordId>
      <otherRecordId localType="Ancien_identifiant">FRDAFANCH00MC_NANOTAIRE00178</otherRecordId>
      <maintenanceStatus>derived</maintenanceStatus>
      <maintenanceAgency>
         <agencyName>Archives nationales de France</agencyName>
      </maintenanceAgency>
      <languageDeclaration>
         <language languageCode="fre">Français</language>
         <script scriptCode="Latn"/>
      </languageDeclaration>
      <conventionDeclaration>
         <citation>Notice établie conformément à la norme ICA-ISAAR (CPF) 2004, aux normes ISO 8601 pour le système de normalisation des dates utilisé, ainsi que AFNOR NF Z 44-061, juin 1986. Catalogage : forme et structure des vedettes noms de personne, des vedettes titres, des rubriques de classement et des titres forgés.</citation>
      </conventionDeclaration>
      <localControl localType="niveau_de_detail">
         <term>Moyenne</term>
      </localControl>
      <maintenanceHistory>
         <maintenanceEvent>
            <eventType>derived</eventType>
            <eventDateTime>2013-04-23</eventDateTime>
            <agentType>machine</agentType>
            <agent>Migration ETANOT</agent>
         </maintenanceEvent>
      </maintenanceHistory>
      <sources>
         <source>
            <descriptiveNote>
               <p>Noémie SANTACANA Les notaires au Châtelet de Paris à l'époque du Cardinal de Fleury, mémoire de maîtrise 2003-2004, dact., p. 302-303</p>
            </descriptiveNote>
         </source>
      </sources>
   </control>
   <cpfDescription>
      <identity>
         <entityType>person</entityType>
         <nameEntry localType="autorisée" scriptCode="Latn" xml:lang="fre">
            <part>Toupet, François</part>
         </nameEntry>
      </identity>
      <description>
         <existDates>
            <dateRange>
               <fromDate standardDate="1731-03-17">17 mars 1731</fromDate>
               <toDate standardDate="1745-05-29">29 mai 1745</toDate>
            </dateRange>
            <descriptiveNote>
               <p>Les dates d'existence de la personne ne sont pas connues et sont évaluées d'après les dates d'exercice en tant que notaire</p>
            </descriptiveNote>
         </existDates>
         <places>
            <place>
               <placeRole>Lieu de Paris</placeRole>
               <placeEntry localType="paroisse" vocabularySource="d3nyvp76qc--1xdxyf9lzzthw">saint-nicolas-des-champs (paroisse)</placeEntry>
               <placeEntry localType="paroisse" vocabularySource="d3nyvp6vb2-rsrcmgk1zmct">saint-merri (paroisse)</placeEntry>
               <placeEntry localType="quartier" vocabularySource="d3nyvh1eiq-10kmxmcddmsfj">sainte-avoye (quartier)</placeEntry>
               <placeEntry localType="voie" vocabularySource="d3nzdgb9zy--1wyz2smwi6dz8">temple (rue du)</placeEntry>
               <placeEntry localType="nomLieu">rue Sainte-Avoye</placeEntry>
            </place>
         </places>
         <functions>
            <function>
               <term vocabularySource="d3nyui3o8w--11y7jgy8q3wnt">notaire à paris</term>
               <dateRange>
                  <fromDate standardDate="1731-03-17">17 mars 1731</fromDate>
                  <toDate standardDate="1745-05-29">29 mai 1745</toDate>
               </dateRange>
            </function>
         </functions>
         <biogHist>
            <p>Baptisé le 27 mars 1701 à Paris</p>
            <p>marié à Catherine Tabary (voir ET/CXVII/731, 3 octobre 1730, contrat de mariage)</p>
            <p>mort en charge le 11 mai 1745</p>
         </biogHist>
      </description>
      <relations>
         <cpfRelation xmlns:xlink="http://www.w3.org/1999/xlink"
                      cpfRelationType="associative"
                      xlink:href="FRAN_NP_010202"
                      xlink:type="simple">
            <relationEntry>Etude notariale LXXV</relationEntry>
            <dateRange>
               <fromDate standardDate="1731-03-17">17 mars 1731</fromDate>
               <toDate standardDate="1745-05-29">29 mai 1745</toDate>
            </dateRange>
         </cpfRelation>
         <resourceRelation resourceRelationType="other">
            <relationEntry localType="archival">ET/XVI/681, 3 mars 1731, traité d'office de notaire entre Jeanne de Saint-Yon, veuve de Pierre Caillet, et François Toupet</relationEntry>
         </resourceRelation>
         <resourceRelation resourceRelationType="other">
            <relationEntry localType="archival">V/1/286 pièce 421, 8 mars 1731, lettre de provision d'office</relationEntry>
         </resourceRelation>
         <resourceRelation resourceRelationType="other">
            <relationEntry localType="archival">ET/XCIV/236, 13 mai 1745, traité d'office de notaire entre les héritiers de feu François Toupet et Jean-Louis Jourdain</relationEntry>
         </resourceRelation>
         <resourceRelation resourceRelationType="other">
            <relationEntry localType="archival">ET/LXXV/591, 22 juin 1745, inventaire après décès</relationEntry>
         </resourceRelation>
         <resourceRelation xmlns:xlink="http://www.w3.org/1999/xlink"
                           resourceRelationType="subjectOf"
                           xlink:href="FRAN_IR_042671"
                           xlink:type="simple">
            <relationEntry localType="archival">Minutes et répertoires du notaire François TOUPET, 17 mars 1731 - 29 mai 1745 (étude LXXV)</relationEntry>
         </resourceRelation>
         <resourceRelation xmlns:xlink="http://www.w3.org/1999/xlink"
                           resourceRelationType="creatorOf"
                           xlink:href="FRAN_IR_051224"
                           xlink:type="simple">
            <relationEntry localType="archival">Images du répertoire du notaire François Toupet pour l'étude LXXV</relationEntry>
         </resourceRelation>
      </relations>
   </cpfDescription>
</eac-cpf>
