<eac-cpf xmlns="urn:isbn:1-931666-33-4"
         xmlns:xsi="http://www.w3.org/2001/XMLSchema-instance"
         xsi:schemaLocation="urn:isbn:1-931666-33-4 cpf.xsd">
   <control>
      <recordId>FRAN_NP_010227</recordId>
      <otherRecordId localType="Ancien_identifiant">FRDAFANCH00MC_NAETUDE_100</otherRecordId>
      <maintenanceStatus>derived</maintenanceStatus>
      <maintenanceAgency>
         <agencyName>Archives nationales de France</agencyName>
      </maintenanceAgency>
      <languageDeclaration>
         <language languageCode="fre">Français</language>
         <script scriptCode="Latn"/>
      </languageDeclaration>
      <conventionDeclaration>
         <citation>Notice établie conformément à la norme ICA-ISAAR (CPF) 2004, aux normes ISO 8601 pour le système de normalisation des dates utilisé, ainsi que AFNOR NF Z 44-061, juin 1986. Catalogage : forme et structure des vedettes noms de personne, des vedettes titres, des rubriques de classement et des titres forgés.</citation>
      </conventionDeclaration>
      <localControl localType="niveau_de_detail">
         <term>Moyenne</term>
      </localControl>
      <maintenanceHistory>
         <maintenanceEvent>
            <eventType>derived</eventType>
            <eventDateTime>2015-09-30</eventDateTime>
            <agentType>machine</agentType>
            <agent>Migration ETANOT</agent>
         </maintenanceEvent>
      </maintenanceHistory>
   </control>
   <cpfDescription>
      <identity>
         <entityType>corporateBody</entityType>
         <nameEntry localType="autorisée" scriptCode="Latn" xml:lang="fre">
            <part>Etude C</part>
         </nameEntry>
         <nameEntry>
            <part>75038</part>
         </nameEntry>
      </identity>
      <description>
         <existDates>
            <dateRange>
               <fromDate standardDate="1540-01-01">1540</fromDate>
            </dateRange>
         </existDates>
         <functions>
            <function>
               <term vocabularySource="d3nyui3o8w--11y7jgy8q3wnt">notaire à paris</term>
               <dateRange>
                  <fromDate standardDate="1540-01-01">1540</fromDate>
                  <toDate/>
               </dateRange>
            </function>
         </functions>
         <biogHist>
            <p>Étude très stable géographiquement : en1547, elle est rue de la Harpe et gagne la rue Saint-Séverin pour y rester jusqu'en 1837. Jusqu'en 1887, elle est installée rue de Condé ; elle passe alors rue de l'Odéon et la quitte au début du XXème siècle pour le boulevard Saint-Germain. Les 25 premières liasses de cette étude renferment des minutes très fragmentaires de notaires de la rive droite.</p>
         </biogHist>
      </description>
      <relations>
         <cpfRelation xmlns:xlink="http://www.w3.org/1999/xlink"
                      cpfRelationType="associative"
                      xlink:href="FRAN_NP_011547"
                      xlink:type="simple">
            <relationEntry>Lerouley, Pierre</relationEntry>
            <dateRange>
               <fromDate standardDate="1959-12-09">9 décembre 1959</fromDate>
               <toDate standardDate="1981-01-05">5 janvier 1981</toDate>
            </dateRange>
         </cpfRelation>
         <cpfRelation xmlns:xlink="http://www.w3.org/1999/xlink"
                      cpfRelationType="associative"
                      xlink:href="FRAN_NP_011600"
                      xlink:type="simple">
            <relationEntry>Levesque, Guillaume</relationEntry>
            <dateRange>
               <fromDate standardDate="1634-10-07">7 octobre 1634</fromDate>
               <toDate standardDate="1694-06-01">1er juin 1694</toDate>
            </dateRange>
         </cpfRelation>
         <cpfRelation xmlns:xlink="http://www.w3.org/1999/xlink"
                      cpfRelationType="associative"
                      xlink:href="FRAN_NP_012371"
                      xlink:type="simple">
            <relationEntry>Dautrive, Albert-Étienne</relationEntry>
            <dateRange>
               <fromDate standardDate="1804-04-14">14 avril 1804</fromDate>
               <toDate standardDate="1826-07-14">14 juillet 1826</toDate>
            </dateRange>
         </cpfRelation>
         <cpfRelation xmlns:xlink="http://www.w3.org/1999/xlink"
                      cpfRelationType="associative"
                      xlink:href="FRAN_NP_011156"
                      xlink:type="simple">
            <relationEntry>Mesureur, François</relationEntry>
            <dateRange>
               <fromDate standardDate="1981-01-05">5 janvier 1981</fromDate>
            </dateRange>
         </cpfRelation>
         <cpfRelation xmlns:xlink="http://www.w3.org/1999/xlink"
                      cpfRelationType="associative"
                      xlink:href="FRAN_NP_011147"
                      xlink:type="simple">
            <relationEntry>Merlin, Jean</relationEntry>
            <dateRange>
               <fromDate standardDate="1641-08-22">22 août 1641</fromDate>
               <toDate standardDate="1648-04-23">23 avril 1648</toDate>
            </dateRange>
         </cpfRelation>
         <cpfRelation xmlns:xlink="http://www.w3.org/1999/xlink"
                      cpfRelationType="associative"
                      xlink:href="FRAN_NP_012679"
                      xlink:type="simple">
            <relationEntry>Choron, Jean</relationEntry>
            <dateRange>
               <fromDate standardDate="1778-12-18">18 décembre 1778</fromDate>
               <toDate standardDate="1789-10-30">30 octobre 1789</toDate>
            </dateRange>
         </cpfRelation>
         <cpfRelation xmlns:xlink="http://www.w3.org/1999/xlink"
                      cpfRelationType="associative"
                      xlink:href="FRAN_NP_011071"
                      xlink:type="simple">
            <relationEntry>Marchand, Charles</relationEntry>
            <dateRange>
               <fromDate standardDate="1739-12-01">1er décembre 1739</fromDate>
               <toDate standardDate="1775-01-12">12 janvier 1775</toDate>
            </dateRange>
         </cpfRelation>
         <cpfRelation xmlns:xlink="http://www.w3.org/1999/xlink"
                      cpfRelationType="associative"
                      xlink:href="FRAN_NP_012681"
                      xlink:type="simple">
            <relationEntry>Cothereau, Jean</relationEntry>
            <dateRange>
               <fromDate standardDate="1583-02-06">6 février 1583</fromDate>
               <toDate standardDate="1598-03-08">8 mars 1598</toDate>
            </dateRange>
         </cpfRelation>
         <cpfRelation xmlns:xlink="http://www.w3.org/1999/xlink"
                      cpfRelationType="associative"
                      xlink:href="FRAN_NP_011983"
                      xlink:type="simple">
            <relationEntry>Guerreau, François</relationEntry>
            <dateRange>
               <fromDate standardDate="1637-05-04">4 mai 1637</fromDate>
               <toDate standardDate="1650-02-03">3 février 1650</toDate>
            </dateRange>
         </cpfRelation>
         <cpfRelation xmlns:xlink="http://www.w3.org/1999/xlink"
                      cpfRelationType="associative"
                      xlink:href="FRAN_NP_013000"
                      xlink:type="simple">
            <relationEntry>Bourgeois, Richard</relationEntry>
            <dateRange>
               <fromDate standardDate="1598-03-09">9 mars 1598</fromDate>
               <toDate standardDate="1634-06-05">5 juin 1634</toDate>
            </dateRange>
         </cpfRelation>
         <cpfRelation xmlns:xlink="http://www.w3.org/1999/xlink"
                      cpfRelationType="associative"
                      xlink:href="FRAN_NP_010667"
                      xlink:type="simple">
            <relationEntry>Richer, Jean</relationEntry>
            <dateRange>
               <fromDate standardDate="1775-01-14">14 janvier 1775</fromDate>
               <toDate standardDate="1778-12-16">16 décembre 1778</toDate>
            </dateRange>
         </cpfRelation>
         <cpfRelation xmlns:xlink="http://www.w3.org/1999/xlink"
                      cpfRelationType="associative"
                      xlink:href="FRAN_NP_012745"
                      xlink:type="simple">
            <relationEntry>Badenier, Edme</relationEntry>
            <dateRange>
               <fromDate standardDate="1789-10-30">30 octobre 1789</fromDate>
               <toDate standardDate="1804-04-14">14 avril 1804</toDate>
            </dateRange>
         </cpfRelation>
         <cpfRelation xmlns:xlink="http://www.w3.org/1999/xlink"
                      cpfRelationType="associative"
                      xlink:href="FRAN_NP_012680"
                      xlink:type="simple">
            <relationEntry>Cothereau, Guillaume</relationEntry>
            <dateRange>
               <fromDate standardDate="1547-01-02">2 janvier 1547</fromDate>
               <toDate standardDate="1583-02-01">1er février 1583</toDate>
            </dateRange>
         </cpfRelation>
         <cpfRelation xmlns:xlink="http://www.w3.org/1999/xlink"
                      cpfRelationType="associative"
                      xlink:href="FRAN_NP_010419"
                      xlink:type="simple">
            <relationEntry>Thaumas, Paul</relationEntry>
            <dateRange>
               <fromDate standardDate="1601-04-01">avril 1601</fromDate>
               <toDate standardDate="1605-03-31">mars 1605</toDate>
            </dateRange>
         </cpfRelation>
         <cpfRelation xmlns:xlink="http://www.w3.org/1999/xlink"
                      cpfRelationType="associative"
                      xlink:href="FRAN_NP_011074"
                      xlink:type="simple">
            <relationEntry>Marchand, Louis</relationEntry>
            <dateRange>
               <fromDate standardDate="1694-06-19">19 juin 1694</fromDate>
               <toDate standardDate="1739-11-17">17 novembre 1739</toDate>
            </dateRange>
         </cpfRelation>
         <cpfRelation xmlns:xlink="http://www.w3.org/1999/xlink"
                      cpfRelationType="associative"
                      xlink:href="FRAN_NP_012678"
                      xlink:type="simple">
            <relationEntry>Chevrier, Jérôme</relationEntry>
            <dateRange>
               <fromDate standardDate="1981-01-05">5 janvier 1981</fromDate>
            </dateRange>
         </cpfRelation>
         <cpfRelation xmlns:xlink="http://www.w3.org/1999/xlink"
                      cpfRelationType="associative"
                      xlink:href="FRAN_NP_010596"
                      xlink:type="simple">
            <relationEntry>Surpin, Pierre</relationEntry>
            <dateRange>
               <fromDate standardDate="1540-04-02">2 avril 1540</fromDate>
               <toDate standardDate="1541-04-30">avril 1541</toDate>
            </dateRange>
         </cpfRelation>
         <cpfRelation xmlns:xlink="http://www.w3.org/1999/xlink"
                      cpfRelationType="associative"
                      xlink:href="FRAN_NP_012372"
                      xlink:type="simple">
            <relationEntry>Demanche, François-Alexandre</relationEntry>
            <dateRange>
               <fromDate standardDate="1826-07-14">14 juillet 1826</fromDate>
               <toDate standardDate="1858-04-20">20 avril 1858</toDate>
            </dateRange>
         </cpfRelation>
         <cpfRelation xmlns:xlink="http://www.w3.org/1999/xlink"
                      cpfRelationType="associative"
                      xlink:href="FRAN_NP_012373"
                      xlink:type="simple">
            <relationEntry>Demanche, Gustave-Marie-Eugène-Raoul</relationEntry>
            <dateRange>
               <fromDate standardDate="1880-07-21">21 juillet 1880</fromDate>
               <toDate standardDate="1919-09-10">10 septembre 1919</toDate>
            </dateRange>
         </cpfRelation>
         <cpfRelation xmlns:xlink="http://www.w3.org/1999/xlink"
                      cpfRelationType="associative"
                      xlink:href="FRAN_NP_012374"
                      xlink:type="simple">
            <relationEntry>Demanche, Jean-Jules</relationEntry>
            <dateRange>
               <fromDate standardDate="1858-04-20">20 avril 1858</fromDate>
               <toDate standardDate="1880-07-21">21 juillet 1880</toDate>
            </dateRange>
         </cpfRelation>
         <cpfRelation xmlns:xlink="http://www.w3.org/1999/xlink"
                      cpfRelationType="associative"
                      xlink:href="FRAN_NP_012375"
                      xlink:type="simple">
            <relationEntry>Demanche, Louis Marie Guy</relationEntry>
            <dateRange>
               <fromDate standardDate="1919-09-10">10 septembre 1919</fromDate>
               <toDate standardDate="1959-12-09">9 décembre 1959</toDate>
            </dateRange>
         </cpfRelation>
         <resourceRelation xmlns:xlink="http://www.w3.org/1999/xlink"
                           resourceRelationType="subjectOf"
                           xlink:href="FRAN_IR_043075"
                           xlink:type="simple">
            <relationEntry localType="archival">Minutes et répertoires du notaire Jean RICHER, 14 janvier 1775 - 17 décembre 1778 (étude C)</relationEntry>
         </resourceRelation>
         <resourceRelation xmlns:xlink="http://www.w3.org/1999/xlink"
                           resourceRelationType="subjectOf"
                           xlink:href="FRAN_IR_043078"
                           xlink:type="simple">
            <relationEntry localType="archival">Minutes et répertoires du notaire Albert Étienne DAUTRIVE, 14 avril 1804 - 14 juillet 1826 (étude C)</relationEntry>
         </resourceRelation>
         <resourceRelation xmlns:xlink="http://www.w3.org/1999/xlink"
                           resourceRelationType="subjectOf"
                           xlink:href="FRAN_IR_043068"
                           xlink:type="simple">
            <relationEntry localType="archival">Minutes et répertoires du notaire Richard BOURGEOIS, 9 mars 1598 - 5 juin 1634 (étude C)</relationEntry>
         </resourceRelation>
         <resourceRelation xmlns:xlink="http://www.w3.org/1999/xlink"
                           resourceRelationType="creatorOf"
                           xlink:href="FRAN_IR_054156"
                           xlink:type="simple">
            <relationEntry localType="archival">«Mélanges» (dossiers de clients) de l’étude C. MC/ET/C/1022, MC/ET/C/1023, MC/ET/C/1047-MC/ET/C/1058 (1548-1833)</relationEntry>
         </resourceRelation>
         <resourceRelation xmlns:xlink="http://www.w3.org/1999/xlink"
                           resourceRelationType="creatorOf"
                           xlink:href="FRAN_IR_043081"
                           xlink:type="simple">
            <relationEntry localType="archival">Minutes et répertoires du notaire Gustave Marie Eugène Raoul DEMANCHE, 21 juillet 1880 - 10 septembre 1919 (étude C)</relationEntry>
         </resourceRelation>
         <resourceRelation xmlns:xlink="http://www.w3.org/1999/xlink"
                           resourceRelationType="creatorOf"
                           xlink:href="FRAN_IR_043074"
                           xlink:type="simple">
            <relationEntry localType="archival">Minutes et répertoires du notaire Charles MARCHAND, 1er décembre 1739 - 12 janvier 1775 (étude C)</relationEntry>
         </resourceRelation>
         <resourceRelation xmlns:xlink="http://www.w3.org/1999/xlink"
                           resourceRelationType="creatorOf"
                           xlink:href="FRAN_IR_043080"
                           xlink:type="simple">
            <relationEntry localType="archival">Minutes et répertoires du notaire Jean Jules DEMANCHE, 20 avril 1858 - 21 juillet 1880 (étude C)</relationEntry>
         </resourceRelation>
         <resourceRelation xmlns:xlink="http://www.w3.org/1999/xlink"
                           resourceRelationType="creatorOf"
                           xlink:href="FRAN_IR_043073"
                           xlink:type="simple">
            <relationEntry localType="archival">Minutes et répertoires du notaire Louis MARCHAND, 19 juin 1694 - 17 novembre 1739 (étude C)</relationEntry>
         </resourceRelation>
         <resourceRelation xmlns:xlink="http://www.w3.org/1999/xlink"
                           resourceRelationType="creatorOf"
                           xlink:href="FRAN_IR_043070"
                           xlink:type="simple">
            <relationEntry localType="archival">Minutes et répertoires du notaire Guillaume LEVESQUE, 7 octobre 1634 - 25 mai 1694 (étude C)</relationEntry>
         </resourceRelation>
         <resourceRelation xmlns:xlink="http://www.w3.org/1999/xlink"
                           resourceRelationType="creatorOf"
                           xlink:href="FRAN_IR_043071"
                           xlink:type="simple">
            <relationEntry localType="archival">Minutes et répertoires du notaire François GUERREAU, 4 mai 1637 - 3 février 1650 (étude C)</relationEntry>
         </resourceRelation>
         <resourceRelation xmlns:xlink="http://www.w3.org/1999/xlink"
                           resourceRelationType="creatorOf"
                           xlink:href="FRAN_IR_053193"
                           xlink:type="simple">
            <relationEntry localType="archival">Images du répertoire du notaire Louis Marchand pour l'étude C</relationEntry>
         </resourceRelation>
         <resourceRelation xmlns:xlink="http://www.w3.org/1999/xlink"
                           resourceRelationType="creatorOf"
                           xlink:href="FRAN_IR_053162"
                           xlink:type="simple">
            <relationEntry localType="archival">Images du répertoire du notaire Jean Richer pour l'étude C</relationEntry>
         </resourceRelation>
         <resourceRelation xmlns:xlink="http://www.w3.org/1999/xlink"
                           resourceRelationType="creatorOf"
                           xlink:href="FRAN_IR_053192"
                           xlink:type="simple">
            <relationEntry localType="archival">Images des répertoires du notaire Charles Marchand pour l'étude C</relationEntry>
         </resourceRelation>
         <resourceRelation xmlns:xlink="http://www.w3.org/1999/xlink"
                           resourceRelationType="creatorOf"
                           xlink:href="FRAN_IR_053259"
                           xlink:type="simple">
            <relationEntry localType="archival">Images des répertoires du notaire Guillaume Levesque pour l'étude C</relationEntry>
         </resourceRelation>
         <resourceRelation xmlns:xlink="http://www.w3.org/1999/xlink"
                           resourceRelationType="creatorOf"
                           xlink:href="FRAN_IR_053328"
                           xlink:type="simple">
            <relationEntry localType="archival">Images des répertoires du notaire Gustave Marie Eugène Raoul Demanche pour l'étude C</relationEntry>
         </resourceRelation>
         <resourceRelation xmlns:xlink="http://www.w3.org/1999/xlink"
                           resourceRelationType="creatorOf"
                           xlink:href="FRAN_IR_053329"
                           xlink:type="simple">
            <relationEntry localType="archival">Images des répertoires du notaire Jean Jules Demanche pour l'étude C</relationEntry>
         </resourceRelation>
         <resourceRelation xmlns:xlink="http://www.w3.org/1999/xlink"
                           resourceRelationType="creatorOf"
                           xlink:href="FRAN_IR_053353"
                           xlink:type="simple">
            <relationEntry localType="archival">Images des répertoires du notaire Jean Choron pour l'étude C</relationEntry>
         </resourceRelation>
         <resourceRelation xmlns:xlink="http://www.w3.org/1999/xlink"
                           resourceRelationType="creatorOf"
                           xlink:href="FRAN_IR_053414"
                           xlink:type="simple">
            <relationEntry localType="archival">Images des répertoires du notaire François Alexandre Demanche pour l'étude C</relationEntry>
         </resourceRelation>
         <resourceRelation xmlns:xlink="http://www.w3.org/1999/xlink"
                           resourceRelationType="creatorOf"
                           xlink:href="FRAN_IR_053450"
                           xlink:type="simple">
            <relationEntry localType="archival">Images des répertoires du notaire Edme Badenier pour l'étude C</relationEntry>
         </resourceRelation>
         <resourceRelation xmlns:xlink="http://www.w3.org/1999/xlink"
                           resourceRelationType="creatorOf"
                           xlink:href="FRAN_IR_053472"
                           xlink:type="simple">
            <relationEntry localType="archival">Images du répertoire du notaire Richard Bourgeois pour l'étude C</relationEntry>
         </resourceRelation>
         <resourceRelation xmlns:xlink="http://www.w3.org/1999/xlink"
                           resourceRelationType="creatorOf"
                           xlink:href="FRAN_IR_043065"
                           xlink:type="simple">
            <relationEntry localType="archival">Minutes et répertoires du notaire Pierre SURPIN, 2 avril 1540 - avril 1541 (étude C)</relationEntry>
         </resourceRelation>
         <resourceRelation xmlns:xlink="http://www.w3.org/1999/xlink"
                           resourceRelationType="creatorOf"
                           xlink:href="FRAN_IR_043069"
                           xlink:type="simple">
            <relationEntry localType="archival">Minutes et répertoires du notaire Paul THAUMAS, avril 1601 - mars 1605 (étude C)</relationEntry>
         </resourceRelation>
         <resourceRelation xmlns:xlink="http://www.w3.org/1999/xlink"
                           resourceRelationType="creatorOf"
                           xlink:href="FRAN_IR_043072"
                           xlink:type="simple">
            <relationEntry localType="archival">Minutes et répertoires du notaire Jean MERLIN, 1644 - 23 avril 1648 (étude C)</relationEntry>
         </resourceRelation>
         <resourceRelation xmlns:xlink="http://www.w3.org/1999/xlink"
                           resourceRelationType="creatorOf"
                           xlink:href="FRAN_IR_043066"
                           xlink:type="simple">
            <relationEntry localType="archival">Minutes et répertoires du notaire Guillaume COTHEREAU, 16 mai 1546 - 1er février 1583 (étude C)</relationEntry>
         </resourceRelation>
         <resourceRelation xmlns:xlink="http://www.w3.org/1999/xlink"
                           resourceRelationType="creatorOf"
                           xlink:href="FRAN_IR_043067"
                           xlink:type="simple">
            <relationEntry localType="archival">Minutes et répertoires du notaire Jean COTHEREAU, 6 février 1583 - 1597 (étude C)</relationEntry>
         </resourceRelation>
         <resourceRelation xmlns:xlink="http://www.w3.org/1999/xlink"
                           resourceRelationType="creatorOf"
                           xlink:href="FRAN_IR_053326"
                           xlink:type="simple">
            <relationEntry localType="archival">Images des répertoires du notaire Albert Etienne Dautrive pour l'étude C</relationEntry>
         </resourceRelation>
         <resourceRelation xmlns:xlink="http://www.w3.org/1999/xlink"
                           resourceRelationType="creatorOf"
                           xlink:href="FRAN_IR_043079"
                           xlink:type="simple">
            <relationEntry localType="archival">Minutes et répertoires du notaire François Alexandre DEMANCHE, 14 juillet 1826 - 20 avril 1858 (étude C)</relationEntry>
         </resourceRelation>
         <resourceRelation xmlns:xlink="http://www.w3.org/1999/xlink"
                           resourceRelationType="creatorOf"
                           xlink:href="FRAN_IR_043076"
                           xlink:type="simple">
            <relationEntry localType="archival">Minutes et répertoires du notaire Jean CHORON, 18 décembre 1778 - 30 octobre 1789 (étude C)</relationEntry>
         </resourceRelation>
         <resourceRelation xmlns:xlink="http://www.w3.org/1999/xlink"
                           resourceRelationType="creatorOf"
                           xlink:href="FRAN_IR_043064"
                           xlink:type="simple">
            <relationEntry localType="archival">Archives de l'étude C</relationEntry>
         </resourceRelation>
         <resourceRelation xmlns:xlink="http://www.w3.org/1999/xlink"
                           resourceRelationType="creatorOf"
                           xlink:href="FRAN_IR_043077"
                           xlink:type="simple">
            <relationEntry localType="archival">Minutes et répertoires du notaire Edme BADENIER, 30 octobre 1789 - 14 avril 1804 (étude C)</relationEntry>
         </resourceRelation>
         <resourceRelation xmlns:xlink="http://www.w3.org/1999/xlink"
                           resourceRelationType="creatorOf"
                           xlink:href="FRAN_IR_056350"
                           xlink:type="simple">
            <relationEntry localType="archival">Images des répertoires du notaire Guillaume Cothereau pour l'étude C</relationEntry>
         </resourceRelation>
      </relations>
   </cpfDescription>
</eac-cpf>
