<eac-cpf xmlns="urn:isbn:1-931666-33-4"
         xmlns:xsi="http://www.w3.org/2001/XMLSchema-instance"
         xsi:schemaLocation="urn:isbn:1-931666-33-4 cpf.xsd">
   <control>
      <recordId>FRAN_NP_010193</recordId>
      <otherRecordId localType="Ancien_identifiant">FRDAFANCH00MC_NAETUDE_066</otherRecordId>
      <maintenanceStatus>derived</maintenanceStatus>
      <maintenanceAgency>
         <agencyName>Archives nationales de France</agencyName>
      </maintenanceAgency>
      <languageDeclaration>
         <language languageCode="fre">Français</language>
         <script scriptCode="Latn"/>
      </languageDeclaration>
      <conventionDeclaration>
         <citation>Notice établie conformément à la norme ICA-ISAAR (CPF) 2004, aux normes ISO 8601 pour le système de normalisation des dates utilisé, ainsi que AFNOR NF Z 44-061, juin 1986. Catalogage : forme et structure des vedettes noms de personne, des vedettes titres, des rubriques de classement et des titres forgés.</citation>
      </conventionDeclaration>
      <localControl localType="niveau_de_detail">
         <term>Moyenne</term>
      </localControl>
      <maintenanceHistory>
         <maintenanceEvent>
            <eventType>derived</eventType>
            <eventDateTime>2015-09-30</eventDateTime>
            <agentType>machine</agentType>
            <agent>Migration ETANOT</agent>
         </maintenanceEvent>
      </maintenanceHistory>
   </control>
   <cpfDescription>
      <identity>
         <entityType>corporateBody</entityType>
         <nameEntry localType="autorisée" scriptCode="Latn" xml:lang="fre">
            <part>Etude LXVI</part>
         </nameEntry>
         <nameEntry>
            <part>75048</part>
         </nameEntry>
      </identity>
      <description>
         <existDates>
            <dateRange>
               <fromDate standardDate="1595-01-01">1595</fromDate>
            </dateRange>
         </existDates>
         <functions>
            <function>
               <term vocabularySource="d3nyui3o8w--11y7jgy8q3wnt">notaire à paris</term>
               <dateRange>
                  <fromDate standardDate="1595-01-01">1595</fromDate>
                  <toDate/>
               </dateRange>
            </function>
         </functions>
         <biogHist>
            <p>Située dans la Cité depuis 1589, l'étude s'installe en 1789 rue des Bourdonnais, puis évolue en direction du Nord à la faveur de quatre déménagements, dont le dernier la conduit en 1855 boulevard des capucines où elle est encore à la fin du XIXème siècle.</p>
         </biogHist>
      </description>
      <relations>
         <cpfRelation xmlns:xlink="http://www.w3.org/1999/xlink"
                      cpfRelationType="associative"
                      xlink:href="FRAN_NP_010826"
                      xlink:type="simple">
            <relationEntry>Paisant, Etienne</relationEntry>
            <dateRange>
               <fromDate standardDate="1611-07-19">19 juillet 1611</fromDate>
               <toDate standardDate="1660-07-03">3 juillet 1660</toDate>
            </dateRange>
         </cpfRelation>
         <cpfRelation xmlns:xlink="http://www.w3.org/1999/xlink"
                      cpfRelationType="associative"
                      xlink:href="FRAN_NP_010943"
                      xlink:type="simple">
            <relationEntry>Pisani, Christian</relationEntry>
            <dateRange>
               <fromDate standardDate="1982-01-06">6 janvier 1982</fromDate>
            </dateRange>
         </cpfRelation>
         <cpfRelation xmlns:xlink="http://www.w3.org/1999/xlink"
                      cpfRelationType="associative"
                      xlink:href="FRAN_NP_011266"
                      xlink:type="simple">
            <relationEntry>Mounier, Germain</relationEntry>
            <dateRange>
               <fromDate standardDate="1660-07-15">15 juillet 1660</fromDate>
               <toDate standardDate="1680-09-30">30 septembre 1680</toDate>
            </dateRange>
         </cpfRelation>
         <cpfRelation xmlns:xlink="http://www.w3.org/1999/xlink"
                      cpfRelationType="associative"
                      xlink:href="FRAN_NP_011285"
                      xlink:type="simple">
            <relationEntry>La pie, Christophe de</relationEntry>
            <dateRange>
               <fromDate standardDate="1595-03-14">14 mars 1595</fromDate>
               <toDate standardDate="1611-02-24">24 février 1611</toDate>
            </dateRange>
         </cpfRelation>
         <cpfRelation xmlns:xlink="http://www.w3.org/1999/xlink"
                      cpfRelationType="associative"
                      xlink:href="FRAN_NP_012309"
                      xlink:type="simple">
            <relationEntry>Desplasses, Antoine-Pierre</relationEntry>
            <dateRange>
               <fromDate standardDate="1748-08-01">1er août 1748</fromDate>
               <toDate standardDate="1768-10-05">5 octobre 1768</toDate>
            </dateRange>
         </cpfRelation>
         <cpfRelation xmlns:xlink="http://www.w3.org/1999/xlink"
                      cpfRelationType="associative"
                      xlink:href="FRAN_NP_010592"
                      xlink:type="simple">
            <relationEntry>Solus, Raymond</relationEntry>
            <dateRange>
               <fromDate standardDate="1973-06-27">27 juin 1973</fromDate>
               <toDate standardDate="1997-12-26">26 décembre 1997</toDate>
            </dateRange>
         </cpfRelation>
         <cpfRelation xmlns:xlink="http://www.w3.org/1999/xlink"
                      cpfRelationType="associative"
                      xlink:href="FRAN_NP_013293"
                      xlink:type="simple">
            <relationEntry>Groeninck, Philippe</relationEntry>
            <dateRange>
               <fromDate standardDate="2006-05-10">10 mai 2006</fromDate>
            </dateRange>
         </cpfRelation>
         <cpfRelation xmlns:xlink="http://www.w3.org/1999/xlink"
                      cpfRelationType="associative"
                      xlink:href="FRAN_NP_011056"
                      xlink:type="simple">
            <relationEntry>Mailand, Henri</relationEntry>
            <dateRange>
               <fromDate standardDate="1806-02-25">25 février 1806</fromDate>
               <toDate standardDate="1826-05-30">30 mai 1826</toDate>
            </dateRange>
         </cpfRelation>
         <cpfRelation xmlns:xlink="http://www.w3.org/1999/xlink"
                      cpfRelationType="associative"
                      xlink:href="FRAN_NP_010474"
                      xlink:type="simple">
            <relationEntry>Tournois, Etienne-Charles</relationEntry>
            <dateRange>
               <fromDate standardDate="1728-05-29">29 mai 1728</fromDate>
               <toDate standardDate="1748-07-30">30 juillet 1748</toDate>
            </dateRange>
         </cpfRelation>
         <cpfRelation xmlns:xlink="http://www.w3.org/1999/xlink"
                      cpfRelationType="associative"
                      xlink:href="FRAN_NP_011898"
                      xlink:type="simple">
            <relationEntry>Gilles, Louis</relationEntry>
            <dateRange>
               <fromDate standardDate="1676-07-28">28 juillet 1676</fromDate>
               <toDate standardDate="1692-12-30">30 décembre 1692</toDate>
            </dateRange>
         </cpfRelation>
         <cpfRelation xmlns:xlink="http://www.w3.org/1999/xlink"
                      cpfRelationType="associative"
                      xlink:href="FRAN_NP_013022"
                      xlink:type="simple">
            <relationEntry>Boutet, Henri</relationEntry>
            <dateRange>
               <fromDate standardDate="1692-12-30">30 décembre 1692</fromDate>
               <toDate standardDate="1714-07-11">11 juillet 1714</toDate>
            </dateRange>
         </cpfRelation>
         <cpfRelation xmlns:xlink="http://www.w3.org/1999/xlink"
                      cpfRelationType="associative"
                      xlink:href="FRAN_NP_012975"
                      xlink:type="simple">
            <relationEntry>Bouclier, Guillaume</relationEntry>
            <dateRange>
               <fromDate standardDate="1826-05-30">30 mai 1826</fromDate>
               <toDate standardDate="1853-04-26">26 avril 1853</toDate>
            </dateRange>
         </cpfRelation>
         <cpfRelation xmlns:xlink="http://www.w3.org/1999/xlink"
                      cpfRelationType="associative"
                      xlink:href="FRAN_NP_013007"
                      xlink:type="simple">
            <relationEntry>Bourin, Léon-Isidore</relationEntry>
            <dateRange>
               <fromDate standardDate="1877-03-23">23 mars 1877</fromDate>
               <toDate standardDate="1898-05-11">11 mai 1898</toDate>
            </dateRange>
         </cpfRelation>
         <cpfRelation xmlns:xlink="http://www.w3.org/1999/xlink"
                      cpfRelationType="associative"
                      xlink:href="FRAN_NP_012781"
                      xlink:type="simple">
            <relationEntry>Barre, Félix-Edouard</relationEntry>
            <dateRange>
               <fromDate standardDate="1853-04-26">26 avril 1853</fromDate>
               <toDate standardDate="1877-03-23">23 mars 1877</toDate>
            </dateRange>
         </cpfRelation>
         <cpfRelation xmlns:xlink="http://www.w3.org/1999/xlink"
                      cpfRelationType="associative"
                      xlink:href="FRAN_NP_010417"
                      xlink:type="simple">
            <relationEntry>Thabeault, Alain</relationEntry>
            <dateRange>
               <fromDate standardDate="1991-12-18">18 décembre 1991</fromDate>
               <toDate standardDate="2008-02-06">6 février 2008</toDate>
            </dateRange>
         </cpfRelation>
         <cpfRelation xmlns:xlink="http://www.w3.org/1999/xlink"
                      cpfRelationType="associative"
                      xlink:href="FRAN_NP_011099"
                      xlink:type="simple">
            <relationEntry>Martin, Michel</relationEntry>
            <dateRange>
               <fromDate standardDate="1714-07-11">11 juillet 1714</fromDate>
               <toDate standardDate="1728-05-20">20 mai 1728</toDate>
            </dateRange>
         </cpfRelation>
         <cpfRelation xmlns:xlink="http://www.w3.org/1999/xlink"
                      cpfRelationType="associative"
                      xlink:href="FRAN_NP_012620"
                      xlink:type="simple">
            <relationEntry>Clairet, Louis-André</relationEntry>
            <dateRange>
               <fromDate standardDate="1782-05-17">17 mai 1782</fromDate>
               <toDate standardDate="1806-02-25">25 février 1806</toDate>
            </dateRange>
         </cpfRelation>
         <cpfRelation xmlns:xlink="http://www.w3.org/1999/xlink"
                      cpfRelationType="associative"
                      xlink:href="FRAN_NP_012310"
                      xlink:type="simple">
            <relationEntry>Dubost, Eric</relationEntry>
            <dateRange>
               <fromDate standardDate="1991-12-18">18 décembre 1991</fromDate>
               <toDate standardDate="2011-06-17">17 juin 2011</toDate>
            </dateRange>
         </cpfRelation>
         <cpfRelation xmlns:xlink="http://www.w3.org/1999/xlink"
                      cpfRelationType="associative"
                      xlink:href="FRAN_NP_012311"
                      xlink:type="simple">
            <relationEntry>Durand, Marie-Armand</relationEntry>
            <dateRange>
               <fromDate standardDate="1768-10-08">8 octobre 1768</fromDate>
               <toDate standardDate="1782-05-16">16 mai 1782</toDate>
            </dateRange>
         </cpfRelation>
         <cpfRelation xmlns:xlink="http://www.w3.org/1999/xlink"
                      cpfRelationType="associative"
                      xlink:href="FRAN_NP_012312"
                      xlink:type="simple">
            <relationEntry>Durant des aulnois, Achille Antoine Jules</relationEntry>
            <dateRange>
               <fromDate standardDate="1898-05-11">11 mai 1898</fromDate>
               <toDate standardDate="1927-06-16">16 juin 1927</toDate>
            </dateRange>
         </cpfRelation>
         <cpfRelation xmlns:xlink="http://www.w3.org/1999/xlink"
                      cpfRelationType="associative"
                      xlink:href="FRAN_NP_012313"
                      xlink:type="simple">
            <relationEntry>Durant des aulnois, Gilles Antoine</relationEntry>
            <dateRange>
               <fromDate standardDate="1958-11-26">26 novembre 1958</fromDate>
               <toDate standardDate="1998-12-31">1998</toDate>
            </dateRange>
         </cpfRelation>
         <cpfRelation xmlns:xlink="http://www.w3.org/1999/xlink"
                      cpfRelationType="associative"
                      xlink:href="FRAN_NP_012314"
                      xlink:type="simple">
            <relationEntry>Durant des aulnois, Pierre Léon Henri Antoine</relationEntry>
            <dateRange>
               <fromDate standardDate="1927-06-16">16 juin 1927</fromDate>
               <toDate standardDate="1958-11-26">26 novembre 1958</toDate>
            </dateRange>
         </cpfRelation>
         <cpfRelation xmlns:xlink="http://www.w3.org/1999/xlink"
                      cpfRelationType="associative"
                      xlink:href="FRAN_NP_012315"
                      xlink:type="simple">
            <relationEntry>Durant des aulnois, Sylvie</relationEntry>
            <dateRange>
               <fromDate standardDate="1998-01-07">7 janvier 1998</fromDate>
            </dateRange>
         </cpfRelation>
         <resourceRelation xmlns:xlink="http://www.w3.org/1999/xlink"
                           resourceRelationType="subjectOf"
                           xlink:href="FRAN_IR_042497"
                           xlink:type="simple">
            <relationEntry localType="archival">Minutes et répertoires du notaire Germain MOUNIER, 15 juillet 1660 - 30 septembre 1680 (étude LXVI)</relationEntry>
         </resourceRelation>
         <resourceRelation xmlns:xlink="http://www.w3.org/1999/xlink"
                           resourceRelationType="subjectOf"
                           xlink:href="FRAN_IR_042504"
                           xlink:type="simple">
            <relationEntry localType="archival">Minutes et répertoires du notaire Louis André CLAIRET, 17 mai 1782 - 25 février 1806 (étude LXVI)</relationEntry>
         </resourceRelation>
         <resourceRelation xmlns:xlink="http://www.w3.org/1999/xlink"
                           resourceRelationType="subjectOf"
                           xlink:href="FRAN_IR_042505"
                           xlink:type="simple">
            <relationEntry localType="archival">Minutes et répertoires du notaire Henri MAILAND, 25 février 1806 - 30 mai 1826 (étude LXVI)</relationEntry>
         </resourceRelation>
         <resourceRelation xmlns:xlink="http://www.w3.org/1999/xlink"
                           resourceRelationType="subjectOf"
                           xlink:href="FRAN_IR_042506"
                           xlink:type="simple">
            <relationEntry localType="archival">Minutes et répertoires du notaire Guillaume BOUCLIER, 30 mai 1826 - 26 avril 1853 (étude LXVI)</relationEntry>
         </resourceRelation>
         <resourceRelation xmlns:xlink="http://www.w3.org/1999/xlink"
                           resourceRelationType="subjectOf"
                           xlink:href="FRAN_IR_042507"
                           xlink:type="simple">
            <relationEntry localType="archival">Minutes et répertoires du notaire Félix Édouard BARRE, 26 avril 1853 - 23 mars 1877 (étude LXVI)</relationEntry>
         </resourceRelation>
         <resourceRelation xmlns:xlink="http://www.w3.org/1999/xlink"
                           resourceRelationType="subjectOf"
                           xlink:href="FRAN_IR_042508"
                           xlink:type="simple">
            <relationEntry localType="archival">Minutes et répertoires du notaire Léon Isidore BOURIN, 23 mars 1877 - 11 mai 1898 (étude LXVI)</relationEntry>
         </resourceRelation>
         <resourceRelation xmlns:xlink="http://www.w3.org/1999/xlink"
                           resourceRelationType="subjectOf"
                           xlink:href="FRAN_IR_042503"
                           xlink:type="simple">
            <relationEntry localType="archival">Minutes et répertoires du notaire Marie Armand DURAND, 8 octobre 1768 - 16 mai 1782 (étude LXVI)</relationEntry>
         </resourceRelation>
         <resourceRelation xmlns:xlink="http://www.w3.org/1999/xlink"
                           resourceRelationType="subjectOf"
                           xlink:href="FRAN_IR_042498"
                           xlink:type="simple">
            <relationEntry localType="archival">Minutes et répertoires du notaire Louis GILLES, 30 juillet 1676 - 30 décembre 1692 (étude LXVI)</relationEntry>
         </resourceRelation>
         <resourceRelation xmlns:xlink="http://www.w3.org/1999/xlink"
                           resourceRelationType="subjectOf"
                           xlink:href="FRAN_IR_042502"
                           xlink:type="simple">
            <relationEntry localType="archival">Minutes et répertoires du notaire Étienne Charles TOURNOIS, 29 mai 1728 - 30 juillet 1748 (étude LXVI)</relationEntry>
         </resourceRelation>
         <resourceRelation xmlns:xlink="http://www.w3.org/1999/xlink"
                           resourceRelationType="creatorOf"
                           xlink:href="FRAN_IR_053902"
                           xlink:type="simple">
            <relationEntry localType="archival">«Mélanges» (dossiers de clients) de l’étude LXVI. MC/ET/LXVI/750-MC/ET/LXVI/752 (1626-1714)</relationEntry>
         </resourceRelation>
         <resourceRelation xmlns:xlink="http://www.w3.org/1999/xlink"
                           resourceRelationType="creatorOf"
                           xlink:href="FRAN_IR_042494"
                           xlink:type="simple">
            <relationEntry localType="archival">Archives de l'étude LXVI</relationEntry>
         </resourceRelation>
         <resourceRelation xmlns:xlink="http://www.w3.org/1999/xlink"
                           resourceRelationType="creatorOf"
                           xlink:href="FRAN_IR_042501"
                           xlink:type="simple">
            <relationEntry localType="archival">Minutes et répertoires du notaire Antoine Pierre DESPLASSES, 1er août 1748 - 5 octobre 1768 (étude LXVI)</relationEntry>
         </resourceRelation>
         <resourceRelation xmlns:xlink="http://www.w3.org/1999/xlink"
                           resourceRelationType="creatorOf"
                           xlink:href="FRAN_IR_042499"
                           xlink:type="simple">
            <relationEntry localType="archival">Minutes et répertoires du notaire Henri BOUTET, 30 décembre 1692 - 9 juillet 1714 (étude LXVI)</relationEntry>
         </resourceRelation>
         <resourceRelation xmlns:xlink="http://www.w3.org/1999/xlink"
                           resourceRelationType="creatorOf"
                           xlink:href="FRAN_IR_042500"
                           xlink:type="simple">
            <relationEntry localType="archival">Minutes et répertoires du notaire Michel MARTIN, 11 juillet 1714 - 20 mai 1728 (étude LXVI)</relationEntry>
         </resourceRelation>
         <resourceRelation xmlns:xlink="http://www.w3.org/1999/xlink"
                           resourceRelationType="creatorOf"
                           xlink:href="FRAN_IR_042496"
                           xlink:type="simple">
            <relationEntry localType="archival">Minutes et répertoires du notaire Étienne PAISANT, 19 juillet 1611 - 3 juillet 1660 (étude LXVI)</relationEntry>
         </resourceRelation>
         <resourceRelation xmlns:xlink="http://www.w3.org/1999/xlink"
                           resourceRelationType="creatorOf"
                           xlink:href="FRAN_IR_042495"
                           xlink:type="simple">
            <relationEntry localType="archival">Minutes et répertoires du notaire Christophe de LA PIE, 1596 - 24 février 1611 (étude LXVI)</relationEntry>
         </resourceRelation>
         <resourceRelation xmlns:xlink="http://www.w3.org/1999/xlink"
                           resourceRelationType="creatorOf"
                           xlink:href="FRAN_IR_052327"
                           xlink:type="simple">
            <relationEntry localType="archival">Images des répertoires du notaire Etienne Paisant pour l'étude LXVI</relationEntry>
         </resourceRelation>
         <resourceRelation xmlns:xlink="http://www.w3.org/1999/xlink"
                           resourceRelationType="creatorOf"
                           xlink:href="FRAN_IR_052324"
                           xlink:type="simple">
            <relationEntry localType="archival">Images du répertoire du notaire Germain Mounier pour l'étude LXVI</relationEntry>
         </resourceRelation>
         <resourceRelation xmlns:xlink="http://www.w3.org/1999/xlink"
                           resourceRelationType="creatorOf"
                           xlink:href="FRAN_IR_052323"
                           xlink:type="simple">
            <relationEntry localType="archival">Images du répertoire du notaire Louis Gilles pour l'étude LXVI</relationEntry>
         </resourceRelation>
         <resourceRelation xmlns:xlink="http://www.w3.org/1999/xlink"
                           resourceRelationType="creatorOf"
                           xlink:href="FRAN_IR_052334"
                           xlink:type="simple">
            <relationEntry localType="archival">Images du répertoire du notaire Henri Boutet pour l'étude LXVI</relationEntry>
         </resourceRelation>
         <resourceRelation xmlns:xlink="http://www.w3.org/1999/xlink"
                           resourceRelationType="creatorOf"
                           xlink:href="FRAN_IR_052325"
                           xlink:type="simple">
            <relationEntry localType="archival">Images du répertoire du notaire Michel Martin pour l'étude LXVI</relationEntry>
         </resourceRelation>
         <resourceRelation xmlns:xlink="http://www.w3.org/1999/xlink"
                           resourceRelationType="creatorOf"
                           xlink:href="FRAN_IR_052328"
                           xlink:type="simple">
            <relationEntry localType="archival">Images du répertoire du notaire Etienne Charles Tournois pour l'étude LXVI</relationEntry>
         </resourceRelation>
         <resourceRelation xmlns:xlink="http://www.w3.org/1999/xlink"
                           resourceRelationType="creatorOf"
                           xlink:href="FRAN_IR_052321"
                           xlink:type="simple">
            <relationEntry localType="archival">Images des répertoires du notaire Antoine Pierre Desplasses pour l'étude LXVI</relationEntry>
         </resourceRelation>
         <resourceRelation xmlns:xlink="http://www.w3.org/1999/xlink"
                           resourceRelationType="creatorOf"
                           xlink:href="FRAN_IR_052322"
                           xlink:type="simple">
            <relationEntry localType="archival">Images des répertoires du notaire Marie Armand Durand pour l'étude LXVI</relationEntry>
         </resourceRelation>
         <resourceRelation xmlns:xlink="http://www.w3.org/1999/xlink"
                           resourceRelationType="creatorOf"
                           xlink:href="FRAN_IR_052338"
                           xlink:type="simple">
            <relationEntry localType="archival">Images des répertoires du notaire Louis André Clairet pour l'étude LXVI</relationEntry>
         </resourceRelation>
         <resourceRelation xmlns:xlink="http://www.w3.org/1999/xlink"
                           resourceRelationType="creatorOf"
                           xlink:href="FRAN_IR_052326"
                           xlink:type="simple">
            <relationEntry localType="archival">Images des répertoires du notaire Henri Mailand pour l'étude LXVI</relationEntry>
         </resourceRelation>
         <resourceRelation xmlns:xlink="http://www.w3.org/1999/xlink"
                           resourceRelationType="creatorOf"
                           xlink:href="FRAN_IR_052336"
                           xlink:type="simple">
            <relationEntry localType="archival">Images des répertoires du notaire Guillaume Bouclier pour l'étude LXVI</relationEntry>
         </resourceRelation>
         <resourceRelation xmlns:xlink="http://www.w3.org/1999/xlink"
                           resourceRelationType="creatorOf"
                           xlink:href="FRAN_IR_052337"
                           xlink:type="simple">
            <relationEntry localType="archival">Images des répertoires du notaire Félix Edouard Barre pour l'étude LXVI</relationEntry>
         </resourceRelation>
         <resourceRelation xmlns:xlink="http://www.w3.org/1999/xlink"
                           resourceRelationType="creatorOf"
                           xlink:href="FRAN_IR_052335"
                           xlink:type="simple">
            <relationEntry localType="archival">Images des répertoires du notaire Léon Isidore Bourin pour l'étude LXVI</relationEntry>
         </resourceRelation>
      </relations>
   </cpfDescription>
</eac-cpf>
