<eac-cpf xmlns="urn:isbn:1-931666-33-4"
         xmlns:xsi="http://www.w3.org/2001/XMLSchema-instance"
         xsi:schemaLocation="urn:isbn:1-931666-33-4 cpf.xsd">
   <control>
      <recordId>FRAN_NP_010312</recordId>
      <otherRecordId localType="Ancien_identifiant">FRDAFANCH00MC_NANOTAIRE00008</otherRecordId>
      <maintenanceStatus>derived</maintenanceStatus>
      <maintenanceAgency>
         <agencyName>Archives nationales de France</agencyName>
      </maintenanceAgency>
      <languageDeclaration>
         <language languageCode="fre">Français</language>
         <script scriptCode="Latn"/>
      </languageDeclaration>
      <conventionDeclaration>
         <citation>Notice établie conformément à la norme ICA-ISAAR (CPF) 2004, aux normes ISO 8601 pour le système de normalisation des dates utilisé, ainsi que AFNOR NF Z 44-061, juin 1986. Catalogage : forme et structure des vedettes noms de personne, des vedettes titres, des rubriques de classement et des titres forgés.</citation>
      </conventionDeclaration>
      <localControl localType="niveau_de_detail">
         <term>Moyenne</term>
      </localControl>
      <maintenanceHistory>
         <maintenanceEvent>
            <eventType>derived</eventType>
            <eventDateTime>2013-04-23</eventDateTime>
            <agentType>machine</agentType>
            <agent>Migration ETANOT</agent>
         </maintenanceEvent>
      </maintenanceHistory>
      <sources>
         <source>
            <descriptiveNote>
               <p>Philippe BERTHOLET, Etudes et notaires parisiens en 1803, au moment de la loi du 25 ventôse an XI (16 mars 1803), Paris, 2004, p. 434-436</p>
            </descriptiveNote>
         </source>
      </sources>
   </control>
   <cpfDescription>
      <identity>
         <entityType>person</entityType>
         <nameEntry localType="autorisée" scriptCode="Latn" xml:lang="fre">
            <part>Yver, Savinien</part>
         </nameEntry>
      </identity>
      <description>
         <existDates>
            <dateRange>
               <fromDate standardDate="1794-08-26">26 août 1794</fromDate>
               <toDate standardDate="1821-11-30">30 novembre 1821</toDate>
            </dateRange>
            <descriptiveNote>
               <p>Les dates d'existence de la personne ne sont pas connues et sont évaluées d'après les dates d'exercice en tant que notaire</p>
            </descriptiveNote>
         </existDates>
         <places>
            <place>
               <placeRole>Lieu de Paris</placeRole>
               <placeEntry localType="paroisse" vocabularySource="d3nyvp6vb2-rsrcmgk1zmct">saint-merri (paroisse)</placeEntry>
               <placeEntry localType="paroisse" vocabularySource="d3nyvoxn4o-1v8ltgercbj9c">saint-gervais (paroisse)</placeEntry>
               <placeEntry localType="paroisse" vocabularySource="d3nyvp8zed--rdzkw0dkb1pg">saint-paul (paroisse)</placeEntry>
               <placeEntry localType="quartier" vocabularySource="d3nyvh1eiq-10kmxmcddmsfj">sainte-avoye (quartier)</placeEntry>
               <placeEntry localType="voie" vocabularySource="d3nzd7p3l3--l7n0pbls4gxf">sainte-croix-de-la-bretonnerie (rue)</placeEntry>
               <placeEntry localType="nomLieu">43 rue Sainte-Croix-de-la-Bretonnerie</placeEntry>
            </place>
         </places>
         <functions>
            <function>
               <term vocabularySource="d3nyui3o8w--11y7jgy8q3wnt">notaire à paris</term>
               <dateRange>
                  <fromDate standardDate="1794-08-26">26 août 1794</fromDate>
                  <toDate standardDate="1821-11-30">30 novembre 1821</toDate>
               </dateRange>
            </function>
         </functions>
         <biogHist>
            <p>Né le 2 mars 1768 à Villeneuve-sur-Yonne (Yonne)</p>
            <p>marié à Etiennette Guyot (voir ET/XXXVIII/637, 4 mai 1807, contrat de mariage)</p>
            <p>reçu au concours de l'an II, il remplace René Fourcault de Pavant, guillotiné</p>
            <p>président de la Chambre des notaires de Paris</p>
            <p>engagé dans la Garde Nationale de Paris en 1789</p>
            <p>chevalier de la Légion d'Honneur</p>
         </biogHist>
      </description>
      <relations>
         <cpfRelation xmlns:xlink="http://www.w3.org/1999/xlink"
                      cpfRelationType="associative"
                      xlink:href="FRAN_NP_010239"
                      xlink:type="simple">
            <relationEntry>Etude notariale CXII</relationEntry>
            <dateRange>
               <fromDate standardDate="1794-08-26">26 août 1794</fromDate>
               <toDate standardDate="1821-11-30">30 novembre 1821</toDate>
            </dateRange>
         </cpfRelation>
         <resourceRelation resourceRelationType="other">
            <relationEntry localType="archival">ET/CXII/1018, 28 avril 1832, inventaire après décès</relationEntry>
         </resourceRelation>
         <resourceRelation xmlns:xlink="http://www.w3.org/1999/xlink"
                           resourceRelationType="creatorOf"
                           xlink:href="FRAN_IR_053137"
                           xlink:type="simple">
            <relationEntry localType="archival">Images des répertoires du notaire Savinien Yver pour l'étude CXII</relationEntry>
         </resourceRelation>
      </relations>
   </cpfDescription>
</eac-cpf>
