<eac-cpf xmlns="urn:isbn:1-931666-33-4"
         xmlns:xsi="http://www.w3.org/2001/XMLSchema-instance"
         xsi:schemaLocation="urn:isbn:1-931666-33-4 cpf.xsd">
   <control>
      <recordId>FRAN_NP_010150</recordId>
      <otherRecordId localType="Ancien_identifiant">FRDAFANCH00MC_NAETUDE_023</otherRecordId>
      <maintenanceStatus>revised</maintenanceStatus>
      <maintenanceAgency>
         <agencyName>Archives nationales de France</agencyName>
      </maintenanceAgency>
      <languageDeclaration>
         <language languageCode="fre">Français</language>
         <script scriptCode="Latn"/>
      </languageDeclaration>
      <conventionDeclaration>
         <citation>Notice établie conformément à la norme ICA-ISAAR (CPF) 2004, aux normes ISO 8601 pour le système de normalisation des dates utilisé, ainsi que AFNOR NF Z 44-061, juin 1986. Catalogage : forme et structure des vedettes noms de personne, des vedettes titres, des rubriques de classement et des titres forgés.</citation>
      </conventionDeclaration>
      <localControl localType="niveau_de_detail">
         <term>Moyenne</term>
      </localControl>
      <maintenanceHistory>
         <maintenanceEvent>
            <eventType>derived</eventType>
            <eventDateTime>2013-04-23</eventDateTime>
            <agentType>machine</agentType>
            <agent>Migration ETANOT</agent>
         </maintenanceEvent>
         <maintenanceEvent>
            <eventType>revised</eventType>
            <eventDateTime>2015-09-30</eventDateTime>
            <agentType>human</agentType>
            <agent>Marie-Françoise LIMON-BONNET</agent>
         </maintenanceEvent>
      </maintenanceHistory>
      <sources>
         <source>
            <descriptiveNote>
               <p>
                  <span style="bold">Voir : </span>
               </p>
               <p>Limon-Bonnet (M.-F.) [dir.], 
      <span style="italic">122 minutes d'histoire. Actes des notaires de Paris, XVIe-XXe siècle</span>, Paris, 2012, pp. 50-51. 
     </p>
               <p>
                  <span style="italic">Annuaire du notariat français 2012</span>, p. 1009. 
     </p>
            </descriptiveNote>
         </source>
      </sources>
   </control>
   <cpfDescription>
      <identity>
         <entityType>corporateBody</entityType>
         <nameEntry localType="autorisée" scriptCode="Latn" xml:lang="fre">
            <part>Etude XXIII</part>
         </nameEntry>
         <nameEntry>
            <part>75027</part>
         </nameEntry>
         <nameEntry>
            <part>CORPECHOT Rémi, BOURDEAU Denys et DESSERTENNE-BROSSARD Corinne, SCP</part>
         </nameEntry>
      </identity>
      <description>
         <existDates>
            <dateRange>
               <fromDate standardDate="1541-01-01">1541</fromDate>
            </dateRange>
         </existDates>
         <places>
            <place>
               <placeRole>Lieu de Paris</placeRole>
               <placeEntry localType="nomLieu">93, rue Saint-Lazare, 75009 Paris</placeEntry>
               <placeEntry localType="voie" vocabularySource="d3nzd4mgh6-1q8zrk2z9ifof">Saint-Lazare (rue)</placeEntry>
               <placeEntry localType="arrondissement_actuel"
                           vocabularySource="d3nyv8il1a-d31b8dfjb0g5">09e arrondissement</placeEntry>
            </place>
         </places>
         <legalStatuses>
            <legalStatus>
               <term>office notarial</term>
            </legalStatus>
         </legalStatuses>
         <functions>
            <function>
               <term vocabularySource="d3nyui3o8w--11y7jgy8q3wnt">notaire à Paris</term>
               <dateRange>
                  <fromDate standardDate="1541-01-01">1541</fromDate>
               </dateRange>
            </function>
         </functions>
         <mandates>
            <mandate/>
         </mandates>
         <generalContext>
            <p>Les minutes de cette étude ont été versées aux Archives nationales (2013) jusqu'au 31 décembre 1938, mais elles ne sont pas encore cotées. Leur communication en salle de lecture n'est donc pas encore possible.</p>
         </generalContext>
         <biogHist>
            <p>Installée rive gauche, rue de la Harpe et dans ses environs immédiats depuis 1548, cette étude déménage rue Saint-André-des-Arts en 1778. Sous la Restauration, l'étude se situe rue de Richelieu, puis rue de la Chaussée-d'Antin en 1840, enfin, rue Saint-Lazare depuis 1854. Au XVIe siècle, elle s'enrichit par le rassemblement de quatre pratiques établies dans la Cité ; parlementaires, merciers et orfèvres forment sa clientèle. Bontemps dresse l'inventaire des pierreries de la reine Margot en 1613. Notons, le 27 décembre 1620, l'établissement d'une messe en la chapelle du Châtelet "dans la huitaine qui suivra le décès de chaque notaire". D'illustres clients se succèdent, au XVIIe siècle : Marie-Louise de Béthune, le comédien Biancolelli dit 
     <span style="italic">Arlequin</span>, le mathématicien Roberval, Pierre Nicole, Port-Royal et les jansénistes ; au XVIIIe siècle : le duc de Mazarin, le duc de Noailles, Charles de Rohan, la duchesse de Luynes. L'étude est aussi riche d'actes de commerce : une société pour un théâtre de marionnettes (1677), le marché de sculpture pour la statue de Louis XIV à Montpellier (1686), le procès-verbal de l'assemblée générale de la communauté des notaires, où, sur 113, il n'en est que 64 présents (1689) ; la société d'assurances "l'Avenir" (1859), la société du 
     <span style="italic">Grand Journal</span> (1864), la société pour la chapellerie de Paris (1865). Le Minutier central conserve les minutes de l'étude XXIII à partir de l'année 1541. 
    </p>
         </biogHist>
      </description>
      <relations>
         <cpfRelation xmlns:xlink="http://www.w3.org/1999/xlink"
                      cpfRelationType="associative"
                      xlink:href="FRAN_NP_010803"
                      xlink:type="simple">
            <relationEntry>Nynan, Guy</relationEntry>
            <dateRange>
               <fromDate standardDate="1560-12-09">9 décembre 1560</fromDate>
               <toDate standardDate="1584-04-13">13 avril 1584</toDate>
            </dateRange>
         </cpfRelation>
         <cpfRelation xmlns:xlink="http://www.w3.org/1999/xlink"
                      cpfRelationType="associative"
                      xlink:href="FRAN_NP_011241"
                      xlink:type="simple">
            <relationEntry>Morisseau, Jean</relationEntry>
            <dateRange>
               <fromDate standardDate="1799-11-09">9 novembre 1799</fromDate>
               <toDate standardDate="1827-07-24">24 juillet 1827</toDate>
            </dateRange>
         </cpfRelation>
         <cpfRelation xmlns:xlink="http://www.w3.org/1999/xlink"
                      cpfRelationType="associative"
                      xlink:href="FRAN_NP_011242"
                      xlink:type="simple">
            <relationEntry>Morisseau, Jean-Ambroise</relationEntry>
            <dateRange>
               <fromDate standardDate="1827-07-24">24 juillet 1827</fromDate>
               <toDate standardDate="1840-06-04">4 juin 1840</toDate>
            </dateRange>
         </cpfRelation>
         <cpfRelation xmlns:xlink="http://www.w3.org/1999/xlink"
                      cpfRelationType="associative"
                      xlink:href="FRAN_NP_011355"
                      xlink:type="simple">
            <relationEntry>Lantier, Gabriel</relationEntry>
            <dateRange>
               <fromDate standardDate="1694-11-06">6 novembre 1694</fromDate>
               <toDate standardDate="1704-10-11">11 octobre 1704</toDate>
            </dateRange>
         </cpfRelation>
         <cpfRelation xmlns:xlink="http://www.w3.org/1999/xlink"
                      cpfRelationType="associative"
                      xlink:href="FRAN_NP_011387"
                      xlink:type="simple">
            <relationEntry>Le boucher, Nicolas II</relationEntry>
            <dateRange>
               <fromDate standardDate="1639-08-20">20 août 1639</fromDate>
               <toDate standardDate="1675-06-01">1er juin 1675</toDate>
            </dateRange>
         </cpfRelation>
         <cpfRelation xmlns:xlink="http://www.w3.org/1999/xlink"
                      cpfRelationType="associative"
                      xlink:href="FRAN_NP_011388"
                      xlink:type="simple">
            <relationEntry>Le boucher, Nicolas III</relationEntry>
            <dateRange>
               <fromDate standardDate="1675-06-27">27 juin 1675</fromDate>
               <toDate standardDate="1694-09-06">6 septembre 1694</toDate>
            </dateRange>
         </cpfRelation>
         <cpfRelation xmlns:xlink="http://www.w3.org/1999/xlink"
                      cpfRelationType="associative"
                      xlink:href="FRAN_NP_011490"
                      xlink:type="simple">
            <relationEntry>Legay, Ernest</relationEntry>
            <dateRange>
               <fromDate standardDate="1875-02-24">24 février 1875</fromDate>
               <toDate standardDate="1902-05-14">14 mai 1902</toDate>
            </dateRange>
         </cpfRelation>
         <cpfRelation xmlns:xlink="http://www.w3.org/1999/xlink"
                      cpfRelationType="associative"
                      xlink:href="FRAN_NP_013248"
                      xlink:type="simple">
            <relationEntry>Dessertenne-Brossard, Corinne</relationEntry>
            <dateRange>
               <fromDate standardDate="2001-11-21">21 novembre 2001</fromDate>
            </dateRange>
         </cpfRelation>
         <cpfRelation xmlns:xlink="http://www.w3.org/1999/xlink"
                      cpfRelationType="associative"
                      xlink:href="FRAN_NP_011986"
                      xlink:type="simple">
            <relationEntry>Guesdon, Jacques</relationEntry>
            <dateRange>
               <fromDate standardDate="1704-11-21">21 novembre 1704</fromDate>
               <toDate standardDate="1731-08-27">27 août 1731</toDate>
            </dateRange>
         </cpfRelation>
         <cpfRelation xmlns:xlink="http://www.w3.org/1999/xlink"
                      cpfRelationType="associative"
                      xlink:href="FRAN_NP_013051"
                      xlink:type="simple">
            <relationEntry>Brichard, François</relationEntry>
            <dateRange>
               <fromDate standardDate="1776-01-04">4 janvier 1776</fromDate>
               <toDate standardDate="1794-02-11">11 février 1794</toDate>
            </dateRange>
         </cpfRelation>
         <cpfRelation xmlns:xlink="http://www.w3.org/1999/xlink"
                      cpfRelationType="associative"
                      xlink:href="FRAN_NP_012990"
                      xlink:type="simple">
            <relationEntry>Bourdeau, Denys</relationEntry>
            <dateRange>
               <fromDate standardDate="1979-09-26">26 septembre 1979</fromDate>
               <toDate standardDate="2012-03-07">7 mars 2012</toDate>
            </dateRange>
         </cpfRelation>
         <cpfRelation xmlns:xlink="http://www.w3.org/1999/xlink"
                      cpfRelationType="associative"
                      xlink:href="FRAN_NP_012939"
                      xlink:type="simple">
            <relationEntry>Boissel, Antoine</relationEntry>
            <dateRange>
               <fromDate standardDate="1840-06-04">4 juin 1840</fromDate>
               <toDate standardDate="1875-02-24">24 février 1875</toDate>
            </dateRange>
         </cpfRelation>
         <cpfRelation xmlns:xlink="http://www.w3.org/1999/xlink"
                      cpfRelationType="associative"
                      xlink:href="FRAN_NP_011311"
                      xlink:type="simple">
            <relationEntry>Laideguive, Pierre Louis (1704-1775)</relationEntry>
            <dateRange>
               <fromDate standardDate="1731-08-28">28 août 1731</fromDate>
               <toDate standardDate="1775-12-18">18 décembre 1775</toDate>
            </dateRange>
         </cpfRelation>
         <cpfRelation xmlns:xlink="http://www.w3.org/1999/xlink"
                      cpfRelationType="associative"
                      xlink:href="FRAN_NP_012961"
                      xlink:type="simple">
            <relationEntry>Bontemps, Raoul</relationEntry>
            <dateRange>
               <fromDate standardDate="1569-08-29">29 août 1569</fromDate>
               <toDate standardDate="1618-06-26">26 juin 1618</toDate>
            </dateRange>
         </cpfRelation>
         <cpfRelation xmlns:xlink="http://www.w3.org/1999/xlink"
                      cpfRelationType="associative"
                      xlink:href="FRAN_NP_011785"
                      xlink:type="simple">
            <relationEntry>Honnet, Alexandre</relationEntry>
            <dateRange>
               <fromDate standardDate="1794-08-14">14 août 1794</fromDate>
               <toDate standardDate="1799-11-09">9 novembre 1799</toDate>
            </dateRange>
         </cpfRelation>
         <cpfRelation xmlns:xlink="http://www.w3.org/1999/xlink"
                      cpfRelationType="associative"
                      xlink:href="FRAN_NP_012896"
                      xlink:type="simple">
            <relationEntry>Bezancon, Nicolas de</relationEntry>
            <dateRange>
               <fromDate standardDate="1547-01-01">1547</fromDate>
               <toDate standardDate="1560-12-31">1560</toDate>
            </dateRange>
         </cpfRelation>
         <cpfRelation xmlns:xlink="http://www.w3.org/1999/xlink"
                      cpfRelationType="associative"
                      xlink:href="FRAN_NP_011994"
                      xlink:type="simple">
            <relationEntry>Guillard, Pierre</relationEntry>
            <dateRange>
               <fromDate standardDate="1605-01-04">4 janvier 1605</fromDate>
               <toDate standardDate="1618-06-30">30 juin 1618</toDate>
            </dateRange>
         </cpfRelation>
         <cpfRelation xmlns:xlink="http://www.w3.org/1999/xlink"
                      cpfRelationType="associative"
                      xlink:href="FRAN_NP_010537"
                      xlink:type="simple">
            <relationEntry>Sainxot, René</relationEntry>
            <dateRange>
               <fromDate standardDate="1584-08-18">18 août 1584</fromDate>
               <toDate standardDate="1604-12-31">1604</toDate>
            </dateRange>
         </cpfRelation>
         <cpfRelation xmlns:xlink="http://www.w3.org/1999/xlink"
                      cpfRelationType="associative"
                      xlink:href="FRAN_NP_011491"
                      xlink:type="simple">
            <relationEntry>Legay, Ernest Marie Joseph</relationEntry>
            <dateRange>
               <fromDate standardDate="1902-05-14">14 mai 1902</fromDate>
               <toDate standardDate="1935-11-27">27 novembre 1935</toDate>
            </dateRange>
         </cpfRelation>
         <cpfRelation xmlns:xlink="http://www.w3.org/1999/xlink"
                      cpfRelationType="associative"
                      xlink:href="FRAN_NP_011662"
                      xlink:type="simple">
            <relationEntry>Jacques, Jean</relationEntry>
            <dateRange>
               <fromDate standardDate="1548-10-30">30 octobre 1548</fromDate>
               <toDate standardDate="1567-05-26">26 mai 1567</toDate>
            </dateRange>
         </cpfRelation>
         <cpfRelation xmlns:xlink="http://www.w3.org/1999/xlink"
                      cpfRelationType="associative"
                      xlink:href="FRAN_NP_011663"
                      xlink:type="simple">
            <relationEntry>Jacques, Martin</relationEntry>
            <dateRange>
               <fromDate standardDate="1581-05-17">17 mai 1581</fromDate>
               <toDate standardDate="1605-12-31">1605</toDate>
            </dateRange>
         </cpfRelation>
         <cpfRelation xmlns:xlink="http://www.w3.org/1999/xlink"
                      cpfRelationType="associative"
                      xlink:href="FRAN_NP_012457"
                      xlink:type="simple">
            <relationEntry>Chenu, Simon</relationEntry>
            <dateRange>
               <fromDate standardDate="1541-01-01">1541</fromDate>
               <toDate standardDate="1542-12-31">1542</toDate>
            </dateRange>
         </cpfRelation>
         <cpfRelation xmlns:xlink="http://www.w3.org/1999/xlink"
                      cpfRelationType="associative"
                      xlink:href="FRAN_NP_012513"
                      xlink:type="simple">
            <relationEntry>Caron, Claude</relationEntry>
            <dateRange>
               <fromDate standardDate="1619-06-08">8 juin 1619</fromDate>
               <toDate standardDate="1639-04-07">7 avril 1639</toDate>
            </dateRange>
         </cpfRelation>
         <cpfRelation xmlns:xlink="http://www.w3.org/1999/xlink"
                      cpfRelationType="associative"
                      xlink:href="FRAN_NP_012515"
                      xlink:type="simple">
            <relationEntry>Corpechot, Etienne Jules</relationEntry>
            <dateRange>
               <fromDate standardDate="1935-11-27">27 novembre 1935</fromDate>
               <toDate standardDate="1984-03-20">20 mars 1984</toDate>
            </dateRange>
         </cpfRelation>
         <cpfRelation xmlns:xlink="http://www.w3.org/1999/xlink"
                      cpfRelationType="associative"
                      xlink:href="FRAN_NP_012516"
                      xlink:type="simple">
            <relationEntry>Corpechot, Rémi</relationEntry>
            <dateRange>
               <fromDate standardDate="1975-10-29">29 octobre 1975</fromDate>
            </dateRange>
         </cpfRelation>
         <cpfRelation xmlns:xlink="http://www.w3.org/1999/xlink"
                      cpfRelationType="associative"
                      xlink:href="FRAN_NP_013541"
                      xlink:type="simple">
            <relationEntry>Bourdeau, Fabrice</relationEntry>
            <dateRange>
               <fromDate standardDate="2012-03-07">7 mars 2012</fromDate>
            </dateRange>
         </cpfRelation>
         <resourceRelation xmlns:xlink="http://www.w3.org/1999/xlink"
                           resourceRelationType="creatorOf"
                           xlink:href="FRAN_IR_050204"
                           xlink:type="simple">
            <relationEntry localType="archival">«Mélanges» (dossiers de clients) de l’étude XXIII. MC/ET/XXIII/891-MC/ET/XXIII/896 (1577-1787)</relationEntry>
         </resourceRelation>
         <resourceRelation xmlns:xlink="http://www.w3.org/1999/xlink"
                           resourceRelationType="creatorOf"
                           xlink:href="FRAN_IR_041675"
                           xlink:type="simple">
            <relationEntry localType="archival">Minutes et répertoires du notaire Simon CHENU, 21 avril 1541 - 1er avril 1542 (étude XXIII)</relationEntry>
         </resourceRelation>
         <resourceRelation xmlns:xlink="http://www.w3.org/1999/xlink"
                           resourceRelationType="creatorOf"
                           xlink:href="FRAN_IR_041676"
                           xlink:type="simple">
            <relationEntry localType="archival">Minutes et répertoires du notaire Jean JACQUES, 30 octobre 1548 - 1er septembre 1567 (étude XXIII)</relationEntry>
         </resourceRelation>
         <resourceRelation xmlns:xlink="http://www.w3.org/1999/xlink"
                           resourceRelationType="creatorOf"
                           xlink:href="FRAN_IR_041678"
                           xlink:type="simple">
            <relationEntry localType="archival">Minutes et répertoires du notaire Raoul BONTEMPS, 29 août 1569 - juillet 1617 (étude XXIII)</relationEntry>
         </resourceRelation>
         <resourceRelation xmlns:xlink="http://www.w3.org/1999/xlink"
                           resourceRelationType="creatorOf"
                           xlink:href="FRAN_IR_041679"
                           xlink:type="simple">
            <relationEntry localType="archival">Minutes et répertoires du notaire Martin JACQUES, 17 mai 1581 - 1605 (étude XXIII)</relationEntry>
         </resourceRelation>
         <resourceRelation xmlns:xlink="http://www.w3.org/1999/xlink"
                           resourceRelationType="creatorOf"
                           xlink:href="FRAN_IR_041677"
                           xlink:type="simple">
            <relationEntry localType="archival">Minutes et répertoires du notaire Guy NYNAN, 9 décembre 1560 - 13 avril 1584 (étude XXIII)</relationEntry>
         </resourceRelation>
         <resourceRelation xmlns:xlink="http://www.w3.org/1999/xlink"
                           resourceRelationType="creatorOf"
                           xlink:href="FRAN_IR_041680"
                           xlink:type="simple">
            <relationEntry localType="archival">Minutes et répertoires du notaire René SAINXOT, 18 août 1584 - 1604 (étude XXIII)</relationEntry>
         </resourceRelation>
         <resourceRelation xmlns:xlink="http://www.w3.org/1999/xlink"
                           resourceRelationType="creatorOf"
                           xlink:href="FRAN_IR_041681"
                           xlink:type="simple">
            <relationEntry localType="archival">Minutes et répertoires du notaire Pierre GUILLARD, 4 janvier 1605 - juin 1618 (étude XXIII)</relationEntry>
         </resourceRelation>
         <resourceRelation xmlns:xlink="http://www.w3.org/1999/xlink"
                           resourceRelationType="creatorOf"
                           xlink:href="FRAN_IR_041682"
                           xlink:type="simple">
            <relationEntry localType="archival">Minutes et répertoires du notaire Claude CARON, 8 juin 1619 - 7 avril 1639 (étude XXIII)</relationEntry>
         </resourceRelation>
         <resourceRelation xmlns:xlink="http://www.w3.org/1999/xlink"
                           resourceRelationType="creatorOf"
                           xlink:href="FRAN_IR_041683"
                           xlink:type="simple">
            <relationEntry localType="archival">Minutes et répertoires du notaire Nicolas II LE BOUCHER, 20 août 1639 - 1er juin 1675 (étude XXIII)</relationEntry>
         </resourceRelation>
         <resourceRelation xmlns:xlink="http://www.w3.org/1999/xlink"
                           resourceRelationType="creatorOf"
                           xlink:href="FRAN_IR_041684"
                           xlink:type="simple">
            <relationEntry localType="archival">Minutes et répertoires du notaire Nicolas III LE BOUCHER, 27 juin 1675 - 6 septembre 1694 (étude XXIII)</relationEntry>
         </resourceRelation>
         <resourceRelation xmlns:xlink="http://www.w3.org/1999/xlink"
                           resourceRelationType="creatorOf"
                           xlink:href="FRAN_IR_041685"
                           xlink:type="simple">
            <relationEntry localType="archival">Minutes et répertoires du notaire Gabriel LANTIER, 6 novembre 1694 - 21 octobre 1704 (étude XXIII)</relationEntry>
         </resourceRelation>
         <resourceRelation xmlns:xlink="http://www.w3.org/1999/xlink"
                           resourceRelationType="creatorOf"
                           xlink:href="FRAN_IR_041686"
                           xlink:type="simple">
            <relationEntry localType="archival">Minutes et répertoires du notaire Jacques GUESDON, 21 novembre 1704 - 27 août 1731 (étude XXIII)</relationEntry>
         </resourceRelation>
         <resourceRelation xmlns:xlink="http://www.w3.org/1999/xlink"
                           resourceRelationType="creatorOf"
                           xlink:href="FRAN_IR_041687"
                           xlink:type="simple">
            <relationEntry localType="archival">Minutes et répertoires du notaire Pierre Louis LAIDEGUIVE, 28 août 1731 - 30 décembre 1775 (étude XXIII)</relationEntry>
         </resourceRelation>
         <resourceRelation xmlns:xlink="http://www.w3.org/1999/xlink"
                           resourceRelationType="creatorOf"
                           xlink:href="FRAN_IR_041688"
                           xlink:type="simple">
            <relationEntry localType="archival">Minutes et répertoires du notaire Pierre Louis LAIDEGUIVE, 28 août 1731 - décembre 1740 (étude XXIII)</relationEntry>
         </resourceRelation>
         <resourceRelation xmlns:xlink="http://www.w3.org/1999/xlink"
                           resourceRelationType="creatorOf"
                           xlink:href="FRAN_IR_041689"
                           xlink:type="simple">
            <relationEntry localType="archival">Minutes et répertoires du notaire Pierre Louis LAIDEGUIVE, janvier 1741 - décembre 1750 (étude XXIII)</relationEntry>
         </resourceRelation>
         <resourceRelation xmlns:xlink="http://www.w3.org/1999/xlink"
                           resourceRelationType="creatorOf"
                           xlink:href="FRAN_IR_041690"
                           xlink:type="simple">
            <relationEntry localType="archival">Minutes et répertoires du notaire Pierre Louis LAIDEGUIVE, janvier 1751 - décembre 1760 (étude XXIII)</relationEntry>
         </resourceRelation>
         <resourceRelation xmlns:xlink="http://www.w3.org/1999/xlink"
                           resourceRelationType="creatorOf"
                           xlink:href="FRAN_IR_041691"
                           xlink:type="simple">
            <relationEntry localType="archival">Minutes et répertoires du notaire Pierre Louis LAIDEGUIVE, janvier 1761 - décembre 1770 (étude XXIII)</relationEntry>
         </resourceRelation>
         <resourceRelation xmlns:xlink="http://www.w3.org/1999/xlink"
                           resourceRelationType="creatorOf"
                           xlink:href="FRAN_IR_041692"
                           xlink:type="simple">
            <relationEntry localType="archival">Minutes et répertoires du notaire Pierre Louis LAIDEGUIVE, janvier 1771 - 30 décembre 1775 (étude XXIII)</relationEntry>
         </resourceRelation>
         <resourceRelation xmlns:xlink="http://www.w3.org/1999/xlink"
                           resourceRelationType="creatorOf"
                           xlink:href="FRAN_IR_041693"
                           xlink:type="simple">
            <relationEntry localType="archival">Minutes et répertoires du notaire François BRICHARD, 4 janvier 1776 - 11 février 1794 (étude XXIII)</relationEntry>
         </resourceRelation>
         <resourceRelation xmlns:xlink="http://www.w3.org/1999/xlink"
                           resourceRelationType="creatorOf"
                           xlink:href="FRAN_IR_041694"
                           xlink:type="simple">
            <relationEntry localType="archival">Minutes et répertoires du notaire Alexandre HONNET, 18 août 1794 - 12 novembre 1799 (étude XXIII)</relationEntry>
         </resourceRelation>
         <resourceRelation xmlns:xlink="http://www.w3.org/1999/xlink"
                           resourceRelationType="creatorOf"
                           xlink:href="FRAN_IR_041695"
                           xlink:type="simple">
            <relationEntry localType="archival">Minutes et répertoires du notaire Jean MORISSEAU, 12 novembre 1799 - 24 juillet 1827 (étude XXIII)</relationEntry>
         </resourceRelation>
         <resourceRelation xmlns:xlink="http://www.w3.org/1999/xlink"
                           resourceRelationType="creatorOf"
                           xlink:href="FRAN_IR_041696"
                           xlink:type="simple">
            <relationEntry localType="archival">Minutes et répertoires du notaire Jean Ambroise MORISSEAU, 24 juillet 1827 - 4 juin 1840 (étude XXIII)</relationEntry>
         </resourceRelation>
         <resourceRelation xmlns:xlink="http://www.w3.org/1999/xlink"
                           resourceRelationType="creatorOf"
                           xlink:href="FRAN_IR_041697"
                           xlink:type="simple">
            <relationEntry localType="archival">Minutes et répertoires du notaire Antoine BOISSEL, 4 juin 1840 - 22 février 1875 (étude XXIII)</relationEntry>
         </resourceRelation>
         <resourceRelation xmlns:xlink="http://www.w3.org/1999/xlink"
                           resourceRelationType="creatorOf"
                           xlink:href="FRAN_IR_041674"
                           xlink:type="simple">
            <relationEntry localType="archival">Archives de l'étude XXIII</relationEntry>
         </resourceRelation>
         <resourceRelation xmlns:xlink="http://www.w3.org/1999/xlink"
                           resourceRelationType="creatorOf"
                           xlink:href="FRAN_IR_041698"
                           xlink:type="simple">
            <relationEntry localType="archival">Minutes et répertoires du notaire Ernest LEGAY, 25 février 1875 - 14 mai 1902 (étude XXIII)</relationEntry>
         </resourceRelation>
         <resourceRelation xmlns:xlink="http://www.w3.org/1999/xlink"
                           resourceRelationType="creatorOf"
                           xlink:href="FRAN_IR_053874"
                           xlink:type="simple">
            <relationEntry localType="archival">Minutes et répertoires du notaire Ernest Marie Joseph LEGAY, 14 mai 1902 - 27 novembre 1935 (étude XXIII)</relationEntry>
         </resourceRelation>
         <resourceRelation xmlns:xlink="http://www.w3.org/1999/xlink"
                           resourceRelationType="creatorOf"
                           xlink:href="FRAN_IR_050348"
                           xlink:type="simple">
            <relationEntry localType="archival">Dossiers de clients de l'étude XXIII</relationEntry>
         </resourceRelation>
         <resourceRelation xmlns:xlink="http://www.w3.org/1999/xlink"
                           resourceRelationType="creatorOf"
                           xlink:href="FRAN_IR_053962"
                           xlink:type="simple">
            <relationEntry localType="archival">Minutes et répertoires du notaire Étienne Jules CORPECHOT, 27 novembre 1935 - 16 août 1940 (étude XXIII)</relationEntry>
         </resourceRelation>
         <resourceRelation xmlns:xlink="http://www.w3.org/1999/xlink"
                           resourceRelationType="creatorOf"
                           xlink:href="FRAN_IR_053023"
                           xlink:type="simple">
            <relationEntry localType="archival">Archives de l'office notarial XXIII</relationEntry>
         </resourceRelation>
         <resourceRelation xmlns:xlink="http://www.w3.org/1999/xlink"
                           resourceRelationType="creatorOf"
                           xlink:href="FRAN_IR_051604"
                           xlink:type="simple">
            <relationEntry localType="archival">Images des répertoires du notaire Antoine Boissel pour l'étude XXIII</relationEntry>
         </resourceRelation>
         <resourceRelation xmlns:xlink="http://www.w3.org/1999/xlink"
                           resourceRelationType="creatorOf"
                           xlink:href="FRAN_IR_051379"
                           xlink:type="simple">
            <relationEntry localType="archival">Images des répertoires du notaire Ernest Legay pour l'étude XXIII</relationEntry>
         </resourceRelation>
         <resourceRelation xmlns:xlink="http://www.w3.org/1999/xlink"
                           resourceRelationType="creatorOf"
                           xlink:href="FRAN_IR_051357"
                           xlink:type="simple">
            <relationEntry localType="archival">Images du répertoire du notaire Nicolas II Le Boucher pour l'étude XXIII</relationEntry>
         </resourceRelation>
         <resourceRelation xmlns:xlink="http://www.w3.org/1999/xlink"
                           resourceRelationType="creatorOf"
                           xlink:href="FRAN_IR_051540"
                           xlink:type="simple">
            <relationEntry localType="archival">Images du répertoire du notaire Claude Caron pour l'étude XXIII</relationEntry>
         </resourceRelation>
         <resourceRelation xmlns:xlink="http://www.w3.org/1999/xlink"
                           resourceRelationType="creatorOf"
                           xlink:href="FRAN_IR_051448"
                           xlink:type="simple">
            <relationEntry localType="archival">Images des répertoires du notaire Jacques Guesdon pour l'étude XXIII</relationEntry>
         </resourceRelation>
         <resourceRelation xmlns:xlink="http://www.w3.org/1999/xlink"
                           resourceRelationType="creatorOf"
                           xlink:href="FRAN_IR_051331"
                           xlink:type="simple">
            <relationEntry localType="archival">Images des répertoires du notaire Jean Morisseau pour l'étude XXIII</relationEntry>
         </resourceRelation>
         <resourceRelation xmlns:xlink="http://www.w3.org/1999/xlink"
                           resourceRelationType="creatorOf"
                           xlink:href="FRAN_IR_051621"
                           xlink:type="simple">
            <relationEntry localType="archival">Images des répertoires du notaire François Brichard pour l'étude XXIII</relationEntry>
         </resourceRelation>
         <resourceRelation xmlns:xlink="http://www.w3.org/1999/xlink"
                           resourceRelationType="creatorOf"
                           xlink:href="FRAN_IR_051420"
                           xlink:type="simple">
            <relationEntry localType="archival">Images des répertoires du notaire Alexandre Honnet pour l'étude XXIII</relationEntry>
         </resourceRelation>
         <resourceRelation xmlns:xlink="http://www.w3.org/1999/xlink"
                           resourceRelationType="creatorOf"
                           xlink:href="FRAN_IR_052780"
                           xlink:type="simple">
            <relationEntry localType="archival">Images des répertoires du notaire Pierre Louis Laideguive pour l'étude XXIII</relationEntry>
         </resourceRelation>
         <resourceRelation xmlns:xlink="http://www.w3.org/1999/xlink"
                           resourceRelationType="creatorOf"
                           xlink:href="FRAN_IR_054288"
                           xlink:type="simple">
            <relationEntry localType="archival">Images des répertoires du notaire Gabriel Lantier pour l'étude XXIII</relationEntry>
         </resourceRelation>
         <resourceRelation xmlns:xlink="http://www.w3.org/1999/xlink"
                           resourceRelationType="creatorOf"
                           xlink:href="FRAN_IR_053175"
                           xlink:type="simple">
            <relationEntry localType="archival">Images des répertoires du notaire Guy Nynan pour l'étude XXIII</relationEntry>
         </resourceRelation>
         <resourceRelation xmlns:xlink="http://www.w3.org/1999/xlink"
                           resourceRelationType="creatorOf"
                           xlink:href="FRAN_IR_056478"
                           xlink:type="simple">
            <relationEntry localType="archival">Images du répertoire du notaire Martin Jacques pour l'étude XXIII</relationEntry>
         </resourceRelation>
         <resourceRelation xmlns:xlink="http://www.w3.org/1999/xlink"
                           resourceRelationType="creatorOf"
                           xlink:href="FRAN_IR_056480"
                           xlink:type="simple">
            <relationEntry localType="archival">Images des répertoires du notaire Jean Ambroise Morisseau pour l'étude XXIII</relationEntry>
         </resourceRelation>
      </relations>
   </cpfDescription>
</eac-cpf>
