<eac-cpf xmlns="urn:isbn:1-931666-33-4"
         xmlns:xsi="http://www.w3.org/2001/XMLSchema-instance"
         xsi:schemaLocation="urn:isbn:1-931666-33-4 cpf.xsd">
   <control>
      <recordId>FRAN_NP_010192</recordId>
      <otherRecordId localType="Ancien_identifiant">FRDAFANCH00MC_NAETUDE_065</otherRecordId>
      <maintenanceStatus>revised</maintenanceStatus>
      <maintenanceAgency>
         <agencyName>Archives nationales de France</agencyName>
      </maintenanceAgency>
      <languageDeclaration>
         <language languageCode="fre">Français</language>
         <script scriptCode="Latn"/>
      </languageDeclaration>
      <conventionDeclaration>
         <citation>Notice établie conformément à la norme ICA-ISAAR (CPF) 2004, aux normes ISO 8601 pour le système de normalisation des dates utilisé, ainsi que AFNOR NF Z 44-061, juin 1986. Catalogage : forme et structure des vedettes noms de personne, des vedettes titres, des rubriques de classement et des titres forgés.</citation>
      </conventionDeclaration>
      <localControl localType="niveau_de_detail">
         <term>Moyenne</term>
      </localControl>
      <maintenanceHistory>
         <maintenanceEvent>
            <eventType>derived</eventType>
            <eventDateTime>2013-04-23</eventDateTime>
            <agentType>machine</agentType>
            <agent>Migration ETANOT</agent>
         </maintenanceEvent>
         <maintenanceEvent>
            <eventType>revised</eventType>
            <eventDateTime>2015-09-30</eventDateTime>
            <agentType>human</agentType>
            <agent>Marie-Françoise LIMON-BONNET</agent>
            <eventDescription>F. Clavaud 16 octobre 2013 : déplacé identifiant vers élément ad hoc</eventDescription>
         </maintenanceEvent>
      </maintenanceHistory>
   </control>
   <cpfDescription>
      <identity>
         <entityId>75046</entityId>
         <entityType>corporateBody</entityType>
         <nameEntry localType="autorisée" scriptCode="Latn" xml:lang="fre">
            <part>Etude LXV</part>
         </nameEntry>
      </identity>
      <description>
         <existDates>
            <dateRange>
               <fromDate standardDate="1641-01-01">1641</fromDate>
            </dateRange>
         </existDates>
         <places>
            <place>
               <placeRole>Lieu de Paris</placeRole>
               <placeEntry localType="nomLieu">98 bis, bd Haussmann, BP 606-08, 75367 PARIS cedex 08</placeEntry>
            </place>
         </places>
         <functions>
            <function>
               <term vocabularySource="d3nyui3o8w--11y7jgy8q3wnt">notaire à paris</term>
               <dateRange>
                  <fromDate standardDate="1641-01-01">1641</fromDate>
                  <toDate/>
               </dateRange>
            </function>
         </functions>
         <mandates>
            <mandate>
               <descriptiveNote>
                  <p>
                     <span style="bold">Voir :</span>
                  </p>
                  <p>Limon-Bonnet (M.-F.) [dir.], 
       <span style="italic">122 minutes d'histoire. Actes des notaires de Paris</span>, XVIe-XXe siècle, Paris, 2012, pp. 134-135. 
      </p>
                  <p>Bertholet (Philippe), 
       <span style="italic">Etudes et notaires parisiens en 1803, au moment de la loi du 25 ventôse an XI</span>, Paris, 2003, Association des notaires du Châtelet, pp. 518-519. 
      </p>
               </descriptiveNote>
            </mandate>
         </mandates>
         <biogHist>
            <p>De 1641 à 1851, cette étude est installée rive gauche. En deux siècles, elle glisse de la place Maubert à la rue de Sèvres. En 1825, sur le plan de Vasserot, l'étude est au 2 rue de Sèvres, quartier Saint-Thomas-du-Louvre (F/31/92, îlot n°8). La maison de la rue de Sèvres est vendue le 22 février 1823 par Alexandre Henri Nicolas Roettiers de Montaleau à Claude Romeuf. Il y est dit que Vincent Boucher, marchand de vin, et son épouse ont fait construire une nouvelle maison (MC/ET/I/796). A l'angle de la place de la Croix-Rouge, elle fait l'objet d'un permis d'alignement d'encoignures du 29 novembre 1754. Me JAcques-Lazare Jean-Fabien transporte l'étude rue du Havre où elle demeure jusqu'à son transfert rue des Mathurins (1886).</p>
            <p>Marin Marais, compositeur et joueur de viole, y signe son contrat de mariage (21 septembre 1676) ; le 11 juillet 1700, Henri Fitzjames, duc d'Albemarle, fils légitimé de Jacques II, roi d'Angleterre, d'Ecosse et d'Irlande, et Marie Gabrielle d'Audibert de Lussan font de même. Au XVIIIe siècle, Louis Constantin de Rohan vend ses terres et seigneurie de Scherwiller (6-19 juin 1736). Le 9 juin 1761 est créée une société pour l'exploitation de mines en Alsace, France-Comté et Bourgogne ; le 23 janvier1773, Pierre Monniotte et Pierre Gilles Servant créent une société pour un "spectacle mécanique". Le XIXe siècle compte le contrat de mariage de l'horloger Jean Eugène Robert avec Josèphe Cécile Eglantine Houdin, maison aujourd'hui universellement connue sous le patronyme de "Robert-Houdin" (6 juillet 1830). L'étude a également pour clients les membres de la famille de facteurs d'instruments de musique Erard.</p>
            <p>Le Minutier central conserve les minutes de l'étude LXV à partir de l'année 1641.</p>
         </biogHist>
      </description>
      <relations>
         <cpfRelation xmlns:xlink="http://www.w3.org/1999/xlink"
                      cpfRelationType="associative"
                      xlink:href="FRAN_NP_011298"
                      xlink:type="simple">
            <relationEntry>Lacorne, Pierre</relationEntry>
            <dateRange>
               <fromDate standardDate="1992-11-04">4 novembre 1992</fromDate>
               <toDate standardDate="2005-11-16">16 novembre 2005</toDate>
            </dateRange>
         </cpfRelation>
         <cpfRelation xmlns:xlink="http://www.w3.org/1999/xlink"
                      cpfRelationType="associative"
                      xlink:href="FRAN_NP_011309"
                      xlink:type="simple">
            <relationEntry>Laideguive, Antoine-Pierre</relationEntry>
            <dateRange>
               <fromDate standardDate="1732-04-01">1er avril 1732</fromDate>
               <toDate standardDate="1744-02-23">23 février 1744</toDate>
            </dateRange>
         </cpfRelation>
         <cpfRelation xmlns:xlink="http://www.w3.org/1999/xlink"
                      cpfRelationType="associative"
                      xlink:href="FRAN_NP_011310"
                      xlink:type="simple">
            <relationEntry>Laideguive, Pierre</relationEntry>
            <dateRange>
               <fromDate standardDate="1700-04-28">28 avril 1700</fromDate>
               <toDate standardDate="1732-03-17">17 mars 1732</toDate>
            </dateRange>
         </cpfRelation>
         <cpfRelation xmlns:xlink="http://www.w3.org/1999/xlink"
                      cpfRelationType="associative"
                      xlink:href="FRAN_NP_011461"
                      xlink:type="simple">
            <relationEntry>Le doux, Edme-Auguste</relationEntry>
            <dateRange>
               <fromDate standardDate="1763-09-17">17 septembre 1763</fromDate>
               <toDate standardDate="1780-08-31">31 août 1780</toDate>
            </dateRange>
         </cpfRelation>
         <cpfRelation xmlns:xlink="http://www.w3.org/1999/xlink"
                      cpfRelationType="associative"
                      xlink:href="FRAN_NP_011554"
                      xlink:type="simple">
            <relationEntry>Le roux, Nicolas-Michel</relationEntry>
            <dateRange>
               <fromDate standardDate="1745-11-18">18 novembre 1745</fromDate>
               <toDate standardDate="1763-08-30">30 août 1763</toDate>
            </dateRange>
         </cpfRelation>
         <cpfRelation xmlns:xlink="http://www.w3.org/1999/xlink"
                      cpfRelationType="associative"
                      xlink:href="FRAN_NP_013275"
                      xlink:type="simple">
            <relationEntry>Jamet, Olivier Robert François Antoine René</relationEntry>
            <dateRange>
               <fromDate standardDate="2005-11-25">25 novembre 2005</fromDate>
            </dateRange>
         </cpfRelation>
         <cpfRelation xmlns:xlink="http://www.w3.org/1999/xlink"
                      cpfRelationType="associative"
                      xlink:href="FRAN_NP_011040"
                      xlink:type="simple">
            <relationEntry>Maguet, Maurice Paul</relationEntry>
            <dateRange>
               <fromDate standardDate="1941-11-10">10 novembre 1941</fromDate>
               <toDate standardDate="1971-04-28">28 avril 1971</toDate>
            </dateRange>
         </cpfRelation>
         <cpfRelation xmlns:xlink="http://www.w3.org/1999/xlink"
                      cpfRelationType="associative"
                      xlink:href="FRAN_NP_012755"
                      xlink:type="simple">
            <relationEntry>Ballet, Claude-Nicolas</relationEntry>
            <dateRange>
               <fromDate standardDate="1780-09-05">5 septembre 1780</fromDate>
               <toDate standardDate="1807-09-03">3 septembre 1807</toDate>
            </dateRange>
         </cpfRelation>
         <cpfRelation xmlns:xlink="http://www.w3.org/1999/xlink"
                      cpfRelationType="associative"
                      xlink:href="FRAN_NP_010753"
                      xlink:type="simple">
            <relationEntry>Roux, André</relationEntry>
            <dateRange>
               <fromDate standardDate="1971-04-28">28 avril 1971</fromDate>
               <toDate standardDate="1992-01-21">21 janvier 1992</toDate>
            </dateRange>
         </cpfRelation>
         <cpfRelation xmlns:xlink="http://www.w3.org/1999/xlink"
                      cpfRelationType="associative"
                      xlink:href="FRAN_NP_012822"
                      xlink:type="simple">
            <relationEntry>Bechet, Antoine</relationEntry>
            <dateRange>
               <fromDate standardDate="1641-01-09">9 janvier 1641</fromDate>
               <toDate standardDate="1642-10-17">17 octobre 1642</toDate>
            </dateRange>
         </cpfRelation>
         <cpfRelation xmlns:xlink="http://www.w3.org/1999/xlink"
                      cpfRelationType="associative"
                      xlink:href="FRAN_NP_012883"
                      xlink:type="simple">
            <relationEntry>Bertrand, Louis-Théodore</relationEntry>
            <dateRange>
               <fromDate standardDate="1853-04-09">9 avril 1853</fromDate>
               <toDate standardDate="1881-06-14">14 juin 1881</toDate>
            </dateRange>
         </cpfRelation>
         <cpfRelation xmlns:xlink="http://www.w3.org/1999/xlink"
                      cpfRelationType="associative"
                      xlink:href="FRAN_NP_010777"
                      xlink:type="simple">
            <relationEntry>Orléans, Balthazar d'</relationEntry>
            <dateRange>
               <fromDate standardDate="1642-10-17">17 octobre 1642</fromDate>
               <toDate standardDate="1672-07-09">9 juillet 1672</toDate>
            </dateRange>
         </cpfRelation>
         <cpfRelation xmlns:xlink="http://www.w3.org/1999/xlink"
                      cpfRelationType="associative"
                      xlink:href="FRAN_NP_010468"
                      xlink:type="simple">
            <relationEntry>Torinon, Edme</relationEntry>
            <dateRange>
               <fromDate standardDate="1672-09-09">9 septembre 1672</fromDate>
               <toDate standardDate="1700-03-31">31 mars 1700</toDate>
            </dateRange>
         </cpfRelation>
         <cpfRelation xmlns:xlink="http://www.w3.org/1999/xlink"
                      cpfRelationType="associative"
                      xlink:href="FRAN_NP_013276"
                      xlink:type="simple">
            <relationEntry>Savale, Anthony Lionel Claude</relationEntry>
            <dateRange>
               <fromDate standardDate="2005-11-25">25 novembre 2005</fromDate>
            </dateRange>
         </cpfRelation>
         <cpfRelation xmlns:xlink="http://www.w3.org/1999/xlink"
                      cpfRelationType="associative"
                      xlink:href="FRAN_NP_010574"
                      xlink:type="simple">
            <relationEntry>Sené, Jean-Baptiste</relationEntry>
            <dateRange>
               <fromDate standardDate="1807-09-03">3 septembre 1807</fromDate>
               <toDate standardDate="1827-01-06">6 janvier 1827</toDate>
            </dateRange>
         </cpfRelation>
         <cpfRelation xmlns:xlink="http://www.w3.org/1999/xlink"
                      cpfRelationType="associative"
                      xlink:href="FRAN_NP_011686"
                      xlink:type="simple">
            <relationEntry>Jean-Fabien, Jacques-Lazare</relationEntry>
            <dateRange>
               <fromDate standardDate="1839-06-19">19 juin 1839</fromDate>
               <toDate standardDate="1853-04-09">9 avril 1853</toDate>
            </dateRange>
         </cpfRelation>
         <cpfRelation xmlns:xlink="http://www.w3.org/1999/xlink"
                      cpfRelationType="associative"
                      xlink:href="FRAN_NP_012120"
                      xlink:type="simple">
            <relationEntry>Froger-Deschesnes, Pierre-Charles</relationEntry>
            <dateRange>
               <fromDate standardDate="1827-01-06">6 janvier 1827</fromDate>
               <toDate standardDate="1839-06-19">19 juin 1839</toDate>
            </dateRange>
         </cpfRelation>
         <cpfRelation xmlns:xlink="http://www.w3.org/1999/xlink"
                      cpfRelationType="associative"
                      xlink:href="FRAN_NP_012306"
                      xlink:type="simple">
            <relationEntry>Dubost, Jacques Louis</relationEntry>
            <dateRange>
               <fromDate standardDate="1929-10-03">3 octobre 1929</fromDate>
               <toDate standardDate="1941-11-10">10 novembre 1941</toDate>
            </dateRange>
         </cpfRelation>
         <cpfRelation xmlns:xlink="http://www.w3.org/1999/xlink"
                      cpfRelationType="associative"
                      xlink:href="FRAN_NP_012307"
                      xlink:type="simple">
            <relationEntry>Dubost, Jean Paul Marie Albert</relationEntry>
            <dateRange>
               <fromDate standardDate="1902-09-11">11 septembre 1902</fromDate>
               <toDate standardDate="1929-10-03">3 octobre 1929</toDate>
            </dateRange>
         </cpfRelation>
         <cpfRelation xmlns:xlink="http://www.w3.org/1999/xlink"
                      cpfRelationType="associative"
                      xlink:href="FRAN_NP_012308"
                      xlink:type="simple">
            <relationEntry>Dupuy, François-Adolphe</relationEntry>
            <dateRange>
               <fromDate standardDate="1881-06-14">14 juin 1881</fromDate>
               <toDate standardDate="1902-09-11">11 septembre 1902</toDate>
            </dateRange>
         </cpfRelation>
         <resourceRelation xmlns:xlink="http://www.w3.org/1999/xlink"
                           resourceRelationType="subjectOf"
                           xlink:href="FRAN_IR_042488"
                           xlink:type="simple">
            <relationEntry localType="archival">Minutes et répertoires du notaire Claude Nicolas BALLET, 1800 - 1807 (étude LXV)</relationEntry>
         </resourceRelation>
         <resourceRelation xmlns:xlink="http://www.w3.org/1999/xlink"
                           resourceRelationType="subjectOf"
                           xlink:href="FRAN_IR_042490"
                           xlink:type="simple">
            <relationEntry localType="archival">Minutes et répertoires du notaire Pierre Charles FROGER-DESCHESNES, 6 janvier 1827 - 19 juin 1839 (étude LXV)</relationEntry>
         </resourceRelation>
         <resourceRelation xmlns:xlink="http://www.w3.org/1999/xlink"
                           resourceRelationType="subjectOf"
                           xlink:href="FRAN_IR_042492"
                           xlink:type="simple">
            <relationEntry localType="archival">Minutes et répertoires du notaire Louis Théodore BERTRAND, 9 avril 1853 - 14 juin 1881 (étude LXV)</relationEntry>
         </resourceRelation>
         <resourceRelation xmlns:xlink="http://www.w3.org/1999/xlink"
                           resourceRelationType="subjectOf"
                           xlink:href="FRAN_IR_042491"
                           xlink:type="simple">
            <relationEntry localType="archival">Minutes et répertoires du notaire Jacques Lazare JEAN-FABIEN, 19 juin 1839 - 9 avril 1853 (étude LXV)</relationEntry>
         </resourceRelation>
         <resourceRelation xmlns:xlink="http://www.w3.org/1999/xlink"
                           resourceRelationType="subjectOf"
                           xlink:href="FRAN_IR_042483"
                           xlink:type="simple">
            <relationEntry localType="archival">Minutes et répertoires du notaire Edme Auguste LE DOUX, 17 septembre 1763 - 31 août 1780 (étude LXV)</relationEntry>
         </resourceRelation>
         <resourceRelation xmlns:xlink="http://www.w3.org/1999/xlink"
                           resourceRelationType="subjectOf"
                           xlink:href="FRAN_IR_042493"
                           xlink:type="simple">
            <relationEntry localType="archival">Minutes et répertoires du notaire François Adolphe DUPUY, 14 juin 1881 - 11 septembre 1902 (étude LXV)</relationEntry>
         </resourceRelation>
         <resourceRelation xmlns:xlink="http://www.w3.org/1999/xlink"
                           resourceRelationType="creatorOf"
                           xlink:href="FRAN_IR_051161"
                           xlink:type="simple">
            <relationEntry localType="archival">«Mélanges» (dossiers de clients) de l’étude LXV. MC/ET/LXV/613-MC/ET/LXV/614 (1622-1848)</relationEntry>
         </resourceRelation>
         <resourceRelation xmlns:xlink="http://www.w3.org/1999/xlink"
                           resourceRelationType="creatorOf"
                           xlink:href="FRAN_IR_042477"
                           xlink:type="simple">
            <relationEntry localType="archival">Archives de l'étude LXV</relationEntry>
         </resourceRelation>
         <resourceRelation xmlns:xlink="http://www.w3.org/1999/xlink"
                           resourceRelationType="creatorOf"
                           xlink:href="FRAN_IR_042489"
                           xlink:type="simple">
            <relationEntry localType="archival">Minutes et répertoires du notaire Jean-Baptiste SENÉ, 3 septembre 1807 - 6 janvier 1827 (étude LXV)</relationEntry>
         </resourceRelation>
         <resourceRelation xmlns:xlink="http://www.w3.org/1999/xlink"
                           resourceRelationType="creatorOf"
                           xlink:href="FRAN_IR_042482"
                           xlink:type="simple">
            <relationEntry localType="archival">Minutes et répertoires du notaire Antoine Pierre LAIDEGUIVE, 1er avril 1732 - 1er mars 1744 (étude LXV)</relationEntry>
         </resourceRelation>
         <resourceRelation xmlns:xlink="http://www.w3.org/1999/xlink"
                           resourceRelationType="creatorOf"
                           xlink:href="FRAN_IR_052318"
                           xlink:type="simple">
            <relationEntry localType="archival">Images des répertoires du notaire Pierre Laideguive pour l'étude LXV</relationEntry>
         </resourceRelation>
         <resourceRelation xmlns:xlink="http://www.w3.org/1999/xlink"
                           resourceRelationType="creatorOf"
                           xlink:href="FRAN_IR_052319"
                           xlink:type="simple">
            <relationEntry localType="archival">Images du répertoire du notaire Antoine Pierre Laideguive pour l'étude LXV</relationEntry>
         </resourceRelation>
         <resourceRelation xmlns:xlink="http://www.w3.org/1999/xlink"
                           resourceRelationType="creatorOf"
                           xlink:href="FRAN_IR_052329"
                           xlink:type="simple">
            <relationEntry localType="archival">Images des répertoires du notaire Louis Théodore Bertrand pour l'étude LXV</relationEntry>
         </resourceRelation>
         <resourceRelation xmlns:xlink="http://www.w3.org/1999/xlink"
                           resourceRelationType="creatorOf"
                           xlink:href="FRAN_IR_052320"
                           xlink:type="simple">
            <relationEntry localType="archival">Images du répertoire du notaire Balthazar d'Orléans pour l'étude LXV</relationEntry>
         </resourceRelation>
         <resourceRelation xmlns:xlink="http://www.w3.org/1999/xlink"
                           resourceRelationType="creatorOf"
                           xlink:href="FRAN_IR_042478"
                           xlink:type="simple">
            <relationEntry localType="archival">Minutes et répertoires du notaire Antoine BECHET, 9 janvier 1641 - 17 octobre 1642 (étude LXV)</relationEntry>
         </resourceRelation>
         <resourceRelation xmlns:xlink="http://www.w3.org/1999/xlink"
                           resourceRelationType="creatorOf"
                           xlink:href="FRAN_IR_052304"
                           xlink:type="simple">
            <relationEntry localType="archival">Images du répertoire du notaire Edme Torinon pour l'étude LXV</relationEntry>
         </resourceRelation>
         <resourceRelation xmlns:xlink="http://www.w3.org/1999/xlink"
                           resourceRelationType="creatorOf"
                           xlink:href="FRAN_IR_052316"
                           xlink:type="simple">
            <relationEntry localType="archival">Images du répertoire du notaire Nicolas Michel Le Roux pour l'étude LXV</relationEntry>
         </resourceRelation>
         <resourceRelation xmlns:xlink="http://www.w3.org/1999/xlink"
                           resourceRelationType="creatorOf"
                           xlink:href="FRAN_IR_052317"
                           xlink:type="simple">
            <relationEntry localType="archival">Images des répertoires du notaire Edme Auguste Le Doux pour l'étude LXV</relationEntry>
         </resourceRelation>
         <resourceRelation xmlns:xlink="http://www.w3.org/1999/xlink"
                           resourceRelationType="creatorOf"
                           xlink:href="FRAN_IR_052312"
                           xlink:type="simple">
            <relationEntry localType="archival">Images des répertoires du notaire Claude Nicolas Ballet pour l'étude LXV</relationEntry>
         </resourceRelation>
         <resourceRelation xmlns:xlink="http://www.w3.org/1999/xlink"
                           resourceRelationType="creatorOf"
                           xlink:href="FRAN_IR_052303"
                           xlink:type="simple">
            <relationEntry localType="archival">Images des répertoires du notaire Jean-Baptiste Sené pour l'étude LXV</relationEntry>
         </resourceRelation>
         <resourceRelation xmlns:xlink="http://www.w3.org/1999/xlink"
                           resourceRelationType="creatorOf"
                           xlink:href="FRAN_IR_052315"
                           xlink:type="simple">
            <relationEntry localType="archival">Images des répertoires du notaire Jacques Lazare Jean-Fabien pour l'étude LXV</relationEntry>
         </resourceRelation>
         <resourceRelation xmlns:xlink="http://www.w3.org/1999/xlink"
                           resourceRelationType="creatorOf"
                           xlink:href="FRAN_IR_052313"
                           xlink:type="simple">
            <relationEntry localType="archival">Images des répertoires du notaire François Adolphe Dupuy pour l'étude LXV</relationEntry>
         </resourceRelation>
         <resourceRelation xmlns:xlink="http://www.w3.org/1999/xlink"
                           resourceRelationType="creatorOf"
                           xlink:href="FRAN_IR_055874"
                           xlink:type="simple">
            <relationEntry localType="archival">Images des répertoires du notaire Pierre Charles Froger-Deschesnes pour l'étude LXV</relationEntry>
         </resourceRelation>
         <resourceRelation xmlns:xlink="http://www.w3.org/1999/xlink"
                           resourceRelationType="creatorOf"
                           xlink:href="FRAN_IR_042485"
                           xlink:type="simple">
            <relationEntry localType="archival">Minutes et répertoires du notaire Claude Nicolas BALLET, 5 septembre 1780 - 3 septembre 1807 (étude LXV)</relationEntry>
         </resourceRelation>
         <resourceRelation xmlns:xlink="http://www.w3.org/1999/xlink"
                           resourceRelationType="creatorOf"
                           xlink:href="FRAN_IR_042487"
                           xlink:type="simple">
            <relationEntry localType="archival">Minutes et répertoires du notaire Claude Nicolas BALLET, janvier 1790 - 22 septembre 1800 (étude LXV)</relationEntry>
         </resourceRelation>
      </relations>
   </cpfDescription>
</eac-cpf>
