<eac-cpf xmlns="urn:isbn:1-931666-33-4"
         xmlns:xsi="http://www.w3.org/2001/XMLSchema-instance"
         xsi:schemaLocation="urn:isbn:1-931666-33-4 cpf.xsd">
   <control>
      <recordId>FRAN_NP_010136</recordId>
      <otherRecordId localType="Ancien_identifiant">FRDAFANCH00MC_NAETUDE_009</otherRecordId>
      <maintenanceStatus>derived</maintenanceStatus>
      <maintenanceAgency>
         <agencyName>Archives nationales de France</agencyName>
      </maintenanceAgency>
      <languageDeclaration>
         <language languageCode="fre">Français</language>
         <script scriptCode="Latn"/>
      </languageDeclaration>
      <conventionDeclaration>
         <citation>Notice établie conformément à la norme ICA-ISAAR (CPF) 2004, aux normes ISO 8601 pour le système de normalisation des dates utilisé, ainsi que AFNOR NF Z 44-061, juin 1986. Catalogage : forme et structure des vedettes noms de personne, des vedettes titres, des rubriques de classement et des titres forgés.</citation>
      </conventionDeclaration>
      <localControl localType="niveau_de_detail">
         <term>Moyenne</term>
      </localControl>
      <maintenanceHistory>
         <maintenanceEvent>
            <eventType>derived</eventType>
            <eventDateTime>2015-09-30</eventDateTime>
            <agentType>machine</agentType>
            <agent>Migration ETANOT</agent>
         </maintenanceEvent>
      </maintenanceHistory>
   </control>
   <cpfDescription>
      <identity>
         <entityType>corporateBody</entityType>
         <nameEntry localType="autorisée" scriptCode="Latn" xml:lang="fre">
            <part>Etude IX</part>
         </nameEntry>
         <nameEntry>
            <part>75071</part>
         </nameEntry>
      </identity>
      <description>
         <existDates>
            <dateRange>
               <fromDate standardDate="1521-01-01">1521</fromDate>
            </dateRange>
         </existDates>
         <places>
            <place>
               <placeRole>Lieu de Paris</placeRole>
               <placeEntry localType="nomLieu">5, rue de Téhéran 75008 PARIS</placeEntry>
            </place>
         </places>
         <functions>
            <function>
               <term vocabularySource="d3nyui3o8w--11y7jgy8q3wnt">notaire à paris</term>
               <dateRange>
                  <fromDate standardDate="1521-01-01">1521</fromDate>
                  <toDate/>
               </dateRange>
            </function>
         </functions>
         <biogHist>
            <p>Les minutes du XVIème siècle conservées dans cette étude émanent de deux fonds dont les notaires instrumentent d'une part à la porte Baudoyer, d'autre part dans la partie nord de la rue Saint-Denis. Claude HUART, premier notaire de cette étude (1609-1631), s'établit rue Saint-Denis, au coin de la rue du Grenier-Saint-Ladre. Ses successeurs jusqu'en 1781 demeurent dans la rue Saint-Denis puis dans son prolongement rue des Arcis. L'étude se transporte alors dans le quartier Saint-Eustache : rue Saint-Honoré, rue Coquillière, rue des Bons-Enfants. En 1848, elle s'installe rue Le Pelletier et en 1874, rue Taitbout.</p>
         </biogHist>
      </description>
      <relations>
         <cpfRelation xmlns:xlink="http://www.w3.org/1999/xlink"
                      cpfRelationType="associative"
                      xlink:href="FRAN_NP_011660"
                      xlink:type="simple">
            <relationEntry>Jacquelin, Louis</relationEntry>
            <dateRange>
               <fromDate standardDate="1549-01-01">1549</fromDate>
               <toDate standardDate="1571-12-31">1571</toDate>
            </dateRange>
         </cpfRelation>
         <cpfRelation xmlns:xlink="http://www.w3.org/1999/xlink"
                      cpfRelationType="associative"
                      xlink:href="FRAN_NP_010811"
                      xlink:type="simple">
            <relationEntry>Nolleval, Louis-Lucien</relationEntry>
            <dateRange>
               <fromDate standardDate="1827-06-12">12 juin 1827</fromDate>
               <toDate standardDate="1833-09-25">25 septembre 1833</toDate>
            </dateRange>
         </cpfRelation>
         <cpfRelation xmlns:xlink="http://www.w3.org/1999/xlink"
                      cpfRelationType="associative"
                      xlink:href="FRAN_NP_010995"
                      xlink:type="simple">
            <relationEntry>Pourcel, Claude</relationEntry>
            <dateRange>
               <fromDate standardDate="1591-03-08">8 mars 1591</fromDate>
               <toDate standardDate="1611-12-31">1611</toDate>
            </dateRange>
         </cpfRelation>
         <cpfRelation xmlns:xlink="http://www.w3.org/1999/xlink"
                      cpfRelationType="associative"
                      xlink:href="FRAN_NP_010350"
                      xlink:type="simple">
            <relationEntry>Vaupré, Louis-Alexandre-François de</relationEntry>
            <dateRange>
               <fromDate standardDate="1781-05-22">22 mai 1781</fromDate>
               <toDate standardDate="1781-10-31">31 octobre 1781</toDate>
            </dateRange>
         </cpfRelation>
         <cpfRelation xmlns:xlink="http://www.w3.org/1999/xlink"
                      cpfRelationType="associative"
                      xlink:href="FRAN_NP_011375"
                      xlink:type="simple">
            <relationEntry>Laverne, Albert Eugène</relationEntry>
            <dateRange>
               <fromDate standardDate="1900-02-22">22 février 1900</fromDate>
               <toDate standardDate="1938-09-07">7 septembre 1938</toDate>
            </dateRange>
         </cpfRelation>
         <cpfRelation xmlns:xlink="http://www.w3.org/1999/xlink"
                      cpfRelationType="associative"
                      xlink:href="FRAN_NP_011348"
                      xlink:type="simple">
            <relationEntry>Langloix, François</relationEntry>
            <dateRange>
               <fromDate standardDate="1740-01-02">2 janvier 1740</fromDate>
               <toDate standardDate="1748-03-30">30 mars 1748</toDate>
            </dateRange>
         </cpfRelation>
         <cpfRelation xmlns:xlink="http://www.w3.org/1999/xlink"
                      cpfRelationType="associative"
                      xlink:href="FRAN_NP_011164"
                      xlink:type="simple">
            <relationEntry>Meunier, Jean-François</relationEntry>
            <dateRange>
               <fromDate standardDate="1999-01-06">6 janvier 1999</fromDate>
               <toDate standardDate="2002-11-30">30 novembre 2002</toDate>
            </dateRange>
         </cpfRelation>
         <cpfRelation xmlns:xlink="http://www.w3.org/1999/xlink"
                      cpfRelationType="associative"
                      xlink:href="FRAN_NP_013212"
                      xlink:type="simple">
            <relationEntry>Seguin, François</relationEntry>
            <dateRange>
               <fromDate standardDate="2002-12-04">4 décembre 2002</fromDate>
            </dateRange>
         </cpfRelation>
         <cpfRelation xmlns:xlink="http://www.w3.org/1999/xlink"
                      cpfRelationType="associative"
                      xlink:href="FRAN_NP_010415"
                      xlink:type="simple">
            <relationEntry>Texier, Christian</relationEntry>
            <dateRange>
               <fromDate standardDate="1972-06-14">14 juin 1972</fromDate>
               <toDate standardDate="2001-11-10">10 novembre 2001</toDate>
            </dateRange>
         </cpfRelation>
         <cpfRelation xmlns:xlink="http://www.w3.org/1999/xlink"
                      cpfRelationType="associative"
                      xlink:href="FRAN_NP_011937"
                      xlink:type="simple">
            <relationEntry>Goguier, Philippe</relationEntry>
            <dateRange>
               <fromDate standardDate="1608-01-01">1608</fromDate>
               <toDate standardDate="1610-12-31">1610</toDate>
            </dateRange>
         </cpfRelation>
         <cpfRelation xmlns:xlink="http://www.w3.org/1999/xlink"
                      cpfRelationType="associative"
                      xlink:href="FRAN_NP_010398"
                      xlink:type="simple">
            <relationEntry>Tabouret, Martin</relationEntry>
            <dateRange>
               <fromDate standardDate="1631-11-10">10 novembre 1631</fromDate>
               <toDate standardDate="1635-01-12">12 janvier 1635</toDate>
            </dateRange>
         </cpfRelation>
         <cpfRelation xmlns:xlink="http://www.w3.org/1999/xlink"
                      cpfRelationType="associative"
                      xlink:href="FRAN_NP_012773"
                      xlink:type="simple">
            <relationEntry>Bardout, Edmond</relationEntry>
            <dateRange>
               <fromDate standardDate="1863-07-29">29 juillet 1863</fromDate>
               <toDate standardDate="1871-02-02">2 février 1871</toDate>
            </dateRange>
         </cpfRelation>
         <cpfRelation xmlns:xlink="http://www.w3.org/1999/xlink"
                      cpfRelationType="associative"
                      xlink:href="FRAN_NP_011871"
                      xlink:type="simple">
            <relationEntry>Gaultier, Olivier</relationEntry>
            <dateRange>
               <fromDate standardDate="1635-01-23">23 janvier 1635</fromDate>
               <toDate standardDate="1649-04-14">14 avril 1649</toDate>
            </dateRange>
         </cpfRelation>
         <cpfRelation xmlns:xlink="http://www.w3.org/1999/xlink"
                      cpfRelationType="associative"
                      xlink:href="FRAN_NP_012881"
                      xlink:type="simple">
            <relationEntry>Bertrand, Jean</relationEntry>
            <dateRange>
               <fromDate standardDate="1804-10-25">25 octobre 1804</fromDate>
               <toDate standardDate="1827-06-12">12 juin 1827</toDate>
            </dateRange>
         </cpfRelation>
         <cpfRelation xmlns:xlink="http://www.w3.org/1999/xlink"
                      cpfRelationType="associative"
                      xlink:href="FRAN_NP_011795"
                      xlink:type="simple">
            <relationEntry>Huart, Claude</relationEntry>
            <dateRange>
               <fromDate standardDate="1609-05-22">22 mai 1609</fromDate>
               <toDate standardDate="1631-11-09">9 novembre 1631</toDate>
            </dateRange>
         </cpfRelation>
         <cpfRelation xmlns:xlink="http://www.w3.org/1999/xlink"
                      cpfRelationType="associative"
                      xlink:href="FRAN_NP_012060"
                      xlink:type="simple">
            <relationEntry>Filesac, Jacques</relationEntry>
            <dateRange>
               <fromDate standardDate="1543-12-10">10 décembre 1543</fromDate>
               <toDate standardDate="1589-11-24">24 novembre 1589</toDate>
            </dateRange>
         </cpfRelation>
         <cpfRelation xmlns:xlink="http://www.w3.org/1999/xlink"
                      cpfRelationType="associative"
                      xlink:href="FRAN_NP_013170"
                      xlink:type="simple">
            <relationEntry>Auvray, Michel</relationEntry>
            <dateRange>
               <fromDate standardDate="1667-09-19">19 septembre 1667</fromDate>
               <toDate standardDate="1687-12-04">4 décembre 1687</toDate>
            </dateRange>
         </cpfRelation>
         <cpfRelation xmlns:xlink="http://www.w3.org/1999/xlink"
                      cpfRelationType="associative"
                      xlink:href="FRAN_NP_011350"
                      xlink:type="simple">
            <relationEntry>Langloix, Simon François (1685-1739)</relationEntry>
            <dateRange>
               <fromDate standardDate="1712-04-28">28 avril 1712</fromDate>
               <toDate standardDate="1739-12-15">15 décembre 1739</toDate>
            </dateRange>
         </cpfRelation>
         <cpfRelation xmlns:xlink="http://www.w3.org/1999/xlink"
                      cpfRelationType="associative"
                      xlink:href="FRAN_NP_013195"
                      xlink:type="simple">
            <relationEntry>Kerneis, Gildas</relationEntry>
            <dateRange>
               <fromDate standardDate="2002-12-04">4 décembre 2002</fromDate>
            </dateRange>
         </cpfRelation>
         <cpfRelation xmlns:xlink="http://www.w3.org/1999/xlink"
                      cpfRelationType="associative"
                      xlink:href="FRAN_NP_013169"
                      xlink:type="simple">
            <relationEntry>Auvray, Louis</relationEntry>
            <dateRange>
               <fromDate standardDate="1687-12-09">9 décembre 1687</fromDate>
               <toDate standardDate="1712-04-25">25 avril 1712</toDate>
            </dateRange>
         </cpfRelation>
         <cpfRelation xmlns:xlink="http://www.w3.org/1999/xlink"
                      cpfRelationType="associative"
                      xlink:href="FRAN_NP_012059"
                      xlink:type="simple">
            <relationEntry>Filesac, Claude</relationEntry>
            <dateRange>
               <fromDate standardDate="1589-11-24">24 novembre 1589</fromDate>
               <toDate standardDate="1611-10-04">4 octobre 1611</toDate>
            </dateRange>
         </cpfRelation>
         <cpfRelation xmlns:xlink="http://www.w3.org/1999/xlink"
                      cpfRelationType="associative"
                      xlink:href="FRAN_NP_011767"
                      xlink:type="simple">
            <relationEntry>Herbin, François I</relationEntry>
            <dateRange>
               <fromDate standardDate="1587-01-01">1er janvier 1587</fromDate>
               <toDate standardDate="1587-12-31">31 décembre 1587</toDate>
            </dateRange>
         </cpfRelation>
         <cpfRelation xmlns:xlink="http://www.w3.org/1999/xlink"
                      cpfRelationType="associative"
                      xlink:href="FRAN_NP_011862"
                      xlink:type="simple">
            <relationEntry>Gaudicher, Jean</relationEntry>
            <dateRange>
               <fromDate standardDate="1562-04-09">9 avril 1562</fromDate>
               <toDate standardDate="1572-12-19">19 décembre 1572</toDate>
            </dateRange>
         </cpfRelation>
         <cpfRelation xmlns:xlink="http://www.w3.org/1999/xlink"
                      cpfRelationType="associative"
                      xlink:href="FRAN_NP_013374"
                      xlink:type="simple">
            <relationEntry>Hodicq, Gilbert de</relationEntry>
            <dateRange>
               <fromDate standardDate="1521-10-22">22 octobre 1521</fromDate>
               <toDate standardDate="1549-05-15">15 mai 1549</toDate>
            </dateRange>
         </cpfRelation>
         <cpfRelation xmlns:xlink="http://www.w3.org/1999/xlink"
                      cpfRelationType="associative"
                      xlink:href="FRAN_NP_010394"
                      xlink:type="simple">
            <relationEntry>Vivien, Jean-Baptiste</relationEntry>
            <dateRange>
               <fromDate standardDate="1748-04-04">4 avril 1748</fromDate>
               <toDate standardDate="1781-05-21">21 mai 1781</toDate>
            </dateRange>
         </cpfRelation>
         <cpfRelation xmlns:xlink="http://www.w3.org/1999/xlink"
                      cpfRelationType="associative"
                      xlink:href="FRAN_NP_010480"
                      xlink:type="simple">
            <relationEntry>Traversier, Adrien</relationEntry>
            <dateRange>
               <fromDate standardDate="1611-10-04">4 octobre 1611</fromDate>
               <toDate standardDate="1612-07-31">31 juillet 1612</toDate>
            </dateRange>
         </cpfRelation>
         <cpfRelation xmlns:xlink="http://www.w3.org/1999/xlink"
                      cpfRelationType="associative"
                      xlink:href="FRAN_NP_011028"
                      xlink:type="simple">
            <relationEntry>Puthomme, Jean</relationEntry>
            <dateRange>
               <fromDate standardDate="1572-12-01">1er décembre 1572</fromDate>
               <toDate standardDate="1587-12-31">1587</toDate>
            </dateRange>
         </cpfRelation>
         <cpfRelation xmlns:xlink="http://www.w3.org/1999/xlink"
                      cpfRelationType="associative"
                      xlink:href="FRAN_NP_010424"
                      xlink:type="simple">
            <relationEntry>Thevenin, Jean</relationEntry>
            <dateRange>
               <fromDate standardDate="1606-01-01">1606</fromDate>
               <toDate standardDate="1608-12-31">1608</toDate>
            </dateRange>
         </cpfRelation>
         <cpfRelation xmlns:xlink="http://www.w3.org/1999/xlink"
                      cpfRelationType="associative"
                      xlink:href="FRAN_NP_010583"
                      xlink:type="simple">
            <relationEntry>Silly, Abraham</relationEntry>
            <dateRange>
               <fromDate standardDate="1781-11-06">6 novembre 1781</fromDate>
               <toDate standardDate="1804-10-25">25 octobre 1804</toDate>
            </dateRange>
         </cpfRelation>
         <cpfRelation xmlns:xlink="http://www.w3.org/1999/xlink"
                      cpfRelationType="associative"
                      xlink:href="FRAN_NP_013540"
                      xlink:type="simple">
            <relationEntry>Mourgue-Molines, Édouard</relationEntry>
            <dateRange>
               <fromDate standardDate="2010-02-10">10 février 2010</fromDate>
            </dateRange>
         </cpfRelation>
         <cpfRelation xmlns:xlink="http://www.w3.org/1999/xlink"
                      cpfRelationType="associative"
                      xlink:href="FRAN_NP_011333"
                      xlink:type="simple">
            <relationEntry>La morlière, Claude de</relationEntry>
            <dateRange>
               <fromDate standardDate="1572-12-20">20 décembre 1572</fromDate>
               <toDate standardDate="1609-05-31">mai 1609</toDate>
            </dateRange>
         </cpfRelation>
         <cpfRelation xmlns:xlink="http://www.w3.org/1999/xlink"
                      cpfRelationType="associative"
                      xlink:href="FRAN_NP_011376"
                      xlink:type="simple">
            <relationEntry>Laverne, Antoine Albert</relationEntry>
            <dateRange>
               <fromDate standardDate="1871-02-02">2 février 1871</fromDate>
               <toDate standardDate="1900-02-22">22 février 1900</toDate>
            </dateRange>
         </cpfRelation>
         <cpfRelation xmlns:xlink="http://www.w3.org/1999/xlink"
                      cpfRelationType="associative"
                      xlink:href="FRAN_NP_011377"
                      xlink:type="simple">
            <relationEntry>Laverne, Christophe Jacques François</relationEntry>
            <dateRange>
               <fromDate standardDate="1938-09-07">7 septembre 1938</fromDate>
               <toDate standardDate="1972-06-14">14 juin 1972</toDate>
            </dateRange>
         </cpfRelation>
         <cpfRelation xmlns:xlink="http://www.w3.org/1999/xlink"
                      cpfRelationType="associative"
                      xlink:href="FRAN_NP_010342"
                      xlink:type="simple">
            <relationEntry>Vassetz, Pierre</relationEntry>
            <dateRange>
               <fromDate standardDate="1649-08-21">21 août 1649</fromDate>
               <toDate standardDate="1667-07-16">16 juillet 1667</toDate>
            </dateRange>
         </cpfRelation>
         <cpfRelation xmlns:xlink="http://www.w3.org/1999/xlink"
                      cpfRelationType="associative"
                      xlink:href="FRAN_NP_011510"
                      xlink:type="simple">
            <relationEntry>Lejeune, Hippolyte</relationEntry>
            <dateRange>
               <fromDate standardDate="1833-09-25">25 septembre 1833</fromDate>
               <toDate standardDate="1863-07-29">29 juillet 1863</toDate>
            </dateRange>
         </cpfRelation>
         <cpfRelation xmlns:xlink="http://www.w3.org/1999/xlink"
                      cpfRelationType="associative"
                      xlink:href="FRAN_NP_012156"
                      xlink:type="simple">
            <relationEntry>Dufour, Thierry</relationEntry>
            <dateRange>
               <fromDate standardDate="1982-01-27">27 janvier 1982</fromDate>
               <toDate standardDate="1999-01-06">6 janvier 1999</toDate>
            </dateRange>
         </cpfRelation>
         <cpfRelation xmlns:xlink="http://www.w3.org/1999/xlink"
                      cpfRelationType="associative"
                      xlink:href="FRAN_NP_011612"
                      xlink:type="simple">
            <relationEntry>Lieury, Jean-Pierre</relationEntry>
            <dateRange>
               <fromDate standardDate="1972-06-14">14 juin 1972</fromDate>
               <toDate standardDate="2007-09-07">7 septembre 2007</toDate>
            </dateRange>
         </cpfRelation>
         <resourceRelation xmlns:xlink="http://www.w3.org/1999/xlink"
                           resourceRelationType="creatorOf"
                           xlink:href="FRAN_IR_041321"
                           xlink:type="simple">
            <relationEntry localType="archival">Minutes et répertoires du notaire Jacques FILESAC, 19 décembre 1543 - 24 novembre 1589 (étude IX)</relationEntry>
         </resourceRelation>
         <resourceRelation xmlns:xlink="http://www.w3.org/1999/xlink"
                           resourceRelationType="creatorOf"
                           xlink:href="FRAN_IR_041326"
                           xlink:type="simple">
            <relationEntry localType="archival">Minutes et répertoires du notaire Claude FILESAC, 18 novembre 1589 - 4 octobre 1611 (étude IX)</relationEntry>
         </resourceRelation>
         <resourceRelation xmlns:xlink="http://www.w3.org/1999/xlink"
                           resourceRelationType="creatorOf"
                           xlink:href="FRAN_IR_041328"
                           xlink:type="simple">
            <relationEntry localType="archival">Minutes et répertoires du notaire Adrien TRAVERSIER, 9 novembre 1611 - 2 juillet 1612 (étude IX)</relationEntry>
         </resourceRelation>
         <resourceRelation xmlns:xlink="http://www.w3.org/1999/xlink"
                           resourceRelationType="creatorOf"
                           xlink:href="FRAN_IR_041322"
                           xlink:type="simple">
            <relationEntry localType="archival">Minutes et répertoires du notaire Louis JACQUELIN, novembre 1549 - 1571 (étude IX)</relationEntry>
         </resourceRelation>
         <resourceRelation xmlns:xlink="http://www.w3.org/1999/xlink"
                           resourceRelationType="creatorOf"
                           xlink:href="FRAN_IR_041324"
                           xlink:type="simple">
            <relationEntry localType="archival">Minutes et répertoires du notaire Jean PUTHOMME, 1572 - 12 novembre 1592 (étude IX)</relationEntry>
         </resourceRelation>
         <resourceRelation xmlns:xlink="http://www.w3.org/1999/xlink"
                           resourceRelationType="creatorOf"
                           xlink:href="FRAN_IR_041323"
                           xlink:type="simple">
            <relationEntry localType="archival">Minutes et répertoires du notaire Jean GAUDICHER, mai 1565 - 12 septembre 1567 (étude IX)</relationEntry>
         </resourceRelation>
         <resourceRelation xmlns:xlink="http://www.w3.org/1999/xlink"
                           resourceRelationType="creatorOf"
                           xlink:href="FRAN_IR_041325"
                           xlink:type="simple">
            <relationEntry localType="archival">Minutes et répertoires du notaire Claude de LA MORLIÈRE, 1573 - 20 mai 1609 (étude IX)</relationEntry>
         </resourceRelation>
         <resourceRelation xmlns:xlink="http://www.w3.org/1999/xlink"
                           resourceRelationType="creatorOf"
                           xlink:href="FRAN_IR_041327"
                           xlink:type="simple">
            <relationEntry localType="archival">Minutes et répertoires du notaire Claude HUART, 22 mai 1609 - 22 août 1631 (étude IX)</relationEntry>
         </resourceRelation>
         <resourceRelation xmlns:xlink="http://www.w3.org/1999/xlink"
                           resourceRelationType="creatorOf"
                           xlink:href="FRAN_IR_041330"
                           xlink:type="simple">
            <relationEntry localType="archival">Minutes et répertoires du notaire Martin TABOURET, 10 novembre 1631 - 12 janvier 1635 (étude IX)</relationEntry>
         </resourceRelation>
         <resourceRelation xmlns:xlink="http://www.w3.org/1999/xlink"
                           resourceRelationType="creatorOf"
                           xlink:href="FRAN_IR_041329"
                           xlink:type="simple">
            <relationEntry localType="archival">Minutes et répertoires du notaire Pierre VASSETZ, 21 août 1649 - 7 juillet 1667 (étude IX)</relationEntry>
         </resourceRelation>
         <resourceRelation xmlns:xlink="http://www.w3.org/1999/xlink"
                           resourceRelationType="creatorOf"
                           xlink:href="FRAN_IR_041332"
                           xlink:type="simple">
            <relationEntry localType="archival">Minutes et répertoires du notaire Michel AUVRAY, 21 septembre 1667 - 4 décembre 1687 (étude IX)</relationEntry>
         </resourceRelation>
         <resourceRelation xmlns:xlink="http://www.w3.org/1999/xlink"
                           resourceRelationType="creatorOf"
                           xlink:href="FRAN_IR_041333"
                           xlink:type="simple">
            <relationEntry localType="archival">Minutes et répertoires du notaire Louis AUVRAY, 9 décembre 1687 - 25 avril 1712 (étude IX)</relationEntry>
         </resourceRelation>
         <resourceRelation xmlns:xlink="http://www.w3.org/1999/xlink"
                           resourceRelationType="creatorOf"
                           xlink:href="FRAN_IR_041334"
                           xlink:type="simple">
            <relationEntry localType="archival">Minutes et répertoires du notaire Simon François LANGLOIX, 27 avril 1712 - décembre 1739 (étude IX)</relationEntry>
         </resourceRelation>
         <resourceRelation xmlns:xlink="http://www.w3.org/1999/xlink"
                           resourceRelationType="creatorOf"
                           xlink:href="FRAN_IR_041331"
                           xlink:type="simple">
            <relationEntry localType="archival">Minutes et répertoires du notaire Olivier GAULTIER, 23 janvier 1635 - 30 mai 1649 (étude IX)</relationEntry>
         </resourceRelation>
         <resourceRelation xmlns:xlink="http://www.w3.org/1999/xlink"
                           resourceRelationType="creatorOf"
                           xlink:href="FRAN_IR_041335"
                           xlink:type="simple">
            <relationEntry localType="archival">Minutes et répertoires du notaire François LANGLOIX, 2 janvier 1740 - 30 mars 1748 (étude IX)</relationEntry>
         </resourceRelation>
         <resourceRelation xmlns:xlink="http://www.w3.org/1999/xlink"
                           resourceRelationType="creatorOf"
                           xlink:href="FRAN_IR_041336"
                           xlink:type="simple">
            <relationEntry localType="archival">Minutes et répertoires du notaire Jean-Baptiste VIVIEN, 4 avril 1748 - 17 mai 1781 (étude IX)</relationEntry>
         </resourceRelation>
         <resourceRelation xmlns:xlink="http://www.w3.org/1999/xlink"
                           resourceRelationType="creatorOf"
                           xlink:href="FRAN_IR_041337"
                           xlink:type="simple">
            <relationEntry localType="archival">Minutes et répertoires du notaire Louis Alexandre François de VAUPRÉ, 22 mai 1781-31 octobre 1781 (étude IX)</relationEntry>
         </resourceRelation>
         <resourceRelation xmlns:xlink="http://www.w3.org/1999/xlink"
                           resourceRelationType="creatorOf"
                           xlink:href="FRAN_IR_041338"
                           xlink:type="simple">
            <relationEntry localType="archival">Minutes et répertoires du notaire Abraham SILLY, 6 novembre 1781 - 25 octobre 1804 (étude IX)</relationEntry>
         </resourceRelation>
         <resourceRelation xmlns:xlink="http://www.w3.org/1999/xlink"
                           resourceRelationType="creatorOf"
                           xlink:href="FRAN_IR_041339"
                           xlink:type="simple">
            <relationEntry localType="archival">Minutes et répertoires du notaire Jean BERTRAND, 25 octobre 1804 - 11 juin 1827 (étude IX)</relationEntry>
         </resourceRelation>
         <resourceRelation xmlns:xlink="http://www.w3.org/1999/xlink"
                           resourceRelationType="creatorOf"
                           xlink:href="FRAN_IR_041340"
                           xlink:type="simple">
            <relationEntry localType="archival">Minutes et répertoires du notaire Louis Lucien NOLLEVAL, 12 juin 1827 - 25 septembre 1833 (étude IX)</relationEntry>
         </resourceRelation>
         <resourceRelation xmlns:xlink="http://www.w3.org/1999/xlink"
                           resourceRelationType="creatorOf"
                           xlink:href="FRAN_IR_041341"
                           xlink:type="simple">
            <relationEntry localType="archival">Minutes et répertoires du notaire Hippolyte LEJEUNE, 26 septembre 1833 - 29 juillet 1863 (étude IX)</relationEntry>
         </resourceRelation>
         <resourceRelation xmlns:xlink="http://www.w3.org/1999/xlink"
                           resourceRelationType="creatorOf"
                           xlink:href="FRAN_IR_041342"
                           xlink:type="simple">
            <relationEntry localType="archival">Minutes et répertoires du notaire Edmond BARDOUT, 30 juillet 1863 - 24 janvier 1871 (étude IX)</relationEntry>
         </resourceRelation>
         <resourceRelation xmlns:xlink="http://www.w3.org/1999/xlink"
                           resourceRelationType="creatorOf"
                           xlink:href="FRAN_IR_041343"
                           xlink:type="simple">
            <relationEntry localType="archival">Minutes et répertoires du notaire Antoine Albert LAVERNE, 4 février 1871 - 22 février 1900 (étude IX)</relationEntry>
         </resourceRelation>
         <resourceRelation xmlns:xlink="http://www.w3.org/1999/xlink"
                           resourceRelationType="creatorOf"
                           xlink:href="FRAN_IR_041320"
                           xlink:type="simple">
            <relationEntry localType="archival">Archives de l'étude IX</relationEntry>
         </resourceRelation>
         <resourceRelation xmlns:xlink="http://www.w3.org/1999/xlink"
                           resourceRelationType="creatorOf"
                           xlink:href="FRAN_IR_041344"
                           xlink:type="simple">
            <relationEntry localType="archival">Minutes et répertoires du notaire Albert Eugène LAVERNE, 22 février 1900 - juillet 1910 (étude IX)</relationEntry>
         </resourceRelation>
         <resourceRelation xmlns:xlink="http://www.w3.org/1999/xlink"
                           resourceRelationType="creatorOf"
                           xlink:href="FRAN_IR_050296"
                           xlink:type="simple">
            <relationEntry localType="archival">«Mélanges» (dossiers de clients) de l’étude IX. MC/ET/IX/891-MC/ET/IX/894/B (1781-1805)</relationEntry>
         </resourceRelation>
         <resourceRelation xmlns:xlink="http://www.w3.org/1999/xlink"
                           resourceRelationType="creatorOf"
                           xlink:href="FRAN_IR_056653"
                           xlink:type="simple">
            <relationEntry localType="archival">Images des répertoires du notaire Jacques Filesac pour l'étude IX</relationEntry>
         </resourceRelation>
         <resourceRelation xmlns:xlink="http://www.w3.org/1999/xlink"
                           resourceRelationType="creatorOf"
                           xlink:href="FRAN_IR_056656"
                           xlink:type="simple">
            <relationEntry localType="archival">Images des répertoires du notaire Claude Filesac pour l'étude IX</relationEntry>
         </resourceRelation>
         <resourceRelation xmlns:xlink="http://www.w3.org/1999/xlink"
                           resourceRelationType="creatorOf"
                           xlink:href="FRAN_IR_056658"
                           xlink:type="simple">
            <relationEntry localType="archival">Images des répertoires du notaire Louis Jacquelin pour l'étude IX</relationEntry>
         </resourceRelation>
         <resourceRelation xmlns:xlink="http://www.w3.org/1999/xlink"
                           resourceRelationType="creatorOf"
                           xlink:href="FRAN_IR_056659"
                           xlink:type="simple">
            <relationEntry localType="archival">Images des répertoires du notaire Claude de La Morlière pour l'étude IX</relationEntry>
         </resourceRelation>
         <resourceRelation xmlns:xlink="http://www.w3.org/1999/xlink"
                           resourceRelationType="creatorOf"
                           xlink:href="FRAN_IR_056660"
                           xlink:type="simple">
            <relationEntry localType="archival">Images des répertoires du notaire Claude Huart pour l'étude IX</relationEntry>
         </resourceRelation>
         <resourceRelation xmlns:xlink="http://www.w3.org/1999/xlink"
                           resourceRelationType="creatorOf"
                           xlink:href="FRAN_IR_056661"
                           xlink:type="simple">
            <relationEntry localType="archival">Images du répertoire du notaire Martin Tabouret pour l'étude IX</relationEntry>
         </resourceRelation>
         <resourceRelation xmlns:xlink="http://www.w3.org/1999/xlink"
                           resourceRelationType="creatorOf"
                           xlink:href="FRAN_IR_056662"
                           xlink:type="simple">
            <relationEntry localType="archival">Images du répertoire du notaire Olivier Gaultier pour l'étude IX</relationEntry>
         </resourceRelation>
         <resourceRelation xmlns:xlink="http://www.w3.org/1999/xlink"
                           resourceRelationType="creatorOf"
                           xlink:href="FRAN_IR_056663"
                           xlink:type="simple">
            <relationEntry localType="archival">Images des répertoires du notaire Pierre Vassetz pour l'étude IX</relationEntry>
         </resourceRelation>
         <resourceRelation xmlns:xlink="http://www.w3.org/1999/xlink"
                           resourceRelationType="creatorOf"
                           xlink:href="FRAN_IR_056664"
                           xlink:type="simple">
            <relationEntry localType="archival">Images du répertoire du notaire Michel Auvray pour l'étude IX</relationEntry>
         </resourceRelation>
         <resourceRelation xmlns:xlink="http://www.w3.org/1999/xlink"
                           resourceRelationType="creatorOf"
                           xlink:href="FRAN_IR_056665"
                           xlink:type="simple">
            <relationEntry localType="archival">Images du répertoire du notaire Louis Auvray pour l'étude IX</relationEntry>
         </resourceRelation>
         <resourceRelation xmlns:xlink="http://www.w3.org/1999/xlink"
                           resourceRelationType="creatorOf"
                           xlink:href="FRAN_IR_056666"
                           xlink:type="simple">
            <relationEntry localType="archival">Images des répertoires du notaire Simon François Langloix pour l'étude IX</relationEntry>
         </resourceRelation>
         <resourceRelation xmlns:xlink="http://www.w3.org/1999/xlink"
                           resourceRelationType="creatorOf"
                           xlink:href="FRAN_IR_056667"
                           xlink:type="simple">
            <relationEntry localType="archival">Images du répertoire du notaire François Langloix pour l'étude IX</relationEntry>
         </resourceRelation>
         <resourceRelation xmlns:xlink="http://www.w3.org/1999/xlink"
                           resourceRelationType="creatorOf"
                           xlink:href="FRAN_IR_056668"
                           xlink:type="simple">
            <relationEntry localType="archival">Images des répertoires du notaire Jean-Baptiste Vivien pour l'étude IX</relationEntry>
         </resourceRelation>
         <resourceRelation xmlns:xlink="http://www.w3.org/1999/xlink"
                           resourceRelationType="creatorOf"
                           xlink:href="FRAN_IR_056669"
                           xlink:type="simple">
            <relationEntry localType="archival">Images du répertoire du notaire Louis Alexandre François de Vaupré pour l'étude IX</relationEntry>
         </resourceRelation>
         <resourceRelation xmlns:xlink="http://www.w3.org/1999/xlink"
                           resourceRelationType="creatorOf"
                           xlink:href="FRAN_IR_056673"
                           xlink:type="simple">
            <relationEntry localType="archival">Images des répertoires du notaire Abraham Silly pour l'étude IX</relationEntry>
         </resourceRelation>
         <resourceRelation xmlns:xlink="http://www.w3.org/1999/xlink"
                           resourceRelationType="creatorOf"
                           xlink:href="FRAN_IR_056675"
                           xlink:type="simple">
            <relationEntry localType="archival">Images des répertoires du notaire Jean Bertrand pour l'étude IX</relationEntry>
         </resourceRelation>
         <resourceRelation xmlns:xlink="http://www.w3.org/1999/xlink"
                           resourceRelationType="creatorOf"
                           xlink:href="FRAN_IR_056677"
                           xlink:type="simple">
            <relationEntry localType="archival">Images des répertoires du notaire Louis Lucien Nolleval pour l'étude IX</relationEntry>
         </resourceRelation>
         <resourceRelation xmlns:xlink="http://www.w3.org/1999/xlink"
                           resourceRelationType="creatorOf"
                           xlink:href="FRAN_IR_056678"
                           xlink:type="simple">
            <relationEntry localType="archival">Images des répertoires du notaire Hippolyte Lejeune pour l'étude IX</relationEntry>
         </resourceRelation>
         <resourceRelation xmlns:xlink="http://www.w3.org/1999/xlink"
                           resourceRelationType="creatorOf"
                           xlink:href="FRAN_IR_056682"
                           xlink:type="simple">
            <relationEntry localType="archival">Images des répertoires du notaire Edmond Bardout pour l'étude IX</relationEntry>
         </resourceRelation>
         <resourceRelation xmlns:xlink="http://www.w3.org/1999/xlink"
                           resourceRelationType="creatorOf"
                           xlink:href="FRAN_IR_056684"
                           xlink:type="simple">
            <relationEntry localType="archival">Images des répertoires du notaire Antoine Albert Laverne pour l'étude IX</relationEntry>
         </resourceRelation>
         <resourceRelation xmlns:xlink="http://www.w3.org/1999/xlink"
                           resourceRelationType="creatorOf"
                           xlink:href="FRAN_IR_056687"
                           xlink:type="simple">
            <relationEntry localType="archival">Images des répertoires du notaire Albert Eugène Laverne pour l'étude IX</relationEntry>
         </resourceRelation>
      </relations>
   </cpfDescription>
</eac-cpf>
