<eac-cpf xmlns="urn:isbn:1-931666-33-4"
         xmlns:xsi="http://www.w3.org/2001/XMLSchema-instance"
         xsi:schemaLocation="urn:isbn:1-931666-33-4 cpf.xsd">
   <control>
      <recordId>FRAN_NP_010210</recordId>
      <otherRecordId localType="Ancien_identifiant">FRDAFANCH00MC_NAETUDE_083</otherRecordId>
      <maintenanceStatus>derived</maintenanceStatus>
      <maintenanceAgency>
         <agencyName>Archives nationales de France</agencyName>
      </maintenanceAgency>
      <languageDeclaration>
         <language languageCode="fre">Français</language>
         <script scriptCode="Latn"/>
      </languageDeclaration>
      <conventionDeclaration>
         <citation>Notice établie conformément à la norme ICA-ISAAR (CPF) 2004, aux normes ISO 8601 pour le système de normalisation des dates utilisé, ainsi que AFNOR NF Z 44-061, juin 1986. Catalogage : forme et structure des vedettes noms de personne, des vedettes titres, des rubriques de classement et des titres forgés.</citation>
      </conventionDeclaration>
      <localControl localType="niveau_de_detail">
         <term>Moyenne</term>
      </localControl>
      <maintenanceHistory>
         <maintenanceEvent>
            <eventType>derived</eventType>
            <eventDateTime>2015-09-30</eventDateTime>
            <agentType>machine</agentType>
            <agent>Migration ETANOT</agent>
         </maintenanceEvent>
      </maintenanceHistory>
   </control>
   <cpfDescription>
      <identity>
         <entityType>corporateBody</entityType>
         <nameEntry localType="autorisée" scriptCode="Latn" xml:lang="fre">
            <part>Etude LXXXIII</part>
         </nameEntry>
         <nameEntry>
            <part>75064</part>
         </nameEntry>
      </identity>
      <description>
         <existDates>
            <dateRange>
               <fromDate standardDate="1622-01-01">1622</fromDate>
            </dateRange>
         </existDates>
         <places>
            <place>
               <placeRole>Lieu de Paris</placeRole>
               <placeEntry localType="nomLieu">38, avenue Hoche 75008 PARIS</placeEntry>
            </place>
         </places>
         <functions>
            <function>
               <term vocabularySource="d3nyui3o8w--11y7jgy8q3wnt">notaire à paris</term>
               <dateRange>
                  <fromDate standardDate="1622-01-01">1622</fromDate>
                  <toDate/>
               </dateRange>
            </function>
         </functions>
         <biogHist>
            <p>De 1622 à 1780, cette étude est installée rue Saint-Honoré, près de la barrière aux Sergents. Me René Lambot l'installe alors rue du Mail. En 1819, l'étude s'installe place des Petits-Pères.</p>
         </biogHist>
      </description>
      <relations>
         <cpfRelation xmlns:xlink="http://www.w3.org/1999/xlink"
                      cpfRelationType="associative"
                      xlink:href="FRAN_NP_010327"
                      xlink:type="simple">
            <relationEntry>Vallée, Ernest Simon Marie</relationEntry>
            <dateRange>
               <fromDate standardDate="1850-05-16">16 mai 1850</fromDate>
               <toDate standardDate="1856-04-09">9 avril 1856</toDate>
            </dateRange>
         </cpfRelation>
         <cpfRelation xmlns:xlink="http://www.w3.org/1999/xlink"
                      cpfRelationType="associative"
                      xlink:href="FRAN_NP_010874"
                      xlink:type="simple">
            <relationEntry>Pere, Albert</relationEntry>
            <dateRange>
               <fromDate standardDate="1894-03-21">21 mars 1894</fromDate>
               <toDate standardDate="1932-12-08">8 décembre 1932</toDate>
            </dateRange>
         </cpfRelation>
         <cpfRelation xmlns:xlink="http://www.w3.org/1999/xlink"
                      cpfRelationType="associative"
                      xlink:href="FRAN_NP_011373"
                      xlink:type="simple">
            <relationEntry>Lauverdy, Louis</relationEntry>
            <dateRange>
               <fromDate standardDate="1681-04-26">26 avril 1681</fromDate>
               <toDate standardDate="1689-10-28">28 octobre 1689</toDate>
            </dateRange>
         </cpfRelation>
         <cpfRelation xmlns:xlink="http://www.w3.org/1999/xlink"
                      cpfRelationType="associative"
                      xlink:href="FRAN_NP_013548"
                      xlink:type="simple">
            <relationEntry>Guerin-Tournier, Sophie</relationEntry>
            <dateRange>
               <fromDate standardDate="2012-04-02">2 avril 2012</fromDate>
            </dateRange>
         </cpfRelation>
         <cpfRelation xmlns:xlink="http://www.w3.org/1999/xlink"
                      cpfRelationType="associative"
                      xlink:href="FRAN_NP_013551"
                      xlink:type="simple">
            <relationEntry>Zerbib, Delphine</relationEntry>
            <dateRange>
               <fromDate standardDate="2012-04-02">2 avril 2012</fromDate>
            </dateRange>
         </cpfRelation>
         <cpfRelation xmlns:xlink="http://www.w3.org/1999/xlink"
                      cpfRelationType="associative"
                      xlink:href="FRAN_NP_013550"
                      xlink:type="simple">
            <relationEntry>Gouranton, Anne</relationEntry>
            <dateRange>
               <fromDate standardDate="2012-04-02">2 avril 2012</fromDate>
            </dateRange>
         </cpfRelation>
         <cpfRelation xmlns:xlink="http://www.w3.org/1999/xlink"
                      cpfRelationType="associative"
                      xlink:href="FRAN_NP_010591"
                      xlink:type="simple">
            <relationEntry>Sirot, Stéphanie</relationEntry>
            <dateRange>
               <fromDate standardDate="2001-08-09">9 août 2001</fromDate>
            </dateRange>
         </cpfRelation>
         <cpfRelation xmlns:xlink="http://www.w3.org/1999/xlink"
                      cpfRelationType="associative"
                      xlink:href="FRAN_NP_012654"
                      xlink:type="simple">
            <relationEntry>Camet, Claude</relationEntry>
            <dateRange>
               <fromDate standardDate="1689-12-28">28 décembre 1689</fromDate>
               <toDate standardDate="1693-03-15">15 mars 1693</toDate>
            </dateRange>
         </cpfRelation>
         <cpfRelation xmlns:xlink="http://www.w3.org/1999/xlink"
                      cpfRelationType="associative"
                      xlink:href="FRAN_NP_012656"
                      xlink:type="simple">
            <relationEntry>Carré, Amable-Ferdinand</relationEntry>
            <dateRange>
               <fromDate standardDate="1856-04-09">9 avril 1856</fromDate>
               <toDate standardDate="1894-03-21">21 mars 1894</toDate>
            </dateRange>
         </cpfRelation>
         <cpfRelation xmlns:xlink="http://www.w3.org/1999/xlink"
                      cpfRelationType="associative"
                      xlink:href="FRAN_NP_010772"
                      xlink:type="simple">
            <relationEntry>Ogier, François II</relationEntry>
            <dateRange>
               <fromDate standardDate="1632-05-14">14 mai 1632</fromDate>
               <toDate standardDate="1681-01-25">25 janvier 1681</toDate>
            </dateRange>
         </cpfRelation>
         <cpfRelation xmlns:xlink="http://www.w3.org/1999/xlink"
                      cpfRelationType="associative"
                      xlink:href="FRAN_NP_011867"
                      xlink:type="simple">
            <relationEntry>Gaullier, Robert Marie Roger</relationEntry>
            <dateRange>
               <fromDate standardDate="1955-08-17">17 août 1955</fromDate>
               <toDate standardDate="1991-11-27">27 novembre 1991</toDate>
            </dateRange>
         </cpfRelation>
         <cpfRelation xmlns:xlink="http://www.w3.org/1999/xlink"
                      cpfRelationType="associative"
                      xlink:href="FRAN_NP_010795"
                      xlink:type="simple">
            <relationEntry>Nenert, Jean Louis</relationEntry>
            <dateRange>
               <fromDate standardDate="1979-10-03">3 octobre 1979</fromDate>
            </dateRange>
         </cpfRelation>
         <cpfRelation xmlns:xlink="http://www.w3.org/1999/xlink"
                      cpfRelationType="associative"
                      xlink:href="FRAN_NP_010627"
                      xlink:type="simple">
            <relationEntry>Réberat, Jean</relationEntry>
            <dateRange>
               <fromDate standardDate="2001-08-09">9 août 2001</fromDate>
               <toDate standardDate="2005-03-11">11 mars 2005</toDate>
            </dateRange>
         </cpfRelation>
         <cpfRelation xmlns:xlink="http://www.w3.org/1999/xlink"
                      cpfRelationType="associative"
                      xlink:href="FRAN_NP_012077"
                      xlink:type="simple">
            <relationEntry>Forqueray, Jean-Baptiste</relationEntry>
            <dateRange>
               <fromDate standardDate="1819-03-17">17 mars 1819</fromDate>
               <toDate standardDate="1832-04-25">25 avril 1832</toDate>
            </dateRange>
         </cpfRelation>
         <cpfRelation xmlns:xlink="http://www.w3.org/1999/xlink"
                      cpfRelationType="associative"
                      xlink:href="FRAN_NP_012932"
                      xlink:type="simple">
            <relationEntry>Bocquet, Louis-Denis</relationEntry>
            <dateRange>
               <fromDate standardDate="1799-01-12">12 janvier 1799</fromDate>
               <toDate standardDate="1819-03-17">17 mars 1819</toDate>
            </dateRange>
         </cpfRelation>
         <cpfRelation xmlns:xlink="http://www.w3.org/1999/xlink"
                      cpfRelationType="associative"
                      xlink:href="FRAN_NP_011717"
                      xlink:type="simple">
            <relationEntry>Jullien, Paul Félix</relationEntry>
            <dateRange>
               <fromDate standardDate="1932-12-08">8 décembre 1932</fromDate>
               <toDate standardDate="1955-08-17">17 août 1955</toDate>
            </dateRange>
         </cpfRelation>
         <cpfRelation xmlns:xlink="http://www.w3.org/1999/xlink"
                      cpfRelationType="associative"
                      xlink:href="FRAN_NP_010794"
                      xlink:type="simple">
            <relationEntry>Nenert, Jean Christophe</relationEntry>
            <dateRange>
               <fromDate standardDate="1991-11-27">27 novembre 1991</fromDate>
            </dateRange>
         </cpfRelation>
         <cpfRelation xmlns:xlink="http://www.w3.org/1999/xlink"
                      cpfRelationType="associative"
                      xlink:href="FRAN_NP_010720"
                      xlink:type="simple">
            <relationEntry>Roque, Marie-Jean</relationEntry>
            <dateRange>
               <fromDate standardDate="2007-01-11">11 janvier 2007</fromDate>
            </dateRange>
         </cpfRelation>
         <cpfRelation xmlns:xlink="http://www.w3.org/1999/xlink"
                      cpfRelationType="associative"
                      xlink:href="FRAN_NP_011885"
                      xlink:type="simple">
            <relationEntry>Gervais, Louis</relationEntry>
            <dateRange>
               <fromDate standardDate="1730-06-22">22 juin 1730</fromDate>
               <toDate standardDate="1762-07-23">23 juillet 1762</toDate>
            </dateRange>
         </cpfRelation>
         <cpfRelation xmlns:xlink="http://www.w3.org/1999/xlink"
                      cpfRelationType="associative"
                      xlink:href="FRAN_NP_010771"
                      xlink:type="simple">
            <relationEntry>Ogier, François I</relationEntry>
            <dateRange>
               <fromDate standardDate="1622-02-22">22 février 1622</fromDate>
               <toDate standardDate="1631-12-31">31 décembre 1631</toDate>
            </dateRange>
         </cpfRelation>
         <cpfRelation xmlns:xlink="http://www.w3.org/1999/xlink"
                      cpfRelationType="associative"
                      xlink:href="FRAN_NP_012655"
                      xlink:type="simple">
            <relationEntry>Capet, Nicolas</relationEntry>
            <dateRange>
               <fromDate standardDate="1713-04-12">12 avril 1713</fromDate>
               <toDate standardDate="1730-05-14">14 mai 1730</toDate>
            </dateRange>
         </cpfRelation>
         <cpfRelation xmlns:xlink="http://www.w3.org/1999/xlink"
                      cpfRelationType="associative"
                      xlink:href="FRAN_NP_011206"
                      xlink:type="simple">
            <relationEntry>Montagne, Patrick</relationEntry>
            <dateRange>
               <fromDate standardDate="1991-11-27">27 novembre 1991</fromDate>
            </dateRange>
         </cpfRelation>
         <cpfRelation xmlns:xlink="http://www.w3.org/1999/xlink"
                      cpfRelationType="associative"
                      xlink:href="FRAN_NP_010504"
                      xlink:type="simple">
            <relationEntry>Truffet, Eric</relationEntry>
            <dateRange>
               <fromDate standardDate="1998-09-02">2 septembre 1998</fromDate>
               <toDate standardDate="2000-12-08">8 décembre 2000</toDate>
            </dateRange>
         </cpfRelation>
         <cpfRelation xmlns:xlink="http://www.w3.org/1999/xlink"
                      cpfRelationType="associative"
                      xlink:href="FRAN_NP_013552"
                      xlink:type="simple">
            <relationEntry>Bernard, Christine</relationEntry>
            <dateRange>
               <fromDate standardDate="2012-04-02">2 avril 2012</fromDate>
            </dateRange>
         </cpfRelation>
         <cpfRelation xmlns:xlink="http://www.w3.org/1999/xlink"
                      cpfRelationType="associative"
                      xlink:href="FRAN_NP_013549"
                      xlink:type="simple">
            <relationEntry>Nenert, Aurore</relationEntry>
            <dateRange>
               <fromDate standardDate="2012-04-02">2 avril 2012</fromDate>
            </dateRange>
         </cpfRelation>
         <cpfRelation xmlns:xlink="http://www.w3.org/1999/xlink"
                      cpfRelationType="associative"
                      xlink:href="FRAN_NP_011331"
                      xlink:type="simple">
            <relationEntry>Lambot, René</relationEntry>
            <dateRange>
               <fromDate standardDate="1762-07-24">24 juillet 1762</fromDate>
               <toDate standardDate="1799-01-12">12 janvier 1799</toDate>
            </dateRange>
         </cpfRelation>
         <cpfRelation xmlns:xlink="http://www.w3.org/1999/xlink"
                      cpfRelationType="associative"
                      xlink:href="FRAN_NP_011504"
                      xlink:type="simple">
            <relationEntry>Legrand, Robert-François</relationEntry>
            <dateRange>
               <fromDate standardDate="1693-03-17">17 mars 1693</fromDate>
               <toDate standardDate="1713-04-10">10 avril 1713</toDate>
            </dateRange>
         </cpfRelation>
         <cpfRelation xmlns:xlink="http://www.w3.org/1999/xlink"
                      cpfRelationType="associative"
                      xlink:href="FRAN_NP_011657"
                      xlink:type="simple">
            <relationEntry>Kroell, Antoine</relationEntry>
            <dateRange>
               <fromDate standardDate="1996-07-25">25 juillet 1996</fromDate>
            </dateRange>
         </cpfRelation>
         <cpfRelation xmlns:xlink="http://www.w3.org/1999/xlink"
                      cpfRelationType="associative"
                      xlink:href="FRAN_NP_012340"
                      xlink:type="simple">
            <relationEntry>Dessaignes, François Philibert</relationEntry>
            <dateRange>
               <fromDate standardDate="1832-04-25">25 avril 1832</fromDate>
               <toDate standardDate="1850-05-16">16 mai 1850</toDate>
            </dateRange>
         </cpfRelation>
         <resourceRelation xmlns:xlink="http://www.w3.org/1999/xlink"
                           resourceRelationType="subjectOf"
                           xlink:href="FRAN_IR_042785"
                           xlink:type="simple">
            <relationEntry localType="archival">Minutes et répertoires du notaire Nicolas CAPET, 12 avril 1713 - 14 mai 1730 (étude LXXXIII)</relationEntry>
         </resourceRelation>
         <resourceRelation xmlns:xlink="http://www.w3.org/1999/xlink"
                           resourceRelationType="subjectOf"
                           xlink:href="FRAN_IR_042788"
                           xlink:type="simple">
            <relationEntry localType="archival">Minutes et répertoires du notaire Louis Denis BOCQUET, 12 janvier 1799 - 16 mars 1819 (étude LXXXIII)</relationEntry>
         </resourceRelation>
         <resourceRelation xmlns:xlink="http://www.w3.org/1999/xlink"
                           resourceRelationType="subjectOf"
                           xlink:href="FRAN_IR_042792"
                           xlink:type="simple">
            <relationEntry localType="archival">Minutes et répertoires du notaire Amable Ferdinand CARRÉ, 9 avril 1856 - 21 mars 1894 (étude LXXXIII)</relationEntry>
         </resourceRelation>
         <resourceRelation xmlns:xlink="http://www.w3.org/1999/xlink"
                           resourceRelationType="subjectOf"
                           xlink:href="FRAN_IR_042791"
                           xlink:type="simple">
            <relationEntry localType="archival">Minutes et répertoires du notaire François Philibert DESSAIGNES, 25 avril 1832 - 16 mai 1850 (étude LXXXIII)</relationEntry>
         </resourceRelation>
         <resourceRelation xmlns:xlink="http://www.w3.org/1999/xlink"
                           resourceRelationType="subjectOf"
                           xlink:href="FRAN_IR_042793"
                           xlink:type="simple">
            <relationEntry localType="archival">Minutes et répertoires du notaire Ernest Simon Marie VALLÉE, 16 mai 1850 - 9 avril 1856 (étude LXXXIII)</relationEntry>
         </resourceRelation>
         <resourceRelation xmlns:xlink="http://www.w3.org/1999/xlink"
                           resourceRelationType="subjectOf"
                           xlink:href="FRAN_IR_042794"
                           xlink:type="simple">
            <relationEntry localType="archival">Minutes et répertoires du notaire Albert PERE, 21 mars 1894 - 21 mai 1894 (étude LXXXIII)</relationEntry>
         </resourceRelation>
         <resourceRelation xmlns:xlink="http://www.w3.org/1999/xlink"
                           resourceRelationType="subjectOf"
                           xlink:href="FRAN_IR_042789"
                           xlink:type="simple">
            <relationEntry localType="archival">Minutes et répertoires du notaire Jean-Baptiste FORQUERAY, 17 mars 1819 - 25 avril 1832 (étude LXXXIII)</relationEntry>
         </resourceRelation>
         <resourceRelation xmlns:xlink="http://www.w3.org/1999/xlink"
                           resourceRelationType="creatorOf"
                           xlink:href="FRAN_IR_053977"
                           xlink:type="simple">
            <relationEntry localType="archival">«Mélanges» (dossiers de clients) de l’étude LXXXIII. MC/ET/LXXXIII/770-MC/ET/LXXXIII/772 (1534-1834)</relationEntry>
         </resourceRelation>
         <resourceRelation xmlns:xlink="http://www.w3.org/1999/xlink"
                           resourceRelationType="creatorOf"
                           xlink:href="FRAN_IR_042787"
                           xlink:type="simple">
            <relationEntry localType="archival">Minutes et répertoires du notaire René LAMBOT, 24 juillet 1762 - 12 janvier 1799 (étude LXXXIII)</relationEntry>
         </resourceRelation>
         <resourceRelation xmlns:xlink="http://www.w3.org/1999/xlink"
                           resourceRelationType="creatorOf"
                           xlink:href="FRAN_IR_042786"
                           xlink:type="simple">
            <relationEntry localType="archival">Minutes et répertoires du notaire Louis GERVAIS, 22 juin 1730 - 23 juillet 1762 (étude LXXXIII)</relationEntry>
         </resourceRelation>
         <resourceRelation xmlns:xlink="http://www.w3.org/1999/xlink"
                           resourceRelationType="creatorOf"
                           xlink:href="FRAN_IR_042781"
                           xlink:type="simple">
            <relationEntry localType="archival">Minutes et répertoires du notaire François I OGIER, 22 février 1622 - 31 décembre 1631 (étude LXXXIII)</relationEntry>
         </resourceRelation>
         <resourceRelation xmlns:xlink="http://www.w3.org/1999/xlink"
                           resourceRelationType="creatorOf"
                           xlink:href="FRAN_IR_042780"
                           xlink:type="simple">
            <relationEntry localType="archival">Minutes et répertoires du notaire François II OGIER, 14 mai 1632 - 25 janvier 1681 (étude LXXXIII)</relationEntry>
         </resourceRelation>
         <resourceRelation xmlns:xlink="http://www.w3.org/1999/xlink"
                           resourceRelationType="creatorOf"
                           xlink:href="FRAN_IR_042782"
                           xlink:type="simple">
            <relationEntry localType="archival">Minutes et répertoires du notaire Claude CAMET, 28 décembre 1689 - 15 mars 1693 (étude LXXXIII)</relationEntry>
         </resourceRelation>
         <resourceRelation xmlns:xlink="http://www.w3.org/1999/xlink"
                           resourceRelationType="creatorOf"
                           xlink:href="FRAN_IR_055728"
                           xlink:type="simple">
            <relationEntry localType="archival">Images des répertoires du notaire François I Ogier pour l'étude LXXXIII</relationEntry>
         </resourceRelation>
         <resourceRelation xmlns:xlink="http://www.w3.org/1999/xlink"
                           resourceRelationType="creatorOf"
                           xlink:href="FRAN_IR_055729"
                           xlink:type="simple">
            <relationEntry localType="archival">Images des répertoires du notaire François II Ogier pour l'étude LXXXIII</relationEntry>
         </resourceRelation>
         <resourceRelation xmlns:xlink="http://www.w3.org/1999/xlink"
                           resourceRelationType="creatorOf"
                           xlink:href="FRAN_IR_055730"
                           xlink:type="simple">
            <relationEntry localType="archival">Images des répertoires du notaire René Lambot pour l'étude LXXXIII</relationEntry>
         </resourceRelation>
         <resourceRelation xmlns:xlink="http://www.w3.org/1999/xlink"
                           resourceRelationType="creatorOf"
                           xlink:href="FRAN_IR_055733"
                           xlink:type="simple">
            <relationEntry localType="archival">Images du répertoire du notaire Louis Lauverdy pour l'étude LXXXIII</relationEntry>
         </resourceRelation>
         <resourceRelation xmlns:xlink="http://www.w3.org/1999/xlink"
                           resourceRelationType="creatorOf"
                           xlink:href="FRAN_IR_055734"
                           xlink:type="simple">
            <relationEntry localType="archival">Images des répertoires du notaire Louis Denis Bocquet pour l'étude LXXXIII</relationEntry>
         </resourceRelation>
         <resourceRelation xmlns:xlink="http://www.w3.org/1999/xlink"
                           resourceRelationType="creatorOf"
                           xlink:href="FRAN_IR_055736"
                           xlink:type="simple">
            <relationEntry localType="archival">Images du répertoire du notaire Claude Camet pour l'étude LXXXIII</relationEntry>
         </resourceRelation>
         <resourceRelation xmlns:xlink="http://www.w3.org/1999/xlink"
                           resourceRelationType="creatorOf"
                           xlink:href="FRAN_IR_055737"
                           xlink:type="simple">
            <relationEntry localType="archival">Images du répertoire du notaire Robert François Legrand pour l'étude LXXXIII</relationEntry>
         </resourceRelation>
         <resourceRelation xmlns:xlink="http://www.w3.org/1999/xlink"
                           resourceRelationType="creatorOf"
                           xlink:href="FRAN_IR_055738"
                           xlink:type="simple">
            <relationEntry localType="archival">Images du répertoire du notaire Nicolas Capet pour l'étude LXXXIII</relationEntry>
         </resourceRelation>
         <resourceRelation xmlns:xlink="http://www.w3.org/1999/xlink"
                           resourceRelationType="creatorOf"
                           xlink:href="FRAN_IR_055739"
                           xlink:type="simple">
            <relationEntry localType="archival">Images des répertoires du notaire Amable Ferdinand Carré pour l'étude LXXXIII</relationEntry>
         </resourceRelation>
         <resourceRelation xmlns:xlink="http://www.w3.org/1999/xlink"
                           resourceRelationType="creatorOf"
                           xlink:href="FRAN_IR_055741"
                           xlink:type="simple">
            <relationEntry localType="archival">Images des répertoires du notaire Louis Gervais pour l'étude LXXXIII</relationEntry>
         </resourceRelation>
         <resourceRelation xmlns:xlink="http://www.w3.org/1999/xlink"
                           resourceRelationType="creatorOf"
                           xlink:href="FRAN_IR_055743"
                           xlink:type="simple">
            <relationEntry localType="archival">Images des répertoires du notaire Jean-Baptiste Forqueray pour l'étude LXXXIII</relationEntry>
         </resourceRelation>
         <resourceRelation xmlns:xlink="http://www.w3.org/1999/xlink"
                           resourceRelationType="creatorOf"
                           xlink:href="FRAN_IR_055744"
                           xlink:type="simple">
            <relationEntry localType="archival">Images des répertoires du notaire François Philibert Dessaignes pour l'étude LXXXIII</relationEntry>
         </resourceRelation>
         <resourceRelation xmlns:xlink="http://www.w3.org/1999/xlink"
                           resourceRelationType="creatorOf"
                           xlink:href="FRAN_IR_055745"
                           xlink:type="simple">
            <relationEntry localType="archival">Images du répertoire du notaire Ernest Simon Marie Vallée pour l'étude LXXXIII</relationEntry>
         </resourceRelation>
         <resourceRelation xmlns:xlink="http://www.w3.org/1999/xlink"
                           resourceRelationType="creatorOf"
                           xlink:href="FRAN_IR_055746"
                           xlink:type="simple">
            <relationEntry localType="archival">Images du répertoire du notaire Albert Pere pour l'étude LXXXIII</relationEntry>
         </resourceRelation>
         <resourceRelation xmlns:xlink="http://www.w3.org/1999/xlink"
                           resourceRelationType="creatorOf"
                           xlink:href="FRAN_IR_042779"
                           xlink:type="simple">
            <relationEntry localType="archival">Archives de l'étude LXXXIII</relationEntry>
         </resourceRelation>
         <resourceRelation xmlns:xlink="http://www.w3.org/1999/xlink"
                           resourceRelationType="creatorOf"
                           xlink:href="FRAN_IR_056559"
                           xlink:type="simple">
            <relationEntry localType="archival">Archives de l'office notarial LXXXIII</relationEntry>
         </resourceRelation>
         <resourceRelation xmlns:xlink="http://www.w3.org/1999/xlink"
                           resourceRelationType="creatorOf"
                           xlink:href="FRAN_IR_056544"
                           xlink:type="simple">
            <relationEntry localType="archival">Comptabilité de l'étude LXXXIII (1815-1896)</relationEntry>
         </resourceRelation>
      </relations>
   </cpfDescription>
</eac-cpf>
