<eac-cpf xmlns="urn:isbn:1-931666-33-4"
         xmlns:xsi="http://www.w3.org/2001/XMLSchema-instance"
         xsi:schemaLocation="urn:isbn:1-931666-33-4 cpf.xsd">
   <control>
      <recordId>FRAN_NP_010533</recordId>
      <otherRecordId localType="Ancien_identifiant">FRDAFANCH00MC_NANOTAIRE00246</otherRecordId>
      <maintenanceStatus>derived</maintenanceStatus>
      <maintenanceAgency>
         <agencyName>Archives nationales de France</agencyName>
      </maintenanceAgency>
      <languageDeclaration>
         <language languageCode="fre">Français</language>
         <script scriptCode="Latn"/>
      </languageDeclaration>
      <conventionDeclaration>
         <citation>Notice établie conformément à la norme ICA-ISAAR (CPF) 2004, aux normes ISO 8601 pour le système de normalisation des dates utilisé, ainsi que AFNOR NF Z 44-061, juin 1986. Catalogage : forme et structure des vedettes noms de personne, des vedettes titres, des rubriques de classement et des titres forgés.</citation>
      </conventionDeclaration>
      <localControl localType="niveau_de_detail">
         <term>Moyenne</term>
      </localControl>
      <maintenanceHistory>
         <maintenanceEvent>
            <eventType>derived</eventType>
            <eventDateTime>2013-04-23</eventDateTime>
            <agentType>machine</agentType>
            <agent>Migration ETANOT</agent>
         </maintenanceEvent>
      </maintenanceHistory>
   </control>
   <cpfDescription>
      <identity>
         <entityType>person</entityType>
         <nameEntry localType="autorisée" scriptCode="Latn" xml:lang="fre">
            <part>Saint-Vaast, Charles-François de</part>
         </nameEntry>
      </identity>
      <description>
         <existDates>
            <dateRange>
               <fromDate standardDate="1621-11-18">18 novembre 1621</fromDate>
               <toDate standardDate="1667-02-15">15 février 1667</toDate>
            </dateRange>
            <descriptiveNote>
               <p>Les dates d'existence de la personne ne sont pas connues et sont évaluées d'après les dates d'exercice en tant que notaire</p>
            </descriptiveNote>
         </existDates>
         <places>
            <place>
               <placeRole>Lieu de Paris</placeRole>
               <placeEntry localType="paroisse" vocabularySource="d3nyvpbvqa-1q7k75sdt2gwp">saint-séverin (paroisse)</placeEntry>
               <placeEntry localType="paroisse" vocabularySource="d3nyvpcbgs-1cppi2iacclig">saint-sulpice (paroisse)</placeEntry>
               <placeEntry localType="paroisse" vocabularySource="d3nyvosba5--16qzzcu3058e5">saint-andré-des-arts (paroisse)</placeEntry>
               <placeEntry localType="voie" vocabularySource="d3nzd0ranp--1xongjhkzd5q5">saint-andré-des-arts (rue)</placeEntry>
               <placeEntry localType="nomLieu">rue Saint-André-des-Arts</placeEntry>
            </place>
         </places>
         <functions>
            <function>
               <term vocabularySource="d3nyui3o8w--11y7jgy8q3wnt">notaire à paris</term>
               <dateRange>
                  <fromDate standardDate="1621-11-18">18 novembre 1621</fromDate>
                  <toDate standardDate="1667-02-15">15 février 1667</toDate>
               </dateRange>
            </function>
         </functions>
         <biogHist>
            <p>fils et successeur de Jacques de Saint-Vaast (voir ET/XXVI/64, 7 septembre 1639, Quittance de Charles-François de Saint-Vaast, comme créancier des successions de défunts Jacques de Saint-Vaast et Madeleine Chapellain, sa femme, père et mère dudit Charles-François de Saint-Vaast)</p>
            <p>marié à Louise Desprez (voir ET/CXXII/1622 folio 9, 20 septembre 1631, transport par Charles-François de Saint-Vaast et Louise Desprez, sa femme)</p>
         </biogHist>
      </description>
      <relations>
         <cpfRelation xmlns:xlink="http://www.w3.org/1999/xlink"
                      cpfRelationType="associative"
                      xlink:href="FRAN_NP_010200"
                      xlink:type="simple">
            <relationEntry>Etude notariale LXXIII</relationEntry>
            <dateRange>
               <fromDate standardDate="1621-11-18">18 novembre 1621</fromDate>
               <toDate standardDate="1667-02-15">15 février 1667</toDate>
            </dateRange>
         </cpfRelation>
         <resourceRelation xmlns:xlink="http://www.w3.org/1999/xlink"
                           resourceRelationType="subjectOf"
                           xlink:href="FRAN_IR_042621"
                           xlink:type="simple">
            <relationEntry localType="archival">Minutes et répertoires du notaire Charles François de SAINT-VAAST, 18 novembre 1621 - décembre 1626 (étude LXXIII)</relationEntry>
         </resourceRelation>
         <resourceRelation xmlns:xlink="http://www.w3.org/1999/xlink"
                           resourceRelationType="subjectOf"
                           xlink:href="FRAN_IR_042622"
                           xlink:type="simple">
            <relationEntry localType="archival">Minutes et répertoires du notaire Charles François de SAINT-VAAST, janvier 1627 - décembre 1636 (étude LXXIII)</relationEntry>
         </resourceRelation>
         <resourceRelation xmlns:xlink="http://www.w3.org/1999/xlink"
                           resourceRelationType="subjectOf"
                           xlink:href="FRAN_IR_042619"
                           xlink:type="simple">
            <relationEntry localType="archival">Minutes et répertoires du notaire Charles François de SAINT-VAAST, 18 novembre 1621 - 10 février 1667 (étude LXXIII)</relationEntry>
         </resourceRelation>
         <resourceRelation xmlns:xlink="http://www.w3.org/1999/xlink"
                           resourceRelationType="creatorOf"
                           xlink:href="FRAN_IR_051235"
                           xlink:type="simple">
            <relationEntry localType="archival">Images du répertoire du notaire Charles François de Saint-Vaast pour l'étude LXXIII</relationEntry>
         </resourceRelation>
      </relations>
   </cpfDescription>
</eac-cpf>
