<eac-cpf xmlns="urn:isbn:1-931666-33-4"
         xmlns:xsi="http://www.w3.org/2001/XMLSchema-instance"
         xsi:schemaLocation="urn:isbn:1-931666-33-4 cpf.xsd">
   <control>
      <recordId>FRAN_NP_010507</recordId>
      <otherRecordId localType="Ancien_identifiant">FRDAFANCH00MC_NANOTAIRE00218</otherRecordId>
      <maintenanceStatus>derived</maintenanceStatus>
      <maintenanceAgency>
         <agencyName>Archives nationales de France</agencyName>
      </maintenanceAgency>
      <languageDeclaration>
         <language languageCode="fre">Français</language>
         <script scriptCode="Latn"/>
      </languageDeclaration>
      <conventionDeclaration>
         <citation>Notice établie conformément à la norme ICA-ISAAR (CPF) 2004, aux normes ISO 8601 pour le système de normalisation des dates utilisé, ainsi que AFNOR NF Z 44-061, juin 1986. Catalogage : forme et structure des vedettes noms de personne, des vedettes titres, des rubriques de classement et des titres forgés.</citation>
      </conventionDeclaration>
      <localControl localType="niveau_de_detail">
         <term>Moyenne</term>
      </localControl>
      <maintenanceHistory>
         <maintenanceEvent>
            <eventType>derived</eventType>
            <eventDateTime>2015-09-30</eventDateTime>
            <agentType>machine</agentType>
            <agent>Migration ETANOT</agent>
         </maintenanceEvent>
      </maintenanceHistory>
      <sources>
         <source>
            <descriptiveNote>
               <p>Philippe BERTHOLET, Etudes et notaires parisiens en 1803, au moment de la loi du 25 ventôse an XI (16 mars 1803), Paris, 2004, p. 568-571</p>
            </descriptiveNote>
         </source>
      </sources>
   </control>
   <cpfDescription>
      <identity>
         <entityType>person</entityType>
         <nameEntry localType="autorisée" scriptCode="Latn" xml:lang="fre">
            <part>Trutat, Denis</part>
         </nameEntry>
      </identity>
      <description>
         <existDates>
            <dateRange>
               <fromDate standardDate="1772-11-21">21 novembre 1772</fromDate>
               <toDate standardDate="1810-06-15">15 juin 1810</toDate>
            </dateRange>
            <descriptiveNote>
               <p>Les dates d'existence de la personne ne sont pas connues et sont évaluées d'après les dates d'exercice en tant que notaire</p>
            </descriptiveNote>
         </existDates>
         <places>
            <place>
               <placeRole>Lieu de Paris</placeRole>
               <placeEntry localType="paroisse" vocabularySource="d3nyvpcbgs-1cppi2iacclig">saint-sulpice (paroisse)</placeEntry>
               <placeEntry localType="quartier" vocabularySource="d3nyvgazoq--1c50yrnvnvk9s">luxembourg (quartier)</placeEntry>
               <placeEntry localType="voie" vocabularySource="d3nz9mpz7b--u53aku88xgmu">condé (rue de)</placeEntry>
               <placeEntry localType="voie" vocabularySource="d3nzbvmsa1-1e8w2rpmez3mv">malaquais (quai)</placeEntry>
               <placeEntry localType="nomLieu">14 rue de Condé, vis-à-vis l'hôtel de Condé (de 1772 à 1807), 5 quai Malaquais (de 1808 à 1810)</placeEntry>
            </place>
         </places>
         <functions>
            <function>
               <term vocabularySource="d3nyui3o8w--11y7jgy8q3wnt">notaire à paris</term>
               <dateRange>
                  <fromDate standardDate="1772-11-21">21 novembre 1772</fromDate>
                  <toDate standardDate="1810-06-15">15 juin 1810</toDate>
               </dateRange>
            </function>
         </functions>
         <biogHist>
            <p>Né le 6 novembre 1748 à Paris ; fils du notaire Claude-François Trutat</p>
            <p>marié à Charlotte Boulard, fille d'Henri Boulard notaire de l'étude LXXIII (voir ET/XXX/451, 15 septembre 1776, contrat de mariage)</p>
            <p>de ce mariage est issu un fils, Antoine-Henri Amable, qui lui succède</p>
            <p>considéré comme suspect, il est arrêté le le 8 septembre 1793, puis relaché le 27 thermidor an II (14 août 1794)</p>
            <p>président de la Chambre des notaires en 1809</p>
            <p>décédé le 25 mars 1814</p>
         </biogHist>
      </description>
      <relations>
         <cpfRelation xmlns:xlink="http://www.w3.org/1999/xlink"
                      cpfRelationType="associative"
                      xlink:href="FRAN_NP_010185"
                      xlink:type="simple">
            <relationEntry>Etude notariale LVIII</relationEntry>
            <dateRange>
               <fromDate standardDate="1772-11-21">21 novembre 1772</fromDate>
               <toDate standardDate="1810-06-15">15 juin 1810</toDate>
            </dateRange>
         </cpfRelation>
         <resourceRelation resourceRelationType="other">
            <relationEntry localType="archival">ET/XXX/435, 12 novembre 1772, traité d'office de notaire entre Denis Trutat et les autres héritiers de Claude-François Trutat</relationEntry>
         </resourceRelation>
         <resourceRelation resourceRelationType="other">
            <relationEntry localType="archival">ET/VIII/1402, 23 juillet 1814, notoriété après décès</relationEntry>
         </resourceRelation>
         <resourceRelation xmlns:xlink="http://www.w3.org/1999/xlink"
                           resourceRelationType="creatorOf"
                           xlink:href="FRAN_IR_054265"
                           xlink:type="simple">
            <relationEntry localType="archival">Images des répertoires du notaire Denis Trutat pour l'étude LVIII</relationEntry>
         </resourceRelation>
      </relations>
   </cpfDescription>
</eac-cpf>
