<eac-cpf xmlns="urn:isbn:1-931666-33-4"
         xmlns:xsi="http://www.w3.org/2001/XMLSchema-instance"
         xsi:schemaLocation="urn:isbn:1-931666-33-4 cpf.xsd">
   <control>
      <recordId>FRAN_NP_010360</recordId>
      <otherRecordId localType="Ancien_identifiant">FRDAFANCH00MC_NANOTAIRE00062</otherRecordId>
      <maintenanceStatus>derived</maintenanceStatus>
      <maintenanceAgency>
         <agencyName>Archives nationales de France</agencyName>
      </maintenanceAgency>
      <languageDeclaration>
         <language languageCode="fre">Français</language>
         <script scriptCode="Latn"/>
      </languageDeclaration>
      <conventionDeclaration>
         <citation>Notice établie conformément à la norme ICA-ISAAR (CPF) 2004, aux normes ISO 8601 pour le système de normalisation des dates utilisé, ainsi que AFNOR NF Z 44-061, juin 1986. Catalogage : forme et structure des vedettes noms de personne, des vedettes titres, des rubriques de classement et des titres forgés.</citation>
      </conventionDeclaration>
      <localControl localType="niveau_de_detail">
         <term>Moyenne</term>
      </localControl>
      <maintenanceHistory>
         <maintenanceEvent>
            <eventType>derived</eventType>
            <eventDateTime>2013-04-23</eventDateTime>
            <agentType>machine</agentType>
            <agent>Migration ETANOT</agent>
         </maintenanceEvent>
      </maintenanceHistory>
   </control>
   <cpfDescription>
      <identity>
         <entityType>person</entityType>
         <nameEntry localType="autorisée" scriptCode="Latn" xml:lang="fre">
            <part>Vernois, Benjamin</part>
         </nameEntry>
         <nameEntry>
            <part>Vernois, Benjamin Victor</part>
         </nameEntry>
      </identity>
      <description>
         <existDates>
            <dateRange>
               <fromDate standardDate="1807-04-09">9 avril 1807</fromDate>
               <toDate standardDate="1828-11-28">28 novembre 1828</toDate>
            </dateRange>
            <descriptiveNote>
               <p>Les dates d'existence de la personne ne sont pas connues et sont évaluées d'après les dates d'exercice en tant que notaire</p>
            </descriptiveNote>
         </existDates>
         <places>
            <place>
               <placeRole>Lieu de Paris</placeRole>
               <placeEntry localType="voie" vocabularySource="d3nzbj2hk6--1lctj0jsyrs67">jean-jacques-rousseau (rue)</placeEntry>
               <placeEntry localType="nomLieu">44 rue Vieille-du-Temple (de 1807 à 1809), 18 rue Jean-Jacques Rousseau (de 1809 à 1828)</placeEntry>
            </place>
         </places>
         <functions>
            <function>
               <term vocabularySource="d3nyui3o8w--11y7jgy8q3wnt">notaire à paris</term>
               <dateRange>
                  <fromDate standardDate="1807-04-09">9 avril 1807</fromDate>
                  <toDate standardDate="1828-11-28">28 novembre 1828</toDate>
               </dateRange>
            </function>
         </functions>
         <biogHist>
            <p>Né le 14 juillet 1777 à Lagny (Seine-et-Marne)</p>
            <p>D'abord principal clerc de maître Grelet (étude XXXIII)</p>
         </biogHist>
      </description>
      <relations>
         <cpfRelation xmlns:xlink="http://www.w3.org/1999/xlink"
                      cpfRelationType="associative"
                      xlink:href="FRAN_NP_010130"
                      xlink:type="simple">
            <relationEntry>Etude notariale III</relationEntry>
            <dateRange>
               <fromDate standardDate="1807-04-09">9 avril 1807</fromDate>
               <toDate standardDate="1828-11-28">28 novembre 1828</toDate>
            </dateRange>
         </cpfRelation>
         <resourceRelation resourceRelationType="other">
            <relationEntry localType="archival">BB/10/347, 30 avril 1807, dossier de nomination</relationEntry>
         </resourceRelation>
         <resourceRelation xmlns:xlink="http://www.w3.org/1999/xlink"
                           resourceRelationType="creatorOf"
                           xlink:href="FRAN_IR_041160"
                           xlink:type="simple">
            <relationEntry localType="archival">Minutes et répertoires du notaire Benjamin VERNOIS, 9 avril 1807 - 27 novembre 1828 (étude III)</relationEntry>
         </resourceRelation>
         <resourceRelation xmlns:xlink="http://www.w3.org/1999/xlink"
                           resourceRelationType="creatorOf"
                           xlink:href="FRAN_IR_051731"
                           xlink:type="simple">
            <relationEntry localType="archival">Images des répertoires du notaire Benjamin Vernois pour l'étude III</relationEntry>
         </resourceRelation>
      </relations>
   </cpfDescription>
</eac-cpf>
