<eac-cpf xmlns="urn:isbn:1-931666-33-4"
         xmlns:xsi="http://www.w3.org/2001/XMLSchema-instance"
         xsi:schemaLocation="urn:isbn:1-931666-33-4 cpf.xsd">
   <control>
      <recordId>FRAN_NP_010370</recordId>
      <otherRecordId localType="Ancien_identifiant">FRDAFANCH00MC_NANOTAIRE00072</otherRecordId>
      <maintenanceStatus>derived</maintenanceStatus>
      <maintenanceAgency>
         <agencyName>Archives nationales de France</agencyName>
      </maintenanceAgency>
      <languageDeclaration>
         <language languageCode="fre">Français</language>
         <script scriptCode="Latn"/>
      </languageDeclaration>
      <conventionDeclaration>
         <citation>Notice établie conformément à la norme ICA-ISAAR (CPF) 2004, aux normes ISO 8601 pour le système de normalisation des dates utilisé, ainsi que AFNOR NF Z 44-061, juin 1986. Catalogage : forme et structure des vedettes noms de personne, des vedettes titres, des rubriques de classement et des titres forgés.</citation>
      </conventionDeclaration>
      <localControl localType="niveau_de_detail">
         <term>Moyenne</term>
      </localControl>
      <maintenanceHistory>
         <maintenanceEvent>
            <eventType>derived</eventType>
            <eventDateTime>2013-04-23</eventDateTime>
            <agentType>machine</agentType>
            <agent>Migration ETANOT</agent>
         </maintenanceEvent>
      </maintenanceHistory>
   </control>
   <cpfDescription>
      <identity>
         <entityType>person</entityType>
         <nameEntry localType="autorisée" scriptCode="Latn" xml:lang="fre">
            <part>Viefville, Louis-François</part>
         </nameEntry>
         <nameEntry>
            <part>Viefville, Louis-François Etienne Frédéric</part>
         </nameEntry>
      </identity>
      <description>
         <existDates>
            <dateRange>
               <fromDate standardDate="1834-06-25">25 juin 1834</fromDate>
               <toDate standardDate="1869-08-04">4 août 1869</toDate>
            </dateRange>
            <descriptiveNote>
               <p>Les dates d'existence de la personne ne sont pas connues et sont évaluées d'après les dates d'exercice en tant que notaire</p>
            </descriptiveNote>
         </existDates>
         <places>
            <place>
               <placeRole>Lieu de Paris</placeRole>
               <placeEntry localType="arrondissement_actuel"
                           vocabularySource="d3nyv5m81r-3b9vn0frjmzw">07e arrondissement</placeEntry>
               <placeEntry localType="voie" vocabularySource="d3nzcb64jx--16q7pju61kcs">orléans (quai d')</placeEntry>
               <placeEntry localType="voie" vocabularySource="d3nzdsa815-11mh5vw6z43ej">voltaire (quai)</placeEntry>
               <placeEntry localType="nomLieu">4 quai d'Orléans (de 1834 à 1850) puis 6 (en 1851), 23 quai Voltaire (de 1852 à 1869)</placeEntry>
            </place>
         </places>
         <functions>
            <function>
               <term vocabularySource="d3nyui3o8w--11y7jgy8q3wnt">notaire à paris</term>
               <dateRange>
                  <fromDate standardDate="1834-06-25">25 juin 1834</fromDate>
                  <toDate standardDate="1869-08-04">4 août 1869</toDate>
               </dateRange>
            </function>
         </functions>
         <biogHist>
            <p>Né le 20 brumaire an XII (11 novembre 1803) à Chevresis-le-Monceau (Aisne)</p>
         </biogHist>
      </description>
      <relations>
         <cpfRelation xmlns:xlink="http://www.w3.org/1999/xlink"
                      cpfRelationType="associative"
                      xlink:href="FRAN_NP_010139"
                      xlink:type="simple">
            <relationEntry>Etude notariale XII</relationEntry>
            <dateRange>
               <fromDate standardDate="1834-06-26">26 juin 1834</fromDate>
               <toDate standardDate="1869-08-04">4 août 1869</toDate>
            </dateRange>
         </cpfRelation>
         <resourceRelation resourceRelationType="other">
            <relationEntry localType="archival">BB/10/911, 31 mai 1834, dossier de nomination</relationEntry>
         </resourceRelation>
         <resourceRelation resourceRelationType="other">
            <relationEntry localType="archival">RE/XLVII/20, 10 juin 1848, dépôt d'ordonnance de référé qui commet Me VIEFVILLE, notaire, à l'effet de recevoir les actes de l'étude de Me DORIVAL, notaire ;</relationEntry>
         </resourceRelation>
         <resourceRelation resourceRelationType="other">
            <relationEntry localType="archival">RE/XLVII/20, 9 août 1848, dépôt par Louis HAVE, rue Saint-Victor, n° 120, d'une ordonnance de référé qui commet Me MOREL d'ARLEUX pour recevoir les actes de l'étude de Me DORIVAL en l'absence de Me VIEFVILLE.</relationEntry>
         </resourceRelation>
         <resourceRelation xmlns:xlink="http://www.w3.org/1999/xlink"
                           resourceRelationType="creatorOf"
                           xlink:href="FRAN_IR_041397"
                           xlink:type="simple">
            <relationEntry localType="archival">Minutes et répertoires du notaire Louis François VIEFVILLE, 25 juin 1834 - 3 août 1869 (étude XII)</relationEntry>
         </resourceRelation>
         <resourceRelation xmlns:xlink="http://www.w3.org/1999/xlink"
                           resourceRelationType="creatorOf"
                           xlink:href="FRAN_IR_055322"
                           xlink:type="simple">
            <relationEntry localType="archival">Images des répertoires du notaire Louis François Viefville pour l'étude XII</relationEntry>
         </resourceRelation>
      </relations>
   </cpfDescription>
</eac-cpf>
