<eac-cpf xmlns="urn:isbn:1-931666-33-4"
         xmlns:xsi="http://www.w3.org/2001/XMLSchema-instance"
         xsi:schemaLocation="urn:isbn:1-931666-33-4 cpf.xsd">
   <control>
      <recordId>FRAN_NP_010128</recordId>
      <otherRecordId localType="Ancien_identifiant">FRDAFANCH00MC_NAETUDE_001</otherRecordId>
      <maintenanceStatus>revised</maintenanceStatus>
      <maintenanceAgency>
         <agencyName>Archives nationales de France</agencyName>
      </maintenanceAgency>
      <languageDeclaration>
         <language languageCode="fre">Français</language>
         <script scriptCode="Latn"/>
      </languageDeclaration>
      <conventionDeclaration>
         <citation>Notice établie conformément à la norme ICA-ISAAR (CPF) 2004, aux normes ISO 8601 pour le système de normalisation des dates utilisé, ainsi que AFNOR NF Z 44-061, juin 1986. Catalogage : forme et structure des vedettes noms de personne, des vedettes titres, des rubriques de classement et des titres forgés.</citation>
      </conventionDeclaration>
      <localControl localType="niveau_de_detail">
         <term>Moyenne</term>
      </localControl>
      <maintenanceHistory>
         <maintenanceEvent>
            <eventType>derived</eventType>
            <eventDateTime>2013-04-23</eventDateTime>
            <agentType>machine</agentType>
            <agent>Migration ETANOT</agent>
         </maintenanceEvent>
         <maintenanceEvent>
            <eventType>revised</eventType>
            <eventDateTime>2013-04-30</eventDateTime>
            <agentType>human</agentType>
            <agent>null MEIBO</agent>
         </maintenanceEvent>
         <maintenanceEvent>
            <eventType>revised</eventType>
            <eventDateTime>2015-09-30</eventDateTime>
            <agentType>human</agentType>
            <agent>Marie-Françoise LIMON-BONNET</agent>
            <eventDescription>F. Clavaud, 31 mars 2014 : révision de l'indexation lieux et des liens IR</eventDescription>
         </maintenanceEvent>
      </maintenanceHistory>
      <sources>
         <source>
            <descriptiveNote>
               <p>
                  <span style="bold">Voir : </span>
               </p>
               <p>Limon-Bonnet (M.-F.) [dir.], 
      <span style="italic">122 minutes d'histoire. Actes des notaires de Paris, XVIe-XXe siècle</span>, Paris, 2012, pp. 6-7. 
     </p>
               <p>Poisson (Jean-Paul), " Introduction à l'étude du rôle socio-économique du notariat au XVIIIe siècle : quatre offices parisiens en 1749 études I, XCI, CVII et CVIII", dans 
      <span style="italic">Notaires et société. Travaux d'histoire et de sociologie notariales</span>, t. I, 1985, p. 367. - " Introduction à une étude quantitative des effets socio-économiques du système de Law ; études I, III et XLVIII (1715-1726)", dans 
      <span style="italic">Notaires et société. Travaux d'histoire et de sociologie notariales</span>, t. I, 1985, p. 309. 
     </p>
            </descriptiveNote>
         </source>
      </sources>
   </control>
   <cpfDescription>
      <identity>
         <entityType>corporateBody</entityType>
         <nameEntry localType="autorisée" scriptCode="Latn" xml:lang="fre">
            <part>Etude I</part>
         </nameEntry>
         <nameEntry>
            <part>75083</part>
         </nameEntry>
         <nameEntry>
            <part>MOREL D'ARLEUX Hervé, DU BOYS Thierry et HUREL Antoine, SCP</part>
         </nameEntry>
      </identity>
      <description>
         <existDates>
            <dateRange>
               <fromDate standardDate="1575-01-01">1575</fromDate>
            </dateRange>
         </existDates>
         <places>
            <place>
               <placeRole>Lieu de Paris</placeRole>
               <placeEntry localType="nomLieu">15, rue des Saints-Pères, 75006 PARIS</placeEntry>
               <placeEntry localType="voie" vocabularySource="d3nzd8vx1v-b12cdusisrxb">Saints-Pères (rue des)</placeEntry>
               <placeEntry localType="arrondissement_actuel"
                           vocabularySource="d3nyv8hmbw--1i2tdb4h5dd1p">06e arrondissement</placeEntry>
            </place>
         </places>
         <legalStatuses>
            <legalStatus>
               <term>office notarial</term>
            </legalStatus>
         </legalStatuses>
         <functions>
            <function>
               <term vocabularySource="d3nyui3o8w--11y7jgy8q3wnt">notaire à Paris</term>
               <dateRange>
                  <fromDate standardDate="1575-01-01">1575</fromDate>
                  <toDate/>
               </dateRange>
            </function>
         </functions>
         <mandates>
            <mandate/>
         </mandates>
         <generalContext>
            <p>1er versement : 1939 (1577, mai - 1836, 27 oct.)</p>
            <p>2e versement : [1836, novembre - 1859, déc.]</p>
            <p>3e versement : [1850 - 1900, 28 juin]</p>
         </generalContext>
         <biogHist>
            <p>Située sur la rive gauche depuis 1598, d'abord au carrefour Saint-Michel, à la maison de l'Ecu de Vendôme (1598-1675), l'étude glisse vers l'ouest, rue de Buci (1675-1723), au coin du Petit Marché (1724-1771), puis rue du Four (1771-1851), et enfin rue des Saints Pères. Le premier titulaire de l'étude, Germain Tronson, avait repris la pratique de son beau-frère, Jean Chazerets, établi rive droite, rue Saint-Denis, paroisse Saint-Sauveur.</p>
            <p>Jean Chazerets est le notaire de la communauté des joueurs d'instruments et de leur "roi", Claude de Bouchaudon, à la fin du XVIe siècle. Installé près des paroisses Saint-Sauveur et Saint-Gilles, il dresse les inventaires des ornements et reliques de ces églises. Quant à Tronson et ses successeurs ils ont pour clients beaucoup de parlementaires, et les riches habitants du faubourg Saint-Germain. Dans le courant du XVIIIe siècle, l'étude devient celle des Invalides et, vers le milieu du XIXe siècle, celle de l'Assistance publique. La Compagnie des courtiers de commerce et courtiers d'assurances en est également cliente.</p>
            <p>Le Minutier central conserve les minutes de l'étude I à partir de l'année 1576.</p>
         </biogHist>
      </description>
      <relations>
         <cpfRelation xmlns:xlink="http://www.w3.org/1999/xlink"
                      cpfRelationType="associative"
                      xlink:href="FRAN_NP_012143"
                      xlink:type="simple">
            <relationEntry>Du boys, Thierry</relationEntry>
            <dateRange>
               <fromDate standardDate="1989-10-25">25 octobre 1989</fromDate>
            </dateRange>
         </cpfRelation>
         <cpfRelation xmlns:xlink="http://www.w3.org/1999/xlink"
                      cpfRelationType="associative"
                      xlink:href="FRAN_NP_012290"
                      xlink:type="simple">
            <relationEntry>Desmarquets, Germain</relationEntry>
            <dateRange>
               <fromDate standardDate="1608-01-01">1608</fromDate>
               <toDate standardDate="1612-08-23">23 août 1612</toDate>
            </dateRange>
         </cpfRelation>
         <cpfRelation xmlns:xlink="http://www.w3.org/1999/xlink"
                      cpfRelationType="associative"
                      xlink:href="FRAN_NP_011229"
                      xlink:type="simple">
            <relationEntry>Morel d'arleux, Joseph-Robert</relationEntry>
            <dateRange>
               <fromDate standardDate="1925-06-24">24 juin 1925</fromDate>
               <toDate standardDate="1961-10-04">4 octobre 1961</toDate>
            </dateRange>
         </cpfRelation>
         <cpfRelation xmlns:xlink="http://www.w3.org/1999/xlink"
                      cpfRelationType="associative"
                      xlink:href="FRAN_NP_012453"
                      xlink:type="simple">
            <relationEntry>Cousin, Pierre</relationEntry>
            <dateRange>
               <fromDate standardDate="1798-07-17">17 juillet 1798</fromDate>
               <toDate standardDate="1812-02-22">22 février 1812</toDate>
            </dateRange>
         </cpfRelation>
         <cpfRelation xmlns:xlink="http://www.w3.org/1999/xlink"
                      cpfRelationType="associative"
                      xlink:href="FRAN_NP_011227"
                      xlink:type="simple">
            <relationEntry>Morel d'arleux, Georges</relationEntry>
            <dateRange>
               <fromDate standardDate="1891-08-22">22 août 1891</fromDate>
               <toDate standardDate="1925-06-24">24 juin 1925</toDate>
            </dateRange>
         </cpfRelation>
         <cpfRelation xmlns:xlink="http://www.w3.org/1999/xlink"
                      cpfRelationType="associative"
                      xlink:href="FRAN_NP_011224"
                      xlink:type="simple">
            <relationEntry>Morel d'arleux, Dominique Marie</relationEntry>
            <dateRange>
               <fromDate standardDate="1961-10-04">4 octobre 1961</fromDate>
               <toDate standardDate="1993-02-19">19 février 1993</toDate>
            </dateRange>
         </cpfRelation>
         <cpfRelation xmlns:xlink="http://www.w3.org/1999/xlink"
                      cpfRelationType="associative"
                      xlink:href="FRAN_NP_011957"
                      xlink:type="simple">
            <relationEntry>Grégoire, Etienne</relationEntry>
            <dateRange>
               <fromDate standardDate="1668-03-01">1er mars 1668</fromDate>
               <toDate standardDate="1675-01-07">7 janvier 1675</toDate>
            </dateRange>
         </cpfRelation>
         <cpfRelation xmlns:xlink="http://www.w3.org/1999/xlink"
                      cpfRelationType="associative"
                      xlink:href="FRAN_NP_013347"
                      xlink:type="simple">
            <relationEntry>Huleux, Benoît</relationEntry>
            <dateRange>
               <fromDate standardDate="2007-12-11">11 décembre 2007</fromDate>
            </dateRange>
         </cpfRelation>
         <cpfRelation xmlns:xlink="http://www.w3.org/1999/xlink"
                      cpfRelationType="associative"
                      xlink:href="FRAN_NP_010757"
                      xlink:type="simple">
            <relationEntry>Royer, Claude II</relationEntry>
            <dateRange>
               <fromDate standardDate="1709-04-24">24 avril 1709</fromDate>
               <toDate standardDate="1710-05-26">26 mai 1710</toDate>
            </dateRange>
         </cpfRelation>
         <cpfRelation xmlns:xlink="http://www.w3.org/1999/xlink"
                      cpfRelationType="associative"
                      xlink:href="FRAN_NP_010756"
                      xlink:type="simple">
            <relationEntry>Royer, Claude I</relationEntry>
            <dateRange>
               <fromDate standardDate="1675-01-09">9 janvier 1675</fromDate>
               <toDate standardDate="1709-04-23">23 avril 1709</toDate>
            </dateRange>
         </cpfRelation>
         <cpfRelation xmlns:xlink="http://www.w3.org/1999/xlink"
                      cpfRelationType="associative"
                      xlink:href="FRAN_NP_011741"
                      xlink:type="simple">
            <relationEntry>Harly-Perraud, Léon</relationEntry>
            <dateRange>
               <fromDate standardDate="1866-05-19">19 mai 1866</fromDate>
               <toDate standardDate="1891-08-20">20 août 1891</toDate>
            </dateRange>
         </cpfRelation>
         <cpfRelation xmlns:xlink="http://www.w3.org/1999/xlink"
                      cpfRelationType="associative"
                      xlink:href="FRAN_NP_010767"
                      xlink:type="simple">
            <relationEntry>Quinquet, Antoine</relationEntry>
            <dateRange>
               <fromDate standardDate="1744-10-30">30 octobre 1744</fromDate>
               <toDate standardDate="1761-06-26">26 juin 1761</toDate>
            </dateRange>
         </cpfRelation>
         <cpfRelation xmlns:xlink="http://www.w3.org/1999/xlink"
                      cpfRelationType="associative"
                      xlink:href="FRAN_NP_010487"
                      xlink:type="simple">
            <relationEntry>Tronson, Germain</relationEntry>
            <dateRange>
               <fromDate standardDate="1598-11-17">17 novembre 1598</fromDate>
               <toDate standardDate="1657-12-29">29 décembre 1657</toDate>
            </dateRange>
         </cpfRelation>
         <cpfRelation xmlns:xlink="http://www.w3.org/1999/xlink"
                      cpfRelationType="associative"
                      xlink:href="FRAN_NP_013274"
                      xlink:type="simple">
            <relationEntry>Hurel, Antoine Marie Pierre</relationEntry>
            <dateRange>
               <fromDate standardDate="2006-03-29">29 mars 2006</fromDate>
            </dateRange>
         </cpfRelation>
         <cpfRelation xmlns:xlink="http://www.w3.org/1999/xlink"
                      cpfRelationType="associative"
                      xlink:href="FRAN_NP_011228"
                      xlink:type="simple">
            <relationEntry>Morel d'arleux, Hervé</relationEntry>
            <dateRange>
               <fromDate standardDate="1979-01-03">3 janvier 1979</fromDate>
            </dateRange>
         </cpfRelation>
         <cpfRelation xmlns:xlink="http://www.w3.org/1999/xlink"
                      cpfRelationType="associative"
                      xlink:href="FRAN_NP_013214"
                      xlink:type="simple">
            <relationEntry>Delarue, Amable-Toussaint</relationEntry>
            <dateRange>
               <fromDate standardDate="1761-06-26">26 juin 1761</fromDate>
               <toDate standardDate="1798-07-17">17 juillet 1798</toDate>
            </dateRange>
         </cpfRelation>
         <cpfRelation xmlns:xlink="http://www.w3.org/1999/xlink"
                      cpfRelationType="associative"
                      xlink:href="FRAN_NP_012452"
                      xlink:type="simple">
            <relationEntry>Chazeretz, Jean</relationEntry>
            <dateRange>
               <fromDate standardDate="1575-10-10">10 octobre 1575</fromDate>
               <toDate standardDate="1606-03-21">21 mars 1606</toDate>
            </dateRange>
         </cpfRelation>
         <cpfRelation xmlns:xlink="http://www.w3.org/1999/xlink"
                      cpfRelationType="associative"
                      xlink:href="FRAN_NP_011424"
                      xlink:type="simple">
            <relationEntry>Le prévost, Nicolas-Charles</relationEntry>
            <dateRange>
               <fromDate standardDate="1710-05-27">27 mai 1710</fromDate>
               <toDate standardDate="1744-10-30">30 octobre 1744</toDate>
            </dateRange>
         </cpfRelation>
         <cpfRelation xmlns:xlink="http://www.w3.org/1999/xlink"
                      cpfRelationType="associative"
                      xlink:href="FRAN_NP_012142"
                      xlink:type="simple">
            <relationEntry>Desprez, Auguste</relationEntry>
            <dateRange>
               <fromDate standardDate="1812-04-15">15 avril 1812</fromDate>
               <toDate standardDate="1866-05-18">18 mai 1866</toDate>
            </dateRange>
         </cpfRelation>
         <cpfRelation xmlns:xlink="http://www.w3.org/1999/xlink"
                      cpfRelationType="associative"
                      xlink:href="FRAN_NP_012144"
                      xlink:type="simple">
            <relationEntry>Dumas, Gabriel</relationEntry>
            <dateRange>
               <fromDate standardDate="1657-12-29">29 décembre 1657</fromDate>
               <toDate standardDate="1668-03-01">1er mars 1668</toDate>
            </dateRange>
         </cpfRelation>
         <resourceRelation xmlns:xlink="http://www.w3.org/1999/xlink"
                           resourceRelationType="subjectOf"
                           xlink:href="FRAN_IR_053027"
                           xlink:type="simple">
            <relationEntry localType="archival">Images des répertoire du notaire Gabriel Dumas pour l'étude I</relationEntry>
         </resourceRelation>
         <resourceRelation xmlns:xlink="http://www.w3.org/1999/xlink"
                           resourceRelationType="creatorOf"
                           xlink:href="FRAN_IR_041101"
                           xlink:type="simple">
            <relationEntry localType="archival">Minutes et répertoires du notaire Jean CHAZERETZ, 30 août 1576 - décembre 1605 (étude I)</relationEntry>
         </resourceRelation>
         <resourceRelation xmlns:xlink="http://www.w3.org/1999/xlink"
                           resourceRelationType="creatorOf"
                           xlink:href="FRAN_IR_041102"
                           xlink:type="simple">
            <relationEntry localType="archival">Minutes et répertoires du notaire Germain TRONSON, 17 novembre 1598 - 29 décembre 1657 (étude I)</relationEntry>
         </resourceRelation>
         <resourceRelation xmlns:xlink="http://www.w3.org/1999/xlink"
                           resourceRelationType="creatorOf"
                           xlink:href="FRAN_IR_041103"
                           xlink:type="simple">
            <relationEntry localType="archival">Minutes et répertoires du notaire Gabriel DUMAS, 29 décembre 1657 - février 1668 (étude I)</relationEntry>
         </resourceRelation>
         <resourceRelation xmlns:xlink="http://www.w3.org/1999/xlink"
                           resourceRelationType="creatorOf"
                           xlink:href="FRAN_IR_041104"
                           xlink:type="simple">
            <relationEntry localType="archival">Minutes et répertoires du notaire Étienne GRÉGOIRE, mars 1668 - 7 janvier 1675 (étude I)</relationEntry>
         </resourceRelation>
         <resourceRelation xmlns:xlink="http://www.w3.org/1999/xlink"
                           resourceRelationType="creatorOf"
                           xlink:href="FRAN_IR_041105"
                           xlink:type="simple">
            <relationEntry localType="archival">Minutes et répertoires du notaire Claude I ROYER, janvier 1675 - 23 avril 1709 (étude I)</relationEntry>
         </resourceRelation>
         <resourceRelation xmlns:xlink="http://www.w3.org/1999/xlink"
                           resourceRelationType="creatorOf"
                           xlink:href="FRAN_IR_041106"
                           xlink:type="simple">
            <relationEntry localType="archival">Minutes et répertoires du notaire Claude II ROYER, 24 avril 1709 - 26 mai 1710 (étude I)</relationEntry>
         </resourceRelation>
         <resourceRelation xmlns:xlink="http://www.w3.org/1999/xlink"
                           resourceRelationType="creatorOf"
                           xlink:href="FRAN_IR_041107"
                           xlink:type="simple">
            <relationEntry localType="archival">Minutes et répertoires du notaire Nicolas Charles LE PRÉVOST, 27 mai 1710 - 30 octobre 1744 (étude I)</relationEntry>
         </resourceRelation>
         <resourceRelation xmlns:xlink="http://www.w3.org/1999/xlink"
                           resourceRelationType="creatorOf"
                           xlink:href="FRAN_IR_041108"
                           xlink:type="simple">
            <relationEntry localType="archival">Minutes et répertoires du notaire Nicolas Charles LE PRÉVOST, 27 mai 1710 - décembre 1719 (étude I)</relationEntry>
         </resourceRelation>
         <resourceRelation xmlns:xlink="http://www.w3.org/1999/xlink"
                           resourceRelationType="creatorOf"
                           xlink:href="FRAN_IR_041109"
                           xlink:type="simple">
            <relationEntry localType="archival">Minutes et répertoires du notaire Nicolas Charles LE PRÉVOST, janvier 1720 - décembre 1729 (étude I)</relationEntry>
         </resourceRelation>
         <resourceRelation xmlns:xlink="http://www.w3.org/1999/xlink"
                           resourceRelationType="creatorOf"
                           xlink:href="FRAN_IR_041110"
                           xlink:type="simple">
            <relationEntry localType="archival">Minutes et répertoires du notaire Nicolas Charles LE PRÉVOST, janvier 1730 - décembre 1739 (étude I)</relationEntry>
         </resourceRelation>
         <resourceRelation xmlns:xlink="http://www.w3.org/1999/xlink"
                           resourceRelationType="creatorOf"
                           xlink:href="FRAN_IR_041111"
                           xlink:type="simple">
            <relationEntry localType="archival">Minutes et répertoires du notaire Nicolas Charles LE PRÉVOST, janvier 1740 - 30 octobre 1744 (étude I)</relationEntry>
         </resourceRelation>
         <resourceRelation xmlns:xlink="http://www.w3.org/1999/xlink"
                           resourceRelationType="creatorOf"
                           xlink:href="FRAN_IR_041112"
                           xlink:type="simple">
            <relationEntry localType="archival">Minutes et répertoires du notaire Antoine QUINQUET, 30 octobre 1744 - 22 juin 1761 (étude I)</relationEntry>
         </resourceRelation>
         <resourceRelation xmlns:xlink="http://www.w3.org/1999/xlink"
                           resourceRelationType="creatorOf"
                           xlink:href="FRAN_IR_041114"
                           xlink:type="simple">
            <relationEntry localType="archival">Minutes et répertoires du notaire Amable Toussaint DELARUE, 26 juin 1761 - 17 juillet 1798 (étude I)</relationEntry>
         </resourceRelation>
         <resourceRelation xmlns:xlink="http://www.w3.org/1999/xlink"
                           resourceRelationType="creatorOf"
                           xlink:href="FRAN_IR_041113"
                           xlink:type="simple">
            <relationEntry localType="archival">Minutes et répertoires du notaire Pierre COUSIN, 6 juillet 1798 - 14 avril 1812 (étude I)</relationEntry>
         </resourceRelation>
         <resourceRelation xmlns:xlink="http://www.w3.org/1999/xlink"
                           resourceRelationType="creatorOf"
                           xlink:href="FRAN_IR_041115"
                           xlink:type="simple">
            <relationEntry localType="archival">Minutes et répertoires du notaire Auguste DESPREZ, 15 avril 1812 - 18 mai 1866 (étude I)</relationEntry>
         </resourceRelation>
         <resourceRelation xmlns:xlink="http://www.w3.org/1999/xlink"
                           resourceRelationType="creatorOf"
                           xlink:href="FRAN_IR_041116"
                           xlink:type="simple">
            <relationEntry localType="archival">Minutes et répertoires du notaire Léon HARLY-PERRAUD, 19 mai 1866 - 21 août 1891 (étude I)</relationEntry>
         </resourceRelation>
         <resourceRelation xmlns:xlink="http://www.w3.org/1999/xlink"
                           resourceRelationType="creatorOf"
                           xlink:href="FRAN_IR_041117"
                           xlink:type="simple">
            <relationEntry localType="archival">Minutes et répertoires du notaire Georges MOREL d'ARLEUX, 16 avril 1891 - 28 juin 1900 (étude I)</relationEntry>
         </resourceRelation>
         <resourceRelation xmlns:xlink="http://www.w3.org/1999/xlink"
                           resourceRelationType="creatorOf"
                           xlink:href="FRAN_IR_041100"
                           xlink:type="simple">
            <relationEntry localType="archival">Archives de l'étude I</relationEntry>
         </resourceRelation>
         <resourceRelation xmlns:xlink="http://www.w3.org/1999/xlink"
                           resourceRelationType="creatorOf"
                           xlink:href="FRAN_IR_051061"
                           xlink:type="simple">
            <relationEntry localType="archival">Images des répertoires du notaire Claude I Royer pour l'étude I</relationEntry>
         </resourceRelation>
         <resourceRelation xmlns:xlink="http://www.w3.org/1999/xlink"
                           resourceRelationType="creatorOf"
                           xlink:href="FRAN_IR_054696"
                           xlink:type="simple">
            <relationEntry localType="archival">«Mélanges» (dossiers de clients) de l’étude I. MC/ET/I/1068-MC/ET/I/1069/B (1830-1832)</relationEntry>
         </resourceRelation>
         <resourceRelation xmlns:xlink="http://www.w3.org/1999/xlink"
                           resourceRelationType="creatorOf"
                           xlink:href="FRAN_IR_051528"
                           xlink:type="simple">
            <relationEntry localType="archival">Images des répertoires du notaire Pierre Cousin pour l'étude I</relationEntry>
         </resourceRelation>
         <resourceRelation xmlns:xlink="http://www.w3.org/1999/xlink"
                           resourceRelationType="creatorOf"
                           xlink:href="FRAN_IR_051263"
                           xlink:type="simple">
            <relationEntry localType="archival">Images des répertoires du notaire Antoine Quinquet pour l'étude I</relationEntry>
         </resourceRelation>
         <resourceRelation xmlns:xlink="http://www.w3.org/1999/xlink"
                           resourceRelationType="creatorOf"
                           xlink:href="FRAN_IR_051366"
                           xlink:type="simple">
            <relationEntry localType="archival">Images des répertoires du notaire Nicolas Charles Le Prévost pour l'étude I</relationEntry>
         </resourceRelation>
         <resourceRelation xmlns:xlink="http://www.w3.org/1999/xlink"
                           resourceRelationType="creatorOf"
                           xlink:href="FRAN_IR_051261"
                           xlink:type="simple">
            <relationEntry localType="archival">Images des répertoires du notaire Claude II Royer pour l'étude I</relationEntry>
         </resourceRelation>
         <resourceRelation xmlns:xlink="http://www.w3.org/1999/xlink"
                           resourceRelationType="creatorOf"
                           xlink:href="FRAN_IR_051330"
                           xlink:type="simple">
            <relationEntry localType="archival">Images des répertoires du notaire Georges Louis Morel d'Arleux pour l'étude I</relationEntry>
         </resourceRelation>
         <resourceRelation xmlns:xlink="http://www.w3.org/1999/xlink"
                           resourceRelationType="creatorOf"
                           xlink:href="FRAN_IR_052863"
                           xlink:type="simple">
            <relationEntry localType="archival">Images des répertoires du notaire Amable Toussaint Delarue pour l'étude I</relationEntry>
         </resourceRelation>
         <resourceRelation xmlns:xlink="http://www.w3.org/1999/xlink"
                           resourceRelationType="creatorOf"
                           xlink:href="FRAN_IR_051441"
                           xlink:type="simple">
            <relationEntry localType="archival">Images du répertoire du notaire Etienne Grégoire pour l'étude I</relationEntry>
         </resourceRelation>
         <resourceRelation xmlns:xlink="http://www.w3.org/1999/xlink"
                           resourceRelationType="creatorOf"
                           xlink:href="FRAN_IR_051063"
                           xlink:type="simple">
            <relationEntry localType="archival">Images des répertoires du notaire Georges Louis Morel d'Arleux pour l'étude I</relationEntry>
         </resourceRelation>
         <resourceRelation xmlns:xlink="http://www.w3.org/1999/xlink"
                           resourceRelationType="creatorOf"
                           xlink:href="FRAN_IR_051260"
                           xlink:type="simple">
            <relationEntry localType="archival">Images des répertoires du notaire Claude I Royer pour l'étude I</relationEntry>
         </resourceRelation>
         <resourceRelation xmlns:xlink="http://www.w3.org/1999/xlink"
                           resourceRelationType="creatorOf"
                           xlink:href="FRAN_IR_051096"
                           xlink:type="simple">
            <relationEntry localType="archival">Images des répertoires du notaire Auguste Desprez pour l'étude I</relationEntry>
         </resourceRelation>
      </relations>
   </cpfDescription>
</eac-cpf>
