<eac-cpf xmlns="urn:isbn:1-931666-33-4"
         xmlns:xsi="http://www.w3.org/2001/XMLSchema-instance"
         xsi:schemaLocation="urn:isbn:1-931666-33-4 cpf.xsd">
   <control>
      <recordId>FRAN_NP_010493</recordId>
      <otherRecordId localType="Ancien_identifiant">FRDAFANCH00MC_NANOTAIRE00204</otherRecordId>
      <maintenanceStatus>derived</maintenanceStatus>
      <maintenanceAgency>
         <agencyName>Archives nationales de France</agencyName>
      </maintenanceAgency>
      <languageDeclaration>
         <language languageCode="fre">Français</language>
         <script scriptCode="Latn"/>
      </languageDeclaration>
      <conventionDeclaration>
         <citation>Notice établie conformément à la norme ICA-ISAAR (CPF) 2004, aux normes ISO 8601 pour le système de normalisation des dates utilisé, ainsi que AFNOR NF Z 44-061, juin 1986. Catalogage : forme et structure des vedettes noms de personne, des vedettes titres, des rubriques de classement et des titres forgés.</citation>
      </conventionDeclaration>
      <localControl localType="niveau_de_detail">
         <term>Moyenne</term>
      </localControl>
      <maintenanceHistory>
         <maintenanceEvent>
            <eventType>derived</eventType>
            <eventDateTime>2013-04-23</eventDateTime>
            <agentType>machine</agentType>
            <agent>Migration ETANOT</agent>
         </maintenanceEvent>
      </maintenanceHistory>
   </control>
   <cpfDescription>
      <identity>
         <entityType>person</entityType>
         <nameEntry localType="autorisée" scriptCode="Latn" xml:lang="fre">
            <part>Troyes, Claude II de</part>
         </nameEntry>
         <nameEntry>
            <part>Troyes, Claude de, le jeune</part>
         </nameEntry>
      </identity>
      <description>
         <existDates>
            <dateRange>
               <fromDate standardDate="1616-12-04">4 décembre 1616</fromDate>
               <toDate standardDate="1620-04-10">10 avril 1620</toDate>
            </dateRange>
            <descriptiveNote>
               <p>Les dates d'existence de la personne ne sont pas connues et sont évaluées d'après les dates d'exercice en tant que notaire</p>
            </descriptiveNote>
         </existDates>
         <places>
            <place>
               <placeRole>Lieu de Paris</placeRole>
               <placeEntry localType="paroisse" vocabularySource="d3nyvpbvqa-1q7k75sdt2gwp">saint-séverin (paroisse)</placeEntry>
               <placeEntry localType="paroisse" vocabularySource="d3nyvpcbgs-1cppi2iacclig">saint-sulpice (paroisse)</placeEntry>
               <placeEntry localType="paroisse" vocabularySource="d3nyvosba5--16qzzcu3058e5">saint-andré-des-arts (paroisse)</placeEntry>
               <placeEntry localType="voie" vocabularySource="d3nzbc5kjb--uuj5xhibjpf4">harpe (rue de la)</placeEntry>
               <placeEntry localType="voie" vocabularySource="d3nzd0ranp--1xongjhkzd5q5">saint-andré-des-arts (rue)</placeEntry>
               <placeEntry localType="nomLieu">rue de la Harpe (en 1617), puis rue Saint-André-des-Arts</placeEntry>
            </place>
         </places>
         <functions>
            <function>
               <term vocabularySource="d3nyui3o8w--11y7jgy8q3wnt">notaire à paris</term>
               <dateRange>
                  <fromDate standardDate="1616-12-04">4 décembre 1616</fromDate>
                  <toDate standardDate="1620-04-10">10 avril 1620</toDate>
               </dateRange>
            </function>
         </functions>
         <biogHist>
            <p>fils de Claude I de Troyes, notaire de l'étude CXXII, et Catherine Lelong</p>
            <p>marié à Catherine Le Vacher (voir ET/XII/46 folio 712, 12 décembre 1617, contrat de mariage)</p>
         </biogHist>
      </description>
      <relations>
         <cpfRelation xmlns:xlink="http://www.w3.org/1999/xlink"
                      cpfRelationType="associative"
                      xlink:href="FRAN_NP_010217"
                      xlink:type="simple">
            <relationEntry>Etude notariale XC</relationEntry>
            <dateRange>
               <fromDate standardDate="1616-12-04">4 décembre 1616</fromDate>
               <toDate standardDate="1620-04-10">10 avril 1620</toDate>
            </dateRange>
         </cpfRelation>
         <resourceRelation resourceRelationType="other">
            <relationEntry localType="archival">ET/I/88, 3 décembre 1624, inventaire après décès de Catherine Lelong, sa mère</relationEntry>
         </resourceRelation>
         <resourceRelation xmlns:xlink="http://www.w3.org/1999/xlink"
                           resourceRelationType="creatorOf"
                           xlink:href="FRAN_IR_042917"
                           xlink:type="simple">
            <relationEntry localType="archival">Minutes et répertoires du notaire Claude II de TROYES, 4 décembre 1616 - 10 avril 1620 (étude XC)</relationEntry>
         </resourceRelation>
      </relations>
   </cpfDescription>
</eac-cpf>
