<eac-cpf xmlns="urn:isbn:1-931666-33-4"
         xmlns:xsi="http://www.w3.org/2001/XMLSchema-instance"
         xsi:schemaLocation="urn:isbn:1-931666-33-4 cpf.xsd">
   <control>
      <recordId>FRAN_NP_010187</recordId>
      <otherRecordId localType="Ancien_identifiant">FRDAFANCH00MC_NAETUDE_060</otherRecordId>
      <maintenanceStatus>derived</maintenanceStatus>
      <maintenanceAgency>
         <agencyName>Archives nationales de France</agencyName>
      </maintenanceAgency>
      <languageDeclaration>
         <language languageCode="fre">Français</language>
         <script scriptCode="Latn"/>
      </languageDeclaration>
      <conventionDeclaration>
         <citation>Notice établie conformément à la norme ICA-ISAAR (CPF) 2004, aux normes ISO 8601 pour le système de normalisation des dates utilisé, ainsi que AFNOR NF Z 44-061, juin 1986. Catalogage : forme et structure des vedettes noms de personne, des vedettes titres, des rubriques de classement et des titres forgés.</citation>
      </conventionDeclaration>
      <localControl localType="niveau_de_detail">
         <term>Moyenne</term>
      </localControl>
      <maintenanceHistory>
         <maintenanceEvent>
            <eventType>derived</eventType>
            <eventDateTime>2013-04-23</eventDateTime>
            <agentType>machine</agentType>
            <agent>Migration ETANOT</agent>
         </maintenanceEvent>
      </maintenanceHistory>
   </control>
   <cpfDescription>
      <identity>
         <entityType>corporateBody</entityType>
         <nameEntry localType="autorisée" scriptCode="Latn" xml:lang="fre">
            <part>Etude LX</part>
         </nameEntry>
         <nameEntry>
            <part>75121</part>
         </nameEntry>
      </identity>
      <description>
         <existDates>
            <dateRange>
               <fromDate standardDate="1552-01-01">1552</fromDate>
            </dateRange>
         </existDates>
         <places>
            <place>
               <placeRole>Lieu de Paris</placeRole>
               <placeEntry localType="nomLieu">183, bd St Germain, 75007 PARIS</placeEntry>
            </place>
         </places>
         <functions>
            <function>
               <term vocabularySource="d3nyui3o8w--11y7jgy8q3wnt">notaire à paris</term>
               <dateRange>
                  <fromDate standardDate="1552-01-01">1552</fromDate>
                  <toDate/>
               </dateRange>
            </function>
         </functions>
         <biogHist>
            <p>Fusion avec l'étude LXII en 1975. Cette étude est itinérante : installée au XVIIème siècle dans la Cité (1632-1653), puis sur l'Île Saint-Louis (1682-1713), elle se transporte rue Saint-Honoré de 1713 à 1792, et rue Gaillon. En l'an VI, elle traverse la Seine et ses titulaires pratiquent rue du Bac, (an VI-1869), rue de l'Université (1869-1887), et enfin boulevard Saint-Germain.</p>
         </biogHist>
      </description>
      <relations>
         <cpfRelation xmlns:xlink="http://www.w3.org/1999/xlink"
                      cpfRelationType="associative"
                      xlink:href="FRAN_NP_010368"
                      xlink:type="simple">
            <relationEntry>Videl, Jean-Pierre</relationEntry>
            <dateRange>
               <fromDate standardDate="1787-12-15">15 décembre 1787</fromDate>
               <toDate standardDate="1797-11-25">25 novembre 1797</toDate>
            </dateRange>
         </cpfRelation>
         <cpfRelation xmlns:xlink="http://www.w3.org/1999/xlink"
                      cpfRelationType="associative"
                      xlink:href="FRAN_NP_010959"
                      xlink:type="simple">
            <relationEntry>Pluchart, Jean-Chrysostome</relationEntry>
            <dateRange>
               <fromDate standardDate="1841-11-20">20 novembre 1841</fromDate>
               <toDate standardDate="1852-06-08">8 juin 1852</toDate>
            </dateRange>
         </cpfRelation>
         <cpfRelation xmlns:xlink="http://www.w3.org/1999/xlink"
                      cpfRelationType="associative"
                      xlink:href="FRAN_NP_010961"
                      xlink:type="simple">
            <relationEntry>Pluvinage, Jean</relationEntry>
            <dateRange>
               <fromDate standardDate="1984-03-28">28 mars 1984</fromDate>
            </dateRange>
         </cpfRelation>
         <cpfRelation xmlns:xlink="http://www.w3.org/1999/xlink"
                      cpfRelationType="associative"
                      xlink:href="FRAN_NP_011153"
                      xlink:type="simple">
            <relationEntry>Mesnier, Louis-Marthe</relationEntry>
            <dateRange>
               <fromDate standardDate="1814-07-22">22 juillet 1814</fromDate>
               <toDate standardDate="1819-03-09">9 mars 1819</toDate>
            </dateRange>
         </cpfRelation>
         <cpfRelation xmlns:xlink="http://www.w3.org/1999/xlink"
                      cpfRelationType="associative"
                      xlink:href="FRAN_NP_012605"
                      xlink:type="simple">
            <relationEntry>Caron, Jean-François</relationEntry>
            <dateRange>
               <fromDate standardDate="1723-04-28">28 avril 1723</fromDate>
               <toDate standardDate="1761-02-23">23 février 1761</toDate>
            </dateRange>
         </cpfRelation>
         <cpfRelation xmlns:xlink="http://www.w3.org/1999/xlink"
                      cpfRelationType="associative"
                      xlink:href="FRAN_NP_013401"
                      xlink:type="simple">
            <relationEntry>Meunier, Cécile</relationEntry>
            <dateRange>
               <fromDate standardDate="2008-05-28">28 mai 2008</fromDate>
            </dateRange>
         </cpfRelation>
         <cpfRelation xmlns:xlink="http://www.w3.org/1999/xlink"
                      cpfRelationType="associative"
                      xlink:href="FRAN_NP_011912"
                      xlink:type="simple">
            <relationEntry>Girault, Alexandre II</relationEntry>
            <dateRange>
               <fromDate standardDate="1632-01-25">25 janvier 1632</fromDate>
               <toDate standardDate="1653-09-17">17 septembre 1653</toDate>
            </dateRange>
         </cpfRelation>
         <cpfRelation xmlns:xlink="http://www.w3.org/1999/xlink"
                      cpfRelationType="associative"
                      xlink:href="FRAN_NP_010385"
                      xlink:type="simple">
            <relationEntry>Vincent, Edmond André Pierre</relationEntry>
            <dateRange>
               <fromDate standardDate="1922-08-04">4 août 1922</fromDate>
               <toDate standardDate="1943-08-18">18 août 1943</toDate>
            </dateRange>
         </cpfRelation>
         <cpfRelation xmlns:xlink="http://www.w3.org/1999/xlink"
                      cpfRelationType="associative"
                      xlink:href="FRAN_NP_010383"
                      xlink:type="simple">
            <relationEntry>Vincent, André Pierre Paul</relationEntry>
            <dateRange>
               <fromDate standardDate="1943-08-18">18 août 1943</fromDate>
               <toDate standardDate="1984-03-28">28 mars 1984</toDate>
            </dateRange>
         </cpfRelation>
         <cpfRelation xmlns:xlink="http://www.w3.org/1999/xlink"
                      cpfRelationType="associative"
                      xlink:href="FRAN_NP_012889"
                      xlink:type="simple">
            <relationEntry>Besse, Jean Christophe</relationEntry>
            <dateRange>
               <fromDate standardDate="1997-04-02">2 avril 1997</fromDate>
            </dateRange>
         </cpfRelation>
         <cpfRelation xmlns:xlink="http://www.w3.org/1999/xlink"
                      cpfRelationType="associative"
                      xlink:href="FRAN_NP_012048"
                      xlink:type="simple">
            <relationEntry>Ferret, Guillaume</relationEntry>
            <dateRange>
               <fromDate standardDate="1653-09-17">17 septembre 1653</fromDate>
               <toDate standardDate="1682-03-13">13 mars 1682</toDate>
            </dateRange>
         </cpfRelation>
         <cpfRelation xmlns:xlink="http://www.w3.org/1999/xlink"
                      cpfRelationType="associative"
                      xlink:href="FRAN_NP_012031"
                      xlink:type="simple">
            <relationEntry>Faudoire, Jacques II</relationEntry>
            <dateRange>
               <fromDate standardDate="1699-07-24">24 juillet 1699</fromDate>
               <toDate standardDate="1709-06-03">3 juin 1709</toDate>
            </dateRange>
         </cpfRelation>
         <cpfRelation xmlns:xlink="http://www.w3.org/1999/xlink"
                      cpfRelationType="associative"
                      xlink:href="FRAN_NP_012054"
                      xlink:type="simple">
            <relationEntry>Février, Louis-Dominique</relationEntry>
            <dateRange>
               <fromDate standardDate="1819-03-09">9 mars 1819</fromDate>
               <toDate standardDate="1841-11-20">20 novembre 1841</toDate>
            </dateRange>
         </cpfRelation>
         <cpfRelation xmlns:xlink="http://www.w3.org/1999/xlink"
                      cpfRelationType="associative"
                      xlink:href="FRAN_NP_010675"
                      xlink:type="simple">
            <relationEntry>Rigault, Jean-Pierre</relationEntry>
            <dateRange>
               <fromDate standardDate="1709-06-04">4 juin 1709</fromDate>
               <toDate standardDate="1723-04-27">27 avril 1723</toDate>
            </dateRange>
         </cpfRelation>
         <cpfRelation xmlns:xlink="http://www.w3.org/1999/xlink"
                      cpfRelationType="associative"
                      xlink:href="FRAN_NP_010781"
                      xlink:type="simple">
            <relationEntry>Oudinot, Claude</relationEntry>
            <dateRange>
               <fromDate standardDate="1797-11-28">28 novembre 1797</fromDate>
               <toDate standardDate="1814-07-22">22 juillet 1814</toDate>
            </dateRange>
         </cpfRelation>
         <cpfRelation xmlns:xlink="http://www.w3.org/1999/xlink"
                      cpfRelationType="associative"
                      xlink:href="FRAN_NP_010384"
                      xlink:type="simple">
            <relationEntry>Vincent, Bruno</relationEntry>
            <dateRange>
               <fromDate standardDate="1981-03-04">4 mars 1981</fromDate>
            </dateRange>
         </cpfRelation>
         <cpfRelation xmlns:xlink="http://www.w3.org/1999/xlink"
                      cpfRelationType="associative"
                      xlink:href="FRAN_NP_010386"
                      xlink:type="simple">
            <relationEntry>Vincent, Emile-André</relationEntry>
            <dateRange>
               <fromDate standardDate="1883-05-11">11 mai 1883</fromDate>
               <toDate standardDate="1908-07-29">29 juillet 1908</toDate>
            </dateRange>
         </cpfRelation>
         <cpfRelation xmlns:xlink="http://www.w3.org/1999/xlink"
                      cpfRelationType="associative"
                      xlink:href="FRAN_NP_013402"
                      xlink:type="simple">
            <relationEntry>Picard, Séverine</relationEntry>
            <dateRange>
               <fromDate standardDate="2008-05-28">28 mai 2008</fromDate>
            </dateRange>
         </cpfRelation>
         <cpfRelation xmlns:xlink="http://www.w3.org/1999/xlink"
                      cpfRelationType="associative"
                      xlink:href="FRAN_NP_012606"
                      xlink:type="simple">
            <relationEntry>Coullon, Jean-Baptiste</relationEntry>
            <dateRange>
               <fromDate standardDate="1682-03-16">16 mars 1682</fromDate>
               <toDate standardDate="1699-12-06">6 décembre 1699</toDate>
            </dateRange>
         </cpfRelation>
         <cpfRelation xmlns:xlink="http://www.w3.org/1999/xlink"
                      cpfRelationType="associative"
                      xlink:href="FRAN_NP_011138"
                      xlink:type="simple">
            <relationEntry>Menjaud, Jean</relationEntry>
            <dateRange>
               <fromDate standardDate="1770-02-13">13 février 1770</fromDate>
               <toDate standardDate="1787-12-15">15 décembre 1787</toDate>
            </dateRange>
         </cpfRelation>
         <cpfRelation xmlns:xlink="http://www.w3.org/1999/xlink"
                      cpfRelationType="associative"
                      xlink:href="FRAN_NP_010999"
                      xlink:type="simple">
            <relationEntry>Pourcelt, Denis-Edmond</relationEntry>
            <dateRange>
               <fromDate standardDate="1852-06-08">8 juin 1852</fromDate>
               <toDate standardDate="1883-05-11">11 mai 1883</toDate>
            </dateRange>
         </cpfRelation>
         <cpfRelation xmlns:xlink="http://www.w3.org/1999/xlink"
                      cpfRelationType="associative"
                      xlink:href="FRAN_NP_011669"
                      xlink:type="simple">
            <relationEntry>Jamart, Martin</relationEntry>
            <dateRange>
               <fromDate standardDate="1552-11-16">16 novembre 1552</fromDate>
               <toDate standardDate="1587-08-11">11 août 1587</toDate>
            </dateRange>
         </cpfRelation>
         <cpfRelation xmlns:xlink="http://www.w3.org/1999/xlink"
                      cpfRelationType="associative"
                      xlink:href="FRAN_NP_012293"
                      xlink:type="simple">
            <relationEntry>Denis, Jean</relationEntry>
            <dateRange>
               <fromDate standardDate="1761-04-02">02 avril 1761</fromDate>
               <toDate standardDate="1770-02-11">11 février 1770</toDate>
            </dateRange>
         </cpfRelation>
         <cpfRelation xmlns:xlink="http://www.w3.org/1999/xlink"
                      cpfRelationType="associative"
                      xlink:href="FRAN_NP_012294"
                      xlink:type="simple">
            <relationEntry>Dutertre, Albert René</relationEntry>
            <dateRange>
               <fromDate standardDate="1908-07-29">29 juillet 1908</fromDate>
               <toDate standardDate="1922-08-04">4 août 1922</toDate>
            </dateRange>
         </cpfRelation>
         <resourceRelation xmlns:xlink="http://www.w3.org/1999/xlink"
                           resourceRelationType="subjectOf"
                           xlink:href="FRAN_IR_042386"
                           xlink:type="simple">
            <relationEntry localType="archival">Minutes et répertoires du notaire Jacques II FAUDOIRE, 26 juillet 1699 - 3 juin 1709 (étude LX)</relationEntry>
         </resourceRelation>
         <resourceRelation xmlns:xlink="http://www.w3.org/1999/xlink"
                           resourceRelationType="subjectOf"
                           xlink:href="FRAN_IR_042389"
                           xlink:type="simple">
            <relationEntry localType="archival">Minutes et répertoires du notaire Jean DENIS, 2 avril 1761 - 11 février 1770 (étude LX)</relationEntry>
         </resourceRelation>
         <resourceRelation xmlns:xlink="http://www.w3.org/1999/xlink"
                           resourceRelationType="subjectOf"
                           xlink:href="FRAN_IR_042395"
                           xlink:type="simple">
            <relationEntry localType="archival">Minutes et répertoires du notaire Jean Chrysostome PLUCHART, 20 novembre 1841 - 8 juin 1852 (étude LX)</relationEntry>
         </resourceRelation>
         <resourceRelation xmlns:xlink="http://www.w3.org/1999/xlink"
                           resourceRelationType="subjectOf"
                           xlink:href="FRAN_IR_042388"
                           xlink:type="simple">
            <relationEntry localType="archival">Minutes et répertoires du notaire Jean Pierre RIGAULT, 7 juin 1709 - 27 avril 1723 (étude LX)</relationEntry>
         </resourceRelation>
         <resourceRelation xmlns:xlink="http://www.w3.org/1999/xlink"
                           resourceRelationType="subjectOf"
                           xlink:href="FRAN_IR_042392"
                           xlink:type="simple">
            <relationEntry localType="archival">Minutes et répertoires du notaire Claude OUDINOT, 25 novembre 1797 - 22 juillet 1814 (étude LX)</relationEntry>
         </resourceRelation>
         <resourceRelation xmlns:xlink="http://www.w3.org/1999/xlink"
                           resourceRelationType="subjectOf"
                           xlink:href="FRAN_IR_042390"
                           xlink:type="simple">
            <relationEntry localType="archival">Minutes et répertoires du notaire Jean MENJAUD, 13 février 1770 - 15 décembre 1787 (étude LX)</relationEntry>
         </resourceRelation>
         <resourceRelation xmlns:xlink="http://www.w3.org/1999/xlink"
                           resourceRelationType="subjectOf"
                           xlink:href="FRAN_IR_042394"
                           xlink:type="simple">
            <relationEntry localType="archival">Minutes et répertoires du notaire Louis Dominique FÉVRIER, 9 mars 1819 - 20 novembre 1841 (étude LX)</relationEntry>
         </resourceRelation>
         <resourceRelation xmlns:xlink="http://www.w3.org/1999/xlink"
                           resourceRelationType="subjectOf"
                           xlink:href="FRAN_IR_042385"
                           xlink:type="simple">
            <relationEntry localType="archival">Minutes et répertoires du notaire Jean-Baptiste COULLON, 16 mars 1682 - 6 décembre 1699 (étude LX)</relationEntry>
         </resourceRelation>
         <resourceRelation xmlns:xlink="http://www.w3.org/1999/xlink"
                           resourceRelationType="subjectOf"
                           xlink:href="FRAN_IR_042391"
                           xlink:type="simple">
            <relationEntry localType="archival">Minutes et répertoires du notaire Jean Pierre VIDEL, 15 décembre 1787 - 28 octobre 1797 (étude LX)</relationEntry>
         </resourceRelation>
         <resourceRelation xmlns:xlink="http://www.w3.org/1999/xlink"
                           resourceRelationType="creatorOf"
                           xlink:href="FRAN_IR_053837"
                           xlink:type="simple">
            <relationEntry localType="archival">«Mélanges» (dossiers de clients) de l’étude LX. MC/ET/LX/599-MC/ET/LX/604/D (1500-1807)</relationEntry>
         </resourceRelation>
         <resourceRelation xmlns:xlink="http://www.w3.org/1999/xlink"
                           resourceRelationType="creatorOf"
                           xlink:href="FRAN_IR_042384"
                           xlink:type="simple">
            <relationEntry localType="archival">Minutes et répertoires du notaire Guillaume FERRET, 17 septembre 1653 - 13 mars 1682 (étude LX)</relationEntry>
         </resourceRelation>
         <resourceRelation xmlns:xlink="http://www.w3.org/1999/xlink"
                           resourceRelationType="creatorOf"
                           xlink:href="FRAN_IR_042397"
                           xlink:type="simple">
            <relationEntry localType="archival">Minutes et répertoires du notaire Émile André VINCENT, 11 mai 1883 - 29 juillet 1908 (étude LX)</relationEntry>
         </resourceRelation>
         <resourceRelation xmlns:xlink="http://www.w3.org/1999/xlink"
                           resourceRelationType="creatorOf"
                           xlink:href="FRAN_IR_042382"
                           xlink:type="simple">
            <relationEntry localType="archival">Minutes et répertoires du notaire Martin JAMART, 8 avril 1558 - 25 mars 1559 (étude LX)</relationEntry>
         </resourceRelation>
         <resourceRelation xmlns:xlink="http://www.w3.org/1999/xlink"
                           resourceRelationType="creatorOf"
                           xlink:href="FRAN_IR_042383"
                           xlink:type="simple">
            <relationEntry localType="archival">Minutes et répertoires du notaire Alexandre II GIRAULT, 25 janvier 1632 - 17 septembre 1653 (étude LX)</relationEntry>
         </resourceRelation>
         <resourceRelation xmlns:xlink="http://www.w3.org/1999/xlink"
                           resourceRelationType="creatorOf"
                           xlink:href="FRAN_IR_052256"
                           xlink:type="simple">
            <relationEntry localType="archival">Images du répertoire du notaire Guillaume Ferret pour l'étude LX</relationEntry>
         </resourceRelation>
         <resourceRelation xmlns:xlink="http://www.w3.org/1999/xlink"
                           resourceRelationType="creatorOf"
                           xlink:href="FRAN_IR_052252"
                           xlink:type="simple">
            <relationEntry localType="archival">Images du répertoire du notaire Jean-Baptiste Coullon pour l'étude LX</relationEntry>
         </resourceRelation>
         <resourceRelation xmlns:xlink="http://www.w3.org/1999/xlink"
                           resourceRelationType="creatorOf"
                           xlink:href="FRAN_IR_052257"
                           xlink:type="simple">
            <relationEntry localType="archival">Images du répertoire du notaire Jacques II Faudoire pour l'étude LX</relationEntry>
         </resourceRelation>
         <resourceRelation xmlns:xlink="http://www.w3.org/1999/xlink"
                           resourceRelationType="creatorOf"
                           xlink:href="FRAN_IR_052245"
                           xlink:type="simple">
            <relationEntry localType="archival">Images du répertoire du notaire Jean Pierre Rigault pour l'étude LX</relationEntry>
         </resourceRelation>
         <resourceRelation xmlns:xlink="http://www.w3.org/1999/xlink"
                           resourceRelationType="creatorOf"
                           xlink:href="FRAN_IR_052253"
                           xlink:type="simple">
            <relationEntry localType="archival">Images du répertoire du notaire Jean François Caron pour l'étude LX</relationEntry>
         </resourceRelation>
         <resourceRelation xmlns:xlink="http://www.w3.org/1999/xlink"
                           resourceRelationType="creatorOf"
                           xlink:href="FRAN_IR_052254"
                           xlink:type="simple">
            <relationEntry localType="archival">Images du répertoire du notaire Jean Denis pour l'étude LX</relationEntry>
         </resourceRelation>
         <resourceRelation xmlns:xlink="http://www.w3.org/1999/xlink"
                           resourceRelationType="creatorOf"
                           xlink:href="FRAN_IR_052241"
                           xlink:type="simple">
            <relationEntry localType="archival">Images du répertoire du notaire Jean Menjaud pour l'étude LX</relationEntry>
         </resourceRelation>
         <resourceRelation xmlns:xlink="http://www.w3.org/1999/xlink"
                           resourceRelationType="creatorOf"
                           xlink:href="FRAN_IR_052231"
                           xlink:type="simple">
            <relationEntry localType="archival">Images des répertoires du notaire Jean Pierre Videl pour l'étude LX</relationEntry>
         </resourceRelation>
         <resourceRelation xmlns:xlink="http://www.w3.org/1999/xlink"
                           resourceRelationType="creatorOf"
                           xlink:href="FRAN_IR_052243"
                           xlink:type="simple">
            <relationEntry localType="archival">Images des répertoires du notaire Claude Oudinot pour l'étude LX</relationEntry>
         </resourceRelation>
         <resourceRelation xmlns:xlink="http://www.w3.org/1999/xlink"
                           resourceRelationType="creatorOf"
                           xlink:href="FRAN_IR_052240"
                           xlink:type="simple">
            <relationEntry localType="archival">Images du répertoire du notaire Louis Marthe Mesnier pour l'étude LX</relationEntry>
         </resourceRelation>
         <resourceRelation xmlns:xlink="http://www.w3.org/1999/xlink"
                           resourceRelationType="creatorOf"
                           xlink:href="FRAN_IR_054308"
                           xlink:type="simple">
            <relationEntry localType="archival">Images des répertoires du notaire Louis Dominique Février pour l'étude LX</relationEntry>
         </resourceRelation>
         <resourceRelation xmlns:xlink="http://www.w3.org/1999/xlink"
                           resourceRelationType="creatorOf"
                           xlink:href="FRAN_IR_052244"
                           xlink:type="simple">
            <relationEntry localType="archival">Images des répertoires du notaire Jean Chrysostome Pluchart pour l'étude LX</relationEntry>
         </resourceRelation>
         <resourceRelation xmlns:xlink="http://www.w3.org/1999/xlink"
                           resourceRelationType="creatorOf"
                           xlink:href="FRAN_IR_052242"
                           xlink:type="simple">
            <relationEntry localType="archival">Images des répertoires du notaire Denis Edmond Pourcelt pour l'étude LX</relationEntry>
         </resourceRelation>
         <resourceRelation xmlns:xlink="http://www.w3.org/1999/xlink"
                           resourceRelationType="creatorOf"
                           xlink:href="FRAN_IR_052247"
                           xlink:type="simple">
            <relationEntry localType="archival">Images des répertoires du notaire Emile André Vincent pour l'étude LX</relationEntry>
         </resourceRelation>
         <resourceRelation xmlns:xlink="http://www.w3.org/1999/xlink"
                           resourceRelationType="creatorOf"
                           xlink:href="FRAN_IR_042396"
                           xlink:type="simple">
            <relationEntry localType="archival">Minutes et répertoires du notaire Denis Edmond POURCELT, 8 juin 1852 - 11 mai 1883 (étude LX)</relationEntry>
         </resourceRelation>
      </relations>
   </cpfDescription>
</eac-cpf>
