<eac-cpf xmlns="urn:isbn:1-931666-33-4"
         xmlns:xsi="http://www.w3.org/2001/XMLSchema-instance"
         xsi:schemaLocation="urn:isbn:1-931666-33-4 cpf.xsd">
   <control>
      <recordId>FRAN_NP_010478</recordId>
      <otherRecordId localType="Ancien_identifiant">FRDAFANCH00MC_NANOTAIRE00186</otherRecordId>
      <maintenanceStatus>revised</maintenanceStatus>
      <maintenanceAgency>
         <agencyName>Archives nationales de France</agencyName>
      </maintenanceAgency>
      <languageDeclaration>
         <language languageCode="fre">Français</language>
         <script scriptCode="Latn"/>
      </languageDeclaration>
      <conventionDeclaration>
         <citation>Notice établie conformément à la norme ICA-ISAAR (CPF) 2004, aux normes ISO 8601 pour le système de normalisation des dates utilisé, ainsi que AFNOR NF Z 44-061, juin 1986. Catalogage : forme et structure des vedettes noms de personne, des vedettes titres, des rubriques de classement et des titres forgés.</citation>
      </conventionDeclaration>
      <localControl localType="niveau_de_detail">
         <term>Moyenne</term>
      </localControl>
      <maintenanceHistory>
         <maintenanceEvent>
            <eventType>derived</eventType>
            <eventDateTime>2015-09-30</eventDateTime>
            <agentType>machine</agentType>
            <agent>Migration ETANOT</agent>
         </maintenanceEvent>
         <maintenanceEvent>
            <eventType>revised</eventType>
            <eventDateTime>2016-02-19</eventDateTime>
            <agentType>human</agentType>
            <agent>Marie-Françoise LIMON-BONNET</agent>
         </maintenanceEvent>
      </maintenanceHistory>
      <sources>
         <source>
            <descriptiveNote>
               <p>Marie-Françoise LIMON, 
      <span style="italic"> Les notaires au Châtelet sous le règne de Louis XIV</span>, Toulouse, presses universitaires du Mirail, 1992, p. 420. 
     </p>
            </descriptiveNote>
         </source>
         <source>
            <descriptiveNote>
               <p>Noémie SANTACANA Les notaires au Châtelet de Paris à l'époque du Cardinal de Fleury, mémoire de maîtrise 2003-2004, dact., p. 305</p>
            </descriptiveNote>
         </source>
      </sources>
   </control>
   <cpfDescription>
      <identity>
         <entityType>person</entityType>
         <nameEntry localType="autorisée" scriptCode="Latn" xml:lang="fre">
            <part>Touvenot, François (17..-1754)</part>
         </nameEntry>
         <nameEntry>
            <part>Touvenot, François</part>
         </nameEntry>
      </identity>
      <description>
         <existDates>
            <dateRange>
               <fromDate standardDate="1721-11-29">29 novembre 1721</fromDate>
               <toDate standardDate="1754-03-07">7 mars 1754</toDate>
            </dateRange>
            <descriptiveNote>
               <p>La date de naissance de la personne n'est pas connue ; les dates indiquées sont ses dates d'exercice en tant que notaire</p>
            </descriptiveNote>
         </existDates>
         <places>
            <place>
               <placeRole>Lieu de Paris</placeRole>
               <placeEntry localType="nomLieu">rue Neuve-Saint-Eustache (1721-1724), rue Montmartre, au coin de la rue Neuve-Saint-Eustache (1725 -1754)</placeEntry>
               <placeEntry localType="paroisse" vocabularySource="d3nyvow9c3--1ln2rhczl581f">Saint-Eustache (paroisse)</placeEntry>
               <placeEntry localType="voie" vocabularySource="d3nzc8fmll--4q3lu6ksemua">Neuve-Saint-Eustache (rue)</placeEntry>
               <placeEntry localType="voie" vocabularySource="d3nzc47wbl-1a2g6xqjbuj5s">Montmartre (rue)</placeEntry>
               <placeEntry localType="quartier" vocabularySource="d3nyvgeuq1--ys2q6qcqeojf">Montmartre (quartier)</placeEntry>
            </place>
         </places>
         <functions>
            <function>
               <term vocabularySource="d3nyui3o8w--11y7jgy8q3wnt">notaire à Paris</term>
               <dateRange>
                  <fromDate standardDate="1721-11-29">29 novembre 1721</fromDate>
                  <toDate standardDate="1754-03-07">7 mars 1754</toDate>
               </dateRange>
            </function>
         </functions>
         <occupations>
            <occupation>
               <term vocabularySource="d3nyu9x713-9kcjiv44l4wh">notaire</term>
               <dateRange>
                  <fromDate standardDate="1721-11-29">29 novembre 1721</fromDate>
                  <toDate standardDate="1754-03-07">7 mars 1754</toDate>
               </dateRange>
            </occupation>
         </occupations>
         <biogHist>
            <p>Fils et successeur de Charles Touvenot. L'office de son père lui est vendu le 7 novembre 1721 (MC/ET/XX/475).</p>
            <p>Il épouse Elisabeth Lagneau. Père d'Antoine Touvenot, celui-ci lui succède en 1754.</p>
            <p>François Touvenot est échevin de Paris en 1735.</p>
            <p>Il meurt le 13 mars 1754 (inventaire après décès le 23 mars 1754, MC/ET/CXVII/795).</p>
         </biogHist>
      </description>
      <relations>
         <cpfRelation xmlns:xlink="http://www.w3.org/1999/xlink"
                      cpfRelationType="associative"
                      xlink:href="FRAN_NP_010163"
                      xlink:type="simple">
            <relationEntry>Etude notariale XXXVI</relationEntry>
            <dateRange>
               <fromDate standardDate="1721-11-29">29 novembre 1721</fromDate>
               <toDate standardDate="1754-03-07">7 mars 1754</toDate>
            </dateRange>
         </cpfRelation>
         <resourceRelation xmlns:xlink="http://www.w3.org/1999/xlink"
                           resourceRelationType="creatorOf"
                           xlink:href="FRAN_IR_041974"
                           xlink:type="simple">
            <relationEntry localType="archival">Minutes et répertoires du notaire François TOUVENOT, 29 novembre 1721 - 12 mars 1754 (étude XXXVI)</relationEntry>
         </resourceRelation>
         <resourceRelation xmlns:xlink="http://www.w3.org/1999/xlink"
                           resourceRelationType="creatorOf"
                           xlink:href="FRAN_IR_053868"
                           xlink:type="simple">
            <relationEntry localType="archival">Dossiers de clients de l'étude XXXVI</relationEntry>
         </resourceRelation>
         <resourceRelation xmlns:xlink="http://www.w3.org/1999/xlink"
                           resourceRelationType="creatorOf"
                           xlink:href="FRAN_IR_054268"
                           xlink:type="simple">
            <relationEntry localType="archival">Images du répertoire du notaire François Touvenot pour l'étude XXXVI</relationEntry>
         </resourceRelation>
      </relations>
   </cpfDescription>
</eac-cpf>
