<eac-cpf xmlns="urn:isbn:1-931666-33-4"
         xmlns:xsi="http://www.w3.org/2001/XMLSchema-instance"
         xsi:schemaLocation="urn:isbn:1-931666-33-4 cpf.xsd">
   <control>
      <recordId>FRAN_NP_010158</recordId>
      <otherRecordId localType="Ancien_identifiant">FRDAFANCH00MC_NAETUDE_031</otherRecordId>
      <maintenanceStatus>revised</maintenanceStatus>
      <maintenanceAgency>
         <agencyName>Archives nationales de France</agencyName>
      </maintenanceAgency>
      <languageDeclaration>
         <language languageCode="fre">Français</language>
         <script scriptCode="Latn"/>
      </languageDeclaration>
      <conventionDeclaration>
         <citation>Notice établie conformément à la norme ICA-ISAAR (CPF) 2004, aux normes ISO 8601 pour le système de normalisation des dates utilisé, ainsi que AFNOR NF Z 44-061, juin 1986. Catalogage : forme et structure des vedettes noms de personne, des vedettes titres, des rubriques de classement et des titres forgés.</citation>
      </conventionDeclaration>
      <localControl localType="niveau_de_detail">
         <term>Complète</term>
      </localControl>
      <maintenanceHistory>
         <maintenanceEvent>
            <eventType>derived</eventType>
            <eventDateTime>2013-04-23</eventDateTime>
            <agentType>machine</agentType>
            <agent>Migration ETANOT</agent>
         </maintenanceEvent>
         <maintenanceEvent>
            <eventType>revised</eventType>
            <eventDateTime>2013-10-16</eventDateTime>
            <agentType>human</agentType>
            <agent>Marie-Françoise LIMON-BONNET</agent>
            <eventDescription>F. Clavaud 16 octobre 2013 : déplacé identifiant dans élément ad hoc</eventDescription>
         </maintenanceEvent>
         <maintenanceEvent>
            <eventType>revised</eventType>
            <eventDateTime>2013-10-18</eventDateTime>
            <agentType>human</agentType>
            <agent>Florence CLAVAUD</agent>
         </maintenanceEvent>
         <maintenanceEvent>
            <eventType>revised</eventType>
            <eventDateTime>2014-10-10</eventDateTime>
            <agentType>human</agentType>
            <agent>Marie-Françoise LIMON-BONNET</agent>
            <eventDescription>F. Clavaud, 10 octobre 2014 : revu fonction et tous les liens IR</eventDescription>
         </maintenanceEvent>
      </maintenanceHistory>
      <sources>
         <source>
            <descriptiveNote>
               <p>
                  <span style="bold">Voir :</span>
               </p>
               <p>Limon-Bonnet (M.-F.) [dir.], 
      <span style="italic">122 minutes d'histoire. Actes des notaires de Paris, XVIe-XXe siècle</span>, Paris, 2012, pp. 66-67. 
     </p>
               <p>
                  <span style="italic">Annuaire officiel du notariat 2012</span>, p. 1026. 
     </p>
            </descriptiveNote>
         </source>
      </sources>
   </control>
   <cpfDescription>
      <identity>
         <entityId/>
         <entityType>corporateBody</entityType>
         <nameEntry localType="autorisée" scriptCode="Latn" xml:lang="fre">
            <part>Etude XXXI</part>
         </nameEntry>
         <nameEntry>
            <part>75078</part>
         </nameEntry>
         <nameEntry>
            <part>LEFEBVRE Christian, BEGHAIN JAcques, BURTHE-MIQUE Olivier, GEMIGNANI Florence et PESCHARD Charles-Edouard, SCP</part>
         </nameEntry>
      </identity>
      <description>
         <existDates>
            <dateRange>
               <fromDate standardDate="1691-01-01">1691</fromDate>
            </dateRange>
         </existDates>
         <places>
            <place>
               <placeRole>Lieu de Paris</placeRole>
               <placeEntry localType="nomLieu">14, rue Brunel, 75017 Paris</placeEntry>
               <placeEntry localType="voie" vocabularySource="d3nz90y8u2-1uw8wjg2fpa7s">Brunel (rue)</placeEntry>
               <placeEntry localType="arrondissement_actuel"
                           vocabularySource="d3nyv8ljb1--rjak82kccgxp">17e arrondissement</placeEntry>
            </place>
         </places>
         <legalStatuses>
            <legalStatus>
               <term>office notarial</term>
            </legalStatus>
         </legalStatuses>
         <functions>
            <function>
               <term vocabularySource="d3nyui3o8w--11y7jgy8q3wnt">notaire à Paris</term>
               <dateRange>
                  <fromDate standardDate="1691-01-01">1691</fromDate>
               </dateRange>
            </function>
         </functions>
         <mandates>
            <mandate/>
         </mandates>
         <generalContext>
            <p>Les minutes de cette étude ont été versées aux Archives nationales (2013) jusqu'au 31 décembre 1938, mais elles ne sont pas encore cotées. Leur communication en salle de lecture n'est donc pas encore possible.</p>
         </generalContext>
         <biogHist>
            <p>Dès sa création, en 1698, cette étude est située rue de Richelieu, au coin de la rue Neuve-des-Petits-Champs. Elle y reste jusqu'en 1904, date de son déménagement avenue de la Grande-Armée. L'étude est très fréquentée par la noblesse et les financiers en raison de son appartenance à la paroisse Saint-Roch, et on y voit ainsi, outre le maréchal de Saxe, un autre grand nom de l'histoire militaire : le maréchal de Villars. Le contrat de mariage du marquis de Sade y est déposé, de même qu'une notoriété mentionnant une erreur commise pour ses prénoms dans son contrat de mariage. Plusieurs actes concernant la traite négrière et les plantations de Saint-Domingue y sont passés : des ventes d'esclaves (portant parfois sur plus de 2000 personnes) ou de sucreries notamment. Au XIXe siècle, de nombreuses sociétés y sont créées. Certains actes portent sur le chemin de fer comme la société pour l'exploitation du chemin de fer de Creil à Saint-Quentin en 1845, ou sur la presse, avec, par exemple, la société pour les journaux 
     <span style="italic">La Liberté</span> et 
     <span style="italic">Le Commerce</span> en 1847. On y trouve enfin les cahiers des charges pour la vente des usines à gaz de Lorient et de Cherbourg. 
    </p>
            <p>Le Minutier central conserve les minutes de l'étude XXXI à partir de 1691.</p>
            <p>Les minutes de cette étude ont été versées aux Archives nationales (2013) de jusqu'au 31 décembre 1938, mais elles ne sont pas encore cotées. Leur communication en salle de lecture n'est donc pas encore possible.</p>
         </biogHist>
      </description>
      <relations>
         <cpfRelation xmlns:xlink="http://www.w3.org/1999/xlink"
                      cpfRelationType="associative"
                      xlink:href="FRAN_NP_010988"
                      xlink:type="simple">
            <relationEntry>Potier, Jules-Alexandre</relationEntry>
            <dateRange>
               <fromDate standardDate="1844-07-26">26 juillet 1844</fromDate>
               <toDate standardDate="1871-08-18">18 août 1871</toDate>
            </dateRange>
         </cpfRelation>
         <cpfRelation xmlns:xlink="http://www.w3.org/1999/xlink"
                      cpfRelationType="associative"
                      xlink:href="FRAN_NP_011287"
                      xlink:type="simple">
            <relationEntry>Laroche, Pierre</relationEntry>
            <dateRange>
               <fromDate standardDate="1770-02-13">13 février 1770</fromDate>
               <toDate standardDate="1804-09-14">14 septembre 1804</toDate>
            </dateRange>
         </cpfRelation>
         <cpfRelation xmlns:xlink="http://www.w3.org/1999/xlink"
                      cpfRelationType="associative"
                      xlink:href="FRAN_NP_011179"
                      xlink:type="simple">
            <relationEntry>Mignard, Michel</relationEntry>
            <dateRange>
               <fromDate standardDate="1986-02-05">5 février 1986</fromDate>
               <toDate standardDate="1996-12-31">1996</toDate>
            </dateRange>
         </cpfRelation>
         <cpfRelation xmlns:xlink="http://www.w3.org/1999/xlink"
                      cpfRelationType="associative"
                      xlink:href="FRAN_NP_011139"
                      xlink:type="simple">
            <relationEntry>Mennesson, André Louis Joseph Jules</relationEntry>
            <dateRange>
               <fromDate standardDate="1919-09-24">24 septembre 1919</fromDate>
               <toDate standardDate="1957-08-07">7 août 1957</toDate>
            </dateRange>
         </cpfRelation>
         <cpfRelation xmlns:xlink="http://www.w3.org/1999/xlink"
                      cpfRelationType="associative"
                      xlink:href="FRAN_NP_010450"
                      xlink:type="simple">
            <relationEntry>Thirion, Antoine</relationEntry>
            <dateRange>
               <fromDate standardDate="1812-03-19">19 mars 1812</fromDate>
               <toDate standardDate="1820-01-04">4 janvier 1820</toDate>
            </dateRange>
         </cpfRelation>
         <cpfRelation xmlns:xlink="http://www.w3.org/1999/xlink"
                      cpfRelationType="associative"
                      xlink:href="FRAN_NP_012828"
                      xlink:type="simple">
            <relationEntry>Beghain, Jacques</relationEntry>
            <dateRange>
               <fromDate standardDate="1994-03-30">30 mars 1994</fromDate>
            </dateRange>
         </cpfRelation>
         <cpfRelation xmlns:xlink="http://www.w3.org/1999/xlink"
                      cpfRelationType="associative"
                      xlink:href="FRAN_NP_011759"
                      xlink:type="simple">
            <relationEntry>Heunet, Alexis</relationEntry>
            <dateRange>
               <fromDate standardDate="1842-05-31">31 mai 1842</fromDate>
               <toDate standardDate="1844-07-26">26 juillet 1844</toDate>
            </dateRange>
         </cpfRelation>
         <cpfRelation xmlns:xlink="http://www.w3.org/1999/xlink"
                      cpfRelationType="associative"
                      xlink:href="FRAN_NP_012078"
                      xlink:type="simple">
            <relationEntry>Fortier, Alexandre</relationEntry>
            <dateRange>
               <fromDate standardDate="1728-11-24">24 novembre 1728</fromDate>
               <toDate standardDate="1770-01-26">26 janvier 1770</toDate>
            </dateRange>
         </cpfRelation>
         <cpfRelation xmlns:xlink="http://www.w3.org/1999/xlink"
                      cpfRelationType="associative"
                      xlink:href="FRAN_NP_012911"
                      xlink:type="simple">
            <relationEntry>Bisson, Bernard</relationEntry>
            <dateRange>
               <fromDate standardDate="1980-05-03">3 mai 1980</fromDate>
               <toDate standardDate="2008-03-16">16 mars 2008</toDate>
            </dateRange>
         </cpfRelation>
         <cpfRelation xmlns:xlink="http://www.w3.org/1999/xlink"
                      cpfRelationType="associative"
                      xlink:href="FRAN_NP_012080"
                      xlink:type="simple">
            <relationEntry>Fortier, Romain</relationEntry>
            <dateRange>
               <fromDate standardDate="1691-12-02">2 décembre 1691</fromDate>
               <toDate standardDate="1728-11-24">24 novembre 1728</toDate>
            </dateRange>
         </cpfRelation>
         <cpfRelation xmlns:xlink="http://www.w3.org/1999/xlink"
                      cpfRelationType="associative"
                      xlink:href="FRAN_NP_013087"
                      xlink:type="simple">
            <relationEntry>Burthe-Mique, Olivier</relationEntry>
            <dateRange>
               <fromDate standardDate="2000-10-12">12 octobre 2000</fromDate>
            </dateRange>
         </cpfRelation>
         <cpfRelation xmlns:xlink="http://www.w3.org/1999/xlink"
                      cpfRelationType="associative"
                      xlink:href="FRAN_NP_010391"
                      xlink:type="simple">
            <relationEntry>Vingtain, Louis Joseph Léon</relationEntry>
            <dateRange>
               <fromDate standardDate="1903-01-07">7 janvier 1903</fromDate>
               <toDate standardDate="1919-09-24">24 septembre 1919</toDate>
            </dateRange>
         </cpfRelation>
         <cpfRelation xmlns:xlink="http://www.w3.org/1999/xlink"
                      cpfRelationType="associative"
                      xlink:href="FRAN_NP_011140"
                      xlink:type="simple">
            <relationEntry>Mennesson, Bernard Jean Albert</relationEntry>
            <dateRange>
               <fromDate standardDate="1957-08-07">7 août 1957</fromDate>
               <toDate standardDate="1980-03-05">5 mars 1980</toDate>
            </dateRange>
         </cpfRelation>
         <cpfRelation xmlns:xlink="http://www.w3.org/1999/xlink"
                      cpfRelationType="associative"
                      xlink:href="FRAN_NP_011128"
                      xlink:type="simple">
            <relationEntry>Mégret, Hippolyte</relationEntry>
            <dateRange>
               <fromDate standardDate="1871-08-18">18 août 1871</fromDate>
               <toDate standardDate="1903-01-07">07 janvier 1903</toDate>
            </dateRange>
         </cpfRelation>
         <cpfRelation xmlns:xlink="http://www.w3.org/1999/xlink"
                      cpfRelationType="associative"
                      xlink:href="FRAN_NP_010562"
                      xlink:type="simple">
            <relationEntry>Schnetz, Antoine</relationEntry>
            <dateRange>
               <fromDate standardDate="1804-09-14">14 septembre 1804</fromDate>
               <toDate standardDate="1812-03-18">18 mars 1812</toDate>
            </dateRange>
         </cpfRelation>
         <cpfRelation xmlns:xlink="http://www.w3.org/1999/xlink"
                      cpfRelationType="associative"
                      xlink:href="FRAN_NP_011468"
                      xlink:type="simple">
            <relationEntry>Lefebvre, Christian</relationEntry>
            <dateRange>
               <fromDate standardDate="1976-12-29">29 décembre 1976</fromDate>
            </dateRange>
         </cpfRelation>
         <cpfRelation xmlns:xlink="http://www.w3.org/1999/xlink"
                      cpfRelationType="associative"
                      xlink:href="FRAN_NP_012119"
                      xlink:type="simple">
            <relationEntry>Froger-Deschesnes, Jules-Victor</relationEntry>
            <dateRange>
               <fromDate standardDate="1820-01-05">5 janvier 1820</fromDate>
               <toDate standardDate="1842-05-31">31 mai 1842</toDate>
            </dateRange>
         </cpfRelation>
         <resourceRelation xmlns:xlink="http://www.w3.org/1999/xlink"
                           resourceRelationType="creatorOf"
                           xlink:href="FRAN_IR_041852"
                           xlink:type="simple">
            <relationEntry localType="archival">Archives de l'étude XXXI</relationEntry>
         </resourceRelation>
         <resourceRelation xmlns:xlink="http://www.w3.org/1999/xlink"
                           resourceRelationType="creatorOf"
                           xlink:href="FRAN_IR_052810"
                           xlink:type="simple">
            <relationEntry localType="archival">Images des répertoires du notaire Alexandre Fortier pour l'étude XXXI</relationEntry>
         </resourceRelation>
         <resourceRelation xmlns:xlink="http://www.w3.org/1999/xlink"
                           resourceRelationType="creatorOf"
                           xlink:href="FRAN_IR_051416"
                           xlink:type="simple">
            <relationEntry localType="archival">Images des répertoires du notaire Alexis Heunet pour l'étude XXXI</relationEntry>
         </resourceRelation>
         <resourceRelation xmlns:xlink="http://www.w3.org/1999/xlink"
                           resourceRelationType="creatorOf"
                           xlink:href="FRAN_IR_051236"
                           xlink:type="simple">
            <relationEntry localType="archival">Images des répertoires du notaire Antoine Schnetz pour l'étude XXXI</relationEntry>
         </resourceRelation>
         <resourceRelation xmlns:xlink="http://www.w3.org/1999/xlink"
                           resourceRelationType="creatorOf"
                           xlink:href="FRAN_IR_051319"
                           xlink:type="simple">
            <relationEntry localType="archival">Images des répertoires du notaire Hippolyte Mégret pour l'étude XXXI</relationEntry>
         </resourceRelation>
         <resourceRelation xmlns:xlink="http://www.w3.org/1999/xlink"
                           resourceRelationType="creatorOf"
                           xlink:href="FRAN_IR_051294"
                           xlink:type="simple">
            <relationEntry localType="archival">Images des répertoires du notaire Jules Alexandre Potier pour l'étude XXXI</relationEntry>
         </resourceRelation>
         <resourceRelation xmlns:xlink="http://www.w3.org/1999/xlink"
                           resourceRelationType="creatorOf"
                           xlink:href="FRAN_IR_051466"
                           xlink:type="simple">
            <relationEntry localType="archival">Images des répertoires du notaire Jules Victor Froger-Deschesnes pour l'étude XXXI</relationEntry>
         </resourceRelation>
         <resourceRelation xmlns:xlink="http://www.w3.org/1999/xlink"
                           resourceRelationType="creatorOf"
                           xlink:href="FRAN_IR_051340"
                           xlink:type="simple">
            <relationEntry localType="archival">Images des répertoires du notaire Pierre Laroche pour l'étude XXXI</relationEntry>
         </resourceRelation>
         <resourceRelation xmlns:xlink="http://www.w3.org/1999/xlink"
                           resourceRelationType="creatorOf"
                           xlink:href="FRAN_IR_051350"
                           xlink:type="simple">
            <relationEntry localType="archival">Images des répertoires du notaire Romain Fortier pour l'étude XXXI</relationEntry>
         </resourceRelation>
         <resourceRelation xmlns:xlink="http://www.w3.org/1999/xlink"
                           resourceRelationType="creatorOf"
                           xlink:href="FRAN_IR_051214"
                           xlink:type="simple">
            <relationEntry localType="archival">Images du répertoire du notaire Antoine Thirion pour l'étude XXXI</relationEntry>
         </resourceRelation>
         <resourceRelation xmlns:xlink="http://www.w3.org/1999/xlink"
                           resourceRelationType="creatorOf"
                           xlink:href="FRAN_IR_041853"
                           xlink:type="simple">
            <relationEntry localType="archival">Minutes et répertoires du notaire Romain FORTIER, 2 décembre 1691 - 23 novembre 1728 (étude XXXI)</relationEntry>
         </resourceRelation>
         <resourceRelation xmlns:xlink="http://www.w3.org/1999/xlink"
                           resourceRelationType="creatorOf"
                           xlink:href="FRAN_IR_041854"
                           xlink:type="simple">
            <relationEntry localType="archival">Minutes et répertoires du notaire Alexandre FORTIER, 25 novembre 1728 - 18 janvier 1770 (étude XXXI)</relationEntry>
         </resourceRelation>
         <resourceRelation xmlns:xlink="http://www.w3.org/1999/xlink"
                           resourceRelationType="creatorOf"
                           xlink:href="FRAN_IR_041859"
                           xlink:type="simple">
            <relationEntry localType="archival">Minutes et répertoires du notaire Pierre LAROCHE, 14 février 1770- 13 septembre 1804 (étude XXXI)</relationEntry>
         </resourceRelation>
         <resourceRelation xmlns:xlink="http://www.w3.org/1999/xlink"
                           resourceRelationType="creatorOf"
                           xlink:href="FRAN_IR_041858"
                           xlink:type="simple">
            <relationEntry localType="archival">Minutes et répertoires du notaire Antoine SCHNETZ, 15 septembre 1804- 18 mars 1812 (étude XXXI)</relationEntry>
         </resourceRelation>
         <resourceRelation xmlns:xlink="http://www.w3.org/1999/xlink"
                           resourceRelationType="creatorOf"
                           xlink:href="FRAN_IR_041857"
                           xlink:type="simple">
            <relationEntry localType="archival">Minutes et répertoires du notaire Antoine THIRION, 19 mars 1812- 4 janvier 1820 (étude XXXI)</relationEntry>
         </resourceRelation>
         <resourceRelation xmlns:xlink="http://www.w3.org/1999/xlink"
                           resourceRelationType="creatorOf"
                           xlink:href="FRAN_IR_041855"
                           xlink:type="simple">
            <relationEntry localType="archival">Minutes et répertoires du notaire Jules Victor FROGER-DESCHESNES, 5 janvier 1820 - mai 1842 (étude XXXI)</relationEntry>
         </resourceRelation>
         <resourceRelation xmlns:xlink="http://www.w3.org/1999/xlink"
                           resourceRelationType="creatorOf"
                           xlink:href="FRAN_IR_041860"
                           xlink:type="simple">
            <relationEntry localType="archival">Minutes et répertoires du notaire Jules Alexandre POTIER, 26 juillet 1844 - 18 août 1871 (étude XXXI)</relationEntry>
         </resourceRelation>
         <resourceRelation xmlns:xlink="http://www.w3.org/1999/xlink"
                           resourceRelationType="creatorOf"
                           xlink:href="FRAN_IR_041856"
                           xlink:type="simple">
            <relationEntry localType="archival">Minutes et répertoires du notaire Alexis HEUNET, juin 1842- 26 juillet 1844 (étude XXXI)</relationEntry>
         </resourceRelation>
         <resourceRelation xmlns:xlink="http://www.w3.org/1999/xlink"
                           resourceRelationType="creatorOf"
                           xlink:href="FRAN_IR_041861"
                           xlink:type="simple">
            <relationEntry localType="archival">Minutes et répertoires du notaire Hippolyte MÉGRET, 18 août 1871 - 6 janvier 1903 (étude XXXI)</relationEntry>
         </resourceRelation>
         <resourceRelation xmlns:xlink="http://www.w3.org/1999/xlink"
                           resourceRelationType="creatorOf"
                           xlink:href="FRAN_IR_050805"
                           xlink:type="simple">
            <relationEntry localType="archival">Dossiers de clients de l'étude XXXI</relationEntry>
         </resourceRelation>
         <resourceRelation xmlns:xlink="http://www.w3.org/1999/xlink"
                           resourceRelationType="creatorOf"
                           xlink:href="FRAN_IR_055181"
                           xlink:type="simple">
            <relationEntry localType="archival">Minutes et répertoires du notaire Louis Joseph Léon VINGTAIN, 7 janvier 1903 - 24 septembre 1919 (étude XXXI)</relationEntry>
         </resourceRelation>
         <resourceRelation xmlns:xlink="http://www.w3.org/1999/xlink"
                           resourceRelationType="creatorOf"
                           xlink:href="FRAN_IR_055802"
                           xlink:type="simple">
            <relationEntry localType="archival">Minutes et répertoires du notaire André Louis Joseph Jules MENNESSON, 24 septembre 1919 - 31 décembre 1938 (étude XXXI)</relationEntry>
         </resourceRelation>
      </relations>
   </cpfDescription>
</eac-cpf>
