<eac-cpf xmlns="urn:isbn:1-931666-33-4"
         xmlns:xsi="http://www.w3.org/2001/XMLSchema-instance"
         xsi:schemaLocation="urn:isbn:1-931666-33-4 cpf.xsd">
   <control>
      <recordId>FRAN_NP_010135</recordId>
      <otherRecordId localType="Ancien_identifiant">FRDAFANCH00MC_NAETUDE_008</otherRecordId>
      <maintenanceStatus>derived</maintenanceStatus>
      <maintenanceAgency>
         <agencyName>Archives nationales de France</agencyName>
      </maintenanceAgency>
      <languageDeclaration>
         <language languageCode="fre">Français</language>
         <script scriptCode="Latn"/>
      </languageDeclaration>
      <conventionDeclaration>
         <citation>Notice établie conformément à la norme ICA-ISAAR (CPF) 2004, aux normes ISO 8601 pour le système de normalisation des dates utilisé, ainsi que AFNOR NF Z 44-061, juin 1986. Catalogage : forme et structure des vedettes noms de personne, des vedettes titres, des rubriques de classement et des titres forgés.</citation>
      </conventionDeclaration>
      <localControl localType="niveau_de_detail">
         <term>Moyenne</term>
      </localControl>
      <maintenanceHistory>
         <maintenanceEvent>
            <eventType>derived</eventType>
            <eventDateTime>2015-09-30</eventDateTime>
            <agentType>machine</agentType>
            <agent>Migration ETANOT</agent>
         </maintenanceEvent>
      </maintenanceHistory>
   </control>
   <cpfDescription>
      <identity>
         <entityType>corporateBody</entityType>
         <nameEntry localType="autorisée" scriptCode="Latn" xml:lang="fre">
            <part>Etude VIII</part>
         </nameEntry>
         <nameEntry>
            <part>75090</part>
         </nameEntry>
      </identity>
      <description>
         <existDates>
            <dateRange>
               <fromDate standardDate="1465-01-01">1465</fromDate>
            </dateRange>
         </existDates>
         <places>
            <place>
               <placeRole>Lieu de Paris</placeRole>
               <placeEntry localType="nomLieu">60, rue de la Chaussée d'Antin, 75009 PARIS</placeEntry>
            </place>
         </places>
         <functions>
            <function>
               <term vocabularySource="d3nyui3o8w--11y7jgy8q3wnt">notaire à paris</term>
               <dateRange>
                  <fromDate standardDate="1465-01-01">1465</fromDate>
                  <toDate/>
               </dateRange>
            </function>
         </functions>
         <biogHist>
            <p>Les 546 liasses de cette étude se rapportent au XVIème siècle et se répartissent entre 21 fonds dont les notaires sont établis dans plusieurs quartiers de Paris : sur la rive droite, rues Saint-Denis ou Saint-Honoré ; dans la Cité, au voisinage de la rue de la Vieille-Draperie ; sur la rive gauche, rue Saint-Séverin. Ces diverses pratiques se retrouvent unies à celle de Guillaume DUPRAT (1597-1618), qui exerce rue de la Vieille-Draperie, où l'étude reste installée jusqu'en 1641. Elle va ensuite rue de Buci où elle demeure jusqu'à la Restauration. En 1820, franchissant la Seine, elle s'installe rue Marc Feydeau puis, en 1885, rue de la Chaussée d'Antin.</p>
         </biogHist>
      </description>
      <relations>
         <cpfRelation xmlns:xlink="http://www.w3.org/1999/xlink"
                      cpfRelationType="associative"
                      xlink:href="FRAN_NP_012117"
                      xlink:type="simple">
            <relationEntry>Frenicle, François</relationEntry>
            <dateRange>
               <fromDate standardDate="1553-01-01">1553</fromDate>
               <toDate standardDate="1554-12-31">1554</toDate>
            </dateRange>
         </cpfRelation>
         <cpfRelation xmlns:xlink="http://www.w3.org/1999/xlink"
                      cpfRelationType="associative"
                      xlink:href="FRAN_NP_012153"
                      xlink:type="simple">
            <relationEntry>Depuille, Jacques-Louis</relationEntry>
            <dateRange>
               <fromDate standardDate="1814-09-28">28 septembre 1814</fromDate>
               <toDate standardDate="1826-12-20">20 décembre 1826</toDate>
            </dateRange>
         </cpfRelation>
         <cpfRelation xmlns:xlink="http://www.w3.org/1999/xlink"
                      cpfRelationType="associative"
                      xlink:href="FRAN_NP_012155"
                      xlink:type="simple">
            <relationEntry>Dumas, Bernard</relationEntry>
            <dateRange>
               <fromDate standardDate="1988-04-27">27 avril 1988</fromDate>
               <toDate standardDate="1994-03-30">30 mars 1994</toDate>
            </dateRange>
         </cpfRelation>
         <cpfRelation xmlns:xlink="http://www.w3.org/1999/xlink"
                      cpfRelationType="associative"
                      xlink:href="FRAN_NP_010819"
                      xlink:type="simple">
            <relationEntry>Nutrat, François</relationEntry>
            <dateRange>
               <fromDate standardDate="1619-02-18">18 février 1619</fromDate>
               <toDate standardDate="1622-04-18">18 avril 1622</toDate>
            </dateRange>
         </cpfRelation>
         <cpfRelation xmlns:xlink="http://www.w3.org/1999/xlink"
                      cpfRelationType="associative"
                      xlink:href="FRAN_NP_010821"
                      xlink:type="simple">
            <relationEntry>Nutrat, Mathurin</relationEntry>
            <dateRange>
               <fromDate standardDate="1587-01-01">1587</fromDate>
               <toDate standardDate="1595-12-31">1595</toDate>
            </dateRange>
         </cpfRelation>
         <cpfRelation xmlns:xlink="http://www.w3.org/1999/xlink"
                      cpfRelationType="associative"
                      xlink:href="FRAN_NP_010920"
                      xlink:type="simple">
            <relationEntry>Pichon, Aignan</relationEntry>
            <dateRange>
               <fromDate standardDate="1507-01-01">1507</fromDate>
               <toDate standardDate="1532-12-31">1532</toDate>
            </dateRange>
         </cpfRelation>
         <cpfRelation xmlns:xlink="http://www.w3.org/1999/xlink"
                      cpfRelationType="associative"
                      xlink:href="FRAN_NP_010915"
                      xlink:type="simple">
            <relationEntry>Philippot, René</relationEntry>
            <dateRange>
               <fromDate standardDate="1934-01-24">24 janvier 1934</fromDate>
               <toDate standardDate="1974-04-22">22 avril 1974</toDate>
            </dateRange>
         </cpfRelation>
         <cpfRelation xmlns:xlink="http://www.w3.org/1999/xlink"
                      cpfRelationType="associative"
                      xlink:href="FRAN_NP_012232"
                      xlink:type="simple">
            <relationEntry>Dupuys, Jean</relationEntry>
            <dateRange>
               <fromDate standardDate="1621-08-01">1er août 1621</fromDate>
               <toDate standardDate="1621-12-31">31 décembre 1621</toDate>
            </dateRange>
         </cpfRelation>
         <cpfRelation xmlns:xlink="http://www.w3.org/1999/xlink"
                      cpfRelationType="associative"
                      xlink:href="FRAN_NP_013473"
                      xlink:type="simple">
            <relationEntry>Guibert, Jean</relationEntry>
            <dateRange>
               <fromDate standardDate="1520-01-01">1520</fromDate>
               <toDate standardDate="1547-01-07">7 janvier 1547</toDate>
            </dateRange>
         </cpfRelation>
         <cpfRelation xmlns:xlink="http://www.w3.org/1999/xlink"
                      cpfRelationType="associative"
                      xlink:href="FRAN_NP_012559"
                      xlink:type="simple">
            <relationEntry>Champy, Quiriace</relationEntry>
            <dateRange>
               <fromDate standardDate="1566-01-01">1566</fromDate>
               <toDate standardDate="1572-06-18">18 juin 1572</toDate>
            </dateRange>
         </cpfRelation>
         <cpfRelation xmlns:xlink="http://www.w3.org/1999/xlink"
                      cpfRelationType="associative"
                      xlink:href="FRAN_NP_012481"
                      xlink:type="simple">
            <relationEntry>Croiset, François</relationEntry>
            <dateRange>
               <fromDate standardDate="1559-01-01">1559</fromDate>
               <toDate standardDate="1602-12-31">1602</toDate>
            </dateRange>
         </cpfRelation>
         <cpfRelation xmlns:xlink="http://www.w3.org/1999/xlink"
                      cpfRelationType="associative"
                      xlink:href="FRAN_NP_012457"
                      xlink:type="simple">
            <relationEntry>Chenu, Simon</relationEntry>
            <dateRange>
               <fromDate standardDate="1524-01-01">1er janvier 1524</fromDate>
               <toDate standardDate="1524-12-31">31 décembre 1524</toDate>
            </dateRange>
         </cpfRelation>
         <cpfRelation xmlns:xlink="http://www.w3.org/1999/xlink"
                      cpfRelationType="associative"
                      xlink:href="FRAN_NP_012478"
                      xlink:type="simple">
            <relationEntry>Chauvet, François</relationEntry>
            <dateRange>
               <fromDate standardDate="1582-01-01">1582</fromDate>
               <toDate standardDate="1591-12-31">1591</toDate>
            </dateRange>
         </cpfRelation>
         <cpfRelation xmlns:xlink="http://www.w3.org/1999/xlink"
                      cpfRelationType="associative"
                      xlink:href="FRAN_NP_010520"
                      xlink:type="simple">
            <relationEntry>Sadron, Charles</relationEntry>
            <dateRange>
               <fromDate standardDate="1633-06-09">9 juin 1633</fromDate>
               <toDate standardDate="1641-06-17">17 juin 1641</toDate>
            </dateRange>
         </cpfRelation>
         <cpfRelation xmlns:xlink="http://www.w3.org/1999/xlink"
                      cpfRelationType="associative"
                      xlink:href="FRAN_NP_010548"
                      xlink:type="simple">
            <relationEntry>Sauvaige, Alexandre-Philippe</relationEntry>
            <dateRange>
               <fromDate standardDate="1772-01-04">4 janvier 1772</fromDate>
               <toDate standardDate="1790-04-24">24 avril 1790</toDate>
            </dateRange>
         </cpfRelation>
         <cpfRelation xmlns:xlink="http://www.w3.org/1999/xlink"
                      cpfRelationType="associative"
                      xlink:href="FRAN_NP_010587"
                      xlink:type="simple">
            <relationEntry>Simon, Guillaume</relationEntry>
            <dateRange>
               <fromDate standardDate="1556-01-01">1556</fromDate>
               <toDate standardDate="1566-12-31">1566</toDate>
            </dateRange>
         </cpfRelation>
         <cpfRelation xmlns:xlink="http://www.w3.org/1999/xlink"
                      cpfRelationType="associative"
                      xlink:href="FRAN_NP_011098"
                      xlink:type="simple">
            <relationEntry>Martin, Hervé</relationEntry>
            <dateRange>
               <fromDate standardDate="1994-03-30">30 mars 1994</fromDate>
            </dateRange>
         </cpfRelation>
         <cpfRelation xmlns:xlink="http://www.w3.org/1999/xlink"
                      cpfRelationType="associative"
                      xlink:href="FRAN_NP_012727"
                      xlink:type="simple">
            <relationEntry>Contesse, Nicolas</relationEntry>
            <dateRange>
               <fromDate standardDate="1529-01-01">1er janvier 1529</fromDate>
               <toDate standardDate="1539-12-31">31 décembre 1539</toDate>
            </dateRange>
         </cpfRelation>
         <cpfRelation xmlns:xlink="http://www.w3.org/1999/xlink"
                      cpfRelationType="associative"
                      xlink:href="FRAN_NP_013305"
                      xlink:type="simple">
            <relationEntry>Alaire, Macaire</relationEntry>
            <dateRange>
               <fromDate standardDate="1471-01-01">1er janvier 1471</fromDate>
               <toDate standardDate="1471-12-31">31 décembre 1471</toDate>
            </dateRange>
         </cpfRelation>
         <cpfRelation xmlns:xlink="http://www.w3.org/1999/xlink"
                      cpfRelationType="associative"
                      xlink:href="FRAN_NP_013301"
                      xlink:type="simple">
            <relationEntry>Troyes, Claude de</relationEntry>
            <dateRange>
               <fromDate standardDate="1494-01-01">1er janvier 1494</fromDate>
               <toDate standardDate="1494-12-31">31 décembre 1494</toDate>
            </dateRange>
         </cpfRelation>
         <cpfRelation xmlns:xlink="http://www.w3.org/1999/xlink"
                      cpfRelationType="associative"
                      xlink:href="FRAN_NP_013303"
                      xlink:type="simple">
            <relationEntry>Hemon, Marin</relationEntry>
            <dateRange>
               <fromDate standardDate="1548-03-27">27 mars 1548</fromDate>
               <toDate standardDate="1581-12-12">12 décembre 1581</toDate>
            </dateRange>
         </cpfRelation>
         <cpfRelation xmlns:xlink="http://www.w3.org/1999/xlink"
                      cpfRelationType="associative"
                      xlink:href="FRAN_NP_012784"
                      xlink:type="simple">
            <relationEntry>Bastonneau, François</relationEntry>
            <dateRange>
               <fromDate standardDate="1533-01-01">1533</fromDate>
               <toDate standardDate="1551-12-31">1551</toDate>
            </dateRange>
         </cpfRelation>
         <cpfRelation xmlns:xlink="http://www.w3.org/1999/xlink"
                      cpfRelationType="associative"
                      xlink:href="FRAN_NP_010717"
                      xlink:type="simple">
            <relationEntry>Rohart, Roger</relationEntry>
            <dateRange>
               <fromDate standardDate="1511-01-01">1511</fromDate>
               <toDate standardDate="1529-12-31">1529</toDate>
            </dateRange>
         </cpfRelation>
         <cpfRelation xmlns:xlink="http://www.w3.org/1999/xlink"
                      cpfRelationType="associative"
                      xlink:href="FRAN_NP_010793"
                      xlink:type="simple">
            <relationEntry>Navarre, Antoine</relationEntry>
            <dateRange>
               <fromDate standardDate="1699-02-28">28 février 1699</fromDate>
               <toDate standardDate="1718-03-30">30 mars 1718</toDate>
            </dateRange>
         </cpfRelation>
         <cpfRelation xmlns:xlink="http://www.w3.org/1999/xlink"
                      cpfRelationType="associative"
                      xlink:href="FRAN_NP_012874"
                      xlink:type="simple">
            <relationEntry>Berthon, Robert</relationEntry>
            <dateRange>
               <fromDate standardDate="1979-02-28">28 février 1979</fromDate>
               <toDate standardDate="1984-01-24">24 janvier 1984</toDate>
            </dateRange>
         </cpfRelation>
         <cpfRelation xmlns:xlink="http://www.w3.org/1999/xlink"
                      cpfRelationType="associative"
                      xlink:href="FRAN_NP_011751"
                      xlink:type="simple">
            <relationEntry>Haultdesens, Laurent</relationEntry>
            <dateRange>
               <fromDate standardDate="1552-01-01">1552</fromDate>
               <toDate standardDate="1596-12-31">1596</toDate>
            </dateRange>
         </cpfRelation>
         <cpfRelation xmlns:xlink="http://www.w3.org/1999/xlink"
                      cpfRelationType="associative"
                      xlink:href="FRAN_NP_010605"
                      xlink:type="simple">
            <relationEntry>Rafin, Louis Emile</relationEntry>
            <dateRange>
               <fromDate standardDate="1902-06-26">26 juin 1902</fromDate>
               <toDate standardDate="1934-01-24">24 janvier 1934</toDate>
            </dateRange>
         </cpfRelation>
         <cpfRelation xmlns:xlink="http://www.w3.org/1999/xlink"
                      cpfRelationType="associative"
                      xlink:href="FRAN_NP_011732"
                      xlink:type="simple">
            <relationEntry>Hacte, Roland</relationEntry>
            <dateRange>
               <fromDate standardDate="1568-01-01">1568</fromDate>
               <toDate standardDate="1575-12-31">1575</toDate>
            </dateRange>
         </cpfRelation>
         <cpfRelation xmlns:xlink="http://www.w3.org/1999/xlink"
                      cpfRelationType="associative"
                      xlink:href="FRAN_NP_013108"
                      xlink:type="simple">
            <relationEntry>Alart, Jean</relationEntry>
            <dateRange>
               <fromDate standardDate="1541-02-18">18 février 1541</fromDate>
               <toDate standardDate="1575-11-15">15 novembre 1575</toDate>
            </dateRange>
         </cpfRelation>
         <cpfRelation xmlns:xlink="http://www.w3.org/1999/xlink"
                      cpfRelationType="associative"
                      xlink:href="FRAN_NP_012967"
                      xlink:type="simple">
            <relationEntry>Boreau, Jean</relationEntry>
            <dateRange>
               <fromDate standardDate="1517-01-01">1517</fromDate>
               <toDate standardDate="1545-12-31">1545</toDate>
            </dateRange>
         </cpfRelation>
         <cpfRelation xmlns:xlink="http://www.w3.org/1999/xlink"
                      cpfRelationType="associative"
                      xlink:href="FRAN_NP_012966"
                      xlink:type="simple">
            <relationEntry>Boreau, Claude II</relationEntry>
            <dateRange>
               <fromDate standardDate="1534-02-20">20 février 1534</fromDate>
               <toDate standardDate="1588-10-10">10 octobre 1588</toDate>
            </dateRange>
         </cpfRelation>
         <cpfRelation xmlns:xlink="http://www.w3.org/1999/xlink"
                      cpfRelationType="associative"
                      xlink:href="FRAN_NP_012940"
                      xlink:type="simple">
            <relationEntry>Boisselet, Philippe</relationEntry>
            <dateRange>
               <fromDate standardDate="1523-05-13">13 mai 1523</fromDate>
               <toDate standardDate="1554-12-31">1554</toDate>
            </dateRange>
         </cpfRelation>
         <cpfRelation xmlns:xlink="http://www.w3.org/1999/xlink"
                      cpfRelationType="associative"
                      xlink:href="FRAN_NP_013192"
                      xlink:type="simple">
            <relationEntry>Froment, Ludovic</relationEntry>
            <dateRange>
               <fromDate standardDate="2001-07-12">12 juillet 2001</fromDate>
               <toDate standardDate="2005-04-16">16 avril 2005</toDate>
            </dateRange>
         </cpfRelation>
         <cpfRelation xmlns:xlink="http://www.w3.org/1999/xlink"
                      cpfRelationType="associative"
                      xlink:href="FRAN_NP_012028"
                      xlink:type="simple">
            <relationEntry>Faucompret, Auguste de</relationEntry>
            <dateRange>
               <fromDate standardDate="1800-06-12">12 juin 1800</fromDate>
               <toDate standardDate="1814-09-28">28 septembre 1814</toDate>
            </dateRange>
         </cpfRelation>
         <cpfRelation xmlns:xlink="http://www.w3.org/1999/xlink"
                      cpfRelationType="associative"
                      xlink:href="FRAN_NP_012965"
                      xlink:type="simple">
            <relationEntry>Boreau, Claude I</relationEntry>
            <dateRange>
               <fromDate standardDate="1517-01-01">1517</fromDate>
               <toDate standardDate="1528-12-31">1528</toDate>
            </dateRange>
         </cpfRelation>
         <cpfRelation xmlns:xlink="http://www.w3.org/1999/xlink"
                      cpfRelationType="associative"
                      xlink:href="FRAN_NP_013127"
                      xlink:type="simple">
            <relationEntry>Angirard, Jean</relationEntry>
            <dateRange>
               <fromDate standardDate="1535-01-01">janvier 1535</fromDate>
               <toDate standardDate="1566-07-13">13 juillet 1566</toDate>
            </dateRange>
         </cpfRelation>
         <cpfRelation xmlns:xlink="http://www.w3.org/1999/xlink"
                      cpfRelationType="associative"
                      xlink:href="FRAN_NP_012066"
                      xlink:type="simple">
            <relationEntry>Florent, Jacques</relationEntry>
            <dateRange>
               <fromDate standardDate="1826-12-20">20 décembre 1826</fromDate>
               <toDate standardDate="1832-11-07">7 novembre 1832</toDate>
            </dateRange>
         </cpfRelation>
         <cpfRelation xmlns:xlink="http://www.w3.org/1999/xlink"
                      cpfRelationType="associative"
                      xlink:href="FRAN_NP_012088"
                      xlink:type="simple">
            <relationEntry>Fould, Emile</relationEntry>
            <dateRange>
               <fromDate standardDate="1832-11-07">7 novembre 1832</fromDate>
               <toDate standardDate="1880-08-06">6 août 1880</toDate>
            </dateRange>
         </cpfRelation>
         <cpfRelation xmlns:xlink="http://www.w3.org/1999/xlink"
                      cpfRelationType="associative"
                      xlink:href="FRAN_NP_011724"
                      xlink:type="simple">
            <relationEntry>Jutet, Fiacre</relationEntry>
            <dateRange>
               <fromDate standardDate="1622-04-18">18 avril 1622</fromDate>
               <toDate standardDate="1632-10-27">27 octobre 1632</toDate>
            </dateRange>
         </cpfRelation>
         <cpfRelation xmlns:xlink="http://www.w3.org/1999/xlink"
                      cpfRelationType="associative"
                      xlink:href="FRAN_NP_011794"
                      xlink:type="simple">
            <relationEntry>Huart, Antoine</relationEntry>
            <dateRange>
               <fromDate standardDate="1641-06-17">17 juin 1641</fromDate>
               <toDate standardDate="1681-04-25">25 avril 1681</toDate>
            </dateRange>
         </cpfRelation>
         <cpfRelation xmlns:xlink="http://www.w3.org/1999/xlink"
                      cpfRelationType="associative"
                      xlink:href="FRAN_NP_013032"
                      xlink:type="simple">
            <relationEntry>Brahier, Nicolas</relationEntry>
            <dateRange>
               <fromDate standardDate="1535-01-01">1535</fromDate>
               <toDate standardDate="1551-12-31">1551</toDate>
            </dateRange>
         </cpfRelation>
         <cpfRelation xmlns:xlink="http://www.w3.org/1999/xlink"
                      cpfRelationType="associative"
                      xlink:href="FRAN_NP_012880"
                      xlink:type="simple">
            <relationEntry>Bertrand, Félix-François-Georges</relationEntry>
            <dateRange>
               <fromDate standardDate="1880-08-06">6 août 1880</fromDate>
               <toDate standardDate="1902-06-26">26 juin 1902</toDate>
            </dateRange>
         </cpfRelation>
         <cpfRelation xmlns:xlink="http://www.w3.org/1999/xlink"
                      cpfRelationType="associative"
                      xlink:href="FRAN_NP_011853"
                      xlink:type="simple">
            <relationEntry>Gasche, Louis-Nicolas</relationEntry>
            <dateRange>
               <fromDate standardDate="1790-04-24">24 avril 1790</fromDate>
               <toDate standardDate="1800-06-12">12 juin 1800</toDate>
            </dateRange>
         </cpfRelation>
         <cpfRelation xmlns:xlink="http://www.w3.org/1999/xlink"
                      cpfRelationType="associative"
                      xlink:href="FRAN_NP_010743"
                      xlink:type="simple">
            <relationEntry>Roussel, Marin</relationEntry>
            <dateRange>
               <fromDate standardDate="1569-01-01">1569</fromDate>
               <toDate standardDate="1571-12-31">1571</toDate>
            </dateRange>
         </cpfRelation>
         <cpfRelation xmlns:xlink="http://www.w3.org/1999/xlink"
                      cpfRelationType="associative"
                      xlink:href="FRAN_NP_013302"
                      xlink:type="simple">
            <relationEntry>Le maupin, Martin</relationEntry>
            <dateRange>
               <fromDate standardDate="1471-01-01">1471</fromDate>
               <toDate standardDate="1530-05-16">16 mai 1530</toDate>
            </dateRange>
         </cpfRelation>
         <cpfRelation xmlns:xlink="http://www.w3.org/1999/xlink"
                      cpfRelationType="associative"
                      xlink:href="FRAN_NP_013300"
                      xlink:type="simple">
            <relationEntry>Lefevre</relationEntry>
            <dateRange>
               <fromDate standardDate="1524-08-26">26 août 1524</fromDate>
               <toDate standardDate="1533-07-31">31 juillet 1533</toDate>
            </dateRange>
         </cpfRelation>
         <cpfRelation xmlns:xlink="http://www.w3.org/1999/xlink"
                      cpfRelationType="associative"
                      xlink:href="FRAN_NP_013306"
                      xlink:type="simple">
            <relationEntry>Alaire, Robert</relationEntry>
            <dateRange>
               <fromDate standardDate="1481-01-01">1481</fromDate>
               <toDate standardDate="1518-12-31">1518</toDate>
            </dateRange>
         </cpfRelation>
         <cpfRelation xmlns:xlink="http://www.w3.org/1999/xlink"
                      cpfRelationType="associative"
                      xlink:href="FRAN_NP_012790"
                      xlink:type="simple">
            <relationEntry>Baudequin, Simon</relationEntry>
            <dateRange>
               <fromDate standardDate="1482-01-01">1482</fromDate>
               <toDate standardDate="1528-12-31">1528</toDate>
            </dateRange>
         </cpfRelation>
         <cpfRelation xmlns:xlink="http://www.w3.org/1999/xlink"
                      cpfRelationType="associative"
                      xlink:href="FRAN_NP_011006"
                      xlink:type="simple">
            <relationEntry>Presles, Pierre de</relationEntry>
            <dateRange>
               <fromDate standardDate="1546-01-01">1546</fromDate>
               <toDate standardDate="1554-12-31">1554</toDate>
            </dateRange>
         </cpfRelation>
         <cpfRelation xmlns:xlink="http://www.w3.org/1999/xlink"
                      cpfRelationType="associative"
                      xlink:href="FRAN_NP_013299"
                      xlink:type="simple">
            <relationEntry>Bresson, Claude</relationEntry>
            <dateRange>
               <fromDate standardDate="1553-02-15">15 février 1553</fromDate>
               <toDate standardDate="1559-01-16">16 janvier 1559</toDate>
            </dateRange>
         </cpfRelation>
         <cpfRelation xmlns:xlink="http://www.w3.org/1999/xlink"
                      cpfRelationType="associative"
                      xlink:href="FRAN_NP_011124"
                      xlink:type="simple">
            <relationEntry>Maupeou, Vincent</relationEntry>
            <dateRange>
               <fromDate standardDate="1532-05-23">23 mai 1532</fromDate>
               <toDate standardDate="1573-03-07">7 mars 1573</toDate>
            </dateRange>
         </cpfRelation>
         <cpfRelation xmlns:xlink="http://www.w3.org/1999/xlink"
                      cpfRelationType="associative"
                      xlink:href="FRAN_NP_010549"
                      xlink:type="simple">
            <relationEntry>Sauvaige, Charles</relationEntry>
            <dateRange>
               <fromDate standardDate="1738-11-12">12 novembre 1738</fromDate>
               <toDate standardDate="1771-12-31">31 décembre 1771</toDate>
            </dateRange>
         </cpfRelation>
         <cpfRelation xmlns:xlink="http://www.w3.org/1999/xlink"
                      cpfRelationType="associative"
                      xlink:href="FRAN_NP_012479"
                      xlink:type="simple">
            <relationEntry>Chevalier, Pierre</relationEntry>
            <dateRange>
               <fromDate standardDate="1482-01-01">1482</fromDate>
               <toDate standardDate="1527-12-31">1527</toDate>
            </dateRange>
         </cpfRelation>
         <cpfRelation xmlns:xlink="http://www.w3.org/1999/xlink"
                      cpfRelationType="associative"
                      xlink:href="FRAN_NP_012477"
                      xlink:type="simple">
            <relationEntry>Cayard, Pierre</relationEntry>
            <dateRange>
               <fromDate standardDate="1558-01-01">1558</fromDate>
               <toDate standardDate="1588-12-31">1588</toDate>
            </dateRange>
         </cpfRelation>
         <cpfRelation xmlns:xlink="http://www.w3.org/1999/xlink"
                      cpfRelationType="associative"
                      xlink:href="FRAN_NP_012480"
                      xlink:type="simple">
            <relationEntry>Couvreur, Alexis</relationEntry>
            <dateRange>
               <fromDate standardDate="1681-04-26">26 avril 1681</fromDate>
               <toDate standardDate="1699-01-26">26 janvier 1699</toDate>
            </dateRange>
         </cpfRelation>
         <cpfRelation xmlns:xlink="http://www.w3.org/1999/xlink"
                      cpfRelationType="associative"
                      xlink:href="FRAN_NP_011336"
                      xlink:type="simple">
            <relationEntry>Lamiral, Philippe</relationEntry>
            <dateRange>
               <fromDate standardDate="1555-04-23">23 avril 1555</fromDate>
               <toDate standardDate="1556-04-04">4 avril 1556</toDate>
            </dateRange>
         </cpfRelation>
         <cpfRelation xmlns:xlink="http://www.w3.org/1999/xlink"
                      cpfRelationType="associative"
                      xlink:href="FRAN_NP_013472"
                      xlink:type="simple">
            <relationEntry>Alaire, Jacques</relationEntry>
            <dateRange>
               <fromDate standardDate="1471-01-01">1471</fromDate>
               <toDate standardDate="1518-12-31">1518</toDate>
            </dateRange>
         </cpfRelation>
         <cpfRelation xmlns:xlink="http://www.w3.org/1999/xlink"
                      cpfRelationType="associative"
                      xlink:href="FRAN_NP_012283"
                      xlink:type="simple">
            <relationEntry>Dunesmes, Etienne</relationEntry>
            <dateRange>
               <fromDate standardDate="1530-01-01">1530</fromDate>
               <toDate standardDate="1535-12-31">1535</toDate>
            </dateRange>
         </cpfRelation>
         <cpfRelation xmlns:xlink="http://www.w3.org/1999/xlink"
                      cpfRelationType="associative"
                      xlink:href="FRAN_NP_010913"
                      xlink:type="simple">
            <relationEntry>Philippot, Patrice</relationEntry>
            <dateRange>
               <fromDate standardDate="1970-04-29">29 avril 1970</fromDate>
               <toDate standardDate="2001-06-23">23 juin 2001</toDate>
            </dateRange>
         </cpfRelation>
         <cpfRelation xmlns:xlink="http://www.w3.org/1999/xlink"
                      cpfRelationType="associative"
                      xlink:href="FRAN_NP_010914"
                      xlink:type="simple">
            <relationEntry>Philippot, Rémy</relationEntry>
            <dateRange>
               <fromDate standardDate="1994-03-30">30 mars 1994</fromDate>
            </dateRange>
         </cpfRelation>
         <cpfRelation xmlns:xlink="http://www.w3.org/1999/xlink"
                      cpfRelationType="associative"
                      xlink:href="FRAN_NP_010925"
                      xlink:type="simple">
            <relationEntry>Pichon, Pierre I</relationEntry>
            <dateRange>
               <fromDate standardDate="1523-01-01">1523</fromDate>
               <toDate standardDate="1533-12-31">1533</toDate>
            </dateRange>
         </cpfRelation>
         <cpfRelation xmlns:xlink="http://www.w3.org/1999/xlink"
                      cpfRelationType="associative"
                      xlink:href="FRAN_NP_010820"
                      xlink:type="simple">
            <relationEntry>Nutrat, Guillaume</relationEntry>
            <dateRange>
               <fromDate standardDate="1597-04-30">30 avril 1597</fromDate>
               <toDate standardDate="1619-02-28">février 1619</toDate>
            </dateRange>
         </cpfRelation>
         <cpfRelation xmlns:xlink="http://www.w3.org/1999/xlink"
                      cpfRelationType="associative"
                      xlink:href="FRAN_NP_012154"
                      xlink:type="simple">
            <relationEntry>Desplasses, Pierre</relationEntry>
            <dateRange>
               <fromDate standardDate="1718-04-02">2 avril 1718</fromDate>
               <toDate standardDate="1738-10-20">20 octobre 1738</toDate>
            </dateRange>
         </cpfRelation>
         <cpfRelation xmlns:xlink="http://www.w3.org/1999/xlink"
                      cpfRelationType="associative"
                      xlink:href="FRAN_NP_012152"
                      xlink:type="simple">
            <relationEntry>Darbonne, François</relationEntry>
            <dateRange>
               <fromDate standardDate="1580-01-01">1er janvier 1580</fromDate>
               <toDate standardDate="1580-12-31">31 décembre 1580</toDate>
            </dateRange>
         </cpfRelation>
         <cpfRelation xmlns:xlink="http://www.w3.org/1999/xlink"
                      cpfRelationType="associative"
                      xlink:href="FRAN_NP_012111"
                      xlink:type="simple">
            <relationEntry>Franquelin, Claude I</relationEntry>
            <dateRange>
               <fromDate standardDate="1541-01-01">1541</fromDate>
               <toDate standardDate="1579-12-31">1579</toDate>
            </dateRange>
         </cpfRelation>
         <cpfRelation xmlns:xlink="http://www.w3.org/1999/xlink"
                      cpfRelationType="associative"
                      xlink:href="FRAN_NP_011660"
                      xlink:type="simple">
            <relationEntry>Jacquelin, Louis</relationEntry>
            <dateRange>
               <fromDate standardDate="1569-01-01">1er janvier 1569</fromDate>
               <toDate standardDate="1569-12-31">31 décembre 1569</toDate>
            </dateRange>
         </cpfRelation>
         <resourceRelation xmlns:xlink="http://www.w3.org/1999/xlink"
                           resourceRelationType="creatorOf"
                           xlink:href="FRAN_IR_041256"
                           xlink:type="simple">
            <relationEntry localType="archival">Minutes et répertoires du notaire notaires divers, 13 février 1471 - 3 mai 1577 (étude VIII)</relationEntry>
         </resourceRelation>
         <resourceRelation xmlns:xlink="http://www.w3.org/1999/xlink"
                           resourceRelationType="creatorOf"
                           xlink:href="FRAN_IR_041258"
                           xlink:type="simple">
            <relationEntry localType="archival">Minutes et répertoires du notaire Pierre CHEVALIER, 9 novembre 1479 - 28 mars 1523 (étude VIII)</relationEntry>
         </resourceRelation>
         <resourceRelation xmlns:xlink="http://www.w3.org/1999/xlink"
                           resourceRelationType="creatorOf"
                           xlink:href="FRAN_IR_041259"
                           xlink:type="simple">
            <relationEntry localType="archival">Minutes et répertoires du notaire Pierre CHEVALIER, 9 novembre 1479 - 22 mars 1488 (étude VIII)</relationEntry>
         </resourceRelation>
         <resourceRelation xmlns:xlink="http://www.w3.org/1999/xlink"
                           resourceRelationType="creatorOf"
                           xlink:href="FRAN_IR_041260"
                           xlink:type="simple">
            <relationEntry localType="archival">Minutes et répertoires du notaire Pierre CHEVALIER, 24 avril 1495 - 12 avril 1504 (étude VIII)</relationEntry>
         </resourceRelation>
         <resourceRelation xmlns:xlink="http://www.w3.org/1999/xlink"
                           resourceRelationType="creatorOf"
                           xlink:href="FRAN_IR_041261"
                           xlink:type="simple">
            <relationEntry localType="archival">Minutes et répertoires du notaire Pierre CHEVALIER, 13 février 1499 - 5 avril 1509 (étude VIII)</relationEntry>
         </resourceRelation>
         <resourceRelation xmlns:xlink="http://www.w3.org/1999/xlink"
                           resourceRelationType="creatorOf"
                           xlink:href="FRAN_IR_041262"
                           xlink:type="simple">
            <relationEntry localType="archival">Minutes et répertoires du notaire Pierre CHEVALIER, 11 avril 1509 - 19 avril 1519 (étude VIII)</relationEntry>
         </resourceRelation>
         <resourceRelation xmlns:xlink="http://www.w3.org/1999/xlink"
                           resourceRelationType="creatorOf"
                           xlink:href="FRAN_IR_041263"
                           xlink:type="simple">
            <relationEntry localType="archival">Minutes et répertoires du notaire Pierre CHEVALIER, 3 avril 1521 - 28 mars 1523 (étude VIII)</relationEntry>
         </resourceRelation>
         <resourceRelation xmlns:xlink="http://www.w3.org/1999/xlink"
                           resourceRelationType="creatorOf"
                           xlink:href="FRAN_IR_041266"
                           xlink:type="simple">
            <relationEntry localType="archival">Minutes et répertoires du notaire Simon BAUDEQUIN, 1er avril 1483 - 1528 (étude VIII)</relationEntry>
         </resourceRelation>
         <resourceRelation xmlns:xlink="http://www.w3.org/1999/xlink"
                           resourceRelationType="creatorOf"
                           xlink:href="FRAN_IR_041269"
                           xlink:type="simple">
            <relationEntry localType="archival">Minutes et répertoires du notaire Aignan PICHON, 26 mai 1509 - 16 mars 1535 (étude VIII)</relationEntry>
         </resourceRelation>
         <resourceRelation xmlns:xlink="http://www.w3.org/1999/xlink"
                           resourceRelationType="creatorOf"
                           xlink:href="FRAN_IR_041268"
                           xlink:type="simple">
            <relationEntry localType="archival">Minutes et répertoires du notaire Roger ROHART, 26 mai 1509 - 13 novembre 1529 (étude VIII)</relationEntry>
         </resourceRelation>
         <resourceRelation xmlns:xlink="http://www.w3.org/1999/xlink"
                           resourceRelationType="creatorOf"
                           xlink:href="FRAN_IR_041270"
                           xlink:type="simple">
            <relationEntry localType="archival">Minutes et répertoires du notaire Jean BOREAU, 20 août 1516 - 28 mars 1545 (étude VIII)</relationEntry>
         </resourceRelation>
         <resourceRelation xmlns:xlink="http://www.w3.org/1999/xlink"
                           resourceRelationType="creatorOf"
                           xlink:href="FRAN_IR_041275"
                           xlink:type="simple">
            <relationEntry localType="archival">Minutes et répertoires du notaire Claude II BOREAU, 1537 - 1590 (étude VIII)</relationEntry>
         </resourceRelation>
         <resourceRelation xmlns:xlink="http://www.w3.org/1999/xlink"
                           resourceRelationType="creatorOf"
                           xlink:href="FRAN_IR_041276"
                           xlink:type="simple">
            <relationEntry localType="archival">Minutes et répertoires du notaire Claude II BOREAU, 1537 - 1557 (étude VIII)</relationEntry>
         </resourceRelation>
         <resourceRelation xmlns:xlink="http://www.w3.org/1999/xlink"
                           resourceRelationType="creatorOf"
                           xlink:href="FRAN_IR_041277"
                           xlink:type="simple">
            <relationEntry localType="archival">Minutes et répertoires du notaire Claude II BOREAU, 28 avril 1547 - 13 avril 1557 (étude VIII)</relationEntry>
         </resourceRelation>
         <resourceRelation xmlns:xlink="http://www.w3.org/1999/xlink"
                           resourceRelationType="creatorOf"
                           xlink:href="FRAN_IR_041278"
                           xlink:type="simple">
            <relationEntry localType="archival">Minutes et répertoires du notaire Claude II BOREAU, 21 avril 1557 - 1573 (étude VIII)</relationEntry>
         </resourceRelation>
         <resourceRelation xmlns:xlink="http://www.w3.org/1999/xlink"
                           resourceRelationType="creatorOf"
                           xlink:href="FRAN_IR_041279"
                           xlink:type="simple">
            <relationEntry localType="archival">Minutes et répertoires du notaire Claude II BOREAU, 2 avril 1567 - 1590 (étude VIII)</relationEntry>
         </resourceRelation>
         <resourceRelation xmlns:xlink="http://www.w3.org/1999/xlink"
                           resourceRelationType="creatorOf"
                           xlink:href="FRAN_IR_041280"
                           xlink:type="simple">
            <relationEntry localType="archival">Minutes et répertoires du notaire Claude II BOREAU, 15 avril 1577 - 9 septembre 1588 (étude VIII)</relationEntry>
         </resourceRelation>
         <resourceRelation xmlns:xlink="http://www.w3.org/1999/xlink"
                           resourceRelationType="creatorOf"
                           xlink:href="FRAN_IR_041285"
                           xlink:type="simple">
            <relationEntry localType="archival">Minutes et répertoires du notaire Pierre CAYARD, octobre 1558 - 28 mai 1588 (étude VIII)</relationEntry>
         </resourceRelation>
         <resourceRelation xmlns:xlink="http://www.w3.org/1999/xlink"
                           resourceRelationType="creatorOf"
                           xlink:href="FRAN_IR_041271"
                           xlink:type="simple">
            <relationEntry localType="archival">Minutes et répertoires du notaire Philippe BOISSELET, 13 mai 1523 - octobre 1557 (étude VIII)</relationEntry>
         </resourceRelation>
         <resourceRelation xmlns:xlink="http://www.w3.org/1999/xlink"
                           resourceRelationType="creatorOf"
                           xlink:href="FRAN_IR_041274"
                           xlink:type="simple">
            <relationEntry localType="archival">Minutes et répertoires du notaire Nicolas BRAHIER, 4 mars 1529 - 14 mars 1556 (étude VIII)</relationEntry>
         </resourceRelation>
         <resourceRelation xmlns:xlink="http://www.w3.org/1999/xlink"
                           resourceRelationType="creatorOf"
                           xlink:href="FRAN_IR_041273"
                           xlink:type="simple">
            <relationEntry localType="archival">Minutes et répertoires du notaire Vincent MAUPEOU, 23 mai 1532 - 1570 (étude VIII)</relationEntry>
         </resourceRelation>
         <resourceRelation xmlns:xlink="http://www.w3.org/1999/xlink"
                           resourceRelationType="creatorOf"
                           xlink:href="FRAN_IR_041272"
                           xlink:type="simple">
            <relationEntry localType="archival">Minutes et répertoires du notaire François BASTONNEAU, 26 janvier 1526 - 18 avril 1549 (étude VIII)</relationEntry>
         </resourceRelation>
         <resourceRelation xmlns:xlink="http://www.w3.org/1999/xlink"
                           resourceRelationType="creatorOf"
                           xlink:href="FRAN_IR_041283"
                           xlink:type="simple">
            <relationEntry localType="archival">Minutes et répertoires du notaire Laurent HAULTDESENS, juin 1552 - 1596 (étude VIII)</relationEntry>
         </resourceRelation>
         <resourceRelation xmlns:xlink="http://www.w3.org/1999/xlink"
                           resourceRelationType="creatorOf"
                           xlink:href="FRAN_IR_041265"
                           xlink:type="simple">
            <relationEntry localType="archival">Minutes et répertoires du notaire Jean ANGIRARD, janvier 1535 - 3 décembre 1571 (étude VIII)</relationEntry>
         </resourceRelation>
         <resourceRelation xmlns:xlink="http://www.w3.org/1999/xlink"
                           resourceRelationType="creatorOf"
                           xlink:href="FRAN_IR_041286"
                           xlink:type="simple">
            <relationEntry localType="archival">Minutes et répertoires du notaire François CROISET, 29 mars 1559 - 1602 (étude VIII)</relationEntry>
         </resourceRelation>
         <resourceRelation xmlns:xlink="http://www.w3.org/1999/xlink"
                           resourceRelationType="creatorOf"
                           xlink:href="FRAN_IR_041264"
                           xlink:type="simple">
            <relationEntry localType="archival">Minutes et répertoires du notaire Claude I FRANQUELIN, 1541 - 1579 (étude VIII)</relationEntry>
         </resourceRelation>
         <resourceRelation xmlns:xlink="http://www.w3.org/1999/xlink"
                           resourceRelationType="creatorOf"
                           xlink:href="FRAN_IR_041257"
                           xlink:type="simple">
            <relationEntry localType="archival">Minutes et répertoires du notaire Claude BRESSON, 15 février 1553 - 16 janvier 1559 (étude VIII)</relationEntry>
         </resourceRelation>
         <resourceRelation xmlns:xlink="http://www.w3.org/1999/xlink"
                           resourceRelationType="creatorOf"
                           xlink:href="FRAN_IR_041282"
                           xlink:type="simple">
            <relationEntry localType="archival">Minutes et répertoires du notaire Jean ALART, 18 février 1542 - 25 avril 1575 (étude VIII)</relationEntry>
         </resourceRelation>
         <resourceRelation xmlns:xlink="http://www.w3.org/1999/xlink"
                           resourceRelationType="creatorOf"
                           xlink:href="FRAN_IR_041284"
                           xlink:type="simple">
            <relationEntry localType="archival">Minutes et répertoires du notaire Guillaume SIMON, 1554 - juillet 1566 (étude VIII)</relationEntry>
         </resourceRelation>
         <resourceRelation xmlns:xlink="http://www.w3.org/1999/xlink"
                           resourceRelationType="creatorOf"
                           xlink:href="FRAN_IR_041292"
                           xlink:type="simple">
            <relationEntry localType="archival">Minutes et répertoires du notaire Quiriace CHAMPY, 1561 - 18 juin 1572 (étude VIII)</relationEntry>
         </resourceRelation>
         <resourceRelation xmlns:xlink="http://www.w3.org/1999/xlink"
                           resourceRelationType="creatorOf"
                           xlink:href="FRAN_IR_041293"
                           xlink:type="simple">
            <relationEntry localType="archival">Minutes et répertoires du notaire Roland HACTE, 1570 - 1575 (étude VIII)</relationEntry>
         </resourceRelation>
         <resourceRelation xmlns:xlink="http://www.w3.org/1999/xlink"
                           resourceRelationType="creatorOf"
                           xlink:href="FRAN_IR_041294"
                           xlink:type="simple">
            <relationEntry localType="archival">Minutes et répertoires du notaire François DARBONNE, 1580 - 1580 (étude VIII)</relationEntry>
         </resourceRelation>
         <resourceRelation xmlns:xlink="http://www.w3.org/1999/xlink"
                           resourceRelationType="creatorOf"
                           xlink:href="FRAN_IR_041295"
                           xlink:type="simple">
            <relationEntry localType="archival">Minutes et répertoires du notaire François CHAUVET, 1582 - décembre 1594 (étude VIII)</relationEntry>
         </resourceRelation>
         <resourceRelation xmlns:xlink="http://www.w3.org/1999/xlink"
                           resourceRelationType="creatorOf"
                           xlink:href="FRAN_IR_041296"
                           xlink:type="simple">
            <relationEntry localType="archival">Minutes et répertoires du notaire Mathurin NUTRAT, 1587 - 6 mars 1595 (étude VIII)</relationEntry>
         </resourceRelation>
         <resourceRelation xmlns:xlink="http://www.w3.org/1999/xlink"
                           resourceRelationType="creatorOf"
                           xlink:href="FRAN_IR_041287"
                           xlink:type="simple">
            <relationEntry localType="archival">Minutes et répertoires du notaire Guillaume NUTRAT, 6 mai 1597 - février 1619 (étude VIII)</relationEntry>
         </resourceRelation>
         <resourceRelation xmlns:xlink="http://www.w3.org/1999/xlink"
                           resourceRelationType="creatorOf"
                           xlink:href="FRAN_IR_041289"
                           xlink:type="simple">
            <relationEntry localType="archival">Minutes et répertoires du notaire Guillaume NUTRAT, 6 mai 1597 - 1606 (étude VIII)</relationEntry>
         </resourceRelation>
         <resourceRelation xmlns:xlink="http://www.w3.org/1999/xlink"
                           resourceRelationType="creatorOf"
                           xlink:href="FRAN_IR_041290"
                           xlink:type="simple">
            <relationEntry localType="archival">Minutes et répertoires du notaire Guillaume NUTRAT, 1600 - février 1619 (étude VIII)</relationEntry>
         </resourceRelation>
         <resourceRelation xmlns:xlink="http://www.w3.org/1999/xlink"
                           resourceRelationType="creatorOf"
                           xlink:href="FRAN_IR_041291"
                           xlink:type="simple">
            <relationEntry localType="archival">Minutes et répertoires du notaire Guillaume NUTRAT, janvier 1610 - décembre 1618 (étude VIII)</relationEntry>
         </resourceRelation>
         <resourceRelation xmlns:xlink="http://www.w3.org/1999/xlink"
                           resourceRelationType="creatorOf"
                           xlink:href="FRAN_IR_041297"
                           xlink:type="simple">
            <relationEntry localType="archival">Minutes et répertoires du notaire François NUTRAT, 18 février 1619 - 12 janvier 1622 (étude VIII)</relationEntry>
         </resourceRelation>
         <resourceRelation xmlns:xlink="http://www.w3.org/1999/xlink"
                           resourceRelationType="creatorOf"
                           xlink:href="FRAN_IR_041298"
                           xlink:type="simple">
            <relationEntry localType="archival">Minutes et répertoires du notaire Jean DUPUYS, 24 septembre 1616 - décembre 1621 (étude VIII)</relationEntry>
         </resourceRelation>
         <resourceRelation xmlns:xlink="http://www.w3.org/1999/xlink"
                           resourceRelationType="creatorOf"
                           xlink:href="FRAN_IR_041300"
                           xlink:type="simple">
            <relationEntry localType="archival">Minutes et répertoires du notaire Fiacre JUTET, 20 janvier 1622 - 27 octobre 1632 (étude VIII)</relationEntry>
         </resourceRelation>
         <resourceRelation xmlns:xlink="http://www.w3.org/1999/xlink"
                           resourceRelationType="creatorOf"
                           xlink:href="FRAN_IR_041301"
                           xlink:type="simple">
            <relationEntry localType="archival">Minutes et répertoires du notaire Charles SADRON, 9 juin 1633 - 17 juin 1641 (étude VIII)</relationEntry>
         </resourceRelation>
         <resourceRelation xmlns:xlink="http://www.w3.org/1999/xlink"
                           resourceRelationType="creatorOf"
                           xlink:href="FRAN_IR_041302"
                           xlink:type="simple">
            <relationEntry localType="archival">Minutes et répertoires du notaire Antoine HUART, 2 juin 1641 - 25 avril 1681 (étude VIII)</relationEntry>
         </resourceRelation>
         <resourceRelation xmlns:xlink="http://www.w3.org/1999/xlink"
                           resourceRelationType="creatorOf"
                           xlink:href="FRAN_IR_041304"
                           xlink:type="simple">
            <relationEntry localType="archival">Minutes et répertoires du notaire Antoine HUART, 2 juin 1641 - 1657 (étude VIII)</relationEntry>
         </resourceRelation>
         <resourceRelation xmlns:xlink="http://www.w3.org/1999/xlink"
                           resourceRelationType="creatorOf"
                           xlink:href="FRAN_IR_041305"
                           xlink:type="simple">
            <relationEntry localType="archival">Minutes et répertoires du notaire Antoine HUART, janvier 1651 - décembre 1660 (étude VIII)</relationEntry>
         </resourceRelation>
         <resourceRelation xmlns:xlink="http://www.w3.org/1999/xlink"
                           resourceRelationType="creatorOf"
                           xlink:href="FRAN_IR_041306"
                           xlink:type="simple">
            <relationEntry localType="archival">Minutes et répertoires du notaire Antoine HUART, janvier 1661 - décembre 1680 (étude VIII)</relationEntry>
         </resourceRelation>
         <resourceRelation xmlns:xlink="http://www.w3.org/1999/xlink"
                           resourceRelationType="creatorOf"
                           xlink:href="FRAN_IR_041307"
                           xlink:type="simple">
            <relationEntry localType="archival">Minutes et répertoires du notaire Antoine HUART, janvier 1671 - 25 avril 1681 (étude VIII)</relationEntry>
         </resourceRelation>
         <resourceRelation xmlns:xlink="http://www.w3.org/1999/xlink"
                           resourceRelationType="creatorOf"
                           xlink:href="FRAN_IR_041309"
                           xlink:type="simple">
            <relationEntry localType="archival">Minutes et répertoires du notaire Alexis COUVREUR, 26 avril 1681 - 26 janvier 1699 (étude VIII)</relationEntry>
         </resourceRelation>
         <resourceRelation xmlns:xlink="http://www.w3.org/1999/xlink"
                           resourceRelationType="creatorOf"
                           xlink:href="FRAN_IR_041299"
                           xlink:type="simple">
            <relationEntry localType="archival">Minutes et répertoires du notaire Antoine NAVARRE, 28 février 1699 - 30 mars 1718 (étude VIII)</relationEntry>
         </resourceRelation>
         <resourceRelation xmlns:xlink="http://www.w3.org/1999/xlink"
                           resourceRelationType="creatorOf"
                           xlink:href="FRAN_IR_041311"
                           xlink:type="simple">
            <relationEntry localType="archival">Minutes et répertoires du notaire Pierre DESPLASSES, 2 avril 1718 - 20 octobre 1738 (étude VIII)</relationEntry>
         </resourceRelation>
         <resourceRelation xmlns:xlink="http://www.w3.org/1999/xlink"
                           resourceRelationType="creatorOf"
                           xlink:href="FRAN_IR_041313"
                           xlink:type="simple">
            <relationEntry localType="archival">Minutes et répertoires du notaire Charles SAUVAIGE, 13 novembre 1738 - décembre 1771 (étude VIII)</relationEntry>
         </resourceRelation>
         <resourceRelation xmlns:xlink="http://www.w3.org/1999/xlink"
                           resourceRelationType="creatorOf"
                           xlink:href="FRAN_IR_041316"
                           xlink:type="simple">
            <relationEntry localType="archival">Minutes et répertoires du notaire Alexandre Philippe SAUVAIGE, 4 janvier 1772 - mars 1790 (étude VIII)</relationEntry>
         </resourceRelation>
         <resourceRelation xmlns:xlink="http://www.w3.org/1999/xlink"
                           resourceRelationType="creatorOf"
                           xlink:href="FRAN_IR_041315"
                           xlink:type="simple">
            <relationEntry localType="archival">Minutes et répertoires du notaire Louis Nicolas GASCHE, 24 avril 1790 - 12 juin 1800 (étude VIII)</relationEntry>
         </resourceRelation>
         <resourceRelation xmlns:xlink="http://www.w3.org/1999/xlink"
                           resourceRelationType="creatorOf"
                           xlink:href="FRAN_IR_041310"
                           xlink:type="simple">
            <relationEntry localType="archival">Minutes et répertoires du notaire Auguste de FAUCOMPRET, 13 juin 1800 - 27 septembre 1814 (étude VIII)</relationEntry>
         </resourceRelation>
         <resourceRelation xmlns:xlink="http://www.w3.org/1999/xlink"
                           resourceRelationType="creatorOf"
                           xlink:href="FRAN_IR_041314"
                           xlink:type="simple">
            <relationEntry localType="archival">Minutes et répertoires du notaire Jacques Louis DEPUILLE, 28 septembre 1814 - 19 décembre 1826 (étude VIII)</relationEntry>
         </resourceRelation>
         <resourceRelation xmlns:xlink="http://www.w3.org/1999/xlink"
                           resourceRelationType="creatorOf"
                           xlink:href="FRAN_IR_041312"
                           xlink:type="simple">
            <relationEntry localType="archival">Minutes et répertoires du notaire Jacques FLORENT, 20 décembre 1826 - 7 novembre 1832 (étude VIII)</relationEntry>
         </resourceRelation>
         <resourceRelation xmlns:xlink="http://www.w3.org/1999/xlink"
                           resourceRelationType="creatorOf"
                           xlink:href="FRAN_IR_041317"
                           xlink:type="simple">
            <relationEntry localType="archival">Minutes et répertoires du notaire Émile FOULD, 7 novembre 1832 - 6 août 1880 (étude VIII)</relationEntry>
         </resourceRelation>
         <resourceRelation xmlns:xlink="http://www.w3.org/1999/xlink"
                           resourceRelationType="creatorOf"
                           xlink:href="FRAN_IR_041318"
                           xlink:type="simple">
            <relationEntry localType="archival">Minutes et répertoires du notaire Félix François Georges BERTRAND, 6 août 1880 - 26 juin 1902 (étude VIII)</relationEntry>
         </resourceRelation>
         <resourceRelation xmlns:xlink="http://www.w3.org/1999/xlink"
                           resourceRelationType="creatorOf"
                           xlink:href="FRAN_IR_041319"
                           xlink:type="simple">
            <relationEntry localType="archival">Minutes et répertoires du notaire Louis Emile RAFIN, 26 juin 1902 - 16 mars 1906 (étude VIII)</relationEntry>
         </resourceRelation>
         <resourceRelation xmlns:xlink="http://www.w3.org/1999/xlink"
                           resourceRelationType="creatorOf"
                           xlink:href="FRAN_IR_041267"
                           xlink:type="simple">
            <relationEntry localType="archival">Minutes et répertoires du notaire ROHART, 11 avril 1509 - 26 mars 1510 (étude VIII)</relationEntry>
         </resourceRelation>
         <resourceRelation xmlns:xlink="http://www.w3.org/1999/xlink"
                           resourceRelationType="creatorOf"
                           xlink:href="FRAN_IR_041255"
                           xlink:type="simple">
            <relationEntry localType="archival">Archives de l'étude VIII</relationEntry>
         </resourceRelation>
         <resourceRelation xmlns:xlink="http://www.w3.org/1999/xlink"
                           resourceRelationType="creatorOf"
                           xlink:href="FRAN_IR_050294"
                           xlink:type="simple">
            <relationEntry localType="archival">«Mélanges» (dossiers de clients) de l'étude VIII. MC/ET/VIII/1366-MC/ET/VIII/1372 et MC/ET/VIII/1577-MC/ET/VIII/1592 (1371-1940)</relationEntry>
         </resourceRelation>
         <resourceRelation xmlns:xlink="http://www.w3.org/1999/xlink"
                           resourceRelationType="creatorOf"
                           xlink:href="FRAN_IR_051533"
                           xlink:type="simple">
            <relationEntry localType="archival">Images du répertoire du notaire Alexis Couvreur pour l'étude VIII</relationEntry>
         </resourceRelation>
         <resourceRelation xmlns:xlink="http://www.w3.org/1999/xlink"
                           resourceRelationType="creatorOf"
                           xlink:href="FRAN_IR_051408"
                           xlink:type="simple">
            <relationEntry localType="archival">Images des répertoires du notaire Fiacre Jutet pour l'étude VIII</relationEntry>
         </resourceRelation>
         <resourceRelation xmlns:xlink="http://www.w3.org/1999/xlink"
                           resourceRelationType="creatorOf"
                           xlink:href="FRAN_IR_051230"
                           xlink:type="simple">
            <relationEntry localType="archival">Images du répertoire du notaire Charles Sadron pour l'étude VIII</relationEntry>
         </resourceRelation>
         <resourceRelation xmlns:xlink="http://www.w3.org/1999/xlink"
                           resourceRelationType="creatorOf"
                           xlink:href="FRAN_IR_051424"
                           xlink:type="simple">
            <relationEntry localType="archival">Images du répertoire du notaire Antoine Huart pour l'étude VIII</relationEntry>
         </resourceRelation>
         <resourceRelation xmlns:xlink="http://www.w3.org/1999/xlink"
                           resourceRelationType="creatorOf"
                           xlink:href="FRAN_IR_052755"
                           xlink:type="simple">
            <relationEntry localType="archival">Images du répertoire du notaire Antoine Navarre pour l'étude VIII</relationEntry>
         </resourceRelation>
         <resourceRelation xmlns:xlink="http://www.w3.org/1999/xlink"
                           resourceRelationType="creatorOf"
                           xlink:href="FRAN_IR_055579"
                           xlink:type="simple">
            <relationEntry localType="archival">Images des répertoires du notaire Émile Fould pour l'étude VIII</relationEntry>
         </resourceRelation>
         <resourceRelation xmlns:xlink="http://www.w3.org/1999/xlink"
                           resourceRelationType="creatorOf"
                           xlink:href="FRAN_IR_053363"
                           xlink:type="simple">
            <relationEntry localType="archival">Images des répertoires du notaire Jean Boreau pour l'étude VIII</relationEntry>
         </resourceRelation>
         <resourceRelation xmlns:xlink="http://www.w3.org/1999/xlink"
                           resourceRelationType="creatorOf"
                           xlink:href="FRAN_IR_053651"
                           xlink:type="simple">
            <relationEntry localType="archival">Images des répertoires du notaire Claude II Boreau pour l'étude VIII</relationEntry>
         </resourceRelation>
         <resourceRelation xmlns:xlink="http://www.w3.org/1999/xlink"
                           resourceRelationType="creatorOf"
                           xlink:href="FRAN_IR_053351"
                           xlink:type="simple">
            <relationEntry localType="archival">Images des répertoires du notaire Pierre Cayard pour l'étude VIII</relationEntry>
         </resourceRelation>
         <resourceRelation xmlns:xlink="http://www.w3.org/1999/xlink"
                           resourceRelationType="creatorOf"
                           xlink:href="FRAN_IR_053362"
                           xlink:type="simple">
            <relationEntry localType="archival">Images des répertoires du notaire Nicolas Brahier pour l'étude VIII</relationEntry>
         </resourceRelation>
         <resourceRelation xmlns:xlink="http://www.w3.org/1999/xlink"
                           resourceRelationType="creatorOf"
                           xlink:href="FRAN_IR_053352"
                           xlink:type="simple">
            <relationEntry localType="archival">Images des répertoires du notaire François Croiset pour l'étude VIII</relationEntry>
         </resourceRelation>
         <resourceRelation xmlns:xlink="http://www.w3.org/1999/xlink"
                           resourceRelationType="creatorOf"
                           xlink:href="FRAN_IR_053410"
                           xlink:type="simple">
            <relationEntry localType="archival">Images des répertoires du notaire Roland Hacte pour l'étude VIII</relationEntry>
         </resourceRelation>
         <resourceRelation xmlns:xlink="http://www.w3.org/1999/xlink"
                           resourceRelationType="creatorOf"
                           xlink:href="FRAN_IR_053178"
                           xlink:type="simple">
            <relationEntry localType="archival">Images des répertoires du notaire Mathurin Nutrat pour l'étude VIII</relationEntry>
         </resourceRelation>
         <resourceRelation xmlns:xlink="http://www.w3.org/1999/xlink"
                           resourceRelationType="creatorOf"
                           xlink:href="FRAN_IR_053179"
                           xlink:type="simple">
            <relationEntry localType="archival">Images des répertoires du notaire Guillaume Nutrat pour l'étude VIII</relationEntry>
         </resourceRelation>
         <resourceRelation xmlns:xlink="http://www.w3.org/1999/xlink"
                           resourceRelationType="creatorOf"
                           xlink:href="FRAN_IR_056694"
                           xlink:type="simple">
            <relationEntry localType="archival">Images des répertoires du notaire Claude I Franquelin pour l'étude IV</relationEntry>
         </resourceRelation>
         <resourceRelation xmlns:xlink="http://www.w3.org/1999/xlink"
                           resourceRelationType="creatorOf"
                           xlink:href="FRAN_IR_052815"
                           xlink:type="simple">
            <relationEntry localType="archival">Images du répertoire du notaire Pierre Desplasses pour l'étude VIII</relationEntry>
         </resourceRelation>
         <resourceRelation xmlns:xlink="http://www.w3.org/1999/xlink"
                           resourceRelationType="creatorOf"
                           xlink:href="FRAN_IR_053028"
                           xlink:type="simple">
            <relationEntry localType="archival">Images des répertoires du notaire Jacques Louis Depuille pour l'étude VIII</relationEntry>
         </resourceRelation>
         <resourceRelation xmlns:xlink="http://www.w3.org/1999/xlink"
                           resourceRelationType="creatorOf"
                           xlink:href="FRAN_IR_053026"
                           xlink:type="simple">
            <relationEntry localType="archival">Images des répertoires du notaire Auguste de Faucompret pour l'étude VIII</relationEntry>
         </resourceRelation>
         <resourceRelation xmlns:xlink="http://www.w3.org/1999/xlink"
                           resourceRelationType="creatorOf"
                           xlink:href="FRAN_IR_053034"
                           xlink:type="simple">
            <relationEntry localType="archival">Images des répertoires du notaire Louis Nicolas Gasche pour l'étude VIII</relationEntry>
         </resourceRelation>
         <resourceRelation xmlns:xlink="http://www.w3.org/1999/xlink"
                           resourceRelationType="creatorOf"
                           xlink:href="FRAN_IR_056701"
                           xlink:type="simple">
            <relationEntry localType="archival">Images des répertoires du notaire Charles Sauvaige pour l'étude VIII</relationEntry>
         </resourceRelation>
         <resourceRelation xmlns:xlink="http://www.w3.org/1999/xlink"
                           resourceRelationType="creatorOf"
                           xlink:href="FRAN_IR_056709"
                           xlink:type="simple">
            <relationEntry localType="archival">Images des répertoires du notaire Alexandre Philippe Sauvaige pour l'étude VIII</relationEntry>
         </resourceRelation>
         <resourceRelation xmlns:xlink="http://www.w3.org/1999/xlink"
                           resourceRelationType="creatorOf"
                           xlink:href="FRAN_IR_056711"
                           xlink:type="simple">
            <relationEntry localType="archival">Images des répertoires du notaire Jacques Florent pour l'étude VIII</relationEntry>
         </resourceRelation>
         <resourceRelation xmlns:xlink="http://www.w3.org/1999/xlink"
                           resourceRelationType="creatorOf"
                           xlink:href="FRAN_IR_056713"
                           xlink:type="simple">
            <relationEntry localType="archival">Images des répertoires du notaire Félix François Georges Bertrand pour l'étude VIII</relationEntry>
         </resourceRelation>
      </relations>
   </cpfDescription>
</eac-cpf>
