<eac-cpf xmlns="urn:isbn:1-931666-33-4"
         xmlns:xsi="http://www.w3.org/2001/XMLSchema-instance"
         xsi:schemaLocation="urn:isbn:1-931666-33-4 cpf.xsd">
   <control>
      <recordId>FRAN_NP_010145</recordId>
      <otherRecordId localType="Ancien_identifiant">FRDAFANCH00MC_NAETUDE_018</otherRecordId>
      <maintenanceStatus>revised</maintenanceStatus>
      <maintenanceAgency>
         <agencyName>Archives nationales de France</agencyName>
      </maintenanceAgency>
      <languageDeclaration>
         <language languageCode="fre">Français</language>
         <script scriptCode="Latn"/>
      </languageDeclaration>
      <conventionDeclaration>
         <citation>Notice établie conformément à la norme ICA-ISAAR (CPF) 2004, aux normes ISO 8601 pour le système de normalisation des dates utilisé, ainsi que AFNOR NF Z 44-061, juin 1986. Catalogage : forme et structure des vedettes noms de personne, des vedettes titres, des rubriques de classement et des titres forgés.</citation>
      </conventionDeclaration>
      <localControl localType="niveau_de_detail">
         <term>Complète</term>
      </localControl>
      <maintenanceHistory>
         <maintenanceEvent>
            <eventType>derived</eventType>
            <eventDateTime>2013-04-23</eventDateTime>
            <agentType>machine</agentType>
            <agent>Migration ETANOT</agent>
         </maintenanceEvent>
         <maintenanceEvent>
            <eventType>revised</eventType>
            <eventDateTime>2013-11-15</eventDateTime>
            <agentType>human</agentType>
            <agent>Marie-Françoise LIMON-BONNET</agent>
            <eventDescription>F. Clavaud, 16 octobre 2013, déplacé identifiant vers l'élément ad hoc</eventDescription>
         </maintenanceEvent>
         <maintenanceEvent>
            <eventType>revised</eventType>
            <eventDateTime>2015-08-20</eventDateTime>
            <agentType>human</agentType>
            <agent>Marie-Françoise LIMON-BONNET</agent>
            <eventDescription/>
         </maintenanceEvent>
      </maintenanceHistory>
      <sources>
         <source>
            <descriptiveNote>
               <p>
                  <span style="bold">Voir : </span>
               </p>
               <p>Limon-Bonnet (M.-F.) [dir.], 
      <span style="italic">122 minutes d'histoire. Actes des notaires de Paris, XVIe-XXe siècle</span>, Paris, 2012, pp. 40-41. 
     </p>
               <p>
                  <span style="italic">Annuaire du notariat français 2012</span>, p. 1038. 
     </p>
            </descriptiveNote>
         </source>
      </sources>
   </control>
   <cpfDescription>
      <identity>
         <entityId/>
         <entityType>corporateBody</entityType>
         <nameEntry localType="autorisée" scriptCode="Latn" xml:lang="fre">
            <part>Etude XVIII</part>
         </nameEntry>
         <nameEntry>
            <part>75026</part>
         </nameEntry>
      </identity>
      <description>
         <existDates>
            <dateRange>
               <fromDate standardDate="1581-01-01">1581</fromDate>
            </dateRange>
         </existDates>
         <places>
            <place>
               <placeRole>Lieu de Paris</placeRole>
               <placeEntry localType="nomLieu">20 rue Saint-Fiacre, 75002 Paris</placeEntry>
               <placeEntry localType="arrondissement_actuel"
                           vocabularySource="d3nyv8ftnv--8nhl10zyl2m0">02e arrondissement</placeEntry>
               <placeEntry localType="voie" vocabularySource="d3nzd2pfai--6mptn3lxougo">Saint-Fiacre (rue)</placeEntry>
            </place>
         </places>
         <legalStatuses>
            <legalStatus>
               <term>office notarial</term>
            </legalStatus>
         </legalStatuses>
         <functions>
            <function>
               <term vocabularySource="d3nyui3o8w--11y7jgy8q3wnt">notaire à Paris</term>
               <dateRange>
                  <fromDate standardDate="1581-01-01">1581</fromDate>
               </dateRange>
            </function>
         </functions>
         <mandates>
            <mandate/>
         </mandates>
         <generalContext>
            <p>Les archives de l'étude XVIII sont constituées :</p>
            <list>
               <item>d'archives publiques : les 
      <span style="bold">minutes</span> de cette étude ont été versées aux Archives nationales (2013) jusqu'au 31 décembre 1938, les 
      <span style="bold">répertoires</span> ont été versés jusqu'au 20 juillet 1897
     </item>
               <item>d'archives privées : 
      <span style="bold">Mélanges</span> (1583-1802) et 
      <span style="bold">dossiers de clients</span> (non encore inventoriés).
     </item>
            </list>
         </generalContext>
         <biogHist>
            <p>Sous l'Ancien Régime, l'étude se situe sur la rive gauche, à la maison du "Pot Josué", place Maubert, ou dans les environs immédiats jusqu'à l'an II. Elle déménage vers la rive droite, rue de Richelieu, où elle reste jusqu'en 1841, pour s'installer alors rue Sainte-Anne puis rue Saint-Lazare en 1884.</p>
            <p>La clientèle de l'étude, quand celle-ci est située dans la maison du "Pot Josué", comprend les habitants des alentours : beaucoup d'officiers du roi (maîtres des requêtes, officiers de la Chambre des comptes), de docteurs des facultés, libraires, imprimeurs, doreurs de livres, joueurs d'instruments, fondeurs de cloches. La clientèle religieuse est importante, eu égard au nombre d'établissements ecclésiastiques du voisinage (l'abbaye Sainte-Geneviève, les paroisses de Saint-Etienne-du-Mont, de Saint-Nicolas-du-Chardonnet, de Saint-Médard, le couvent des carmes, le collège des Bons-Enfants, etc.) : de nombreux marchés y sont passés concernant, par exemple, l'orgue portatif de Vincent de Paul, principal du collège des Bons-Enfants (1630), ou les cloches de Saint-Etienne-du-Mont (1628) ; le terrier de l'abbaye Sainte-Geneviève y est dressé de 1675 à 1723 ... Le 24 août 1800, est signée une convention de transfert technologique entre l'horloger Louis Breguet, fondé de pouvoir d'Augustin de Béthancourt, ingénieur espagnol, et Jean Frédéric de Rougemont, industriel d'origine suisse, fabricant d'écheveaux de fil de coton de qualité dont un échantillon est annexé à la minute. Au XIXe siècle, on y trouve le contrat de la société d'exploitation du journal 
     <span style="italic">L'Education</span>, revue de l'enseignement (1840), celui de la société "L'Union des ports" (1843), et le cahier d'enchères de la fusion de la Société charbonnière, de la Société de Bruxelles et de la Société anonyme des mutualistes (1845). Le Minutier central conserve les minutes de l'étude XVIII à partir de l'année 1581. 
    </p>
         </biogHist>
      </description>
      <relations>
         <cpfRelation xmlns:xlink="http://www.w3.org/1999/xlink"
                      cpfRelationType="associative"
                      xlink:href="FRAN_NP_010964"
                      xlink:type="simple">
            <relationEntry>Poignant, Pierre François</relationEntry>
            <dateRange>
               <fromDate standardDate="1826-07-07">7 juillet 1826</fromDate>
               <toDate standardDate="1838-03-15">15 mars 1838</toDate>
            </dateRange>
         </cpfRelation>
         <cpfRelation xmlns:xlink="http://www.w3.org/1999/xlink"
                      cpfRelationType="associative"
                      xlink:href="FRAN_NP_011396"
                      xlink:type="simple">
            <relationEntry>Le chanteur, Jean</relationEntry>
            <dateRange>
               <fromDate standardDate="1668-04-30">30 avril 1668</fromDate>
               <toDate standardDate="1682-07-18">18 juillet 1682</toDate>
            </dateRange>
         </cpfRelation>
         <cpfRelation xmlns:xlink="http://www.w3.org/1999/xlink"
                      cpfRelationType="associative"
                      xlink:href="FRAN_NP_012178"
                      xlink:type="simple">
            <relationEntry>Duval-Fleury, Thierry</relationEntry>
            <dateRange>
               <fromDate standardDate="1982-05-06">6 mai 1982</fromDate>
            </dateRange>
         </cpfRelation>
         <cpfRelation xmlns:xlink="http://www.w3.org/1999/xlink"
                      cpfRelationType="associative"
                      xlink:href="FRAN_NP_012497"
                      xlink:type="simple">
            <relationEntry>Cartier, Nicolas</relationEntry>
            <dateRange>
               <fromDate standardDate="1642-12-31">31 décembre 1642</fromDate>
               <toDate standardDate="1667-08-26">26 août 1667</toDate>
            </dateRange>
         </cpfRelation>
         <cpfRelation xmlns:xlink="http://www.w3.org/1999/xlink"
                      cpfRelationType="associative"
                      xlink:href="FRAN_NP_012498"
                      xlink:type="simple">
            <relationEntry>Chalon, Christophe</relationEntry>
            <dateRange>
               <fromDate standardDate="1640-07-05">5 juillet 1640</fromDate>
               <toDate standardDate="1669-04-13">13 avril 1669</toDate>
            </dateRange>
         </cpfRelation>
         <cpfRelation xmlns:xlink="http://www.w3.org/1999/xlink"
                      cpfRelationType="associative"
                      xlink:href="FRAN_NP_011182"
                      xlink:type="simple">
            <relationEntry>Miller, Jacques</relationEntry>
            <dateRange>
               <fromDate standardDate="1751-03-17">17 mars 1751</fromDate>
               <toDate standardDate="1771-12-20">20 décembre 1771</toDate>
            </dateRange>
         </cpfRelation>
         <cpfRelation xmlns:xlink="http://www.w3.org/1999/xlink"
                      cpfRelationType="associative"
                      xlink:href="FRAN_NP_010466"
                      xlink:type="simple">
            <relationEntry>Tollu, Charles-Paul</relationEntry>
            <dateRange>
               <fromDate standardDate="1868-05-06">6 mai 1868</fromDate>
               <toDate standardDate="1901-01-31">31 janvier 1901</toDate>
            </dateRange>
         </cpfRelation>
         <cpfRelation xmlns:xlink="http://www.w3.org/1999/xlink"
                      cpfRelationType="associative"
                      xlink:href="FRAN_NP_013395"
                      xlink:type="simple">
            <relationEntry>Hey, Jean-Fabrice</relationEntry>
            <dateRange>
               <fromDate standardDate="2004-03-29">29 mars 2004</fromDate>
               <toDate standardDate="2007-12-31">2007</toDate>
            </dateRange>
         </cpfRelation>
         <cpfRelation xmlns:xlink="http://www.w3.org/1999/xlink"
                      cpfRelationType="associative"
                      xlink:href="FRAN_NP_010722"
                      xlink:type="simple">
            <relationEntry>Roquebert, Jean-Jacques</relationEntry>
            <dateRange>
               <fromDate standardDate="1838-03-15">15 mars 1838</fromDate>
               <toDate standardDate="1868-05-06">6 mai 1868</toDate>
            </dateRange>
         </cpfRelation>
         <cpfRelation xmlns:xlink="http://www.w3.org/1999/xlink"
                      cpfRelationType="associative"
                      xlink:href="FRAN_NP_010630"
                      xlink:type="simple">
            <relationEntry>Regnault, Etienne</relationEntry>
            <dateRange>
               <fromDate standardDate="1710-10-04">4 octobre 1710</fromDate>
               <toDate standardDate="1751-03-17">17 mars 1751</toDate>
            </dateRange>
         </cpfRelation>
         <cpfRelation xmlns:xlink="http://www.w3.org/1999/xlink"
                      cpfRelationType="associative"
                      xlink:href="FRAN_NP_010628"
                      xlink:type="simple">
            <relationEntry>Régent, Jean-François</relationEntry>
            <dateRange>
               <fromDate standardDate="1979-01-03">3 janvier 1979</fromDate>
            </dateRange>
         </cpfRelation>
         <cpfRelation xmlns:xlink="http://www.w3.org/1999/xlink"
                      cpfRelationType="associative"
                      xlink:href="FRAN_NP_012929"
                      xlink:type="simple">
            <relationEntry>Bobusse, Antoine</relationEntry>
            <dateRange>
               <fromDate standardDate="1676-12-05">5 décembre 1676</fromDate>
               <toDate standardDate="1710-10-02">2 octobre 1710</toDate>
            </dateRange>
         </cpfRelation>
         <cpfRelation xmlns:xlink="http://www.w3.org/1999/xlink"
                      cpfRelationType="associative"
                      xlink:href="FRAN_NP_010629"
                      xlink:type="simple">
            <relationEntry>Régent, Maurice Jean</relationEntry>
            <dateRange>
               <fromDate standardDate="1954-04-13">13 avril 1954</fromDate>
               <toDate standardDate="1982-05-06">6 mai 1982</toDate>
            </dateRange>
         </cpfRelation>
         <cpfRelation xmlns:xlink="http://www.w3.org/1999/xlink"
                      cpfRelationType="associative"
                      xlink:href="FRAN_NP_011866"
                      xlink:type="simple">
            <relationEntry>Gauldrée-Boilleau, Jean-Louis</relationEntry>
            <dateRange>
               <fromDate standardDate="1794-08-12">12 août 1794</fromDate>
               <toDate standardDate="1826-07-07">7 juillet 1826</toDate>
            </dateRange>
         </cpfRelation>
         <cpfRelation xmlns:xlink="http://www.w3.org/1999/xlink"
                      cpfRelationType="associative"
                      xlink:href="FRAN_NP_011888"
                      xlink:type="simple">
            <relationEntry>Giard, Jean-Nicolas</relationEntry>
            <dateRange>
               <fromDate standardDate="1771-12-20">20 décembre 1771</fromDate>
               <toDate standardDate="1794-02-01">1er février 1794</toDate>
            </dateRange>
         </cpfRelation>
         <cpfRelation xmlns:xlink="http://www.w3.org/1999/xlink"
                      cpfRelationType="associative"
                      xlink:href="FRAN_NP_010388"
                      xlink:type="simple">
            <relationEntry>Vincent, Louis-Henri</relationEntry>
            <dateRange>
               <fromDate standardDate="1669-05-27">27 mai 1669</fromDate>
               <toDate standardDate="1676-12-02">2 décembre 1676</toDate>
            </dateRange>
         </cpfRelation>
         <cpfRelation xmlns:xlink="http://www.w3.org/1999/xlink"
                      cpfRelationType="associative"
                      xlink:href="FRAN_NP_010465"
                      xlink:type="simple">
            <relationEntry>Tollu, Charles Henri</relationEntry>
            <dateRange>
               <fromDate standardDate="1901-01-31">31 janvier 1901</fromDate>
               <toDate standardDate="1933-10-17">17 octobre 1933</toDate>
            </dateRange>
         </cpfRelation>
         <cpfRelation xmlns:xlink="http://www.w3.org/1999/xlink"
                      cpfRelationType="associative"
                      xlink:href="FRAN_NP_012499"
                      xlink:type="simple">
            <relationEntry>Charles, Jacques I</relationEntry>
            <dateRange>
               <fromDate standardDate="1623-06-17">17 juin 1623</fromDate>
               <toDate standardDate="1630-04-27">27 avril 1630</toDate>
            </dateRange>
         </cpfRelation>
         <cpfRelation xmlns:xlink="http://www.w3.org/1999/xlink"
                      cpfRelationType="associative"
                      xlink:href="FRAN_NP_012500"
                      xlink:type="simple">
            <relationEntry>Charles, Jacques II</relationEntry>
            <dateRange>
               <fromDate standardDate="1635-08-14">14 août 1635</fromDate>
               <toDate standardDate="1640-05-02">2 mai 1640</toDate>
            </dateRange>
         </cpfRelation>
         <cpfRelation xmlns:xlink="http://www.w3.org/1999/xlink"
                      cpfRelationType="associative"
                      xlink:href="FRAN_NP_012501"
                      xlink:type="simple">
            <relationEntry>Charles, Jean I</relationEntry>
            <dateRange>
               <fromDate standardDate="1581-03-13">13 mars 1581</fromDate>
               <toDate standardDate="1626-11-12">12 novembre 1626</toDate>
            </dateRange>
         </cpfRelation>
         <cpfRelation xmlns:xlink="http://www.w3.org/1999/xlink"
                      cpfRelationType="associative"
                      xlink:href="FRAN_NP_012502"
                      xlink:type="simple">
            <relationEntry>Charles, Jean II</relationEntry>
            <dateRange>
               <fromDate standardDate="1630-04-27">27 avril 1630</fromDate>
               <toDate standardDate="1635-08-14">14 août 1635</toDate>
            </dateRange>
         </cpfRelation>
         <cpfRelation xmlns:xlink="http://www.w3.org/1999/xlink"
                      cpfRelationType="associative"
                      xlink:href="FRAN_NP_012503"
                      xlink:type="simple">
            <relationEntry>Constantin, Philippe François Guy</relationEntry>
            <dateRange>
               <fromDate standardDate="1933-10-17">17 octobre 1933</fromDate>
               <toDate standardDate="1954-04-13">13 avril 1954</toDate>
            </dateRange>
         </cpfRelation>
         <cpfRelation xmlns:xlink="http://www.w3.org/1999/xlink"
                      cpfRelationType="associative"
                      xlink:href="FRAN_NP_013445"
                      xlink:type="simple">
            <relationEntry>Régent, Sébastien</relationEntry>
            <dateRange>
               <fromDate standardDate="2009-11-05">5 novembre 2009</fromDate>
            </dateRange>
         </cpfRelation>
         <resourceRelation xmlns:xlink="http://www.w3.org/1999/xlink"
                           resourceRelationType="creatorOf"
                           xlink:href="FRAN_IR_041500"
                           xlink:type="simple">
            <relationEntry localType="archival">Archives de l'étude XVIII</relationEntry>
         </resourceRelation>
         <resourceRelation xmlns:xlink="http://www.w3.org/1999/xlink"
                           resourceRelationType="creatorOf"
                           xlink:href="FRAN_IR_051841"
                           xlink:type="simple">
            <relationEntry localType="archival">Images des répertoires du notaire Charles Paul Tollu pour l'étude XVIII</relationEntry>
         </resourceRelation>
         <resourceRelation xmlns:xlink="http://www.w3.org/1999/xlink"
                           resourceRelationType="creatorOf"
                           xlink:href="FRAN_IR_051843"
                           xlink:type="simple">
            <relationEntry localType="archival">Images des répertoires du notaire Jean Jacques Roquebert pour l'étude XVIII</relationEntry>
         </resourceRelation>
         <resourceRelation xmlns:xlink="http://www.w3.org/1999/xlink"
                           resourceRelationType="creatorOf"
                           xlink:href="FRAN_IR_051847"
                           xlink:type="simple">
            <relationEntry localType="archival">Images des répertoires du notaire Jean Louis Gauldrée-Boilleau pour l'étude XVIII</relationEntry>
         </resourceRelation>
         <resourceRelation xmlns:xlink="http://www.w3.org/1999/xlink"
                           resourceRelationType="creatorOf"
                           xlink:href="FRAN_IR_051842"
                           xlink:type="simple">
            <relationEntry localType="archival">Images des répertoires du notaire Pierre François Poignant pour l'étude XVIII</relationEntry>
         </resourceRelation>
         <resourceRelation xmlns:xlink="http://www.w3.org/1999/xlink"
                           resourceRelationType="creatorOf"
                           xlink:href="FRAN_IR_041554"
                           xlink:type="simple">
            <relationEntry localType="archival">Minutes et répertoires du notaire Antoine BOBUSSE, 5 septembre 1676 - 2 octobre 1710 (étude XVIII)</relationEntry>
         </resourceRelation>
         <resourceRelation xmlns:xlink="http://www.w3.org/1999/xlink"
                           resourceRelationType="creatorOf"
                           xlink:href="FRAN_IR_041561"
                           xlink:type="simple">
            <relationEntry localType="archival">Minutes et répertoires du notaire Charles Paul TOLLU, 6 mai 1868 - 30 janvier 1901 (étude XVIII)</relationEntry>
         </resourceRelation>
         <resourceRelation xmlns:xlink="http://www.w3.org/1999/xlink"
                           resourceRelationType="creatorOf"
                           xlink:href="FRAN_IR_041504"
                           xlink:type="simple">
            <relationEntry localType="archival">Minutes et répertoires du notaire Christophe CHALON, 5 juillet 1640 - 13 mai 1669 (étude XVIII)</relationEntry>
         </resourceRelation>
         <resourceRelation xmlns:xlink="http://www.w3.org/1999/xlink"
                           resourceRelationType="creatorOf"
                           xlink:href="FRAN_IR_041557"
                           xlink:type="simple">
            <relationEntry localType="archival">Minutes et répertoires du notaire Jacques I CHARLES, janvier 1624 - 27 avril 1630 (étude XVIII)</relationEntry>
         </resourceRelation>
         <resourceRelation xmlns:xlink="http://www.w3.org/1999/xlink"
                           resourceRelationType="creatorOf"
                           xlink:href="FRAN_IR_041555"
                           xlink:type="simple">
            <relationEntry localType="archival">Minutes et répertoires du notaire Jacques II CHARLES, 1581 - 1794 (étude XVIII)</relationEntry>
         </resourceRelation>
         <resourceRelation xmlns:xlink="http://www.w3.org/1999/xlink"
                           resourceRelationType="creatorOf"
                           xlink:href="FRAN_IR_041506"
                           xlink:type="simple">
            <relationEntry localType="archival">Minutes et répertoires du notaire Jean I CHARLES, 1581 - 1590 (étude XVIII)</relationEntry>
         </resourceRelation>
         <resourceRelation xmlns:xlink="http://www.w3.org/1999/xlink"
                           resourceRelationType="creatorOf"
                           xlink:href="FRAN_IR_041505"
                           xlink:type="simple">
            <relationEntry localType="archival">Minutes et répertoires du notaire Jean I CHARLES, 1581-1626 (étude XVIII)</relationEntry>
         </resourceRelation>
         <resourceRelation xmlns:xlink="http://www.w3.org/1999/xlink"
                           resourceRelationType="creatorOf"
                           xlink:href="FRAN_IR_041507"
                           xlink:type="simple">
            <relationEntry localType="archival">Minutes et répertoires du notaire Jean I CHARLES, 1591 - novembre 1623 (étude XVIII)</relationEntry>
         </resourceRelation>
         <resourceRelation xmlns:xlink="http://www.w3.org/1999/xlink"
                           resourceRelationType="creatorOf"
                           xlink:href="FRAN_IR_041549"
                           xlink:type="simple">
            <relationEntry localType="archival">Minutes et répertoires du notaire Jean Nicolas GIARD, 19 décembre 1771 - décembre 1780 (étude XVIII)</relationEntry>
         </resourceRelation>
         <resourceRelation xmlns:xlink="http://www.w3.org/1999/xlink"
                           resourceRelationType="creatorOf"
                           xlink:href="FRAN_IR_041529"
                           xlink:type="simple">
            <relationEntry localType="archival">Minutes et répertoires du notaire Jean Nicolas GIARD, 19 décembre 1771 - 1er février 1794 (étude XVIII)</relationEntry>
         </resourceRelation>
         <resourceRelation xmlns:xlink="http://www.w3.org/1999/xlink"
                           resourceRelationType="creatorOf"
                           xlink:href="FRAN_IR_041551"
                           xlink:type="simple">
            <relationEntry localType="archival">Minutes et répertoires du notaire Jean Nicolas GIARD, janvier 1791 - 1er février 1794 (étude XVIII)</relationEntry>
         </resourceRelation>
         <resourceRelation xmlns:xlink="http://www.w3.org/1999/xlink"
                           resourceRelationType="creatorOf"
                           xlink:href="FRAN_IR_041550"
                           xlink:type="simple">
            <relationEntry localType="archival">Minutes et répertoires du notaire Jean Nicolas GIARD, janvier 1781 - décembre 1790 (étude XVIII)</relationEntry>
         </resourceRelation>
         <resourceRelation xmlns:xlink="http://www.w3.org/1999/xlink"
                           resourceRelationType="creatorOf"
                           xlink:href="FRAN_IR_041553"
                           xlink:type="simple">
            <relationEntry localType="archival">Minutes et répertoires du notaire Louis Henri VINCENT, 27 mai 1669 - 2 décembre 1676 (étude XVIII)</relationEntry>
         </resourceRelation>
         <resourceRelation xmlns:xlink="http://www.w3.org/1999/xlink"
                           resourceRelationType="creatorOf"
                           xlink:href="FRAN_IR_041501"
                           xlink:type="simple">
            <relationEntry localType="archival">Minutes et répertoires du notaire Nicolas CARTIER, 31 décembre 1642 - 26 août 1667 (étude XVIII)</relationEntry>
         </resourceRelation>
         <resourceRelation xmlns:xlink="http://www.w3.org/1999/xlink"
                           resourceRelationType="creatorOf"
                           xlink:href="FRAN_IR_041558"
                           xlink:type="simple">
            <relationEntry localType="archival">Minutes et répertoires du notaire Pierre François POIGNANT, 20 janvier 1818 - 12 mai 1924 (étude XVIII)</relationEntry>
         </resourceRelation>
         <resourceRelation xmlns:xlink="http://www.w3.org/1999/xlink"
                           resourceRelationType="creatorOf"
                           xlink:href="FRAN_IR_050867"
                           xlink:type="simple">
            <relationEntry localType="archival">«Mélanges» (dossiers de clients) de l’étude XVIII. MC/ET/XVIII/1094-MC/ET/XVIII/1097 (1583-1802)</relationEntry>
         </resourceRelation>
         <resourceRelation xmlns:xlink="http://www.w3.org/1999/xlink"
                           resourceRelationType="creatorOf"
                           xlink:href="FRAN_IR_041556"
                           xlink:type="simple">
            <relationEntry localType="archival">Minutes et répertoires du notaire Jean II CHARLES, 27 avril 1630 - 13 août 1635 (étude XVIII)</relationEntry>
         </resourceRelation>
         <resourceRelation xmlns:xlink="http://www.w3.org/1999/xlink"
                           resourceRelationType="creatorOf"
                           xlink:href="FRAN_IR_041502"
                           xlink:type="simple">
            <relationEntry localType="archival">Minutes et répertoires du notaire Jean LE CHANTEUR, 30 avril 1668 - 10 juillet 1682 (étude XVIII)</relationEntry>
         </resourceRelation>
         <resourceRelation xmlns:xlink="http://www.w3.org/1999/xlink"
                           resourceRelationType="creatorOf"
                           xlink:href="FRAN_IR_041510"
                           xlink:type="simple">
            <relationEntry localType="archival">Minutes et répertoires du notaire Jean I CHARLES, janvier 1621 - 12 novembre 1626 (étude XVIII)</relationEntry>
         </resourceRelation>
         <resourceRelation xmlns:xlink="http://www.w3.org/1999/xlink"
                           resourceRelationType="creatorOf"
                           xlink:href="FRAN_IR_041509"
                           xlink:type="simple">
            <relationEntry localType="archival">Minutes et répertoires du notaire Jean I CHARLES, janvier 1611 - 12 novembre 1626 (étude XVIII)</relationEntry>
         </resourceRelation>
         <resourceRelation xmlns:xlink="http://www.w3.org/1999/xlink"
                           resourceRelationType="creatorOf"
                           xlink:href="FRAN_IR_041503"
                           xlink:type="simple">
            <relationEntry localType="archival">Minutes et répertoires du notaire Jean Louis GAULDRÉE-BOILLEAU, 15 août 1794 - 6 juillet 1826 (étude XVIII)</relationEntry>
         </resourceRelation>
         <resourceRelation xmlns:xlink="http://www.w3.org/1999/xlink"
                           resourceRelationType="creatorOf"
                           xlink:href="FRAN_IR_041560"
                           xlink:type="simple">
            <relationEntry localType="archival">Minutes et répertoires du notaire Jean Jacques ROQUEBERT, 16 mars 1838 - 5 mai 1868 (étude XVIII)</relationEntry>
         </resourceRelation>
         <resourceRelation xmlns:xlink="http://www.w3.org/1999/xlink"
                           resourceRelationType="creatorOf"
                           xlink:href="FRAN_IR_041508"
                           xlink:type="simple">
            <relationEntry localType="archival">Minutes et répertoires du notaire Jean I CHARLES, janvier 1601 - 21 juin 1617 (étude XVIII)</relationEntry>
         </resourceRelation>
         <resourceRelation xmlns:xlink="http://www.w3.org/1999/xlink"
                           resourceRelationType="creatorOf"
                           xlink:href="FRAN_IR_052974"
                           xlink:type="simple">
            <relationEntry localType="archival">Images des répertoires du notaire Jean I Charles pour l'étude XVIII</relationEntry>
         </resourceRelation>
         <resourceRelation xmlns:xlink="http://www.w3.org/1999/xlink"
                           resourceRelationType="creatorOf"
                           xlink:href="FRAN_IR_052969"
                           xlink:type="simple">
            <relationEntry localType="archival">Images du répertoire du notaire Nicolas Cartier pour l'étude XVIII</relationEntry>
         </resourceRelation>
         <resourceRelation xmlns:xlink="http://www.w3.org/1999/xlink"
                           resourceRelationType="creatorOf"
                           xlink:href="FRAN_IR_052966"
                           xlink:type="simple">
            <relationEntry localType="archival">Images du répertoire du notaire Jean Le Chanteur pour l'étude XVIII</relationEntry>
         </resourceRelation>
         <resourceRelation xmlns:xlink="http://www.w3.org/1999/xlink"
                           resourceRelationType="creatorOf"
                           xlink:href="FRAN_IR_052971"
                           xlink:type="simple">
            <relationEntry localType="archival">Images du répertoire du notaire Jacques I Charles pour l'étude XVIII</relationEntry>
         </resourceRelation>
         <resourceRelation xmlns:xlink="http://www.w3.org/1999/xlink"
                           resourceRelationType="creatorOf"
                           xlink:href="FRAN_IR_052975"
                           xlink:type="simple">
            <relationEntry localType="archival">Images du répertoire du notaire Jean II Charles pour l'étude XVIII</relationEntry>
         </resourceRelation>
         <resourceRelation xmlns:xlink="http://www.w3.org/1999/xlink"
                           resourceRelationType="creatorOf"
                           xlink:href="FRAN_IR_053544"
                           xlink:type="simple">
            <relationEntry localType="archival">Images du répertoire du notaire Jacques II Charles pour l'étude XVIII</relationEntry>
         </resourceRelation>
         <resourceRelation xmlns:xlink="http://www.w3.org/1999/xlink"
                           resourceRelationType="creatorOf"
                           xlink:href="FRAN_IR_053542"
                           xlink:type="simple">
            <relationEntry localType="archival">Images des répertoires du notaire Christophe Chalon pour l'étude XVIII</relationEntry>
         </resourceRelation>
         <resourceRelation xmlns:xlink="http://www.w3.org/1999/xlink"
                           resourceRelationType="creatorOf"
                           xlink:href="FRAN_IR_052964"
                           xlink:type="simple">
            <relationEntry localType="archival">Images du répertoire du notaire Louis Henri Vincent pour l'étude XVIII</relationEntry>
         </resourceRelation>
         <resourceRelation xmlns:xlink="http://www.w3.org/1999/xlink"
                           resourceRelationType="creatorOf"
                           xlink:href="FRAN_IR_052976"
                           xlink:type="simple">
            <relationEntry localType="archival">Images du répertoire du notaire Antoine Bobusse pour l'étude XVIII</relationEntry>
         </resourceRelation>
         <resourceRelation xmlns:xlink="http://www.w3.org/1999/xlink"
                           resourceRelationType="creatorOf"
                           xlink:href="FRAN_IR_052970"
                           xlink:type="simple">
            <relationEntry localType="archival">Images des répertoires du notaire Jean Nicolas Giard pour l'étude XVIII</relationEntry>
         </resourceRelation>
      </relations>
   </cpfDescription>
</eac-cpf>
