<eac-cpf xmlns="urn:isbn:1-931666-33-4"
         xmlns:xsi="http://www.w3.org/2001/XMLSchema-instance"
         xsi:schemaLocation="urn:isbn:1-931666-33-4 cpf.xsd">
   <control>
      <recordId>FRAN_NP_010184</recordId>
      <otherRecordId localType="Ancien_identifiant">FRDAFANCH00MC_NAETUDE_057</otherRecordId>
      <maintenanceStatus>derived</maintenanceStatus>
      <maintenanceAgency>
         <agencyName>Archives nationales de France</agencyName>
      </maintenanceAgency>
      <languageDeclaration>
         <language languageCode="fre">Français</language>
         <script scriptCode="Latn"/>
      </languageDeclaration>
      <conventionDeclaration>
         <citation>Notice établie conformément à la norme ICA-ISAAR (CPF) 2004, aux normes ISO 8601 pour le système de normalisation des dates utilisé, ainsi que AFNOR NF Z 44-061, juin 1986. Catalogage : forme et structure des vedettes noms de personne, des vedettes titres, des rubriques de classement et des titres forgés.</citation>
      </conventionDeclaration>
      <localControl localType="niveau_de_detail">
         <term>Moyenne</term>
      </localControl>
      <maintenanceHistory>
         <maintenanceEvent>
            <eventType>derived</eventType>
            <eventDateTime>2015-09-30</eventDateTime>
            <agentType>machine</agentType>
            <agent>Migration ETANOT</agent>
         </maintenanceEvent>
      </maintenanceHistory>
   </control>
   <cpfDescription>
      <identity>
         <entityType>corporateBody</entityType>
         <nameEntry localType="autorisée" scriptCode="Latn" xml:lang="fre">
            <part>Etude LVII</part>
         </nameEntry>
         <nameEntry>
            <part>75006</part>
         </nameEntry>
      </identity>
      <description>
         <existDates>
            <dateRange>
               <fromDate standardDate="1554-01-01">1554</fromDate>
            </dateRange>
         </existDates>
         <places>
            <place>
               <placeRole>Lieu de Paris</placeRole>
               <placeEntry localType="nomLieu">4, rue de Berri, 75008 PARIS</placeEntry>
            </place>
         </places>
         <functions>
            <function>
               <term vocabularySource="d3nyui3o8w--11y7jgy8q3wnt">notaire à paris</term>
               <dateRange>
                  <fromDate standardDate="1554-01-01">1554</fromDate>
                  <toDate/>
               </dateRange>
            </function>
         </functions>
         <biogHist>
            <p>Établie de 1582 à 1754 rue de la Calandre (dans la Cité), l'étude s'installe rue du Four, puis rue Neuve-Saint-Eustache jusqu'en 1827. Elle passe alors rue saint-Marc jusqu'en 1890, avant de déménager rue de Chateaudun, puis rue de la Boétie (1895).</p>
         </biogHist>
      </description>
      <relations>
         <cpfRelation xmlns:xlink="http://www.w3.org/1999/xlink"
                      cpfRelationType="associative"
                      xlink:href="FRAN_NP_010884"
                      xlink:type="simple">
            <relationEntry>Perinne, Dominique</relationEntry>
            <dateRange>
               <fromDate standardDate="1975-03-12">12 mars 1975</fromDate>
            </dateRange>
         </cpfRelation>
         <cpfRelation xmlns:xlink="http://www.w3.org/1999/xlink"
                      cpfRelationType="associative"
                      xlink:href="FRAN_NP_010885"
                      xlink:type="simple">
            <relationEntry>Perinne, Jean Emilien Marie</relationEntry>
            <dateRange>
               <fromDate standardDate="1949-05-25">25 mai 1949</fromDate>
               <toDate standardDate="1983-10-08">8 octobre 1983</toDate>
            </dateRange>
         </cpfRelation>
         <cpfRelation xmlns:xlink="http://www.w3.org/1999/xlink"
                      cpfRelationType="associative"
                      xlink:href="FRAN_NP_011356"
                      xlink:type="simple">
            <relationEntry>Lapasse, Bruno de</relationEntry>
            <dateRange>
               <fromDate standardDate="1978-05-03">3 mai 1978</fromDate>
            </dateRange>
         </cpfRelation>
         <cpfRelation xmlns:xlink="http://www.w3.org/1999/xlink"
                      cpfRelationType="associative"
                      xlink:href="FRAN_NP_012598"
                      xlink:type="simple">
            <relationEntry>Cordier, Pierre</relationEntry>
            <dateRange>
               <fromDate standardDate="1766-09-13">13 septembre 1766</fromDate>
               <toDate standardDate="1783-10-11">11 octobre 1783</toDate>
            </dateRange>
         </cpfRelation>
         <cpfRelation xmlns:xlink="http://www.w3.org/1999/xlink"
                      cpfRelationType="associative"
                      xlink:href="FRAN_NP_011145"
                      xlink:type="simple">
            <relationEntry>Merland, Bernard</relationEntry>
            <dateRange>
               <fromDate standardDate="1978-05-03">3 mai 1978</fromDate>
               <toDate standardDate="2001-06-21">21 juin 2001</toDate>
            </dateRange>
         </cpfRelation>
         <cpfRelation xmlns:xlink="http://www.w3.org/1999/xlink"
                      cpfRelationType="associative"
                      xlink:href="FRAN_NP_010429"
                      xlink:type="simple">
            <relationEntry>Thibault, Pierre</relationEntry>
            <dateRange>
               <fromDate standardDate="1554-04-02">2 avril 1554</fromDate>
               <toDate standardDate="1554-12-11">11 décembre 1554</toDate>
            </dateRange>
         </cpfRelation>
         <cpfRelation xmlns:xlink="http://www.w3.org/1999/xlink"
                      cpfRelationType="associative"
                      xlink:href="FRAN_NP_011011"
                      xlink:type="simple">
            <relationEntry>Prévoteau, Joseph-Philippe</relationEntry>
            <dateRange>
               <fromDate standardDate="1827-05-23">23 mai 1827</fromDate>
               <toDate standardDate="1851-01-22">22 janvier 1851</toDate>
            </dateRange>
         </cpfRelation>
         <cpfRelation xmlns:xlink="http://www.w3.org/1999/xlink"
                      cpfRelationType="associative"
                      xlink:href="FRAN_NP_013363"
                      xlink:type="simple">
            <relationEntry>Brault, Christophe</relationEntry>
            <dateRange>
               <fromDate standardDate="2008-03-31">31 mars 2008</fromDate>
            </dateRange>
         </cpfRelation>
         <cpfRelation xmlns:xlink="http://www.w3.org/1999/xlink"
                      cpfRelationType="associative"
                      xlink:href="FRAN_NP_012758"
                      xlink:type="simple">
            <relationEntry>Bancal des issarts, Jean-Henri</relationEntry>
            <dateRange>
               <fromDate standardDate="1783-10-11">11 octobre 1783</fromDate>
               <toDate standardDate="1788-10-21">21 octobre 1788</toDate>
            </dateRange>
         </cpfRelation>
         <cpfRelation xmlns:xlink="http://www.w3.org/1999/xlink"
                      cpfRelationType="associative"
                      xlink:href="FRAN_NP_011811"
                      xlink:type="simple">
            <relationEntry>Huguenot, Félix-Albert</relationEntry>
            <dateRange>
               <fromDate standardDate="1895-12-26">26 décembre 1895</fromDate>
               <toDate standardDate="1914-01-14">14 janvier 1914</toDate>
            </dateRange>
         </cpfRelation>
         <cpfRelation xmlns:xlink="http://www.w3.org/1999/xlink"
                      cpfRelationType="associative"
                      xlink:href="FRAN_NP_011833"
                      xlink:type="simple">
            <relationEntry>Galin, Victor-Marie</relationEntry>
            <dateRange>
               <fromDate standardDate="1878-06-28">28 juin 1878</fromDate>
               <toDate standardDate="1890-05-21">21 mai 1890</toDate>
            </dateRange>
         </cpfRelation>
         <cpfRelation xmlns:xlink="http://www.w3.org/1999/xlink"
                      cpfRelationType="associative"
                      xlink:href="FRAN_NP_012831"
                      xlink:type="simple">
            <relationEntry>Belin, Jacques</relationEntry>
            <dateRange>
               <fromDate standardDate="1619-03-09">9 mars 1619</fromDate>
               <toDate standardDate="1653-08-22">22 août 1653</toDate>
            </dateRange>
         </cpfRelation>
         <cpfRelation xmlns:xlink="http://www.w3.org/1999/xlink"
                      cpfRelationType="associative"
                      xlink:href="FRAN_NP_013143"
                      xlink:type="simple">
            <relationEntry>Arouet, François</relationEntry>
            <dateRange>
               <fromDate standardDate="1675-02-19">19 février 1675</fromDate>
               <toDate standardDate="1692-12-30">30 décembre 1692</toDate>
            </dateRange>
         </cpfRelation>
         <cpfRelation xmlns:xlink="http://www.w3.org/1999/xlink"
                      cpfRelationType="associative"
                      xlink:href="FRAN_NP_011831"
                      xlink:type="simple">
            <relationEntry>Galin, Augustin-Henri</relationEntry>
            <dateRange>
               <fromDate standardDate="1851-01-22">22 janvier 1851</fromDate>
               <toDate standardDate="1878-06-28">28 juin 1878</toDate>
            </dateRange>
         </cpfRelation>
         <cpfRelation xmlns:xlink="http://www.w3.org/1999/xlink"
                      cpfRelationType="associative"
                      xlink:href="FRAN_NP_011832"
                      xlink:type="simple">
            <relationEntry>Galin, Henri-Augustin Marie</relationEntry>
            <dateRange>
               <fromDate standardDate="1890-05-21">21 mai 1890</fromDate>
               <toDate standardDate="1895-12-26">26 décembre 1895</toDate>
            </dateRange>
         </cpfRelation>
         <cpfRelation xmlns:xlink="http://www.w3.org/1999/xlink"
                      cpfRelationType="associative"
                      xlink:href="FRAN_NP_010758"
                      xlink:type="simple">
            <relationEntry>Rozé, Louis</relationEntry>
            <dateRange>
               <fromDate standardDate="1567-01-01">1567</fromDate>
               <toDate standardDate="1586-12-31">1586</toDate>
            </dateRange>
         </cpfRelation>
         <cpfRelation xmlns:xlink="http://www.w3.org/1999/xlink"
                      cpfRelationType="associative"
                      xlink:href="FRAN_NP_012774"
                      xlink:type="simple">
            <relationEntry>Barillot, Marie René</relationEntry>
            <dateRange>
               <fromDate standardDate="1914-01-14">14 janvier 1914</fromDate>
               <toDate standardDate="1949-05-25">25 mai 1949</toDate>
            </dateRange>
         </cpfRelation>
         <cpfRelation xmlns:xlink="http://www.w3.org/1999/xlink"
                      cpfRelationType="associative"
                      xlink:href="FRAN_NP_013362"
                      xlink:type="simple">
            <relationEntry>Vachon, Harold</relationEntry>
            <dateRange>
               <fromDate standardDate="2008-03-31">31 mars 2008</fromDate>
            </dateRange>
         </cpfRelation>
         <cpfRelation xmlns:xlink="http://www.w3.org/1999/xlink"
                      cpfRelationType="associative"
                      xlink:href="FRAN_NP_010453"
                      xlink:type="simple">
            <relationEntry>Thomas, Etienne</relationEntry>
            <dateRange>
               <fromDate standardDate="1653-08-27">27 août 1653</fromDate>
               <toDate standardDate="1674-12-31">31 décembre 1674</toDate>
            </dateRange>
         </cpfRelation>
         <cpfRelation xmlns:xlink="http://www.w3.org/1999/xlink"
                      cpfRelationType="associative"
                      xlink:href="FRAN_NP_011141"
                      xlink:type="simple">
            <relationEntry>Meny, Edme</relationEntry>
            <dateRange>
               <fromDate standardDate="1720-04-23">23 avril 1720</fromDate>
               <toDate standardDate="1746-11-19">19 novembre 1746</toDate>
            </dateRange>
         </cpfRelation>
         <cpfRelation xmlns:xlink="http://www.w3.org/1999/xlink"
                      cpfRelationType="associative"
                      xlink:href="FRAN_NP_012597"
                      xlink:type="simple">
            <relationEntry>Charlier, Guillaume</relationEntry>
            <dateRange>
               <fromDate standardDate="1746-11-22">22 novembre 1746</fromDate>
               <toDate standardDate="1766-09-10">10 septembre 1766</toDate>
            </dateRange>
         </cpfRelation>
         <cpfRelation xmlns:xlink="http://www.w3.org/1999/xlink"
                      cpfRelationType="associative"
                      xlink:href="FRAN_NP_012599"
                      xlink:type="simple">
            <relationEntry>Culhat-Coreil, Jacques-Philippe</relationEntry>
            <dateRange>
               <fromDate standardDate="1794-07-28">28 juillet 1794</fromDate>
               <toDate standardDate="1827-05-23">23 mai 1827</toDate>
            </dateRange>
         </cpfRelation>
         <cpfRelation xmlns:xlink="http://www.w3.org/1999/xlink"
                      cpfRelationType="associative"
                      xlink:href="FRAN_NP_011559"
                      xlink:type="simple">
            <relationEntry>Leroy, Claude II</relationEntry>
            <dateRange>
               <fromDate standardDate="1692-12-29">29 décembre 1692</fromDate>
               <toDate standardDate="1720-04-22">22 avril 1720</toDate>
            </dateRange>
         </cpfRelation>
         <cpfRelation xmlns:xlink="http://www.w3.org/1999/xlink"
                      cpfRelationType="associative"
                      xlink:href="FRAN_NP_011673"
                      xlink:type="simple">
            <relationEntry>Janot, Gilles</relationEntry>
            <dateRange>
               <fromDate standardDate="1595-01-30">30 janvier 1595</fromDate>
               <toDate standardDate="1625-12-31">1625</toDate>
            </dateRange>
         </cpfRelation>
         <cpfRelation xmlns:xlink="http://www.w3.org/1999/xlink"
                      cpfRelationType="associative"
                      xlink:href="FRAN_NP_012288"
                      xlink:type="simple">
            <relationEntry>Delacour, Pierre-Nicolas</relationEntry>
            <dateRange>
               <fromDate standardDate="1788-10-21">21 octobre 1788</fromDate>
               <toDate standardDate="1794-07-28">28 juillet 1794</toDate>
            </dateRange>
         </cpfRelation>
         <resourceRelation xmlns:xlink="http://www.w3.org/1999/xlink"
                           resourceRelationType="subjectOf"
                           xlink:href="FRAN_IR_042335"
                           xlink:type="simple">
            <relationEntry localType="archival">Minutes et répertoires du notaire Claude II LEROY, 30 décembre 1692 - 22 avril 1720 (étude LVII)</relationEntry>
         </resourceRelation>
         <resourceRelation xmlns:xlink="http://www.w3.org/1999/xlink"
                           resourceRelationType="subjectOf"
                           xlink:href="FRAN_IR_042341"
                           xlink:type="simple">
            <relationEntry localType="archival">Minutes et répertoires du notaire Jacques Philippe CULHAT-COREIL, 28 juillet 1794 - 23 mai 1827 (étude LVII)</relationEntry>
         </resourceRelation>
         <resourceRelation xmlns:xlink="http://www.w3.org/1999/xlink"
                           resourceRelationType="subjectOf"
                           xlink:href="FRAN_IR_042333"
                           xlink:type="simple">
            <relationEntry localType="archival">Minutes et répertoires du notaire Étienne THOMAS, 27 août 1653 - 15 février 1675 (étude LVII)</relationEntry>
         </resourceRelation>
         <resourceRelation xmlns:xlink="http://www.w3.org/1999/xlink"
                           resourceRelationType="subjectOf"
                           xlink:href="FRAN_IR_042336"
                           xlink:type="simple">
            <relationEntry localType="archival">Minutes et répertoires du notaire Edme MENY, 23 avril 1720 - 19 novembre 1746 (étude LVII)</relationEntry>
         </resourceRelation>
         <resourceRelation xmlns:xlink="http://www.w3.org/1999/xlink"
                           resourceRelationType="subjectOf"
                           xlink:href="FRAN_IR_042342"
                           xlink:type="simple">
            <relationEntry localType="archival">Minutes et répertoires du notaire Joseph Philippe PRÉVOTEAU, 23 mai 1827 - 22 janvier 1851 (étude LVII)</relationEntry>
         </resourceRelation>
         <resourceRelation xmlns:xlink="http://www.w3.org/1999/xlink"
                           resourceRelationType="subjectOf"
                           xlink:href="FRAN_IR_042334"
                           xlink:type="simple">
            <relationEntry localType="archival">Minutes et répertoires du notaire François AROUET, 19 février 1675 - 29 décembre 1692 (étude LVII)</relationEntry>
         </resourceRelation>
         <resourceRelation xmlns:xlink="http://www.w3.org/1999/xlink"
                           resourceRelationType="subjectOf"
                           xlink:href="FRAN_IR_042332"
                           xlink:type="simple">
            <relationEntry localType="archival">Minutes et répertoires du notaire Jacques BELIN, 9 mars 1619 - 22 août 1653 (étude LVII)</relationEntry>
         </resourceRelation>
         <resourceRelation xmlns:xlink="http://www.w3.org/1999/xlink"
                           resourceRelationType="subjectOf"
                           xlink:href="FRAN_IR_042338"
                           xlink:type="simple">
            <relationEntry localType="archival">Minutes et répertoires du notaire Pierre CORDIER, 15 septembre 1766 - 11 octobre 1783 (étude LVII)</relationEntry>
         </resourceRelation>
         <resourceRelation xmlns:xlink="http://www.w3.org/1999/xlink"
                           resourceRelationType="subjectOf"
                           xlink:href="FRAN_IR_042340"
                           xlink:type="simple">
            <relationEntry localType="archival">Minutes et répertoires du notaire Pierre Nicolas DELACOUR, 21 octobre 1788 - 28 juillet 1794 (étude LVII)</relationEntry>
         </resourceRelation>
         <resourceRelation xmlns:xlink="http://www.w3.org/1999/xlink"
                           resourceRelationType="creatorOf"
                           xlink:href="FRAN_IR_053901"
                           xlink:type="simple">
            <relationEntry localType="archival">«Mélanges» (dossiers de clients) de l’étude LVII. MC/ET/LVII/890/A-MC/ET/LVII/890/C, MC/ET/LVII/1023-MC/ET/LVII/1029 (1652-1918)</relationEntry>
         </resourceRelation>
         <resourceRelation xmlns:xlink="http://www.w3.org/1999/xlink"
                           resourceRelationType="creatorOf"
                           xlink:href="FRAN_IR_042329"
                           xlink:type="simple">
            <relationEntry localType="archival">Archives de l'étude LVII</relationEntry>
         </resourceRelation>
         <resourceRelation xmlns:xlink="http://www.w3.org/1999/xlink"
                           resourceRelationType="creatorOf"
                           xlink:href="FRAN_IR_042343"
                           xlink:type="simple">
            <relationEntry localType="archival">Minutes et répertoires du notaire Augustin Henri GALIN, 22 janvier 1851 - 28 juin 1878 (étude LVII)</relationEntry>
         </resourceRelation>
         <resourceRelation xmlns:xlink="http://www.w3.org/1999/xlink"
                           resourceRelationType="creatorOf"
                           xlink:href="FRAN_IR_042337"
                           xlink:type="simple">
            <relationEntry localType="archival">Minutes et répertoires du notaire Guillaume CHARLIER, 22 novembre 1746 - 10 septembre 1766 (étude LVII)</relationEntry>
         </resourceRelation>
         <resourceRelation xmlns:xlink="http://www.w3.org/1999/xlink"
                           resourceRelationType="creatorOf"
                           xlink:href="FRAN_IR_042345"
                           xlink:type="simple">
            <relationEntry localType="archival">Minutes et répertoires du notaire Félix Albert HUGUENOT, 27 décembre 1895 - 13 janvier 1914 (étude LVII)</relationEntry>
         </resourceRelation>
         <resourceRelation xmlns:xlink="http://www.w3.org/1999/xlink"
                           resourceRelationType="creatorOf"
                           xlink:href="FRAN_IR_042330"
                           xlink:type="simple">
            <relationEntry localType="archival">Minutes et répertoires du notaire Louis ROZÉ, 1582 - 1586 (étude LVII)</relationEntry>
         </resourceRelation>
         <resourceRelation xmlns:xlink="http://www.w3.org/1999/xlink"
                           resourceRelationType="creatorOf"
                           xlink:href="FRAN_IR_042331"
                           xlink:type="simple">
            <relationEntry localType="archival">Minutes et répertoires du notaire Gilles JANOT, 30 janvier 1595 - 11 octobre 1625 (étude LVII)</relationEntry>
         </resourceRelation>
         <resourceRelation xmlns:xlink="http://www.w3.org/1999/xlink"
                           resourceRelationType="creatorOf"
                           xlink:href="FRAN_IR_052209"
                           xlink:type="simple">
            <relationEntry localType="archival">Images du répertoire du notaire Jacques Belin pour l'étude LVII</relationEntry>
         </resourceRelation>
         <resourceRelation xmlns:xlink="http://www.w3.org/1999/xlink"
                           resourceRelationType="creatorOf"
                           xlink:href="FRAN_IR_052194"
                           xlink:type="simple">
            <relationEntry localType="archival">Images du répertoire du notaire Etienne Thomas pour l'étude LVII</relationEntry>
         </resourceRelation>
         <resourceRelation xmlns:xlink="http://www.w3.org/1999/xlink"
                           resourceRelationType="creatorOf"
                           xlink:href="FRAN_IR_052210"
                           xlink:type="simple">
            <relationEntry localType="archival">Images du répertoire du notaire François Arouet pour l'étude LVII</relationEntry>
         </resourceRelation>
         <resourceRelation xmlns:xlink="http://www.w3.org/1999/xlink"
                           resourceRelationType="creatorOf"
                           xlink:href="FRAN_IR_052199"
                           xlink:type="simple">
            <relationEntry localType="archival">Images des répertoires du notaire Claude II Leroy pour l'étude LVII</relationEntry>
         </resourceRelation>
         <resourceRelation xmlns:xlink="http://www.w3.org/1999/xlink"
                           resourceRelationType="creatorOf"
                           xlink:href="FRAN_IR_052200"
                           xlink:type="simple">
            <relationEntry localType="archival">Images des répertoires du notaire Edme Meny pour l'étude LVII</relationEntry>
         </resourceRelation>
         <resourceRelation xmlns:xlink="http://www.w3.org/1999/xlink"
                           resourceRelationType="creatorOf"
                           xlink:href="FRAN_IR_052205"
                           xlink:type="simple">
            <relationEntry localType="archival">Images du répertoire du notaire Guillaume Charlier pour l'étude LVII</relationEntry>
         </resourceRelation>
         <resourceRelation xmlns:xlink="http://www.w3.org/1999/xlink"
                           resourceRelationType="creatorOf"
                           xlink:href="FRAN_IR_052206"
                           xlink:type="simple">
            <relationEntry localType="archival">Images des répertoires du notaire Pierre Cordier pour l'étude LVII</relationEntry>
         </resourceRelation>
         <resourceRelation xmlns:xlink="http://www.w3.org/1999/xlink"
                           resourceRelationType="creatorOf"
                           xlink:href="FRAN_IR_052208"
                           xlink:type="simple">
            <relationEntry localType="archival">Image du répertoire du notaire Jean Henri Bancal des Issarts pour l'étude LVII</relationEntry>
         </resourceRelation>
         <resourceRelation xmlns:xlink="http://www.w3.org/1999/xlink"
                           resourceRelationType="creatorOf"
                           xlink:href="FRAN_IR_052204"
                           xlink:type="simple">
            <relationEntry localType="archival">Images du répertoire du notaire Pierre Nicolas Delacour pour l'étude LVII</relationEntry>
         </resourceRelation>
         <resourceRelation xmlns:xlink="http://www.w3.org/1999/xlink"
                           resourceRelationType="creatorOf"
                           xlink:href="FRAN_IR_054320"
                           xlink:type="simple">
            <relationEntry localType="archival">Images des répertoires du notaire Jacques Philippe Culhat-Coreil pour l'étude LVII</relationEntry>
         </resourceRelation>
         <resourceRelation xmlns:xlink="http://www.w3.org/1999/xlink"
                           resourceRelationType="creatorOf"
                           xlink:href="FRAN_IR_052197"
                           xlink:type="simple">
            <relationEntry localType="archival">Images des répertoires du notaire Joseph Philippe Prévoteau pour l'étude LVII</relationEntry>
         </resourceRelation>
         <resourceRelation xmlns:xlink="http://www.w3.org/1999/xlink"
                           resourceRelationType="creatorOf"
                           xlink:href="FRAN_IR_055901"
                           xlink:type="simple">
            <relationEntry localType="archival">Images des répertoires du notaire Victor Marie Galin pour l'étude LVII</relationEntry>
         </resourceRelation>
         <resourceRelation xmlns:xlink="http://www.w3.org/1999/xlink"
                           resourceRelationType="creatorOf"
                           xlink:href="FRAN_IR_052201"
                           xlink:type="simple">
            <relationEntry localType="archival">Images des répertoires du notaire Augustin Henri Galin pour l'étude LVII</relationEntry>
         </resourceRelation>
         <resourceRelation xmlns:xlink="http://www.w3.org/1999/xlink"
                           resourceRelationType="creatorOf"
                           xlink:href="FRAN_IR_052202"
                           xlink:type="simple">
            <relationEntry localType="archival">Images du répertoire du notaire Henri Augustin Marie Galin pour l'étude LVII</relationEntry>
         </resourceRelation>
         <resourceRelation xmlns:xlink="http://www.w3.org/1999/xlink"
                           resourceRelationType="creatorOf"
                           xlink:href="FRAN_IR_052198"
                           xlink:type="simple">
            <relationEntry localType="archival">Images du répertoire du notaire Félix Albert Huguenot pour l'étude LVII</relationEntry>
         </resourceRelation>
      </relations>
   </cpfDescription>
</eac-cpf>
