<eac-cpf xmlns="urn:isbn:1-931666-33-4"
         xmlns:xsi="http://www.w3.org/2001/XMLSchema-instance"
         xsi:schemaLocation="urn:isbn:1-931666-33-4 cpf.xsd">
   <control>
      <recordId>FRAN_NP_010603</recordId>
      <otherRecordId localType="Ancien_identifiant">FRDAFANCH00MC_NANOTAIRE00328</otherRecordId>
      <maintenanceStatus>revised</maintenanceStatus>
      <maintenanceAgency>
         <agencyName>Archives nationales de France</agencyName>
      </maintenanceAgency>
      <languageDeclaration>
         <language languageCode="fre">Français</language>
         <script scriptCode="Latn"/>
      </languageDeclaration>
      <conventionDeclaration>
         <citation>Notice établie conformément à la norme ICA-ISAAR (CPF) 2004, aux normes ISO 8601 pour le système de normalisation des dates utilisé, ainsi que AFNOR NF Z 44-061, juin 1986. Catalogage : forme et structure des vedettes noms de personne, des vedettes titres, des rubriques de classement et des titres forgés.</citation>
      </conventionDeclaration>
      <localControl localType="niveau_de_detail">
         <term>Moyenne</term>
      </localControl>
      <maintenanceHistory>
         <maintenanceEvent>
            <eventType>derived</eventType>
            <eventDateTime>2013-04-23</eventDateTime>
            <agentType>machine</agentType>
            <agent>Migration ETANOT</agent>
         </maintenanceEvent>
         <maintenanceEvent>
            <eventType>revised</eventType>
            <eventDateTime>2016-09-19</eventDateTime>
            <agentType>human</agentType>
            <agent>Marie-Françoise LIMON-BONNET</agent>
         </maintenanceEvent>
         <maintenanceEvent>
            <eventType>updated</eventType>
            <eventDateTime>2016-10-14</eventDateTime>
            <agentType>human</agentType>
            <agent>Marie-Françoise LIMON-BONNET</agent>
         </maintenanceEvent>
         <maintenanceEvent>
            <eventType>updated</eventType>
            <eventDateTime>2016-10-21</eventDateTime>
            <agentType>human</agentType>
            <agent>Mission.referentiels MISSION.REFERENTIELS</agent>
         </maintenanceEvent>
         <maintenanceEvent>
            <eventType>updated</eventType>
            <eventDateTime>2016-10-21</eventDateTime>
            <agentType>human</agentType>
            <agent>Mission.referentiels MISSION.REFERENTIELS</agent>
            <eventDescription>F. Clavaud, 21 octobre 2016 : revu le nom, la note sur la date, l'activité</eventDescription>
         </maintenanceEvent>
      </maintenanceHistory>
      <sources>
         <source>
            <descriptiveNote>
               <p>MC/ET/LXXXII/444, 24 janvier 1768 : contrat de mariage.</p>
               <p>MC/ET/III/1200, 27 mai 1789 : succession Tortillière.</p>
               <p>MC/ET/XXI/675, 27 juillet 1803 : autorisation pour ester en justice.</p>
            </descriptiveNote>
         </source>
      </sources>
   </control>
   <cpfDescription>
      <identity>
         <entityType>person</entityType>
         <nameEntry localType="autorisée" scriptCode="Latn" xml:lang="fre">
            <part>Raffeneau de Lille, Pierre Victor (17..-18..)</part>
         </nameEntry>
      </identity>
      <description>
         <existDates>
            <dateRange>
               <fromDate standardDate="1767-07-18">18 juillet 1767</fromDate>
               <toDate standardDate="1799-06-01">1er juin 1799</toDate>
            </dateRange>
            <descriptiveNote>
               <p>Les dates d'existence de la personne ne sont pas connues ; les dates indiquées sont ses dates d'exercice en tant que notaire</p>
            </descriptiveNote>
         </existDates>
         <places>
            <place>
               <placeRole>Lieu de Paris</placeRole>
               <placeEntry localType="nomLieu">rue Montmartre, près Saint-Joseph</placeEntry>
               <placeEntry localType="voie" vocabularySource="d3nzc47wbl-1a2g6xqjbuj5s">Montmartre (rue)</placeEntry>
               <placeEntry localType="quartier" vocabularySource="d3nyvgeuq1--ys2q6qcqeojf">Montmartre (quartier)</placeEntry>
               <placeEntry localType="paroisse" vocabularySource="d3nyvow9c3--1ln2rhczl581f">Saint-Eustache (paroisse)</placeEntry>
            </place>
         </places>
         <functions>
            <function>
               <term vocabularySource="d3nyui3o8w--11y7jgy8q3wnt">notaire à Paris</term>
               <dateRange>
                  <fromDate standardDate="1767-07-18">18 juillet 1767</fromDate>
                  <toDate standardDate="1799-06-01">1er juin 1799</toDate>
               </dateRange>
            </function>
         </functions>
         <occupations>
            <occupation>
               <term vocabularySource="d3nyu9x713-9kcjiv44l4wh">notaire</term>
               <dateRange>
                  <fromDate standardDate="1767-07-18">18 juillet 1767</fromDate>
                  <toDate standardDate="1799-06-01">1er juin 1799</toDate>
               </dateRange>
            </occupation>
         </occupations>
         <biogHist>
            <p>Pierre Victor Raffeneau de Lille, notaire, fils d'Adrien François Raffeneau de Lille, écuyer, porte-malle odinaire du roi, épouse Marie Anne Marguerite Gittard, fille de Louis Claude Gittard, négociant à Blois, en janvier 1768 (24 janvier 1768, contrat de mariage).</p>
            <p>Dès le 10 juillet 1767 il traite de l'acquisition de son office, avec les héritiers de Joseph Rabouine.</p>
            <p>Le 27 mai 1789, il est intéressé dans le partage d'une succession Tortillère.</p>
            <p>Le 27 juillet 1803 (8 thermidor an XI), déjà ancien notaire, demeurant rue Montmartre, division du Contrat social, Pierre Victor Raffeneau autorise son épouse, séparée de biens, à ester en justice. En effet, 
     <span style="italic">Le Journal du Palais</span>, n°109, signale, p. 13, la renonciation de Marie Anne Marguerite Gittard à la communauté des biens entre elle et son mari et la séparation de biens en date du 16 décembre 1799 (25 frimaire an VIII). 
    </p>
         </biogHist>
      </description>
      <relations>
         <cpfRelation xmlns:xlink="http://www.w3.org/1999/xlink"
                      cpfRelationType="associative"
                      xlink:href="FRAN_NP_010148"
                      xlink:type="simple">
            <relationEntry>Etude notariale XXI</relationEntry>
            <dateRange>
               <fromDate standardDate="1767-07-18">18 juillet 1767</fromDate>
               <toDate standardDate="1799-06-01">1er juin 1799</toDate>
            </dateRange>
         </cpfRelation>
         <resourceRelation xmlns:xlink="http://www.w3.org/1999/xlink"
                           resourceRelationType="creatorOf"
                           xlink:href="FRAN_IR_041655"
                           xlink:type="simple">
            <relationEntry localType="archival">Minutes et répertoires du notaire Pierre Victor RAFFENEAU de LILLE, 21 juillet 1767 - 30 mai 1799 (étude XXI)</relationEntry>
         </resourceRelation>
         <resourceRelation xmlns:xlink="http://www.w3.org/1999/xlink"
                           resourceRelationType="creatorOf"
                           xlink:href="FRAN_IR_051243"
                           xlink:type="simple">
            <relationEntry localType="archival">Images des répertoires du notaire Pierre Victor Raffeneau de Lille pour l'étude XXI</relationEntry>
         </resourceRelation>
      </relations>
   </cpfDescription>
</eac-cpf>
