<eac-cpf xmlns="urn:isbn:1-931666-33-4"
         xmlns:xsi="http://www.w3.org/2001/XMLSchema-instance"
         xsi:schemaLocation="urn:isbn:1-931666-33-4 cpf.xsd">
   <control>
      <recordId>FRAN_NP_010149</recordId>
      <otherRecordId localType="Ancien_identifiant">FRDAFANCH00MC_NAETUDE_022</otherRecordId>
      <maintenanceStatus>revised</maintenanceStatus>
      <maintenanceAgency>
         <agencyName>Archives nationales de France</agencyName>
      </maintenanceAgency>
      <languageDeclaration>
         <language languageCode="fre">Français</language>
         <script scriptCode="Latn"/>
      </languageDeclaration>
      <conventionDeclaration>
         <citation>Notice établie conformément à la norme ICA-ISAAR (CPF) 2004, aux normes ISO 8601 pour le système de normalisation des dates utilisé, ainsi que AFNOR NF Z 44-061, juin 1986. Catalogage : forme et structure des vedettes noms de personne, des vedettes titres, des rubriques de classement et des titres forgés.</citation>
      </conventionDeclaration>
      <localControl localType="niveau_de_detail">
         <term>Complète</term>
      </localControl>
      <maintenanceHistory>
         <maintenanceEvent>
            <eventType>derived</eventType>
            <eventDateTime>2013-04-23</eventDateTime>
            <agentType>machine</agentType>
            <agent>Migration ETANOT</agent>
         </maintenanceEvent>
         <maintenanceEvent>
            <eventType>revised</eventType>
            <eventDateTime>2014-10-10</eventDateTime>
            <agentType>human</agentType>
            <agent>Marie-Françoise LIMON-BONNET</agent>
            <eventDescription>F. Clavaud, 10 octobre 2014 : revu indexation fonction, et tous les liens IR</eventDescription>
         </maintenanceEvent>
      </maintenanceHistory>
      <sources>
         <source>
            <descriptiveNote>
               <p>
                  <span style="bold">Voir : </span>
               </p>
               <p>Limon-Bonnet (M.-F.) [dir.], 
      <span style="italic">122 minutes d'histoire. Actes des notaires de Paris, XVIe-XXe siècle</span>, Paris, 2012, pp. 48-49. 
     </p>
               <p>
                  <span style="italic">Annuaire du notariat français 2012</span>, p. 1024 
     </p>
            </descriptiveNote>
         </source>
      </sources>
   </control>
   <cpfDescription>
      <identity>
         <entityType>corporateBody</entityType>
         <nameEntry localType="autorisée" scriptCode="Latn" xml:lang="fre">
            <part>Etude XXII</part>
         </nameEntry>
         <nameEntry>
            <part>75028</part>
         </nameEntry>
         <nameEntry>
            <part>LAURENT Thierry</part>
         </nameEntry>
      </identity>
      <description>
         <existDates>
            <dateRange>
               <fromDate standardDate="1769-01-01">1769</fromDate>
            </dateRange>
         </existDates>
         <places>
            <place>
               <placeRole>Lieu de Paris</placeRole>
               <placeEntry localType="nomLieu">25, boulevard de Bonne-Nouvelle, 75002 PARIS</placeEntry>
               <placeEntry localType="voie" vocabularySource="d3nz8xief2-1jzrwqtwb8t8u">Bonne-Nouvelle (boulevard de)</placeEntry>
               <placeEntry localType="arrondissement_actuel"
                           vocabularySource="d3nyv8ftnv--8nhl10zyl2m0">02e arrondissement</placeEntry>
            </place>
         </places>
         <legalStatuses>
            <legalStatus>
               <term>office notarial</term>
            </legalStatus>
         </legalStatuses>
         <functions>
            <function>
               <term vocabularySource="d3nyui3o8w--11y7jgy8q3wnt">notaire à Paris</term>
               <dateRange>
                  <fromDate standardDate="1769-01-01">1769</fromDate>
               </dateRange>
            </function>
         </functions>
         <mandates>
            <mandate/>
         </mandates>
         <generalContext>
            <p>Les minutes de cette étude ont été versées aux Archives nationales (2013) jusqu'au 31 décembre 1938, mais elles ne sont pas encore cotées. Leur communication en salle de lecture n'est donc pas encore possible.</p>
         </generalContext>
         <biogHist>
            <p>Cette étude, dont les plus anciennes minutes ne remontent qu'à la fin des années 1760, est restée dans le voisinage de la porte Saint-Denis : installée rue Saint-Martin, au coin de la rue des Egouts, jusqu'en l'an II, elle déménage rue de Thionville, à l'angle de la rue d'Anjou, de l'an II à l'an VII, revient rue Saint-Martin, près de la rue du Ponceau, en l'an VIII, puis rue Saint-Denis ou dans ses environs, jusqu'à son déménagement définitif boulevard de Bonne-Nouvelle en 1851. Pour la fin du XVIIIe siècle, on notera, en 1788, une société pour la fourniture de canons et boulets destinés à la Marine, en 1790, une association de comédiens pour parcourir les îles de la Martinique et d'Amérique et y exercer leur art, en 1792, un marché pour la fourniture de 120000 aunes de drap au ministère de la Guerre, le testament (30 mars 1791) et l'inventaire après décès (3 décembre 1792) de Nicolas Adam, chargé des affaires de France auprès de la République de Venise, possesseur d'une bibliothèque riche en livres étrangers et en manuscrits, la fondation d'une société d'impression de librarie, le 
     <span style="italic">Cercle social</span>, ou encore, en l'an VIII, celle de la société pour le théâtre de la République. Au XIXe sicèle, on trouve des actes concernant la famille Dodun de Keroman, le testament et l'inventaire après décès de Charles Paul Furne, éditeur de la première édition des oeuvres complètes de Balzac (19 mars et 8 juin 1867), ainsi que la vente par la famille de Vigier à l'épouse du notaire Louis Marie Geoffroy-Guyon du château de Grandvaux, à Savigny-sur-Orge (9 août 1870). 
    </p>
            <p>Le Minutier central conserve les minutes de l'étude XXII à partir de l'année 1769.</p>
            <p>Les minutes de cette étude ont été versées aux Archives nationales (2013) jusqu'au 31 décembre 1938, mais elles ne sont pas encore cotées. Leur communication en salle de lecture n'est donc pas encore possible.</p>
         </biogHist>
      </description>
      <relations>
         <cpfRelation xmlns:xlink="http://www.w3.org/1999/xlink"
                      cpfRelationType="associative"
                      xlink:href="FRAN_NP_011371"
                      xlink:type="simple">
            <relationEntry>Laurent, Thierry</relationEntry>
            <dateRange>
               <fromDate standardDate="1997-04-29">29 avril 1997</fromDate>
            </dateRange>
         </cpfRelation>
         <cpfRelation xmlns:xlink="http://www.w3.org/1999/xlink"
                      cpfRelationType="associative"
                      xlink:href="FRAN_NP_011570"
                      xlink:type="simple">
            <relationEntry>Le sacher, Julien</relationEntry>
            <dateRange>
               <fromDate standardDate="1779-11-13">13 novembre 1779</fromDate>
               <toDate standardDate="1790-04-24">24 avril 1790</toDate>
            </dateRange>
         </cpfRelation>
         <cpfRelation xmlns:xlink="http://www.w3.org/1999/xlink"
                      cpfRelationType="associative"
                      xlink:href="FRAN_NP_011668"
                      xlink:type="simple">
            <relationEntry>Jamar, Claude</relationEntry>
            <dateRange>
               <fromDate standardDate="1963-02-06">6 février 1963</fromDate>
               <toDate standardDate="1998-12-31">1998</toDate>
            </dateRange>
         </cpfRelation>
         <cpfRelation xmlns:xlink="http://www.w3.org/1999/xlink"
                      cpfRelationType="associative"
                      xlink:href="FRAN_NP_012187"
                      xlink:type="simple">
            <relationEntry>Dutertre, Jean-Baptiste</relationEntry>
            <dateRange>
               <fromDate standardDate="1769-07-07">7 juillet 1769</fromDate>
               <toDate standardDate="1776-08-03">3 août 1776</toDate>
            </dateRange>
         </cpfRelation>
         <cpfRelation xmlns:xlink="http://www.w3.org/1999/xlink"
                      cpfRelationType="associative"
                      xlink:href="FRAN_NP_011110"
                      xlink:type="simple">
            <relationEntry>Mathelat de bourbevelle, Alexandre</relationEntry>
            <dateRange>
               <fromDate standardDate="1818-06-06">6 juin 1818</fromDate>
               <toDate standardDate="1821-04-28">28 avril 1821</toDate>
            </dateRange>
         </cpfRelation>
         <cpfRelation xmlns:xlink="http://www.w3.org/1999/xlink"
                      cpfRelationType="associative"
                      xlink:href="FRAN_NP_010488"
                      xlink:type="simple">
            <relationEntry>Trousselle, Octave-François</relationEntry>
            <dateRange>
               <fromDate standardDate="1862-02-15">15 février 1862</fromDate>
               <toDate standardDate="1897-03-04">4 mars 1897</toDate>
            </dateRange>
         </cpfRelation>
         <cpfRelation xmlns:xlink="http://www.w3.org/1999/xlink"
                      cpfRelationType="associative"
                      xlink:href="FRAN_NP_012010"
                      xlink:type="simple">
            <relationEntry>Guyon, Louis</relationEntry>
            <dateRange>
               <fromDate standardDate="1839-11-27">27 novembre 1839</fromDate>
               <toDate standardDate="1862-02-15">15 février 1862</toDate>
            </dateRange>
         </cpfRelation>
         <cpfRelation xmlns:xlink="http://www.w3.org/1999/xlink"
                      cpfRelationType="associative"
                      xlink:href="FRAN_NP_012872"
                      xlink:type="simple">
            <relationEntry>Bertels, Louis</relationEntry>
            <dateRange>
               <fromDate standardDate="1790-04-24">24 avril 1790</fromDate>
               <toDate standardDate="1797-11-07">7 novembre 1797</toDate>
            </dateRange>
         </cpfRelation>
         <cpfRelation xmlns:xlink="http://www.w3.org/1999/xlink"
                      cpfRelationType="associative"
                      xlink:href="FRAN_NP_011061"
                      xlink:type="simple">
            <relationEntry>Maistre, Alexandre</relationEntry>
            <dateRange>
               <fromDate standardDate="1795-01-31">31 janvier 1795</fromDate>
               <toDate standardDate="1801-01-19">19 janvier 1801</toDate>
            </dateRange>
         </cpfRelation>
         <cpfRelation xmlns:xlink="http://www.w3.org/1999/xlink"
                      cpfRelationType="associative"
                      xlink:href="FRAN_NP_012188"
                      xlink:type="simple">
            <relationEntry>Dutertre de véteuil, Abraham</relationEntry>
            <dateRange>
               <fromDate standardDate="1776-08-03">3 août 1776</fromDate>
               <toDate standardDate="1779-11-13">13 novembre 1779</toDate>
            </dateRange>
         </cpfRelation>
         <cpfRelation xmlns:xlink="http://www.w3.org/1999/xlink"
                      cpfRelationType="associative"
                      xlink:href="FRAN_NP_012509"
                      xlink:type="simple">
            <relationEntry>Camusat, Edme</relationEntry>
            <dateRange>
               <fromDate standardDate="1801-01-19">19 janvier 1801</fromDate>
               <toDate standardDate="1818-06-06">6 juin 1818</toDate>
            </dateRange>
         </cpfRelation>
         <cpfRelation xmlns:xlink="http://www.w3.org/1999/xlink"
                      cpfRelationType="associative"
                      xlink:href="FRAN_NP_012510"
                      xlink:type="simple">
            <relationEntry>Cotelle, Laurent</relationEntry>
            <dateRange>
               <fromDate standardDate="1821-04-28">28 avril 1821</fromDate>
               <toDate standardDate="1839-11-27">27 novembre 1839</toDate>
            </dateRange>
         </cpfRelation>
         <cpfRelation xmlns:xlink="http://www.w3.org/1999/xlink"
                      cpfRelationType="associative"
                      xlink:href="FRAN_NP_012511"
                      xlink:type="simple">
            <relationEntry>Cottenet, Louis André</relationEntry>
            <dateRange>
               <fromDate standardDate="1897-03-04">4 mars 1897</fromDate>
               <toDate standardDate="1929-04-15">15 avril 1929</toDate>
            </dateRange>
         </cpfRelation>
         <cpfRelation xmlns:xlink="http://www.w3.org/1999/xlink"
                      cpfRelationType="associative"
                      xlink:href="FRAN_NP_012512"
                      xlink:type="simple">
            <relationEntry>Demas, Jean (19..-....)</relationEntry>
            <dateRange>
               <fromDate standardDate="1929-04-15">15 avril 1929</fromDate>
               <toDate standardDate="1963-02-06">6 février 1963</toDate>
            </dateRange>
         </cpfRelation>
         <resourceRelation xmlns:xlink="http://www.w3.org/1999/xlink"
                           resourceRelationType="creatorOf"
                           xlink:href="FRAN_IR_041663"
                           xlink:type="simple">
            <relationEntry localType="archival">Archives de l'étude XXII</relationEntry>
         </resourceRelation>
         <resourceRelation xmlns:xlink="http://www.w3.org/1999/xlink"
                           resourceRelationType="creatorOf"
                           xlink:href="FRAN_IR_051857"
                           xlink:type="simple">
            <relationEntry localType="archival">Images des répertoires du notaire Alexandre Maistre pour l'étude XXII</relationEntry>
         </resourceRelation>
         <resourceRelation xmlns:xlink="http://www.w3.org/1999/xlink"
                           resourceRelationType="creatorOf"
                           xlink:href="FRAN_IR_051867"
                           xlink:type="simple">
            <relationEntry localType="archival">Images des répertoires du notaire Louis Bertels pour l'étude XXII</relationEntry>
         </resourceRelation>
         <resourceRelation xmlns:xlink="http://www.w3.org/1999/xlink"
                           resourceRelationType="creatorOf"
                           xlink:href="FRAN_IR_051858"
                           xlink:type="simple">
            <relationEntry localType="archival">Images des répertoires du notaire Octave François Trousselle pour l'étude XXII</relationEntry>
         </resourceRelation>
         <resourceRelation xmlns:xlink="http://www.w3.org/1999/xlink"
                           resourceRelationType="creatorOf"
                           xlink:href="FRAN_IR_041665"
                           xlink:type="simple">
            <relationEntry localType="archival">Minutes et répertoires du notaire Jean-Baptiste DUTERTRE, 10 juillet 1769 - 2 août 1776 (étude XXII)</relationEntry>
         </resourceRelation>
         <resourceRelation xmlns:xlink="http://www.w3.org/1999/xlink"
                           resourceRelationType="creatorOf"
                           xlink:href="FRAN_IR_041664"
                           xlink:type="simple">
            <relationEntry localType="archival">Minutes et répertoires du notaire Abraham DUTERTRE de VÉTEUIL, 3 août 1776 - 11 novembre 1779 (étude XXII)</relationEntry>
         </resourceRelation>
         <resourceRelation xmlns:xlink="http://www.w3.org/1999/xlink"
                           resourceRelationType="creatorOf"
                           xlink:href="FRAN_IR_041666"
                           xlink:type="simple">
            <relationEntry localType="archival">Minutes et répertoires du notaire Julien LE SACHER, 13 novembre 1779 - 22 avril 1790 (étude XXII)</relationEntry>
         </resourceRelation>
         <resourceRelation xmlns:xlink="http://www.w3.org/1999/xlink"
                           resourceRelationType="creatorOf"
                           xlink:href="FRAN_IR_041667"
                           xlink:type="simple">
            <relationEntry localType="archival">Minutes et répertoires du notaire Louis BERTELS, 24 avril 1790 - 7 novembre 1797 (étude XXII)</relationEntry>
         </resourceRelation>
         <resourceRelation xmlns:xlink="http://www.w3.org/1999/xlink"
                           resourceRelationType="creatorOf"
                           xlink:href="FRAN_IR_041668"
                           xlink:type="simple">
            <relationEntry localType="archival">Minutes et répertoires du notaire Alexandre MAISTRE, 31 janvier 1795 - 17 janvier 1801 (étude XXII)</relationEntry>
         </resourceRelation>
         <resourceRelation xmlns:xlink="http://www.w3.org/1999/xlink"
                           resourceRelationType="creatorOf"
                           xlink:href="FRAN_IR_041669"
                           xlink:type="simple">
            <relationEntry localType="archival">Minutes et répertoires du notaire Edme CAMUSAT, 19 janvier 1801 - 6 juin 1818 (étude XXII)</relationEntry>
         </resourceRelation>
         <resourceRelation xmlns:xlink="http://www.w3.org/1999/xlink"
                           resourceRelationType="creatorOf"
                           xlink:href="FRAN_IR_041670"
                           xlink:type="simple">
            <relationEntry localType="archival">Minutes et répertoires du notaire Alexandre MATHELAT de BOURBEVELLE, 6 juin 1818 - 26 avril 1821 (étude XXII)</relationEntry>
         </resourceRelation>
         <resourceRelation xmlns:xlink="http://www.w3.org/1999/xlink"
                           resourceRelationType="creatorOf"
                           xlink:href="FRAN_IR_041671"
                           xlink:type="simple">
            <relationEntry localType="archival">Minutes et répertoires du notaire Laurent COTELLE, 28 avril 1821 - 26 novembre 1839 (étude XXII)</relationEntry>
         </resourceRelation>
         <resourceRelation xmlns:xlink="http://www.w3.org/1999/xlink"
                           resourceRelationType="creatorOf"
                           xlink:href="FRAN_IR_041672"
                           xlink:type="simple">
            <relationEntry localType="archival">Minutes et répertoires du notaire Louis GUYON, 27 novembre 1839 - 14 février 1862 (étude XXII)</relationEntry>
         </resourceRelation>
         <resourceRelation xmlns:xlink="http://www.w3.org/1999/xlink"
                           resourceRelationType="creatorOf"
                           xlink:href="FRAN_IR_041673"
                           xlink:type="simple">
            <relationEntry localType="archival">Minutes et répertoires du notaire Octave François TROUSSELLE, 15 février 1862 - 4 mars 1897 (étude XXII)</relationEntry>
         </resourceRelation>
         <resourceRelation xmlns:xlink="http://www.w3.org/1999/xlink"
                           resourceRelationType="creatorOf"
                           xlink:href="FRAN_IR_052978"
                           xlink:type="simple">
            <relationEntry localType="archival">Images des répertoires du notaire Abraham Dutertre de Véteuil pour l'étude XXII</relationEntry>
         </resourceRelation>
         <resourceRelation xmlns:xlink="http://www.w3.org/1999/xlink"
                           resourceRelationType="creatorOf"
                           xlink:href="FRAN_IR_052980"
                           xlink:type="simple">
            <relationEntry localType="archival">Images des répertoires du notaire Edme Camusat pour l'étude XXII</relationEntry>
         </resourceRelation>
         <resourceRelation xmlns:xlink="http://www.w3.org/1999/xlink"
                           resourceRelationType="creatorOf"
                           xlink:href="FRAN_IR_052977"
                           xlink:type="simple">
            <relationEntry localType="archival">Images des répertoires du notaire Alexandre Mathelat de Bourbevelle pour l'étude XXII</relationEntry>
         </resourceRelation>
         <resourceRelation xmlns:xlink="http://www.w3.org/1999/xlink"
                           resourceRelationType="creatorOf"
                           xlink:href="FRAN_IR_052981"
                           xlink:type="simple">
            <relationEntry localType="archival">Images des répertoires du notaire Laurent Cotelle pour l'étude XXII</relationEntry>
         </resourceRelation>
         <resourceRelation xmlns:xlink="http://www.w3.org/1999/xlink"
                           resourceRelationType="creatorOf"
                           xlink:href="FRAN_IR_052979"
                           xlink:type="simple">
            <relationEntry localType="archival">Images des répertoires du notaire Louis Guyon pour l'étude XXII</relationEntry>
         </resourceRelation>
         <resourceRelation xmlns:xlink="http://www.w3.org/1999/xlink"
                           resourceRelationType="creatorOf"
                           xlink:href="FRAN_IR_056491"
                           xlink:type="simple">
            <relationEntry localType="archival">Images des répertoires du notaire Jean-Baptiste Dutertre pour l'étude XXII</relationEntry>
         </resourceRelation>
         <resourceRelation xmlns:xlink="http://www.w3.org/1999/xlink"
                           resourceRelationType="creatorOf"
                           xlink:href="FRAN_IR_056498"
                           xlink:type="simple">
            <relationEntry localType="archival">Images du répertoire du notaire Julien Le Sacher pour l'étude XXII</relationEntry>
         </resourceRelation>
      </relations>
   </cpfDescription>
</eac-cpf>
