<eac-cpf xmlns="urn:isbn:1-931666-33-4"
         xmlns:xsi="http://www.w3.org/2001/XMLSchema-instance"
         xsi:schemaLocation="urn:isbn:1-931666-33-4 cpf.xsd">
   <control>
      <recordId>FRAN_NP_010524</recordId>
      <otherRecordId localType="Ancien_identifiant">FRDAFANCH00MC_NANOTAIRE00237</otherRecordId>
      <maintenanceStatus>derived</maintenanceStatus>
      <maintenanceAgency>
         <agencyName>Archives nationales de France</agencyName>
      </maintenanceAgency>
      <languageDeclaration>
         <language languageCode="fre">Français</language>
         <script scriptCode="Latn"/>
      </languageDeclaration>
      <conventionDeclaration>
         <citation>Notice établie conformément à la norme ICA-ISAAR (CPF) 2004, aux normes ISO 8601 pour le système de normalisation des dates utilisé, ainsi que AFNOR NF Z 44-061, juin 1986. Catalogage : forme et structure des vedettes noms de personne, des vedettes titres, des rubriques de classement et des titres forgés.</citation>
      </conventionDeclaration>
      <localControl localType="niveau_de_detail">
         <term>Moyenne</term>
      </localControl>
      <maintenanceHistory>
         <maintenanceEvent>
            <eventType>derived</eventType>
            <eventDateTime>2013-04-23</eventDateTime>
            <agentType>machine</agentType>
            <agent>Migration ETANOT</agent>
         </maintenanceEvent>
      </maintenanceHistory>
   </control>
   <cpfDescription>
      <identity>
         <entityType>person</entityType>
         <nameEntry localType="autorisée" scriptCode="Latn" xml:lang="fre">
            <part>Saint-Fussien, Jacques de</part>
         </nameEntry>
      </identity>
      <description>
         <existDates>
            <dateRange>
               <fromDate standardDate="1614-02-20">20 février 1614</fromDate>
               <toDate standardDate="1635-11-27">27 novembre 1635</toDate>
            </dateRange>
            <descriptiveNote>
               <p>Les dates d'existence de la personne ne sont pas connues et sont évaluées d'après les dates d'exercice en tant que notaire</p>
            </descriptiveNote>
         </existDates>
         <places>
            <place>
               <placeRole>Lieu de Paris</placeRole>
               <placeEntry localType="paroisse" vocabularySource="d3nyvp76qc--1xdxyf9lzzthw">saint-nicolas-des-champs (paroisse)</placeEntry>
               <placeEntry localType="voie" vocabularySource="d3nzd5fnbv--1fbmnb1c9dkph">saint-martin (rue)</placeEntry>
               <placeEntry localType="nomLieu">rue Saint-Martin</placeEntry>
            </place>
         </places>
         <functions>
            <function>
               <term vocabularySource="d3nyui3o8w--11y7jgy8q3wnt">notaire à paris</term>
               <dateRange>
                  <fromDate standardDate="1614-02-20">20 février 1614</fromDate>
                  <toDate standardDate="1635-11-27">27 novembre 1635</toDate>
               </dateRange>
            </function>
         </functions>
         <biogHist>
            <p>fils de Valéran de Saint-Fussien</p>
            <p>marié à Catherine Desloges (voir testament)</p>
         </biogHist>
      </description>
      <relations>
         <cpfRelation xmlns:xlink="http://www.w3.org/1999/xlink"
                      cpfRelationType="associative"
                      xlink:href="FRAN_NP_010226"
                      xlink:type="simple">
            <relationEntry>Etude notariale XCIX</relationEntry>
            <dateRange>
               <fromDate standardDate="1614-02-20">20 février 1614</fromDate>
               <toDate standardDate="1635-11-27">27 novembre 1635</toDate>
            </dateRange>
         </cpfRelation>
         <resourceRelation resourceRelationType="other">
            <relationEntry localType="archival">ET/XXI/82 folio 253, 13 novembre 1613, vente par Jean Chapellain II, notaire de l'étude XXIV, à Jacques de Saint-Fussien des pratiques de défunts Anne Carrel et Valéran de Saint-Fussien</relationEntry>
         </resourceRelation>
         <resourceRelation resourceRelationType="other">
            <relationEntry localType="archival">ET/XXIV/343 folio 230, 7 septembre 1635, testament</relationEntry>
         </resourceRelation>
         <resourceRelation xmlns:xlink="http://www.w3.org/1999/xlink"
                           resourceRelationType="creatorOf"
                           xlink:href="FRAN_IR_043050"
                           xlink:type="simple">
            <relationEntry localType="archival">Minutes et répertoires du notaire Jacques de SAINT-FUSSIEN, 20 février 1614 - 27 novembre 1635 (étude XCIX)</relationEntry>
         </resourceRelation>
      </relations>
   </cpfDescription>
</eac-cpf>
