<eac-cpf xmlns="urn:isbn:1-931666-33-4"
         xmlns:xsi="http://www.w3.org/2001/XMLSchema-instance"
         xsi:schemaLocation="urn:isbn:1-931666-33-4 cpf.xsd">
   <control>
      <recordId>FRAN_NP_010219</recordId>
      <otherRecordId localType="Ancien_identifiant">FRDAFANCH00MC_NAETUDE_092</otherRecordId>
      <maintenanceStatus>revised</maintenanceStatus>
      <maintenanceAgency>
         <agencyName>Archives nationales de France</agencyName>
      </maintenanceAgency>
      <languageDeclaration>
         <language languageCode="fre">Français</language>
         <script scriptCode="Latn"/>
      </languageDeclaration>
      <conventionDeclaration>
         <citation>Notice établie conformément à la norme ICA-ISAAR (CPF) 2004, aux normes ISO 8601 pour le système de normalisation des dates utilisé, ainsi que AFNOR NF Z 44-061, juin 1986. Catalogage : forme et structure des vedettes noms de personne, des vedettes titres, des rubriques de classement et des titres forgés.</citation>
      </conventionDeclaration>
      <localControl localType="niveau_de_detail">
         <term>Moyenne</term>
      </localControl>
      <maintenanceHistory>
         <maintenanceEvent>
            <eventType>derived</eventType>
            <eventDateTime>2013-04-23</eventDateTime>
            <agentType>machine</agentType>
            <agent>Migration ETANOT</agent>
         </maintenanceEvent>
         <maintenanceEvent>
            <eventType>revised</eventType>
            <eventDateTime>2015-09-30</eventDateTime>
            <agentType>human</agentType>
            <agent>Florence CLAVAUD</agent>
            <eventDescription>F. Clavaud, 1er avril 2014 : revu indexation des lieux et liens IR</eventDescription>
         </maintenanceEvent>
      </maintenanceHistory>
      <sources>
         <source>
            <descriptiveNote>
               <p>Poisson (Jean-Paul), " Pour une étude statistique de la pratique notariale au XVIIe siècle : deux offices parisiens en 1610 " études XCII et CVII, Notaires et société. Travaux d'histoire et de sociologie notariales, t. I, 1985, p. 223.</p>
            </descriptiveNote>
         </source>
      </sources>
   </control>
   <cpfDescription>
      <identity>
         <entityType>corporateBody</entityType>
         <nameEntry localType="autorisée" scriptCode="Latn" xml:lang="fre">
            <part>Etude XCII</part>
         </nameEntry>
         <nameEntry>
            <part>75053</part>
         </nameEntry>
      </identity>
      <description>
         <existDates>
            <dateRange>
               <fromDate standardDate="1605-01-01">1605</fromDate>
            </dateRange>
         </existDates>
         <places>
            <place>
               <placeRole>Lieu de Paris</placeRole>
               <placeEntry localType="nomLieu">10 rue Royale, 75008 Paris</placeEntry>
               <placeEntry localType="voie" vocabularySource="d3nzczqqga-1kszjfepo01fw">Royale (rue)</placeEntry>
               <placeEntry localType="arrondissement_actuel"
                           vocabularySource="d3nyv8i9m0-ys1mraoxv8ln">08e arrondissement</placeEntry>
            </place>
         </places>
         <legalStatuses>
            <legalStatus>
               <term>office notarial</term>
            </legalStatus>
         </legalStatuses>
         <functions>
            <function>
               <term vocabularySource="d3nyui3o8w--11y7jgy8q3wnt">notaire à Paris</term>
               <dateRange>
                  <fromDate standardDate="1605-01-01">1605</fromDate>
                  <toDate/>
               </dateRange>
            </function>
         </functions>
         <biogHist>
            <p>Les plus anciennes minutes de cette étude datent de 1605. Jusqu'à la seconde République, elle reste rive gauche : rue des Boucheries depuis 1605 ; rue Neuve-Saint-Lambert (1653) ; rue de Condé (1717) ; rue du Petit-Bourbon-Saint-Sulpice (1776). En 1847, l'étude s'installe rue Royale-Saint-Honoré.</p>
         </biogHist>
      </description>
      <relations>
         <cpfRelation xmlns:xlink="http://www.w3.org/1999/xlink"
                      cpfRelationType="associative"
                      xlink:href="FRAN_NP_010934"
                      xlink:type="simple">
            <relationEntry>Pinçon de valpinçon, Jacques-Hector</relationEntry>
            <dateRange>
               <fromDate standardDate="1840-12-11">11 décembre 1840</fromDate>
               <toDate standardDate="1857-05-16">16 mai 1857</toDate>
            </dateRange>
         </cpfRelation>
         <cpfRelation xmlns:xlink="http://www.w3.org/1999/xlink"
                      cpfRelationType="associative"
                      xlink:href="FRAN_NP_011441"
                      xlink:type="simple">
            <relationEntry>Lebrun, Charles-Henri</relationEntry>
            <dateRange>
               <fromDate standardDate="1804-04-18">18 avril 1804</fromDate>
               <toDate standardDate="1827-02-10">10 février 1827</toDate>
            </dateRange>
         </cpfRelation>
         <cpfRelation xmlns:xlink="http://www.w3.org/1999/xlink"
                      cpfRelationType="associative"
                      xlink:href="FRAN_NP_011335"
                      xlink:type="simple">
            <relationEntry>Lamy, Henri-Camille</relationEntry>
            <dateRange>
               <fromDate standardDate="1857-05-16">16 mai 1857</fromDate>
               <toDate standardDate="1882-05-26">26 mai 1882</toDate>
            </dateRange>
         </cpfRelation>
         <cpfRelation xmlns:xlink="http://www.w3.org/1999/xlink"
                      cpfRelationType="associative"
                      xlink:href="FRAN_NP_011081"
                      xlink:type="simple">
            <relationEntry>Mareschal, Frédéric-Henri</relationEntry>
            <dateRange>
               <fromDate standardDate="1754-09-07">7 septembre 1754</fromDate>
               <toDate standardDate="1766-07-02">2 juillet 1766</toDate>
            </dateRange>
         </cpfRelation>
         <cpfRelation xmlns:xlink="http://www.w3.org/1999/xlink"
                      cpfRelationType="associative"
                      xlink:href="FRAN_NP_013061"
                      xlink:type="simple">
            <relationEntry>Bro, Jean-Louis</relationEntry>
            <dateRange>
               <fromDate standardDate="1766-07-06">6 juillet 1766</fromDate>
               <toDate standardDate="1804-04-18">18 avril 1804</toDate>
            </dateRange>
         </cpfRelation>
         <cpfRelation xmlns:xlink="http://www.w3.org/1999/xlink"
                      cpfRelationType="associative"
                      xlink:href="FRAN_NP_010694"
                      xlink:type="simple">
            <relationEntry>Robin, Auguste-Louis</relationEntry>
            <dateRange>
               <fromDate standardDate="1827-02-10">10 février 1827</fromDate>
               <toDate standardDate="1840-12-10">10 décembre 1840</toDate>
            </dateRange>
         </cpfRelation>
         <cpfRelation xmlns:xlink="http://www.w3.org/1999/xlink"
                      cpfRelationType="associative"
                      xlink:href="FRAN_NP_012072"
                      xlink:type="simple">
            <relationEntry>Fontana, Dominique Robert Henri Christian</relationEntry>
            <dateRange>
               <fromDate standardDate="1947-02-19">19 février 1947</fromDate>
               <toDate standardDate="1993-01-27">27 janvier 1993</toDate>
            </dateRange>
         </cpfRelation>
         <cpfRelation xmlns:xlink="http://www.w3.org/1999/xlink"
                      cpfRelationType="associative"
                      xlink:href="FRAN_NP_012075"
                      xlink:type="simple">
            <relationEntry>Fontana, Robert Jean Charles</relationEntry>
            <dateRange>
               <fromDate standardDate="1910-10-06">6 octobre 1910</fromDate>
               <toDate standardDate="1947-02-19">19 février 1947</toDate>
            </dateRange>
         </cpfRelation>
         <cpfRelation xmlns:xlink="http://www.w3.org/1999/xlink"
                      cpfRelationType="associative"
                      xlink:href="FRAN_NP_012073"
                      xlink:type="simple">
            <relationEntry>Fontana, Henri Eugène</relationEntry>
            <dateRange>
               <fromDate standardDate="1882-05-26">26 mai 1882</fromDate>
               <toDate standardDate="1910-10-06">6 octobre 1910</toDate>
            </dateRange>
         </cpfRelation>
         <cpfRelation xmlns:xlink="http://www.w3.org/1999/xlink"
                      cpfRelationType="associative"
                      xlink:href="FRAN_NP_012985"
                      xlink:type="simple">
            <relationEntry>Boulard, Victor</relationEntry>
            <dateRange>
               <fromDate standardDate="1653-07-09">9 juillet 1653</fromDate>
               <toDate standardDate="1666-11-19">19 novembre 1666</toDate>
            </dateRange>
         </cpfRelation>
         <cpfRelation xmlns:xlink="http://www.w3.org/1999/xlink"
                      cpfRelationType="associative"
                      xlink:href="FRAN_NP_013062"
                      xlink:type="simple">
            <relationEntry>Bro, Joseph</relationEntry>
            <dateRange>
               <fromDate standardDate="1797-12-02">2 décembre 1797</fromDate>
               <toDate standardDate="1798-07-26">26 juillet 1798</toDate>
            </dateRange>
         </cpfRelation>
         <cpfRelation xmlns:xlink="http://www.w3.org/1999/xlink"
                      cpfRelationType="associative"
                      xlink:href="FRAN_NP_010713"
                      xlink:type="simple">
            <relationEntry>Roger, François-Jean</relationEntry>
            <dateRange>
               <fromDate standardDate="1731-04-07">7 avril 1731</fromDate>
               <toDate standardDate="1754-09-04">4 septembre 1754</toDate>
            </dateRange>
         </cpfRelation>
         <cpfRelation xmlns:xlink="http://www.w3.org/1999/xlink"
                      cpfRelationType="associative"
                      xlink:href="FRAN_NP_011342"
                      xlink:type="simple">
            <relationEntry>Lange, François</relationEntry>
            <dateRange>
               <fromDate standardDate="1667-01-04">4 janvier 1667</fromDate>
               <toDate standardDate="1717-01-11">11 janvier 1717</toDate>
            </dateRange>
         </cpfRelation>
         <cpfRelation xmlns:xlink="http://www.w3.org/1999/xlink"
                      cpfRelationType="associative"
                      xlink:href="FRAN_NP_011492"
                      xlink:type="simple">
            <relationEntry>Legay, Jacques</relationEntry>
            <dateRange>
               <fromDate standardDate="1605-05-23">23 mai 1605</fromDate>
               <toDate standardDate="1653-07-08">8 juillet 1653</toDate>
            </dateRange>
         </cpfRelation>
         <cpfRelation xmlns:xlink="http://www.w3.org/1999/xlink"
                      cpfRelationType="associative"
                      xlink:href="FRAN_NP_011630"
                      xlink:type="simple">
            <relationEntry>Lorimier, Antoine-Charles</relationEntry>
            <dateRange>
               <fromDate standardDate="1717-01-16">16 janvier 1717</fromDate>
               <toDate standardDate="1731-04-06">6 avril 1731</toDate>
            </dateRange>
         </cpfRelation>
         <cpfRelation xmlns:xlink="http://www.w3.org/1999/xlink"
                      cpfRelationType="associative"
                      xlink:href="FRAN_NP_013437"
                      xlink:type="simple">
            <relationEntry>Abitbol, Sandra</relationEntry>
            <dateRange>
               <fromDate standardDate="2009-09-21">21 septembre 2009</fromDate>
            </dateRange>
         </cpfRelation>
         <cpfRelation xmlns:xlink="http://www.w3.org/1999/xlink"
                      cpfRelationType="associative"
                      xlink:href="FRAN_NP_012074"
                      xlink:type="simple">
            <relationEntry>Fontana, Jacques</relationEntry>
            <dateRange>
               <fromDate standardDate="1980-04-30">30 avril 1980</fromDate>
               <toDate standardDate="2013-11-13">13 novembre 2013</toDate>
            </dateRange>
         </cpfRelation>
         <resourceRelation xmlns:xlink="http://www.w3.org/1999/xlink"
                           resourceRelationType="subjectOf"
                           xlink:href="FRAN_IR_042963"
                           xlink:type="simple">
            <relationEntry localType="archival">Minutes et répertoires du notaire Henri Camille LAMY, 16 mai 1857 - 26 mai 1882 (étude XCII)</relationEntry>
         </resourceRelation>
         <resourceRelation xmlns:xlink="http://www.w3.org/1999/xlink"
                           resourceRelationType="subjectOf"
                           xlink:href="FRAN_IR_042958"
                           xlink:type="simple">
            <relationEntry localType="archival">Minutes et répertoires du notaire Frédéric Henri MARESCHAL, 7 septembre 1754 - 2 juillet 1766 (étude XCII)</relationEntry>
         </resourceRelation>
         <resourceRelation xmlns:xlink="http://www.w3.org/1999/xlink"
                           resourceRelationType="subjectOf"
                           xlink:href="FRAN_IR_042961"
                           xlink:type="simple">
            <relationEntry localType="archival">Minutes et répertoires du notaire Auguste Louis ROBIN, 10 février 1827 - 10 décembre 1840 (étude XCII)</relationEntry>
         </resourceRelation>
         <resourceRelation xmlns:xlink="http://www.w3.org/1999/xlink"
                           resourceRelationType="subjectOf"
                           xlink:href="FRAN_IR_042959"
                           xlink:type="simple">
            <relationEntry localType="archival">Minutes et répertoires du notaire Joseph BRO, 2 décembre 1797 - 24 juin 1798 (étude XCII)</relationEntry>
         </resourceRelation>
         <resourceRelation xmlns:xlink="http://www.w3.org/1999/xlink"
                           resourceRelationType="subjectOf"
                           xlink:href="FRAN_IR_042952"
                           xlink:type="simple">
            <relationEntry localType="archival">Minutes et répertoires du notaire Antoine Charles LORIMIER, 16 janvier 1717 - 6 avril 1731 (étude XCII)</relationEntry>
         </resourceRelation>
         <resourceRelation xmlns:xlink="http://www.w3.org/1999/xlink"
                           resourceRelationType="creatorOf"
                           xlink:href="FRAN_IR_054127"
                           xlink:type="simple">
            <relationEntry localType="archival">«Mélanges» (dossiers de clients) de l’étude XCII. MC/ET/XCII/1090-MC/ET/XCII/1092 (1791-1873)</relationEntry>
         </resourceRelation>
         <resourceRelation xmlns:xlink="http://www.w3.org/1999/xlink"
                           resourceRelationType="creatorOf"
                           xlink:href="FRAN_IR_042953"
                           xlink:type="simple">
            <relationEntry localType="archival">Minutes et répertoires du notaire François LANGE, 4 janvier 1667 - 11 janvier 1717 (étude XCII)</relationEntry>
         </resourceRelation>
         <resourceRelation xmlns:xlink="http://www.w3.org/1999/xlink"
                           resourceRelationType="creatorOf"
                           xlink:href="FRAN_IR_042957"
                           xlink:type="simple">
            <relationEntry localType="archival">Minutes et répertoires du notaire Jean Louis BRO, 6 juillet 1766 - 18 avril 1804 (étude XCII)</relationEntry>
         </resourceRelation>
         <resourceRelation xmlns:xlink="http://www.w3.org/1999/xlink"
                           resourceRelationType="creatorOf"
                           xlink:href="FRAN_IR_042956"
                           xlink:type="simple">
            <relationEntry localType="archival">Minutes et répertoires du notaire François Jean ROGER, 9 avril 1731 - 4 septembre 1754 (étude XCII)</relationEntry>
         </resourceRelation>
         <resourceRelation xmlns:xlink="http://www.w3.org/1999/xlink"
                           resourceRelationType="creatorOf"
                           xlink:href="FRAN_IR_042960"
                           xlink:type="simple">
            <relationEntry localType="archival">Minutes et répertoires du notaire Charles Henri LEBRUN, 18 avril 1804 - 10 février 1827 (étude XCII)</relationEntry>
         </resourceRelation>
         <resourceRelation xmlns:xlink="http://www.w3.org/1999/xlink"
                           resourceRelationType="creatorOf"
                           xlink:href="FRAN_IR_042955"
                           xlink:type="simple">
            <relationEntry localType="archival">Minutes et répertoires du notaire Claude Simon LOMBARD, avril 1717 - juin 1717 (étude XCII)</relationEntry>
         </resourceRelation>
         <resourceRelation xmlns:xlink="http://www.w3.org/1999/xlink"
                           resourceRelationType="creatorOf"
                           xlink:href="FRAN_IR_042964"
                           xlink:type="simple">
            <relationEntry localType="archival">Minutes et répertoires du notaire Henri Eugène FONTANA, 26 mai 1882 - 6 octobre 1910 (étude XCII)</relationEntry>
         </resourceRelation>
         <resourceRelation xmlns:xlink="http://www.w3.org/1999/xlink"
                           resourceRelationType="creatorOf"
                           xlink:href="FRAN_IR_042954"
                           xlink:type="simple">
            <relationEntry localType="archival">Minutes et répertoires du notaire Victor BOULARD, 9 juillet 1653 - 19 novembre 1666 (étude XCII)</relationEntry>
         </resourceRelation>
         <resourceRelation xmlns:xlink="http://www.w3.org/1999/xlink"
                           resourceRelationType="creatorOf"
                           xlink:href="FRAN_IR_052465"
                           xlink:type="simple">
            <relationEntry localType="archival">Images des répertoires du notaire Jacques Hector Pinçon de Valpinçon pour l'étude XCII</relationEntry>
         </resourceRelation>
         <resourceRelation xmlns:xlink="http://www.w3.org/1999/xlink"
                           resourceRelationType="creatorOf"
                           xlink:href="FRAN_IR_055608"
                           xlink:type="simple">
            <relationEntry localType="archival">Images des répertoires du notaire Charles Henri Lebrun pour l'étude XCII</relationEntry>
         </resourceRelation>
         <resourceRelation xmlns:xlink="http://www.w3.org/1999/xlink"
                           resourceRelationType="creatorOf"
                           xlink:href="FRAN_IR_055620"
                           xlink:type="simple">
            <relationEntry localType="archival">Images du répertoire du notaire Jacques Legay pour l'étude XCII</relationEntry>
         </resourceRelation>
         <resourceRelation xmlns:xlink="http://www.w3.org/1999/xlink"
                           resourceRelationType="creatorOf"
                           xlink:href="FRAN_IR_055621"
                           xlink:type="simple">
            <relationEntry localType="archival">Images des répertoires du notaire François Lange pour l'étude XCII</relationEntry>
         </resourceRelation>
         <resourceRelation xmlns:xlink="http://www.w3.org/1999/xlink"
                           resourceRelationType="creatorOf"
                           xlink:href="FRAN_IR_055622"
                           xlink:type="simple">
            <relationEntry localType="archival">Images du répertoire du notaire Antoine Charles Lorimier pour l'étude XCII</relationEntry>
         </resourceRelation>
         <resourceRelation xmlns:xlink="http://www.w3.org/1999/xlink"
                           resourceRelationType="creatorOf"
                           xlink:href="FRAN_IR_055624"
                           xlink:type="simple">
            <relationEntry localType="archival">Images du répertoire du notaire François Jean Roger pour l'étude XCII</relationEntry>
         </resourceRelation>
         <resourceRelation xmlns:xlink="http://www.w3.org/1999/xlink"
                           resourceRelationType="creatorOf"
                           xlink:href="FRAN_IR_055634"
                           xlink:type="simple">
            <relationEntry localType="archival">Images du répertoire du notaire Frédéric Henri Mareschal pour l'étude XCII</relationEntry>
         </resourceRelation>
         <resourceRelation xmlns:xlink="http://www.w3.org/1999/xlink"
                           resourceRelationType="creatorOf"
                           xlink:href="FRAN_IR_055636"
                           xlink:type="simple">
            <relationEntry localType="archival">Images des répertoires du notaire Jean Louis Bro pour l'étude XCII</relationEntry>
         </resourceRelation>
         <resourceRelation xmlns:xlink="http://www.w3.org/1999/xlink"
                           resourceRelationType="creatorOf"
                           xlink:href="FRAN_IR_055637"
                           xlink:type="simple">
            <relationEntry localType="archival">Images des répertoires du notaire Joseph Bro pour l'étude XCII</relationEntry>
         </resourceRelation>
         <resourceRelation xmlns:xlink="http://www.w3.org/1999/xlink"
                           resourceRelationType="creatorOf"
                           xlink:href="FRAN_IR_055638"
                           xlink:type="simple">
            <relationEntry localType="archival">Images des répertoires du notaire Auguste Louis Robin pour l'étude XCII</relationEntry>
         </resourceRelation>
         <resourceRelation xmlns:xlink="http://www.w3.org/1999/xlink"
                           resourceRelationType="creatorOf"
                           xlink:href="FRAN_IR_055639"
                           xlink:type="simple">
            <relationEntry localType="archival">Images des répertoires du notaire Henri Camille Lamy pour l'étude XCII</relationEntry>
         </resourceRelation>
         <resourceRelation xmlns:xlink="http://www.w3.org/1999/xlink"
                           resourceRelationType="creatorOf"
                           xlink:href="FRAN_IR_055640"
                           xlink:type="simple">
            <relationEntry localType="archival">Images des répertoires du notaire Henri Eugène Fontana pour l'étude XCII</relationEntry>
         </resourceRelation>
         <resourceRelation xmlns:xlink="http://www.w3.org/1999/xlink"
                           resourceRelationType="creatorOf"
                           xlink:href="FRAN_IR_042950"
                           xlink:type="simple">
            <relationEntry localType="archival">Archives de l'étude XCII</relationEntry>
         </resourceRelation>
         <resourceRelation xmlns:xlink="http://www.w3.org/1999/xlink"
                           resourceRelationType="creatorOf"
                           xlink:href="FRAN_IR_042951"
                           xlink:type="simple">
            <relationEntry localType="archival">Minutes et répertoires du notaire Jacques LEGAY, 23 mai 1605 - 8 juillet 1653 (étude XCII)</relationEntry>
         </resourceRelation>
         <resourceRelation xmlns:xlink="http://www.w3.org/1999/xlink"
                           resourceRelationType="creatorOf"
                           xlink:href="FRAN_IR_056011"
                           xlink:type="simple">
            <relationEntry localType="archival">Archives de l'office notarial XCII</relationEntry>
         </resourceRelation>
      </relations>
   </cpfDescription>
</eac-cpf>
