<eac-cpf xmlns="urn:isbn:1-931666-33-4"
         xmlns:xsi="http://www.w3.org/2001/XMLSchema-instance"
         xsi:schemaLocation="urn:isbn:1-931666-33-4 cpf.xsd">
   <control>
      <recordId>FRAN_NP_010185</recordId>
      <otherRecordId localType="Ancien_identifiant">FRDAFANCH00MC_NAETUDE_058</otherRecordId>
      <maintenanceStatus>revised</maintenanceStatus>
      <maintenanceAgency>
         <agencyName>Archives nationales de France</agencyName>
      </maintenanceAgency>
      <languageDeclaration>
         <language languageCode="fre">Français</language>
         <script scriptCode="Latn"/>
      </languageDeclaration>
      <conventionDeclaration>
         <citation>Notice établie conformément à la norme ICA-ISAAR (CPF) 2004, aux normes ISO 8601 pour le système de normalisation des dates utilisé, ainsi que AFNOR NF Z 44-061, juin 1986. Catalogage : forme et structure des vedettes noms de personne, des vedettes titres, des rubriques de classement et des titres forgés.</citation>
      </conventionDeclaration>
      <localControl localType="niveau_de_detail">
         <term>Moyenne</term>
      </localControl>
      <maintenanceHistory>
         <maintenanceEvent>
            <eventType>derived</eventType>
            <eventDateTime>2015-09-30</eventDateTime>
            <agentType>machine</agentType>
            <agent>Migration ETANOT</agent>
         </maintenanceEvent>
         <maintenanceEvent>
            <eventType>revised</eventType>
            <eventDateTime>2015-10-23</eventDateTime>
            <agentType>human</agentType>
            <agent>Marie-Françoise LIMON-BONNET</agent>
            <eventDescription>F. Clavaud, 23 octobre 2015 : déplacé bibliographie</eventDescription>
         </maintenanceEvent>
         <maintenanceEvent>
            <eventType>revised</eventType>
            <eventDateTime>2015-11-13</eventDateTime>
            <agentType>human</agentType>
            <agent>Marie-Françoise LIMON-BONNET</agent>
         </maintenanceEvent>
      </maintenanceHistory>
      <sources>
         <source>
            <descriptiveNote>
               <p>
                  <span style="bold">Voir : </span>
               </p>
               <p>Bertholet (Philippe), Etudes et notaires parisiens en 1803, Association des notaires du Châtelet, 2003, p. 567-571.</p>
               <p>Limon-Bonnet (M.-F.) [dir.], 
      <span style="italic">122 minutes d'histoire. Actes des notaires de Paris, XVIe-XXe siècle</span>, Paris, 2012, pp. 120-121. 
     </p>
               <p>
                  <span style="italic">Annuaire officiel du notariat</span>, 2015, p. 1036. 
     </p>
            </descriptiveNote>
         </source>
      </sources>
   </control>
   <cpfDescription>
      <identity>
         <entityType>corporateBody</entityType>
         <nameEntry localType="autorisée" scriptCode="Latn" xml:lang="fre">
            <part>Etude LVIII</part>
         </nameEntry>
         <nameEntry>
            <part>75081</part>
         </nameEntry>
         <nameEntry>
            <part>PESSINA Dominique</part>
         </nameEntry>
      </identity>
      <description>
         <existDates>
            <dateRange>
               <fromDate standardDate="1595-01-01">1595</fromDate>
            </dateRange>
         </existDates>
         <places>
            <place>
               <placeRole>Lieu de Paris</placeRole>
               <placeEntry localType="nomLieu">242, boulevard Saint-Germain</placeEntry>
               <placeEntry localType="arrondissement_actuel"
                           vocabularySource="d3nyv8hy6p--ovxye394s82i">07e arrondissement</placeEntry>
               <placeEntry localType="voie" vocabularySource="d3nzd2ugsj-13vyrmhdaf6ao">Saint-Germain (boulevard)</placeEntry>
            </place>
         </places>
         <legalStatuses>
            <legalStatus>
               <term>office notarial</term>
            </legalStatus>
         </legalStatuses>
         <functions>
            <function>
               <term vocabularySource="d3nyui3o8w--11y7jgy8q3wnt">notaire à Paris</term>
               <dateRange>
                  <fromDate standardDate="1595-01-01">1595</fromDate>
                  <toDate/>
               </dateRange>
            </function>
         </functions>
         <mandates>
            <mandate/>
         </mandates>
         <biogHist>
            <p>Cette étude est installée rue Saint-André-des-Arts en 1595, carrefour du Pont Saint-Michel ou faubourg Saint-Germain. A partir de 1685, et jusqu'en 1807, l'étude est installée au 15 (auj. 14), rue de Condé, vis-à-vis l'hôtel de Condé. La maison occupée par l'étude était un hôtel construit vers 1631 par Jacques Gontier, conseiller au Parlement ; elle est vendue le 14 juin 1758 au notaire Claude François Trutat, son fils, Denis Trutat, aussi notaire, en hérite en 1772. Il la vend le 27 avril 1795 à Louis Charles François Lepelletier, sous réserve de garder à bail une partie de l'hôtel (MC/ET/XCI/1326, 27 avril 1795). Il existe toujours, mais a subi d'importantes transformations en façade au XIXe siècle. En intérieur, il reste un plafond à poutres peintes et solives apparentes, un salon décoré avec dessus de portes de Parrocel (1776) avec parquet à lames rayonnantes et cheminée ancienne. De 1808 à 1847, au 5, quai Malaquais, et enfin, en 1890, 242, boulevard Saint-Germain dans le VIIe arrondissement, son adresse actuelle, perpétuant une présence notariale constante sur la rive gauche. </p>
            <p>Etude à la clientèle aristocratique, on y trouve au XVIIIe siècle, des actes concernant les familles Fouquet de Belle-Isle, Orléans, La Rochefoucauld, Saxe, Matignon, au siècle suivant des actes concernant les familles La Fayette, Lasteyrie du Saillant, Ferrari de Galliera. Le 15 mars 1785, un acte sous seing privé entre le vicomte Alexandre de Beauharnais et Marie Josèphe Rose Tascher de La Pagerie, réglant les modalités de leur séparation de corps, y est déposé au rang des minutes. Les testament et inventaire après décès de Viollet-le-Duc (25 septembre et 13 octobre 1879) et la succession du graveur Gustave Doré (janvier 1883 à février 1884) s'y trouvent aussi. </p>
            <p>Le Minutier central conserve les minutes de l'étude LVIII à partir de 1595.</p>
            <p>Les minutes de cette étude ont été versées aux Archives nationales (2015) jusqu'au 31 décembre 1942.</p>
         </biogHist>
      </description>
      <relations>
         <cpfRelation xmlns:xlink="http://www.w3.org/1999/xlink"
                      cpfRelationType="associative"
                      xlink:href="FRAN_NP_010900"
                      xlink:type="simple">
            <relationEntry>Pessina, Dominique</relationEntry>
            <dateRange>
               <fromDate standardDate="1996-01-04">4 janvier 1996</fromDate>
            </dateRange>
         </cpfRelation>
         <cpfRelation xmlns:xlink="http://www.w3.org/1999/xlink"
                      cpfRelationType="associative"
                      xlink:href="FRAN_NP_010901"
                      xlink:type="simple">
            <relationEntry>Pessina, Henri Claude Georges Xavier</relationEntry>
            <dateRange>
               <fromDate standardDate="1960-07-06">6 juillet 1960</fromDate>
               <toDate standardDate="1996-01-04">4 janvier 1996</toDate>
            </dateRange>
         </cpfRelation>
         <cpfRelation xmlns:xlink="http://www.w3.org/1999/xlink"
                      cpfRelationType="associative"
                      xlink:href="FRAN_NP_011509"
                      xlink:type="simple">
            <relationEntry>Lejeune, Henri Ernest Augustin</relationEntry>
            <dateRange>
               <fromDate standardDate="1910-07-28">28 juillet 1910</fromDate>
               <toDate standardDate="1933-06-22">22 juin 1933</toDate>
            </dateRange>
         </cpfRelation>
         <cpfRelation xmlns:xlink="http://www.w3.org/1999/xlink"
                      cpfRelationType="associative"
                      xlink:href="FRAN_NP_010505"
                      xlink:type="simple">
            <relationEntry>Trutat, Antoine-Henri Amable</relationEntry>
            <dateRange>
               <fromDate standardDate="1810-06-15">15 juin 1810</fromDate>
               <toDate standardDate="1819-01-05">5 janvier 1819</toDate>
            </dateRange>
         </cpfRelation>
         <cpfRelation xmlns:xlink="http://www.w3.org/1999/xlink"
                      cpfRelationType="associative"
                      xlink:href="FRAN_NP_011165"
                      xlink:type="simple">
            <relationEntry>Meunier, Eustache-Louis</relationEntry>
            <dateRange>
               <fromDate standardDate="1701-10-22">22 octobre 1701</fromDate>
               <toDate standardDate="1747-11-17">17 novembre 1747</toDate>
            </dateRange>
         </cpfRelation>
         <cpfRelation xmlns:xlink="http://www.w3.org/1999/xlink"
                      cpfRelationType="associative"
                      xlink:href="FRAN_NP_012601"
                      xlink:type="simple">
            <relationEntry>Cocteau, Marcel</relationEntry>
            <dateRange>
               <fromDate standardDate="1900-07-04">4 juillet 1900</fromDate>
               <toDate standardDate="1910-07-27">27 juillet 1910</toDate>
            </dateRange>
         </cpfRelation>
         <cpfRelation xmlns:xlink="http://www.w3.org/1999/xlink"
                      cpfRelationType="associative"
                      xlink:href="FRAN_NP_011215"
                      xlink:type="simple">
            <relationEntry>Morane, Alain Paul</relationEntry>
            <dateRange>
               <fromDate standardDate="1933-06-22">22 juin 1933</fromDate>
               <toDate standardDate="1960-07-06">6 juillet 1960</toDate>
            </dateRange>
         </cpfRelation>
         <cpfRelation xmlns:xlink="http://www.w3.org/1999/xlink"
                      cpfRelationType="associative"
                      xlink:href="FRAN_NP_010796"
                      xlink:type="simple">
            <relationEntry>Nera, Jean</relationEntry>
            <dateRange>
               <fromDate standardDate="1667-03-14">14 mars 1667</fromDate>
               <toDate standardDate="1685-09-09">9 septembre 1685</toDate>
            </dateRange>
         </cpfRelation>
         <cpfRelation xmlns:xlink="http://www.w3.org/1999/xlink"
                      cpfRelationType="associative"
                      xlink:href="FRAN_NP_012093"
                      xlink:type="simple">
            <relationEntry>Fourchy, Antoine-Jules</relationEntry>
            <dateRange>
               <fromDate standardDate="1819-01-05">5 janvier 1819</fromDate>
               <toDate standardDate="1851-03-12">12 mars 1851</toDate>
            </dateRange>
         </cpfRelation>
         <cpfRelation xmlns:xlink="http://www.w3.org/1999/xlink"
                      cpfRelationType="associative"
                      xlink:href="FRAN_NP_012094"
                      xlink:type="simple">
            <relationEntry>Fourchy, Emile</relationEntry>
            <dateRange>
               <fromDate standardDate="1851-03-12">12 mars 1851</fromDate>
               <toDate standardDate="1871-08-18">18 août 1871</toDate>
            </dateRange>
         </cpfRelation>
         <cpfRelation xmlns:xlink="http://www.w3.org/1999/xlink"
                      cpfRelationType="associative"
                      xlink:href="FRAN_NP_011760"
                      xlink:type="simple">
            <relationEntry>Henry, Charles</relationEntry>
            <dateRange>
               <fromDate standardDate="1685-09-28">28 septembre 1685</fromDate>
               <toDate standardDate="1701-10-20">20 octobre 1701</toDate>
            </dateRange>
         </cpfRelation>
         <cpfRelation xmlns:xlink="http://www.w3.org/1999/xlink"
                      cpfRelationType="associative"
                      xlink:href="FRAN_NP_010487"
                      xlink:type="simple">
            <relationEntry>Tronson, Germain</relationEntry>
            <dateRange>
               <fromDate standardDate="1608-04-01">avril 1608</fromDate>
               <toDate standardDate="1612-03-31">mars 1612</toDate>
            </dateRange>
         </cpfRelation>
         <cpfRelation xmlns:xlink="http://www.w3.org/1999/xlink"
                      cpfRelationType="associative"
                      xlink:href="FRAN_NP_012600"
                      xlink:type="simple">
            <relationEntry>Cocteau, Alexandre-Paul</relationEntry>
            <dateRange>
               <fromDate standardDate="1871-08-18">18 août 1871</fromDate>
               <toDate standardDate="1900-07-04">4 juillet 1900</toDate>
            </dateRange>
         </cpfRelation>
         <cpfRelation xmlns:xlink="http://www.w3.org/1999/xlink"
                      cpfRelationType="associative"
                      xlink:href="FRAN_NP_011169"
                      xlink:type="simple">
            <relationEntry>Michel, Louis</relationEntry>
            <dateRange>
               <fromDate standardDate="1660-10-08">8 octobre 1660</fromDate>
               <toDate standardDate="1667-03-10">10 mars 1667</toDate>
            </dateRange>
         </cpfRelation>
         <cpfRelation xmlns:xlink="http://www.w3.org/1999/xlink"
                      cpfRelationType="associative"
                      xlink:href="FRAN_NP_010507"
                      xlink:type="simple">
            <relationEntry>Trutat, Denis</relationEntry>
            <dateRange>
               <fromDate standardDate="1772-11-21">21 novembre 1772</fromDate>
               <toDate standardDate="1810-06-15">15 juin 1810</toDate>
            </dateRange>
         </cpfRelation>
         <cpfRelation xmlns:xlink="http://www.w3.org/1999/xlink"
                      cpfRelationType="associative"
                      xlink:href="FRAN_NP_010506"
                      xlink:type="simple">
            <relationEntry>Trutat, Claude-François</relationEntry>
            <dateRange>
               <fromDate standardDate="1747-11-22">22 novembre 1747</fromDate>
               <toDate standardDate="1772-11-02">2 novembre 1772</toDate>
            </dateRange>
         </cpfRelation>
         <cpfRelation xmlns:xlink="http://www.w3.org/1999/xlink"
                      cpfRelationType="associative"
                      xlink:href="FRAN_NP_012289"
                      xlink:type="simple">
            <relationEntry>Dauvergne, Claude</relationEntry>
            <dateRange>
               <fromDate standardDate="1612-11-21">21 novembre 1612</fromDate>
               <toDate standardDate="1660-07-08">8 juillet 1660</toDate>
            </dateRange>
         </cpfRelation>
         <cpfRelation xmlns:xlink="http://www.w3.org/1999/xlink"
                      cpfRelationType="associative"
                      xlink:href="FRAN_NP_012290"
                      xlink:type="simple">
            <relationEntry>Desmarquets, Germain</relationEntry>
            <dateRange>
               <fromDate standardDate="1595-01-23">23 janvier 1595</fromDate>
               <toDate standardDate="1612-08-23">23 août 1612</toDate>
            </dateRange>
         </cpfRelation>
         <cpfRelation xmlns:xlink="http://www.w3.org/1999/xlink"
                      cpfRelationType="associative"
                      xlink:href="FRAN_NP_013433"
                      xlink:type="simple">
            <relationEntry>Pessina-Oudot, Stéphanie</relationEntry>
            <dateRange>
               <fromDate standardDate="2009-09-08">8 septembre 2009</fromDate>
            </dateRange>
         </cpfRelation>
         <resourceRelation xmlns:xlink="http://www.w3.org/1999/xlink"
                           resourceRelationType="creatorOf"
                           xlink:href="FRAN_IR_052212"
                           xlink:type="simple">
            <relationEntry localType="archival">Images des répertoires du notaire Antoine Henri Amable Trutat pour l'étude LVIII</relationEntry>
         </resourceRelation>
         <resourceRelation xmlns:xlink="http://www.w3.org/1999/xlink"
                           resourceRelationType="creatorOf"
                           xlink:href="FRAN_IR_052217"
                           xlink:type="simple">
            <relationEntry localType="archival">Images des répertoires du notaire Antoine Jules Fourchy pour l'étude LVIII</relationEntry>
         </resourceRelation>
         <resourceRelation xmlns:xlink="http://www.w3.org/1999/xlink"
                           resourceRelationType="creatorOf"
                           xlink:href="FRAN_IR_054265"
                           xlink:type="simple">
            <relationEntry localType="archival">Images des répertoires du notaire Denis Trutat pour l'étude LVIII</relationEntry>
         </resourceRelation>
         <resourceRelation xmlns:xlink="http://www.w3.org/1999/xlink"
                           resourceRelationType="creatorOf"
                           xlink:href="FRAN_IR_052218"
                           xlink:type="simple">
            <relationEntry localType="archival">Images des répertoires du notaire Emile Fourchy pour l'étude LVIII</relationEntry>
         </resourceRelation>
         <resourceRelation xmlns:xlink="http://www.w3.org/1999/xlink"
                           resourceRelationType="creatorOf"
                           xlink:href="FRAN_IR_052215"
                           xlink:type="simple">
            <relationEntry localType="archival">Images des répertoires du notaire Eustache Louis Meunier pour l'étude LVIII</relationEntry>
         </resourceRelation>
         <resourceRelation xmlns:xlink="http://www.w3.org/1999/xlink"
                           resourceRelationType="creatorOf"
                           xlink:href="FRAN_IR_052214"
                           xlink:type="simple">
            <relationEntry localType="archival">Images du répertoire du notaire Charles Henry pour l'étude LVIII</relationEntry>
         </resourceRelation>
         <resourceRelation xmlns:xlink="http://www.w3.org/1999/xlink"
                           resourceRelationType="creatorOf"
                           xlink:href="FRAN_IR_053550"
                           xlink:type="simple">
            <relationEntry localType="archival">Images du répertoire du notaire Claude François Trutat pour l'étude LVIII</relationEntry>
         </resourceRelation>
         <resourceRelation xmlns:xlink="http://www.w3.org/1999/xlink"
                           resourceRelationType="creatorOf"
                           xlink:href="FRAN_IR_054240"
                           xlink:type="simple">
            <relationEntry localType="archival">Minutes et répertoires du notaire Alain Paul MORANE, 22 juin 1931 - 31 décembre 1942 (étude LVIII)</relationEntry>
         </resourceRelation>
         <resourceRelation xmlns:xlink="http://www.w3.org/1999/xlink"
                           resourceRelationType="creatorOf"
                           xlink:href="FRAN_IR_042360"
                           xlink:type="simple">
            <relationEntry localType="archival">Minutes et répertoires du notaire Alexandre Paul COCTEAU, 18 août 1871 - 4 juillet 1900 (étude LVIII)</relationEntry>
         </resourceRelation>
         <resourceRelation xmlns:xlink="http://www.w3.org/1999/xlink"
                           resourceRelationType="creatorOf"
                           xlink:href="FRAN_IR_042358"
                           xlink:type="simple">
            <relationEntry localType="archival">Minutes et répertoires du notaire Antoine Henri Amable TRUTAT, 15 juin 1810 - 2 janvier 1819 (étude LVIII)</relationEntry>
         </resourceRelation>
         <resourceRelation xmlns:xlink="http://www.w3.org/1999/xlink"
                           resourceRelationType="creatorOf"
                           xlink:href="FRAN_IR_042352"
                           xlink:type="simple">
            <relationEntry localType="archival">Minutes et répertoires du notaire Charles HENRY, 2 octobre 1685 - 20 octobre 1701 (étude LVIII)</relationEntry>
         </resourceRelation>
         <resourceRelation xmlns:xlink="http://www.w3.org/1999/xlink"
                           resourceRelationType="creatorOf"
                           xlink:href="FRAN_IR_042349"
                           xlink:type="simple">
            <relationEntry localType="archival">Minutes et répertoires du notaire Claude DAUVERGNE, 21 novembre 1612 - 8 juillet 1660 (étude LVIII)</relationEntry>
         </resourceRelation>
         <resourceRelation xmlns:xlink="http://www.w3.org/1999/xlink"
                           resourceRelationType="creatorOf"
                           xlink:href="FRAN_IR_042356"
                           xlink:type="simple">
            <relationEntry localType="archival">Minutes et répertoires du notaire Denis TRUTAT, 21 novembre 1772 - 14 juin 1810 (étude LVIII)</relationEntry>
         </resourceRelation>
         <resourceRelation xmlns:xlink="http://www.w3.org/1999/xlink"
                           resourceRelationType="creatorOf"
                           xlink:href="FRAN_IR_042355"
                           xlink:type="simple">
            <relationEntry localType="archival">Minutes et répertoires du notaire Eustache Louis MEUNIER, 22 octobre 1701 - 17 novembre 1747 (étude LVIII)</relationEntry>
         </resourceRelation>
         <resourceRelation xmlns:xlink="http://www.w3.org/1999/xlink"
                           resourceRelationType="creatorOf"
                           xlink:href="FRAN_IR_042348"
                           xlink:type="simple">
            <relationEntry localType="archival">Minutes et répertoires du notaire Germain DESMARQUETS, 23 janvier 1595 - 23 août 1612 (étude LVIII)</relationEntry>
         </resourceRelation>
         <resourceRelation xmlns:xlink="http://www.w3.org/1999/xlink"
                           resourceRelationType="creatorOf"
                           xlink:href="FRAN_IR_042353"
                           xlink:type="simple">
            <relationEntry localType="archival">Minutes et répertoires du notaire Germain TRONSON, avril 1608 - mars 1612 (étude LVIII)</relationEntry>
         </resourceRelation>
         <resourceRelation xmlns:xlink="http://www.w3.org/1999/xlink"
                           resourceRelationType="creatorOf"
                           xlink:href="FRAN_IR_042362"
                           xlink:type="simple">
            <relationEntry localType="archival">Minutes et répertoires du notaire Henri Ernest Augustin LEJEUNE, 28 juillet 1910 - 21 juin 1933 (étude LVIII)</relationEntry>
         </resourceRelation>
         <resourceRelation xmlns:xlink="http://www.w3.org/1999/xlink"
                           resourceRelationType="creatorOf"
                           xlink:href="FRAN_IR_042351"
                           xlink:type="simple">
            <relationEntry localType="archival">Minutes et répertoires du notaire Jean NERA, 14 mars 1667 - 9 septembre 1685 (étude LVIII)</relationEntry>
         </resourceRelation>
         <resourceRelation xmlns:xlink="http://www.w3.org/1999/xlink"
                           resourceRelationType="creatorOf"
                           xlink:href="FRAN_IR_042350"
                           xlink:type="simple">
            <relationEntry localType="archival">Minutes et répertoires du notaire Louis MICHEL, 8 octobre 1660 - 10 mars 1667 (étude LVIII)</relationEntry>
         </resourceRelation>
         <resourceRelation xmlns:xlink="http://www.w3.org/1999/xlink"
                           resourceRelationType="creatorOf"
                           xlink:href="FRAN_IR_042361"
                           xlink:type="simple">
            <relationEntry localType="archival">Minutes et répertoires du notaire Marcel COCTEAU, 4 juillet 1900 - 27 juillet 1910 (étude LVIII)</relationEntry>
         </resourceRelation>
         <resourceRelation xmlns:xlink="http://www.w3.org/1999/xlink"
                           resourceRelationType="creatorOf"
                           xlink:href="FRAN_IR_042359"
                           xlink:type="simple">
            <relationEntry localType="archival">Minutes et répertoires du notaire Émile FOURCHY, 12 mars 1851 - 18 août 1871 (étude LVIII)</relationEntry>
         </resourceRelation>
         <resourceRelation xmlns:xlink="http://www.w3.org/1999/xlink"
                           resourceRelationType="creatorOf"
                           xlink:href="FRAN_IR_054362"
                           xlink:type="simple">
            <relationEntry localType="archival">«Mélanges» (dossiers de clients) de l’étude LVIII. MC/ET/LVIII/648/A, MC/ET/LVIII/1057 (1771-1882)</relationEntry>
         </resourceRelation>
         <resourceRelation xmlns:xlink="http://www.w3.org/1999/xlink"
                           resourceRelationType="creatorOf"
                           xlink:href="FRAN_IR_042347"
                           xlink:type="simple">
            <relationEntry localType="archival">Archives de l'étude LVIII</relationEntry>
         </resourceRelation>
         <resourceRelation xmlns:xlink="http://www.w3.org/1999/xlink"
                           resourceRelationType="creatorOf"
                           xlink:href="FRAN_IR_052225"
                           xlink:type="simple">
            <relationEntry localType="archival">Images des répertoires du notaire Marcel Cocteau pour l'étude LVIII</relationEntry>
         </resourceRelation>
         <resourceRelation xmlns:xlink="http://www.w3.org/1999/xlink"
                           resourceRelationType="creatorOf"
                           xlink:href="FRAN_IR_054238"
                           xlink:type="simple">
            <relationEntry localType="archival">Images des répertoires du notaire Henri Ernest Augustin Lejeune pour l'étude LVIII</relationEntry>
         </resourceRelation>
         <resourceRelation xmlns:xlink="http://www.w3.org/1999/xlink"
                           resourceRelationType="creatorOf"
                           xlink:href="FRAN_IR_050384"
                           xlink:type="simple">
            <relationEntry localType="archival">Dossiers de clients de l'étude LVIII</relationEntry>
         </resourceRelation>
         <resourceRelation xmlns:xlink="http://www.w3.org/1999/xlink"
                           resourceRelationType="creatorOf"
                           xlink:href="FRAN_IR_042354"
                           xlink:type="simple">
            <relationEntry localType="archival">Minutes et répertoires du notaire Claude François TRUTAT, 22 novembre 1747 - 18 novembre 1772 (étude LVIII)</relationEntry>
         </resourceRelation>
         <resourceRelation xmlns:xlink="http://www.w3.org/1999/xlink"
                           resourceRelationType="creatorOf"
                           xlink:href="FRAN_IR_052220"
                           xlink:type="simple">
            <relationEntry localType="archival">Images des répertoires du notaire Germain Desmarquets pour l'étude LVIII</relationEntry>
         </resourceRelation>
         <resourceRelation xmlns:xlink="http://www.w3.org/1999/xlink"
                           resourceRelationType="creatorOf"
                           xlink:href="FRAN_IR_052211"
                           xlink:type="simple">
            <relationEntry localType="archival">Images du répertoire du notaire Germain Tronson pour l'étude LVIII</relationEntry>
         </resourceRelation>
         <resourceRelation xmlns:xlink="http://www.w3.org/1999/xlink"
                           resourceRelationType="creatorOf"
                           xlink:href="FRAN_IR_052219"
                           xlink:type="simple">
            <relationEntry localType="archival">Images des répertoires du notaire Claude Dauvergne pour l'étude LVIII</relationEntry>
         </resourceRelation>
         <resourceRelation xmlns:xlink="http://www.w3.org/1999/xlink"
                           resourceRelationType="creatorOf"
                           xlink:href="FRAN_IR_052221"
                           xlink:type="simple">
            <relationEntry localType="archival">Images des répertoires du notaire Alexandre Paul Cocteau pour l'étude LVIII</relationEntry>
         </resourceRelation>
      </relations>
   </cpfDescription>
</eac-cpf>
