<eac-cpf xmlns="urn:isbn:1-931666-33-4"
         xmlns:xsi="http://www.w3.org/2001/XMLSchema-instance"
         xsi:schemaLocation="urn:isbn:1-931666-33-4 cpf.xsd">
   <control>
      <recordId>FRAN_NP_010235</recordId>
      <otherRecordId localType="Ancien_identifiant">FRDAFANCH00MC_NAETUDE_108</otherRecordId>
      <maintenanceStatus>derived</maintenanceStatus>
      <maintenanceAgency>
         <agencyName>Archives nationales de France</agencyName>
      </maintenanceAgency>
      <languageDeclaration>
         <language languageCode="fre">Français</language>
         <script scriptCode="Latn"/>
      </languageDeclaration>
      <conventionDeclaration>
         <citation>Notice établie conformément à la norme ICA-ISAAR (CPF) 2004, aux normes ISO 8601 pour le système de normalisation des dates utilisé, ainsi que AFNOR NF Z 44-061, juin 1986. Catalogage : forme et structure des vedettes noms de personne, des vedettes titres, des rubriques de classement et des titres forgés.</citation>
      </conventionDeclaration>
      <localControl localType="niveau_de_detail">
         <term>Moyenne</term>
      </localControl>
      <maintenanceHistory>
         <maintenanceEvent>
            <eventType>derived</eventType>
            <eventDateTime>2015-09-30</eventDateTime>
            <agentType>machine</agentType>
            <agent>Migration ETANOT</agent>
         </maintenanceEvent>
      </maintenanceHistory>
      <sources>
         <source>
            <descriptiveNote>
               <p>Poisson (Jean-Paul), " Introduction à l'étude du rôle socio-économique du notariat au XVIIIe siècle : quatre offices parisiens en 1749 " études I, XCI, CVII et CVIII, Notaires et société. Travaux d'histoire et de sociologie notariales, t. I, 1985, p. 367. - " Introduction à l'étude du rôle socio-économique du notariat à la fin du XVIIe siècle : trois offices parisiens en 1698 " [études XCI, CVI et CVIII], Notaires et société. Travaux d'histoire et de sociologie notariales, t. I, 1985, p. 247.</p>
            </descriptiveNote>
         </source>
      </sources>
   </control>
   <cpfDescription>
      <identity>
         <entityType>corporateBody</entityType>
         <nameEntry localType="autorisée" scriptCode="Latn" xml:lang="fre">
            <part>Etude CVIII</part>
         </nameEntry>
         <nameEntry>
            <part>75097</part>
         </nameEntry>
      </identity>
      <description>
         <existDates>
            <dateRange>
               <fromDate standardDate="1537-01-01">1537</fromDate>
            </dateRange>
         </existDates>
         <places>
            <place>
               <placeRole>Lieu de Paris</placeRole>
               <placeEntry localType="nomLieu">3 rue Jacques Bingen (depuis février 2008)</placeEntry>
            </place>
         </places>
         <functions>
            <function>
               <term vocabularySource="d3nyui3o8w--11y7jgy8q3wnt">notaire à paris</term>
               <dateRange>
                  <fromDate standardDate="1537-01-01">1537</fromDate>
                  <toDate/>
               </dateRange>
            </function>
         </functions>
         <biogHist>
            <p>Étude du quartier de l'hôtel de ville du XVIème siècle jusqu'à la fin du XVIIIème : rue Saint-Antoine ; au cimetière Saint-Jean et dans les rues avoisinantes de 1705 à 1778. En 1779, l'étude se transporte quai Malaquais, rue Saint-Honoré (1783), place Vendôme (1808) ; et rue Louis-le-Grand (1832). En 1875, elle est rue Gaillon et y reste jusqu'au début du XXème siècle. Passe ensuite rue de Madrid. Elle s'installe rue Jacques Bingen, dans le 17ème arrondissement en 2008</p>
         </biogHist>
      </description>
      <relations>
         <cpfRelation xmlns:xlink="http://www.w3.org/1999/xlink"
                      cpfRelationType="associative"
                      xlink:href="FRAN_NP_012397"
                      xlink:type="simple">
            <relationEntry>Dreux, Louis-Edouard</relationEntry>
            <dateRange>
               <fromDate standardDate="1832-07-10">10 juillet 1832</fromDate>
               <toDate standardDate="1859-12-07">7 décembre 1859</toDate>
            </dateRange>
         </cpfRelation>
         <cpfRelation xmlns:xlink="http://www.w3.org/1999/xlink"
                      cpfRelationType="associative"
                      xlink:href="FRAN_NP_011185"
                      xlink:type="simple">
            <relationEntry>Millon-Dailly, Augustin</relationEntry>
            <dateRange>
               <fromDate standardDate="1774-08-20">20 août 1774</fromDate>
               <toDate standardDate="1776-07-10">10 juillet 1776</toDate>
            </dateRange>
         </cpfRelation>
         <cpfRelation xmlns:xlink="http://www.w3.org/1999/xlink"
                      cpfRelationType="associative"
                      xlink:href="FRAN_NP_011208"
                      xlink:type="simple">
            <relationEntry>Montcerisier, Philippe</relationEntry>
            <dateRange>
               <fromDate standardDate="1992-05-20">20 mai 1992</fromDate>
            </dateRange>
         </cpfRelation>
         <cpfRelation xmlns:xlink="http://www.w3.org/1999/xlink"
                      cpfRelationType="associative"
                      xlink:href="FRAN_NP_011980"
                      xlink:type="simple">
            <relationEntry>Guérin, Roland-Thomas</relationEntry>
            <dateRange>
               <fromDate standardDate="1697-07-17">17 juillet 1697</fromDate>
               <toDate standardDate="1705-07-13">13 juillet 1705</toDate>
            </dateRange>
         </cpfRelation>
         <cpfRelation xmlns:xlink="http://www.w3.org/1999/xlink"
                      cpfRelationType="associative"
                      xlink:href="FRAN_NP_012698"
                      xlink:type="simple">
            <relationEntry>Combes, Marin de</relationEntry>
            <dateRange>
               <fromDate standardDate="1683-04-01">1er avril 1683</fromDate>
               <toDate standardDate="1697-07-16">16 juillet 1697</toDate>
            </dateRange>
         </cpfRelation>
         <cpfRelation xmlns:xlink="http://www.w3.org/1999/xlink"
                      cpfRelationType="associative"
                      xlink:href="FRAN_NP_011023"
                      xlink:type="simple">
            <relationEntry>Prud'homme, Ernest</relationEntry>
            <dateRange>
               <fromDate standardDate="1877-10-03">3 octobre 1877</fromDate>
               <toDate standardDate="1909-01-21">21 janvier 1909</toDate>
            </dateRange>
         </cpfRelation>
         <cpfRelation xmlns:xlink="http://www.w3.org/1999/xlink"
                      cpfRelationType="associative"
                      xlink:href="FRAN_NP_012700"
                      xlink:type="simple">
            <relationEntry>Cornille, Eustache</relationEntry>
            <dateRange>
               <fromDate standardDate="1628-11-09">9 novembre 1628</fromDate>
               <toDate standardDate="1665-12-31">31 décembre 1665</toDate>
            </dateRange>
         </cpfRelation>
         <cpfRelation xmlns:xlink="http://www.w3.org/1999/xlink"
                      cpfRelationType="associative"
                      xlink:href="FRAN_NP_011892"
                      xlink:type="simple">
            <relationEntry>Gibert, Guillaume</relationEntry>
            <dateRange>
               <fromDate standardDate="1783-04-12">12 avril 1783</fromDate>
               <toDate standardDate="1797-11-12">12 novembre 1797</toDate>
            </dateRange>
         </cpfRelation>
         <cpfRelation xmlns:xlink="http://www.w3.org/1999/xlink"
                      cpfRelationType="associative"
                      xlink:href="FRAN_NP_011843"
                      xlink:type="simple">
            <relationEntry>Gardy, Edmond Jacques François</relationEntry>
            <dateRange>
               <fromDate standardDate="1941-05-28">28 mai 1941</fromDate>
               <toDate standardDate="1967-12-20">20 décembre 1967</toDate>
            </dateRange>
         </cpfRelation>
         <cpfRelation xmlns:xlink="http://www.w3.org/1999/xlink"
                      cpfRelationType="associative"
                      xlink:href="FRAN_NP_010643"
                      xlink:type="simple">
            <relationEntry>Renard de soulages, Claude Jean</relationEntry>
            <dateRange>
               <fromDate standardDate="1967-12-20">20 décembre 1967</fromDate>
               <toDate standardDate="1993-03-28">28 mars 1993</toDate>
            </dateRange>
         </cpfRelation>
         <cpfRelation xmlns:xlink="http://www.w3.org/1999/xlink"
                      cpfRelationType="associative"
                      xlink:href="FRAN_NP_012396"
                      xlink:type="simple">
            <relationEntry>Delaleu, Guillaume Claude (1712-1774)</relationEntry>
            <dateRange>
               <fromDate standardDate="1740-06-18">18 juin 1740</fromDate>
               <toDate standardDate="1774-07-31">31 juillet 1774</toDate>
            </dateRange>
         </cpfRelation>
         <cpfRelation xmlns:xlink="http://www.w3.org/1999/xlink"
                      cpfRelationType="associative"
                      xlink:href="FRAN_NP_012032"
                      xlink:type="simple">
            <relationEntry>Faudoire, Jacques I</relationEntry>
            <dateRange>
               <fromDate standardDate="1666-01-04">4 janvier 1666</fromDate>
               <toDate standardDate="1683-03-13">13 mars 1683</toDate>
            </dateRange>
         </cpfRelation>
         <cpfRelation xmlns:xlink="http://www.w3.org/1999/xlink"
                      cpfRelationType="associative"
                      xlink:href="FRAN_NP_011767"
                      xlink:type="simple">
            <relationEntry>Herbin, François I</relationEntry>
            <dateRange>
               <fromDate standardDate="1569-08-01">1er août 1569</fromDate>
               <toDate standardDate="1596-07-01">1er juillet 1596</toDate>
            </dateRange>
         </cpfRelation>
         <cpfRelation xmlns:xlink="http://www.w3.org/1999/xlink"
                      cpfRelationType="associative"
                      xlink:href="FRAN_NP_010729"
                      xlink:type="simple">
            <relationEntry>Rouget, Louis-Edmond</relationEntry>
            <dateRange>
               <fromDate standardDate="1866-10-20">20 octobre 1866</fromDate>
               <toDate standardDate="1877-10-03">3 octobre 1877</toDate>
            </dateRange>
         </cpfRelation>
         <cpfRelation xmlns:xlink="http://www.w3.org/1999/xlink"
                      cpfRelationType="associative"
                      xlink:href="FRAN_NP_010766"
                      xlink:type="simple">
            <relationEntry>Quetin, Jean</relationEntry>
            <dateRange>
               <fromDate standardDate="1543-09-08">8 septembre 1543</fromDate>
               <toDate standardDate="1579-11-06">6 novembre 1579</toDate>
            </dateRange>
         </cpfRelation>
         <cpfRelation xmlns:xlink="http://www.w3.org/1999/xlink"
                      cpfRelationType="associative"
                      xlink:href="FRAN_NP_013356"
                      xlink:type="simple">
            <relationEntry>Jamois, Dominique</relationEntry>
            <dateRange>
               <fromDate standardDate="2005-11-08">8 novembre 2005</fromDate>
               <toDate standardDate="2008-01-17">17 janvier 2008</toDate>
            </dateRange>
         </cpfRelation>
         <cpfRelation xmlns:xlink="http://www.w3.org/1999/xlink"
                      cpfRelationType="associative"
                      xlink:href="FRAN_NP_011020"
                      xlink:type="simple">
            <relationEntry>Prud'homme, Charles André</relationEntry>
            <dateRange>
               <fromDate standardDate="1909-01-21">21 janvier 1909</fromDate>
               <toDate standardDate="1941-05-28">28 mai 1941</toDate>
            </dateRange>
         </cpfRelation>
         <cpfRelation xmlns:xlink="http://www.w3.org/1999/xlink"
                      cpfRelationType="associative"
                      xlink:href="FRAN_NP_012699"
                      xlink:type="simple">
            <relationEntry>Contesse, Etienne</relationEntry>
            <dateRange>
               <fromDate standardDate="1595-11-06">6 novembre 1595</fromDate>
               <toDate standardDate="1628-11-09">9 novembre 1628</toDate>
            </dateRange>
         </cpfRelation>
         <cpfRelation xmlns:xlink="http://www.w3.org/1999/xlink"
                      cpfRelationType="associative"
                      xlink:href="FRAN_NP_011207"
                      xlink:type="simple">
            <relationEntry>Montaud, Jean-Eustache</relationEntry>
            <dateRange>
               <fromDate standardDate="1797-11-12">12 novembre 1797</fromDate>
               <toDate standardDate="1832-07-06">6 juillet 1832</toDate>
            </dateRange>
         </cpfRelation>
         <cpfRelation xmlns:xlink="http://www.w3.org/1999/xlink"
                      cpfRelationType="associative"
                      xlink:href="FRAN_NP_011108"
                      xlink:type="simple">
            <relationEntry>Masson, Pierre-François</relationEntry>
            <dateRange>
               <fromDate standardDate="1705-07-14">14 juillet 1705</fromDate>
               <toDate standardDate="1740-06-02">2 juin 1740</toDate>
            </dateRange>
         </cpfRelation>
         <cpfRelation xmlns:xlink="http://www.w3.org/1999/xlink"
                      cpfRelationType="associative"
                      xlink:href="FRAN_NP_012398"
                      xlink:type="simple">
            <relationEntry>Dutertre, Jean-Baptiste-François</relationEntry>
            <dateRange>
               <fromDate standardDate="1776-07-10">10 juillet 1776</fromDate>
               <toDate standardDate="1783-04-11">11 avril 1783</toDate>
            </dateRange>
         </cpfRelation>
         <cpfRelation xmlns:xlink="http://www.w3.org/1999/xlink"
                      cpfRelationType="associative"
                      xlink:href="FRAN_NP_012399"
                      xlink:type="simple">
            <relationEntry>Duval, Charles Frédéric Ernest</relationEntry>
            <dateRange>
               <fromDate standardDate="1859-12-07">7 décembre 1859</fromDate>
               <toDate standardDate="1866-10-20">20 octobre 1866</toDate>
            </dateRange>
         </cpfRelation>
         <cpfRelation xmlns:xlink="http://www.w3.org/1999/xlink"
                      cpfRelationType="associative"
                      xlink:href="FRAN_NP_013409"
                      xlink:type="simple">
            <relationEntry>Masure, Grégoire</relationEntry>
            <dateRange>
               <fromDate standardDate="2008-12-04">4 décembre 2008</fromDate>
            </dateRange>
         </cpfRelation>
         <resourceRelation xmlns:xlink="http://www.w3.org/1999/xlink"
                           resourceRelationType="subjectOf"
                           xlink:href="FRAN_IR_043238"
                           xlink:type="simple">
            <relationEntry localType="archival">Minutes et répertoires du notaire Étienne CONTESSE, 6 novembre 1595 - 9 novembre 1628 (étude CVIII)</relationEntry>
         </resourceRelation>
         <resourceRelation xmlns:xlink="http://www.w3.org/1999/xlink"
                           resourceRelationType="subjectOf"
                           xlink:href="FRAN_IR_043239"
                           xlink:type="simple">
            <relationEntry localType="archival">Minutes et répertoires du notaire Eustache CORNILLE, 9 novembre 1628 - décembre 1665 (étude CVIII)</relationEntry>
         </resourceRelation>
         <resourceRelation xmlns:xlink="http://www.w3.org/1999/xlink"
                           resourceRelationType="subjectOf"
                           xlink:href="FRAN_IR_043250"
                           xlink:type="simple">
            <relationEntry localType="archival">Minutes et répertoires du notaire Charles Frédéric Ernest DUVAL, 7 décembre 1859 - 20 octobre 1866 (étude CVIII)</relationEntry>
         </resourceRelation>
         <resourceRelation xmlns:xlink="http://www.w3.org/1999/xlink"
                           resourceRelationType="subjectOf"
                           xlink:href="FRAN_IR_043251"
                           xlink:type="simple">
            <relationEntry localType="archival">Minutes et répertoires du notaire Louis Edmond ROUGET, 20 octobre 1866 - 3 octobre 1877 (étude CVIII)</relationEntry>
         </resourceRelation>
         <resourceRelation xmlns:xlink="http://www.w3.org/1999/xlink"
                           resourceRelationType="subjectOf"
                           xlink:href="FRAN_IR_043240"
                           xlink:type="simple">
            <relationEntry localType="archival">Minutes et répertoires du notaire Jacques I FAUDOIRE, 5 janvier 1666 - 13 mars 1683 (étude CVIII)</relationEntry>
         </resourceRelation>
         <resourceRelation xmlns:xlink="http://www.w3.org/1999/xlink"
                           resourceRelationType="subjectOf"
                           xlink:href="FRAN_IR_043249"
                           xlink:type="simple">
            <relationEntry localType="archival">Minutes et répertoires du notaire Louis Édouard DREUX, 10 juillet 1832 - 7 décembre 1859 (étude CVIII)</relationEntry>
         </resourceRelation>
         <resourceRelation xmlns:xlink="http://www.w3.org/1999/xlink"
                           resourceRelationType="subjectOf"
                           xlink:href="FRAN_IR_043252"
                           xlink:type="simple">
            <relationEntry localType="archival">Minutes et répertoires du notaire Ernest PRUD'HOMME, 3 octobre 1877 - décembre 1902 (étude CVIII)</relationEntry>
         </resourceRelation>
         <resourceRelation xmlns:xlink="http://www.w3.org/1999/xlink"
                           resourceRelationType="subjectOf"
                           xlink:href="FRAN_IR_043247"
                           xlink:type="simple">
            <relationEntry localType="archival">Minutes et répertoires du notaire Guillaume GIBERT, 12 avril 1783 - 12 novembre 1797 (étude CVIII)</relationEntry>
         </resourceRelation>
         <resourceRelation xmlns:xlink="http://www.w3.org/1999/xlink"
                           resourceRelationType="subjectOf"
                           xlink:href="FRAN_IR_043243"
                           xlink:type="simple">
            <relationEntry localType="archival">Minutes et répertoires du notaire Pierre François MASSON, 14 juillet 1705 - 2 juin 1740 (étude CVIII)</relationEntry>
         </resourceRelation>
         <resourceRelation xmlns:xlink="http://www.w3.org/1999/xlink"
                           resourceRelationType="creatorOf"
                           xlink:href="FRAN_IR_054384"
                           xlink:type="simple">
            <relationEntry localType="archival">«Mélanges» (dossiers de clients) de l’étude CVIII. MC/ET/CVIII/824/B-MC/ET/CVIII/854 (1254-1871)</relationEntry>
         </resourceRelation>
         <resourceRelation xmlns:xlink="http://www.w3.org/1999/xlink"
                           resourceRelationType="creatorOf"
                           xlink:href="FRAN_IR_043244"
                           xlink:type="simple">
            <relationEntry localType="archival">Minutes et répertoires du notaire Guillaume Claude DELALEU, 18 juin 1740 - 20 août 1774 (étude CVIII)</relationEntry>
         </resourceRelation>
         <resourceRelation xmlns:xlink="http://www.w3.org/1999/xlink"
                           resourceRelationType="creatorOf"
                           xlink:href="FRAN_IR_043245"
                           xlink:type="simple">
            <relationEntry localType="archival">Minutes et répertoires du notaire Augustin MILLON-DAILLY, 20 août 1774 - 10 juillet 1776 (étude CVIII)</relationEntry>
         </resourceRelation>
         <resourceRelation xmlns:xlink="http://www.w3.org/1999/xlink"
                           resourceRelationType="creatorOf"
                           xlink:href="FRAN_IR_053210"
                           xlink:type="simple">
            <relationEntry localType="archival">Images du répertoire du notaire Augustin Millon-Dailly pour l'étude CVIII</relationEntry>
         </resourceRelation>
         <resourceRelation xmlns:xlink="http://www.w3.org/1999/xlink"
                           resourceRelationType="creatorOf"
                           xlink:href="FRAN_IR_053339"
                           xlink:type="simple">
            <relationEntry localType="archival">Images du répertoire du notaire Jean-Baptiste François Dutertre pour l'étude CVIII</relationEntry>
         </resourceRelation>
         <resourceRelation xmlns:xlink="http://www.w3.org/1999/xlink"
                           resourceRelationType="creatorOf"
                           xlink:href="FRAN_IR_043236"
                           xlink:type="simple">
            <relationEntry localType="archival">Minutes et répertoires du notaire Jean QUETIN, 29 mars 1544 - 1572 (étude CVIII)</relationEntry>
         </resourceRelation>
         <resourceRelation xmlns:xlink="http://www.w3.org/1999/xlink"
                           resourceRelationType="creatorOf"
                           xlink:href="FRAN_IR_053590"
                           xlink:type="simple">
            <relationEntry localType="archival">Images des répertoires du notaire François I Herbin pour l'étude CVIII</relationEntry>
         </resourceRelation>
         <resourceRelation xmlns:xlink="http://www.w3.org/1999/xlink"
                           resourceRelationType="creatorOf"
                           xlink:href="FRAN_IR_053355"
                           xlink:type="simple">
            <relationEntry localType="archival">Images des répertoires du notaire Etienne Contesse pour l'étude CVIII</relationEntry>
         </resourceRelation>
         <resourceRelation xmlns:xlink="http://www.w3.org/1999/xlink"
                           resourceRelationType="creatorOf"
                           xlink:href="FRAN_IR_053312"
                           xlink:type="simple">
            <relationEntry localType="archival">Images des répertoires du notaire Jacques I Faudoire pour l'étude CVIII</relationEntry>
         </resourceRelation>
         <resourceRelation xmlns:xlink="http://www.w3.org/1999/xlink"
                           resourceRelationType="creatorOf"
                           xlink:href="FRAN_IR_053437"
                           xlink:type="simple">
            <relationEntry localType="archival">Images du répertoire du notaire Marin de Combes pour l'étude CVIII</relationEntry>
         </resourceRelation>
         <resourceRelation xmlns:xlink="http://www.w3.org/1999/xlink"
                           resourceRelationType="creatorOf"
                           xlink:href="FRAN_IR_055370"
                           xlink:type="simple">
            <relationEntry localType="archival">Images du répertoire du notaire Eustache Cornille pour l'étude CVIII</relationEntry>
         </resourceRelation>
         <resourceRelation xmlns:xlink="http://www.w3.org/1999/xlink"
                           resourceRelationType="creatorOf"
                           xlink:href="FRAN_IR_053304"
                           xlink:type="simple">
            <relationEntry localType="archival">Images du répertoire du notaire Roland Thomas Guérin pour l'étude CVIII</relationEntry>
         </resourceRelation>
         <resourceRelation xmlns:xlink="http://www.w3.org/1999/xlink"
                           resourceRelationType="creatorOf"
                           xlink:href="FRAN_IR_053199"
                           xlink:type="simple">
            <relationEntry localType="archival">Images des répertoires du notaire Pierre François Masson pour l'étude CVIII</relationEntry>
         </resourceRelation>
         <resourceRelation xmlns:xlink="http://www.w3.org/1999/xlink"
                           resourceRelationType="creatorOf"
                           xlink:href="FRAN_IR_053338"
                           xlink:type="simple">
            <relationEntry localType="archival">Images des répertoires du notaire Guillaume Claude Delaleu pour l'étude CVIII</relationEntry>
         </resourceRelation>
         <resourceRelation xmlns:xlink="http://www.w3.org/1999/xlink"
                           resourceRelationType="creatorOf"
                           xlink:href="FRAN_IR_053294"
                           xlink:type="simple">
            <relationEntry localType="archival">Images des répertoires du notaire Guillaume Gibert pour l'étude CVIII</relationEntry>
         </resourceRelation>
         <resourceRelation xmlns:xlink="http://www.w3.org/1999/xlink"
                           resourceRelationType="creatorOf"
                           xlink:href="FRAN_IR_053213"
                           xlink:type="simple">
            <relationEntry localType="archival">Images des répertoires du notaire Jean Eustache Montaud pour l'étude CVIII</relationEntry>
         </resourceRelation>
         <resourceRelation xmlns:xlink="http://www.w3.org/1999/xlink"
                           resourceRelationType="creatorOf"
                           xlink:href="FRAN_IR_053416"
                           xlink:type="simple">
            <relationEntry localType="archival">Images des répertoires du notaire Louis Edouard Dreux pour l'étude CVIII</relationEntry>
         </resourceRelation>
         <resourceRelation xmlns:xlink="http://www.w3.org/1999/xlink"
                           resourceRelationType="creatorOf"
                           xlink:href="FRAN_IR_053340"
                           xlink:type="simple">
            <relationEntry localType="archival">Images des répertoires du notaire Charles Frédéric Ernest Duval pour l'étude CVIII</relationEntry>
         </resourceRelation>
         <resourceRelation xmlns:xlink="http://www.w3.org/1999/xlink"
                           resourceRelationType="creatorOf"
                           xlink:href="FRAN_IR_053169"
                           xlink:type="simple">
            <relationEntry localType="archival">Images des répertoires du notaire Louis Edmond Rouget pour l'étude CVIII</relationEntry>
         </resourceRelation>
         <resourceRelation xmlns:xlink="http://www.w3.org/1999/xlink"
                           resourceRelationType="creatorOf"
                           xlink:href="FRAN_IR_053189"
                           xlink:type="simple">
            <relationEntry localType="archival">Images des répertoires du notaire Ernest Prud'homme pour l'étude CVIII</relationEntry>
         </resourceRelation>
         <resourceRelation xmlns:xlink="http://www.w3.org/1999/xlink"
                           resourceRelationType="creatorOf"
                           xlink:href="FRAN_IR_043235"
                           xlink:type="simple">
            <relationEntry localType="archival">Archives de l'étude CVIII</relationEntry>
         </resourceRelation>
      </relations>
   </cpfDescription>
</eac-cpf>
