<eac-cpf xmlns="urn:isbn:1-931666-33-4"
         xmlns:xsi="http://www.w3.org/2001/XMLSchema-instance"
         xsi:schemaLocation="urn:isbn:1-931666-33-4 cpf.xsd">
   <control>
      <recordId>FRAN_NP_010138</recordId>
      <otherRecordId localType="Ancien_identifiant">FRDAFANCH00MC_NAETUDE_011</otherRecordId>
      <maintenanceStatus>derived</maintenanceStatus>
      <maintenanceAgency>
         <agencyName>Archives nationales de France</agencyName>
      </maintenanceAgency>
      <languageDeclaration>
         <language languageCode="fre">Français</language>
         <script scriptCode="Latn"/>
      </languageDeclaration>
      <conventionDeclaration>
         <citation>Notice établie conformément à la norme ICA-ISAAR (CPF) 2004, aux normes ISO 8601 pour le système de normalisation des dates utilisé, ainsi que AFNOR NF Z 44-061, juin 1986. Catalogage : forme et structure des vedettes noms de personne, des vedettes titres, des rubriques de classement et des titres forgés.</citation>
      </conventionDeclaration>
      <localControl localType="niveau_de_detail">
         <term>Moyenne</term>
      </localControl>
      <maintenanceHistory>
         <maintenanceEvent>
            <eventType>derived</eventType>
            <eventDateTime>2013-04-23</eventDateTime>
            <agentType>machine</agentType>
            <agent>Migration ETANOT</agent>
         </maintenanceEvent>
      </maintenanceHistory>
   </control>
   <cpfDescription>
      <identity>
         <entityType>corporateBody</entityType>
         <nameEntry localType="autorisée" scriptCode="Latn" xml:lang="fre">
            <part>Etude XI</part>
         </nameEntry>
         <nameEntry>
            <part>75063</part>
         </nameEntry>
      </identity>
      <description>
         <existDates>
            <dateRange>
               <fromDate standardDate="1539-01-01">1539</fromDate>
            </dateRange>
         </existDates>
         <places>
            <place>
               <placeRole>Lieu de Paris</placeRole>
               <placeEntry localType="nomLieu">126, bd Haussmann, 75008 PARIS</placeEntry>
            </place>
         </places>
         <functions>
            <function>
               <term vocabularySource="d3nyui3o8w--11y7jgy8q3wnt">notaire à paris</term>
               <dateRange>
                  <fromDate standardDate="1539-01-01">1539</fromDate>
                  <toDate/>
               </dateRange>
            </function>
         </functions>
         <biogHist>
            <p>De 1539 à 1771, l'étude est établie place Maubert. Transportée quai des Augustins, elle y demeure jusqu'en l'an VIII. Elle passe alors la Seine et s'installe rue Saint-Honoré où elle demeure pendant presque tout le XIXème siècle. En 1883, elle gagne la rue de Rivoli, pour s'installer place de la Madeleine en 1899.</p>
         </biogHist>
      </description>
      <relations>
         <cpfRelation xmlns:xlink="http://www.w3.org/1999/xlink"
                      cpfRelationType="associative"
                      xlink:href="FRAN_NP_010878"
                      xlink:type="simple">
            <relationEntry>Périer, Mathurin</relationEntry>
            <dateRange>
               <fromDate standardDate="1588-10-10">10 octobre 1588</fromDate>
               <toDate standardDate="1626-09-02">2 septembre 1626</toDate>
            </dateRange>
         </cpfRelation>
         <cpfRelation xmlns:xlink="http://www.w3.org/1999/xlink"
                      cpfRelationType="associative"
                      xlink:href="FRAN_NP_010882"
                      xlink:type="simple">
            <relationEntry>Périer, Thomas</relationEntry>
            <dateRange>
               <fromDate standardDate="1543-11-22">22 novembre 1543</fromDate>
               <toDate standardDate="1589-06-28">28 juin 1589</toDate>
            </dateRange>
         </cpfRelation>
         <cpfRelation xmlns:xlink="http://www.w3.org/1999/xlink"
                      cpfRelationType="associative"
                      xlink:href="FRAN_NP_013514"
                      xlink:type="simple">
            <relationEntry>Chapelain, Blaise</relationEntry>
            <dateRange>
               <fromDate standardDate="1589-08-17">17 août 1589</fromDate>
               <toDate standardDate="1589-12-16">16 décembre 1589</toDate>
            </dateRange>
         </cpfRelation>
         <cpfRelation xmlns:xlink="http://www.w3.org/1999/xlink"
                      cpfRelationType="associative"
                      xlink:href="FRAN_NP_011426"
                      xlink:type="simple">
            <relationEntry>Leroy, Hugues</relationEntry>
            <dateRange>
               <fromDate standardDate="1655-09-21">21 septembre 1655</fromDate>
               <toDate standardDate="1676-12-24">24 décembre 1676</toDate>
            </dateRange>
         </cpfRelation>
         <cpfRelation xmlns:xlink="http://www.w3.org/1999/xlink"
                      cpfRelationType="associative"
                      xlink:href="FRAN_NP_011313"
                      xlink:type="simple">
            <relationEntry>Lair, Etienne</relationEntry>
            <dateRange>
               <fromDate standardDate="1782-04-20">20 avril 1782</fromDate>
               <toDate standardDate="1786-11-25">25 novembre 1786</toDate>
            </dateRange>
         </cpfRelation>
         <cpfRelation xmlns:xlink="http://www.w3.org/1999/xlink"
                      cpfRelationType="associative"
                      xlink:href="FRAN_NP_012484"
                      xlink:type="simple">
            <relationEntry>Camusat, Jean-Elie</relationEntry>
            <dateRange>
               <fromDate standardDate="1814-11-18">18 novembre 1814</fromDate>
               <toDate standardDate="1827-06-12">12 juin 1827</toDate>
            </dateRange>
         </cpfRelation>
         <cpfRelation xmlns:xlink="http://www.w3.org/1999/xlink"
                      cpfRelationType="associative"
                      xlink:href="FRAN_NP_011975"
                      xlink:type="simple">
            <relationEntry>Guéret, Joseph</relationEntry>
            <dateRange>
               <fromDate standardDate="1755-05-31">31 mai 1755</fromDate>
               <toDate standardDate="1782-04-18">18 avril 1782</toDate>
            </dateRange>
         </cpfRelation>
         <cpfRelation xmlns:xlink="http://www.w3.org/1999/xlink"
                      cpfRelationType="associative"
                      xlink:href="FRAN_NP_013009"
                      xlink:type="simple">
            <relationEntry>Bournet-Verron, Antoine</relationEntry>
            <dateRange>
               <fromDate standardDate="1834-03-22">22 mars 1834</fromDate>
               <toDate standardDate="1869-06-09">9 juin 1869</toDate>
            </dateRange>
         </cpfRelation>
         <cpfRelation xmlns:xlink="http://www.w3.org/1999/xlink"
                      cpfRelationType="associative"
                      xlink:href="FRAN_NP_011777"
                      xlink:type="simple">
            <relationEntry>Hervy, Alexis</relationEntry>
            <dateRange>
               <fromDate standardDate="1644-07-01">1er juillet 1644</fromDate>
               <toDate standardDate="1653-06-13">13 juin 1653</toDate>
            </dateRange>
         </cpfRelation>
         <cpfRelation xmlns:xlink="http://www.w3.org/1999/xlink"
                      cpfRelationType="associative"
                      xlink:href="FRAN_NP_011704"
                      xlink:type="simple">
            <relationEntry>Jousselin, Joseph</relationEntry>
            <dateRange>
               <fromDate standardDate="1882-06-16">16 juin 1882</fromDate>
               <toDate standardDate="1907-08-16">16 août 1907</toDate>
            </dateRange>
         </cpfRelation>
         <cpfRelation xmlns:xlink="http://www.w3.org/1999/xlink"
                      cpfRelationType="associative"
                      xlink:href="FRAN_NP_011706"
                      xlink:type="simple">
            <relationEntry>Jousselin, Robert</relationEntry>
            <dateRange>
               <fromDate standardDate="1946-05-22">22 mai 1946</fromDate>
               <toDate standardDate="1990-03-14">14 mars 1990</toDate>
            </dateRange>
         </cpfRelation>
         <cpfRelation xmlns:xlink="http://www.w3.org/1999/xlink"
                      cpfRelationType="associative"
                      xlink:href="FRAN_NP_012011"
                      xlink:type="simple">
            <relationEntry>Guyot, Augustin-Jules</relationEntry>
            <dateRange>
               <fromDate standardDate="1827-06-12">12 juin 1827</fromDate>
               <toDate standardDate="1834-03-22">22 mars 1834</toDate>
            </dateRange>
         </cpfRelation>
         <cpfRelation xmlns:xlink="http://www.w3.org/1999/xlink"
                      cpfRelationType="associative"
                      xlink:href="FRAN_NP_011703"
                      xlink:type="simple">
            <relationEntry>Jousse, Jean Jacques</relationEntry>
            <dateRange>
               <fromDate standardDate="1990-03-14">14 mars 1990</fromDate>
            </dateRange>
         </cpfRelation>
         <cpfRelation xmlns:xlink="http://www.w3.org/1999/xlink"
                      cpfRelationType="associative"
                      xlink:href="FRAN_NP_011705"
                      xlink:type="simple">
            <relationEntry>Jousselin, Pierre Eugène</relationEntry>
            <dateRange>
               <fromDate standardDate="1907-08-16">16 août 1907</fromDate>
               <toDate standardDate="1946-05-22">22 mai 1946</toDate>
            </dateRange>
         </cpfRelation>
         <cpfRelation xmlns:xlink="http://www.w3.org/1999/xlink"
                      cpfRelationType="associative"
                      xlink:href="FRAN_NP_013039"
                      xlink:type="simple">
            <relationEntry>Brelut de la grange, César</relationEntry>
            <dateRange>
               <fromDate standardDate="1733-08-19">19 août 1733</fromDate>
               <toDate standardDate="1755-05-30">30 mai 1755</toDate>
            </dateRange>
         </cpfRelation>
         <cpfRelation xmlns:xlink="http://www.w3.org/1999/xlink"
                      cpfRelationType="associative"
                      xlink:href="FRAN_NP_013008"
                      xlink:type="simple">
            <relationEntry>Bournet de verron, Charles Antoine Paul Elie</relationEntry>
            <dateRange>
               <fromDate standardDate="1869-06-09">9 juin 1869</fromDate>
               <toDate standardDate="1882-06-16">16 juin 1882</toDate>
            </dateRange>
         </cpfRelation>
         <cpfRelation xmlns:xlink="http://www.w3.org/1999/xlink"
                      cpfRelationType="associative"
                      xlink:href="FRAN_NP_012483"
                      xlink:type="simple">
            <relationEntry>Caffart, Jean</relationEntry>
            <dateRange>
               <fromDate standardDate="1653-06-14">14 juin 1653</fromDate>
               <toDate standardDate="1655-09-19">19 septembre 1655</toDate>
            </dateRange>
         </cpfRelation>
         <cpfRelation xmlns:xlink="http://www.w3.org/1999/xlink"
                      cpfRelationType="associative"
                      xlink:href="FRAN_NP_012485"
                      xlink:type="simple">
            <relationEntry>Cartault, François</relationEntry>
            <dateRange>
               <fromDate standardDate="1539-09-10">10 septembre 1539</fromDate>
               <toDate standardDate="1562-08-12">12 août 1562</toDate>
            </dateRange>
         </cpfRelation>
         <cpfRelation xmlns:xlink="http://www.w3.org/1999/xlink"
                      cpfRelationType="associative"
                      xlink:href="FRAN_NP_011444"
                      xlink:type="simple">
            <relationEntry>Lecerf, Jean-Baptiste</relationEntry>
            <dateRange>
               <fromDate standardDate="1800-09-15">15 septembre 1800</fromDate>
               <toDate standardDate="1814-11-18">18 novembre 1814</toDate>
            </dateRange>
         </cpfRelation>
         <cpfRelation xmlns:xlink="http://www.w3.org/1999/xlink"
                      cpfRelationType="associative"
                      xlink:href="FRAN_NP_010324"
                      xlink:type="simple">
            <relationEntry>Valet, André</relationEntry>
            <dateRange>
               <fromDate standardDate="1692-10-18">18 octobre 1692</fromDate>
               <toDate standardDate="1733-08-17">17 août 1733</toDate>
            </dateRange>
         </cpfRelation>
         <cpfRelation xmlns:xlink="http://www.w3.org/1999/xlink"
                      cpfRelationType="associative"
                      xlink:href="FRAN_NP_010990"
                      xlink:type="simple">
            <relationEntry>Pottier, Louis-François</relationEntry>
            <dateRange>
               <fromDate standardDate="1786-11-25">25 novembre 1786</fromDate>
               <toDate standardDate="1800-09-15">15 septembre 1800</toDate>
            </dateRange>
         </cpfRelation>
         <cpfRelation xmlns:xlink="http://www.w3.org/1999/xlink"
                      cpfRelationType="associative"
                      xlink:href="FRAN_NP_010880"
                      xlink:type="simple">
            <relationEntry>Périer, Philippe</relationEntry>
            <dateRange>
               <fromDate standardDate="1626-09-03">3 septembre 1626</fromDate>
               <toDate standardDate="1644-06-30">30 juin 1644</toDate>
            </dateRange>
         </cpfRelation>
         <cpfRelation xmlns:xlink="http://www.w3.org/1999/xlink"
                      cpfRelationType="associative"
                      xlink:href="FRAN_NP_011629"
                      xlink:type="simple">
            <relationEntry>Lorimier, Antoine</relationEntry>
            <dateRange>
               <fromDate standardDate="1677-01-27">27 janvier 1677</fromDate>
               <toDate standardDate="1692-10-02">2 octobre 1692</toDate>
            </dateRange>
         </cpfRelation>
         <resourceRelation xmlns:xlink="http://www.w3.org/1999/xlink"
                           resourceRelationType="creatorOf"
                           xlink:href="FRAN_IR_041362"
                           xlink:type="simple">
            <relationEntry localType="archival">Minutes et répertoires du notaire François CARTAULT, 10 septembre 1539 - 12 août 1562 (étude XI)</relationEntry>
         </resourceRelation>
         <resourceRelation xmlns:xlink="http://www.w3.org/1999/xlink"
                           resourceRelationType="creatorOf"
                           xlink:href="FRAN_IR_041363"
                           xlink:type="simple">
            <relationEntry localType="archival">Minutes et répertoires du notaire Thomas PÉRIER, 22 novembre 1543 - 2 juin 1589 (étude XI)</relationEntry>
         </resourceRelation>
         <resourceRelation xmlns:xlink="http://www.w3.org/1999/xlink"
                           resourceRelationType="creatorOf"
                           xlink:href="FRAN_IR_041364"
                           xlink:type="simple">
            <relationEntry localType="archival">Minutes et répertoires du notaire Mathurin PÉRIER, 10 juin 1589 - 3 septembre 1626 (étude XI)</relationEntry>
         </resourceRelation>
         <resourceRelation xmlns:xlink="http://www.w3.org/1999/xlink"
                           resourceRelationType="creatorOf"
                           xlink:href="FRAN_IR_041365"
                           xlink:type="simple">
            <relationEntry localType="archival">Minutes et répertoires du notaire Philippe PÉRIER, 3 septembre 1626 - 30 juin 1644 (étude XI)</relationEntry>
         </resourceRelation>
         <resourceRelation xmlns:xlink="http://www.w3.org/1999/xlink"
                           resourceRelationType="creatorOf"
                           xlink:href="FRAN_IR_041366"
                           xlink:type="simple">
            <relationEntry localType="archival">Minutes et répertoires du notaire Alexis HERVY, juillet 1644 - 13 juin 1653 (étude XI)</relationEntry>
         </resourceRelation>
         <resourceRelation xmlns:xlink="http://www.w3.org/1999/xlink"
                           resourceRelationType="creatorOf"
                           xlink:href="FRAN_IR_041367"
                           xlink:type="simple">
            <relationEntry localType="archival">Minutes et répertoires du notaire Jean CAFFART, 14 juin 1653 - 20 septembre 1655 (étude XI)</relationEntry>
         </resourceRelation>
         <resourceRelation xmlns:xlink="http://www.w3.org/1999/xlink"
                           resourceRelationType="creatorOf"
                           xlink:href="FRAN_IR_041368"
                           xlink:type="simple">
            <relationEntry localType="archival">Minutes et répertoires du notaire Hugues LEROY, 21 septembre 1655 - 24 décembre 1676 (étude XI)</relationEntry>
         </resourceRelation>
         <resourceRelation xmlns:xlink="http://www.w3.org/1999/xlink"
                           resourceRelationType="creatorOf"
                           xlink:href="FRAN_IR_041369"
                           xlink:type="simple">
            <relationEntry localType="archival">Minutes et répertoires du notaire Antoine LORIMIER, 26 janvier 1677 - 2 octobre 1692 (étude XI)</relationEntry>
         </resourceRelation>
         <resourceRelation xmlns:xlink="http://www.w3.org/1999/xlink"
                           resourceRelationType="creatorOf"
                           xlink:href="FRAN_IR_041370"
                           xlink:type="simple">
            <relationEntry localType="archival">Minutes et répertoires du notaire André VALET, 18 octobre 1692 - 17 août 1733 (étude XI)</relationEntry>
         </resourceRelation>
         <resourceRelation xmlns:xlink="http://www.w3.org/1999/xlink"
                           resourceRelationType="creatorOf"
                           xlink:href="FRAN_IR_041371"
                           xlink:type="simple">
            <relationEntry localType="archival">Minutes et répertoires du notaire César BRELUT de LA GRANGE, 19 août 1733 - 30 mai 1755 (étude XI)</relationEntry>
         </resourceRelation>
         <resourceRelation xmlns:xlink="http://www.w3.org/1999/xlink"
                           resourceRelationType="creatorOf"
                           xlink:href="FRAN_IR_041372"
                           xlink:type="simple">
            <relationEntry localType="archival">Minutes et répertoires du notaire Joseph GUÉRET, 31 mai 1755 - 18 avril 1782 (étude XI)</relationEntry>
         </resourceRelation>
         <resourceRelation xmlns:xlink="http://www.w3.org/1999/xlink"
                           resourceRelationType="creatorOf"
                           xlink:href="FRAN_IR_041374"
                           xlink:type="simple">
            <relationEntry localType="archival">Minutes et répertoires du notaire Étienne LAIR, 21 avril 1782 - 22 novembre 1786 (étude XI)</relationEntry>
         </resourceRelation>
         <resourceRelation xmlns:xlink="http://www.w3.org/1999/xlink"
                           resourceRelationType="creatorOf"
                           xlink:href="FRAN_IR_041373"
                           xlink:type="simple">
            <relationEntry localType="archival">Minutes et répertoires du notaire Louis François POTTIER, 25 novembre 1786 - 1er septembre 1800 (étude XI)</relationEntry>
         </resourceRelation>
         <resourceRelation xmlns:xlink="http://www.w3.org/1999/xlink"
                           resourceRelationType="creatorOf"
                           xlink:href="FRAN_IR_041375"
                           xlink:type="simple">
            <relationEntry localType="archival">Minutes et répertoires du notaire Jean-Baptiste LECERF, 15 septembre 1800 - 17 novembre 1814 (étude XI)</relationEntry>
         </resourceRelation>
         <resourceRelation xmlns:xlink="http://www.w3.org/1999/xlink"
                           resourceRelationType="creatorOf"
                           xlink:href="FRAN_IR_041376"
                           xlink:type="simple">
            <relationEntry localType="archival">Minutes et répertoires du notaire Jean Élie CAMUSAT, 18 novembre 1814 - 11 juin 1827 (étude XI)</relationEntry>
         </resourceRelation>
         <resourceRelation xmlns:xlink="http://www.w3.org/1999/xlink"
                           resourceRelationType="creatorOf"
                           xlink:href="FRAN_IR_041377"
                           xlink:type="simple">
            <relationEntry localType="archival">Minutes et répertoires du notaire Augustin Jules GUYOT, 12 juin 1827 - 21 mars 1834 (étude XI)</relationEntry>
         </resourceRelation>
         <resourceRelation xmlns:xlink="http://www.w3.org/1999/xlink"
                           resourceRelationType="creatorOf"
                           xlink:href="FRAN_IR_041378"
                           xlink:type="simple">
            <relationEntry localType="archival">Minutes et répertoires du notaire Antoine BOURNET-VERRON, 22 mars 1834 - 9 juin 1869 (étude XI)</relationEntry>
         </resourceRelation>
         <resourceRelation xmlns:xlink="http://www.w3.org/1999/xlink"
                           resourceRelationType="creatorOf"
                           xlink:href="FRAN_IR_041379"
                           xlink:type="simple">
            <relationEntry localType="archival">Minutes et répertoires du notaire Charles Antoine Paul Elie BOURNET de VERRON, 9 juin 1869 - 16 juin 1882 (étude XI)</relationEntry>
         </resourceRelation>
         <resourceRelation xmlns:xlink="http://www.w3.org/1999/xlink"
                           resourceRelationType="creatorOf"
                           xlink:href="FRAN_IR_041361"
                           xlink:type="simple">
            <relationEntry localType="archival">Archives de l'étude XI</relationEntry>
         </resourceRelation>
         <resourceRelation xmlns:xlink="http://www.w3.org/1999/xlink"
                           resourceRelationType="creatorOf"
                           xlink:href="FRAN_IR_053954"
                           xlink:type="simple">
            <relationEntry localType="archival">Dossiers de clients de l'étude XI</relationEntry>
         </resourceRelation>
         <resourceRelation xmlns:xlink="http://www.w3.org/1999/xlink"
                           resourceRelationType="creatorOf"
                           xlink:href="FRAN_IR_053105"
                           xlink:type="simple">
            <relationEntry localType="archival">Images des répertoires du notaire François Cartault pour l'étude XI</relationEntry>
         </resourceRelation>
         <resourceRelation xmlns:xlink="http://www.w3.org/1999/xlink"
                           resourceRelationType="creatorOf"
                           xlink:href="FRAN_IR_051740"
                           xlink:type="simple">
            <relationEntry localType="archival">Images du répertoire du notaire Thomas Périer pour l'étude XI</relationEntry>
         </resourceRelation>
         <resourceRelation xmlns:xlink="http://www.w3.org/1999/xlink"
                           resourceRelationType="creatorOf"
                           xlink:href="FRAN_IR_052950"
                           xlink:type="simple">
            <relationEntry localType="archival">Images du répertoire du notaire Mathurin Périer pour l'étude XI</relationEntry>
         </resourceRelation>
         <resourceRelation xmlns:xlink="http://www.w3.org/1999/xlink"
                           resourceRelationType="creatorOf"
                           xlink:href="FRAN_IR_052952"
                           xlink:type="simple">
            <relationEntry localType="archival">Images des répertoires du notaire Philippe Périer pour l'étude XI</relationEntry>
         </resourceRelation>
         <resourceRelation xmlns:xlink="http://www.w3.org/1999/xlink"
                           resourceRelationType="creatorOf"
                           xlink:href="FRAN_IR_051748"
                           xlink:type="simple">
            <relationEntry localType="archival">Images du répertoire du notaire Alexis Hervy pour l'étude XI</relationEntry>
         </resourceRelation>
         <resourceRelation xmlns:xlink="http://www.w3.org/1999/xlink"
                           resourceRelationType="creatorOf"
                           xlink:href="FRAN_IR_051751"
                           xlink:type="simple">
            <relationEntry localType="archival">Images du répertoire du notaire Jean Caffart pour l'étude XI</relationEntry>
         </resourceRelation>
         <resourceRelation xmlns:xlink="http://www.w3.org/1999/xlink"
                           resourceRelationType="creatorOf"
                           xlink:href="FRAN_IR_051738"
                           xlink:type="simple">
            <relationEntry localType="archival">Images des répertoires du notaire André Valet pour l'étude XI</relationEntry>
         </resourceRelation>
         <resourceRelation xmlns:xlink="http://www.w3.org/1999/xlink"
                           resourceRelationType="creatorOf"
                           xlink:href="FRAN_IR_051756"
                           xlink:type="simple">
            <relationEntry localType="archival">Images du répertoire du notaire César Brelut de La Grange pour l'étude XI</relationEntry>
         </resourceRelation>
         <resourceRelation xmlns:xlink="http://www.w3.org/1999/xlink"
                           resourceRelationType="creatorOf"
                           xlink:href="FRAN_IR_056621"
                           xlink:type="simple">
            <relationEntry localType="archival">Images du répertoire du notaire Hugues Leroy pour l'étude XI</relationEntry>
         </resourceRelation>
         <resourceRelation xmlns:xlink="http://www.w3.org/1999/xlink"
                           resourceRelationType="creatorOf"
                           xlink:href="FRAN_IR_051750"
                           xlink:type="simple">
            <relationEntry localType="archival">Images des répertoires du notaire Joseph Guéret pour l'étude XI</relationEntry>
         </resourceRelation>
         <resourceRelation xmlns:xlink="http://www.w3.org/1999/xlink"
                           resourceRelationType="creatorOf"
                           xlink:href="FRAN_IR_051743"
                           xlink:type="simple">
            <relationEntry localType="archival">Images du répertoire du notaire Étienne Lair pour l'étude XI</relationEntry>
         </resourceRelation>
         <resourceRelation xmlns:xlink="http://www.w3.org/1999/xlink"
                           resourceRelationType="creatorOf"
                           xlink:href="FRAN_IR_051742"
                           xlink:type="simple">
            <relationEntry localType="archival">Images des répertoires du notaire Louis François Pottier pour l'étude XI</relationEntry>
         </resourceRelation>
         <resourceRelation xmlns:xlink="http://www.w3.org/1999/xlink"
                           resourceRelationType="creatorOf"
                           xlink:href="FRAN_IR_051744"
                           xlink:type="simple">
            <relationEntry localType="archival">Images des répertoires du notaire Jean-Baptiste Lecerf pour l'étude XI</relationEntry>
         </resourceRelation>
         <resourceRelation xmlns:xlink="http://www.w3.org/1999/xlink"
                           resourceRelationType="creatorOf"
                           xlink:href="FRAN_IR_051753"
                           xlink:type="simple">
            <relationEntry localType="archival">Images des répertoires du notaire Jean Élie Camusat pour l'étude XI</relationEntry>
         </resourceRelation>
         <resourceRelation xmlns:xlink="http://www.w3.org/1999/xlink"
                           resourceRelationType="creatorOf"
                           xlink:href="FRAN_IR_051749"
                           xlink:type="simple">
            <relationEntry localType="archival">Images des répertoires du notaire Augustin Jules Guyot pour l'étude XI</relationEntry>
         </resourceRelation>
         <resourceRelation xmlns:xlink="http://www.w3.org/1999/xlink"
                           resourceRelationType="creatorOf"
                           xlink:href="FRAN_IR_051755"
                           xlink:type="simple">
            <relationEntry localType="archival">Images des répertoires du notaire Antoine Bournet-Verron pour l'étude XI</relationEntry>
         </resourceRelation>
         <resourceRelation xmlns:xlink="http://www.w3.org/1999/xlink"
                           resourceRelationType="creatorOf"
                           xlink:href="FRAN_IR_051754"
                           xlink:type="simple">
            <relationEntry localType="archival">Images des répertoires du notaire Charles Antoine Paul Elie Bournet de Verron pour l'étude XI</relationEntry>
         </resourceRelation>
         <resourceRelation xmlns:xlink="http://www.w3.org/1999/xlink"
                           resourceRelationType="creatorOf"
                           xlink:href="FRAN_IR_051747"
                           xlink:type="simple">
            <relationEntry localType="archival">Images des répertoires du notaire Joseph Jousselin pour l'étude XI</relationEntry>
         </resourceRelation>
         <resourceRelation xmlns:xlink="http://www.w3.org/1999/xlink"
                           resourceRelationType="creatorOf"
                           xlink:href="FRAN_IR_056637"
                           xlink:type="simple">
            <relationEntry localType="archival">Images du répertoire du notaire Antoine Lorimier pour l'étude XI</relationEntry>
         </resourceRelation>
      </relations>
   </cpfDescription>
</eac-cpf>
