<eac-cpf xmlns="urn:isbn:1-931666-33-4"
         xmlns:xsi="http://www.w3.org/2001/XMLSchema-instance"
         xsi:schemaLocation="urn:isbn:1-931666-33-4 cpf.xsd">
   <control>
      <recordId>FRAN_NP_010619</recordId>
      <otherRecordId localType="Ancien_identifiant">FRDAFANCH00MC_NANOTAIRE00345</otherRecordId>
      <maintenanceStatus>derived</maintenanceStatus>
      <maintenanceAgency>
         <agencyName>Archives nationales de France</agencyName>
      </maintenanceAgency>
      <languageDeclaration>
         <language languageCode="fre">Français</language>
         <script scriptCode="Latn"/>
      </languageDeclaration>
      <conventionDeclaration>
         <citation>Notice établie conformément à la norme ICA-ISAAR (CPF) 2004, aux normes ISO 8601 pour le système de normalisation des dates utilisé, ainsi que AFNOR NF Z 44-061, juin 1986. Catalogage : forme et structure des vedettes noms de personne, des vedettes titres, des rubriques de classement et des titres forgés.</citation>
      </conventionDeclaration>
      <localControl localType="niveau_de_detail">
         <term>Moyenne</term>
      </localControl>
      <maintenanceHistory>
         <maintenanceEvent>
            <eventType>derived</eventType>
            <eventDateTime>2013-04-23</eventDateTime>
            <agentType>machine</agentType>
            <agent>Migration ETANOT</agent>
         </maintenanceEvent>
      </maintenanceHistory>
      <sources>
         <source>
            <descriptiveNote>
               <p>M. F. LIMON, Les notaires au Châtelet sous le règne de Louis XIV, Toulouse, presses universitaires du Mirail, 1992, p.409-410</p>
            </descriptiveNote>
         </source>
      </sources>
   </control>
   <cpfDescription>
      <identity>
         <entityType>person</entityType>
         <nameEntry localType="autorisée" scriptCode="Latn" xml:lang="fre">
            <part>Rappe, Bonnaventure</part>
         </nameEntry>
      </identity>
      <description>
         <existDates>
            <dateRange>
               <fromDate standardDate="1685-02-03">3 février 1685</fromDate>
               <toDate standardDate="1690-09-22">22 septembre 1690</toDate>
            </dateRange>
            <descriptiveNote>
               <p>Les dates d'existence de la personne ne sont pas connues et sont évaluées d'après les dates d'exercice en tant que notaire</p>
            </descriptiveNote>
         </existDates>
         <places>
            <place>
               <placeRole>Lieu de Paris</placeRole>
               <placeEntry localType="paroisse" vocabularySource="d3nyvow9c3--1ln2rhczl581f">saint-eustache (paroisse)</placeEntry>
               <placeEntry localType="voie" vocabularySource="d3nzd36jkq-2di11qojb16k">saint-honoré (rue)</placeEntry>
               <placeEntry localType="nomLieu">rue Saint-Honoré</placeEntry>
            </place>
         </places>
         <functions>
            <function>
               <term vocabularySource="d3nyui3o8w--11y7jgy8q3wnt">notaire à paris</term>
               <dateRange>
                  <fromDate standardDate="1685-02-03">3 février 1685</fromDate>
                  <toDate standardDate="1690-09-22">22 septembre 1690</toDate>
               </dateRange>
            </function>
         </functions>
         <biogHist>
            <p>Marié à Marie Françoise Guyon (voir ET/II/301, 2 novembre 1689, contrat de mariage)</p>
            <p>d'abord principal clerc d'Eustache Fillocque, auquel il succède</p>
            <p>mort en fonction le 24 septembre 1690</p>
         </biogHist>
      </description>
      <relations>
         <cpfRelation xmlns:xlink="http://www.w3.org/1999/xlink"
                      cpfRelationType="associative"
                      xlink:href="FRAN_NP_010228"
                      xlink:type="simple">
            <relationEntry>Etude notariale CI</relationEntry>
            <dateRange>
               <fromDate standardDate="1685-02-03">3 février 1685</fromDate>
               <toDate standardDate="1690-09-22">22 septembre 1690</toDate>
            </dateRange>
         </cpfRelation>
         <resourceRelation resourceRelationType="other">
            <relationEntry localType="archival">ET/CXII/220, 23 septembre 1690, testament</relationEntry>
         </resourceRelation>
         <resourceRelation resourceRelationType="other">
            <relationEntry localType="archival">ET/CXII/220, 23 septembre 1690, traité d'office de notaire entre Bonaventure Rappe et Claude Duclos</relationEntry>
         </resourceRelation>
         <resourceRelation xmlns:xlink="http://www.w3.org/1999/xlink"
                           resourceRelationType="subjectOf"
                           xlink:href="FRAN_IR_043084"
                           xlink:type="simple">
            <relationEntry localType="archival">Minutes et répertoires du notaire Bonnaventure RAPPE, 3 février 1685 - 22 septembre 1690 (étude CI)</relationEntry>
         </resourceRelation>
         <resourceRelation xmlns:xlink="http://www.w3.org/1999/xlink"
                           resourceRelationType="creatorOf"
                           xlink:href="FRAN_IR_053399"
                           xlink:type="simple">
            <relationEntry localType="archival">Images des répertoires du notaire Bonnaventure Rappe pour l'étude CI</relationEntry>
         </resourceRelation>
      </relations>
   </cpfDescription>
</eac-cpf>
