<eac-cpf xmlns="urn:isbn:1-931666-33-4"
         xmlns:xsi="http://www.w3.org/2001/XMLSchema-instance"
         xsi:schemaLocation="urn:isbn:1-931666-33-4 cpf.xsd">
   <control>
      <recordId>FRAN_NP_010547</recordId>
      <otherRecordId localType="Ancien_identifiant">FRDAFANCH00MC_NANOTAIRE00262</otherRecordId>
      <maintenanceStatus>derived</maintenanceStatus>
      <maintenanceAgency>
         <agencyName>Archives nationales de France</agencyName>
      </maintenanceAgency>
      <languageDeclaration>
         <language languageCode="fre">Français</language>
         <script scriptCode="Latn"/>
      </languageDeclaration>
      <conventionDeclaration>
         <citation>Notice établie conformément à la norme ICA-ISAAR (CPF) 2004, aux normes ISO 8601 pour le système de normalisation des dates utilisé, ainsi que AFNOR NF Z 44-061, juin 1986. Catalogage : forme et structure des vedettes noms de personne, des vedettes titres, des rubriques de classement et des titres forgés.</citation>
      </conventionDeclaration>
      <localControl localType="niveau_de_detail">
         <term>Moyenne</term>
      </localControl>
      <maintenanceHistory>
         <maintenanceEvent>
            <eventType>derived</eventType>
            <eventDateTime>2013-04-23</eventDateTime>
            <agentType>machine</agentType>
            <agent>Migration ETANOT</agent>
         </maintenanceEvent>
      </maintenanceHistory>
   </control>
   <cpfDescription>
      <identity>
         <entityType>person</entityType>
         <nameEntry localType="autorisée" scriptCode="Latn" xml:lang="fre">
            <part>Saulnier, Nicolas</part>
         </nameEntry>
      </identity>
      <description>
         <existDates>
            <dateRange>
               <fromDate standardDate="1603-08-18">18 août 1603</fromDate>
               <toDate standardDate="1641-12-21">21 décembre 1641</toDate>
            </dateRange>
            <descriptiveNote>
               <p>Les dates d'existence de la personne ne sont pas connues et sont évaluées d'après les dates d'exercice en tant que notaire</p>
            </descriptiveNote>
         </existDates>
         <places>
            <place>
               <placeRole>Lieu de Paris</placeRole>
               <placeEntry localType="paroisse" vocabularySource="d3nyvovxws-1r3061wzh7bqc">saint-etienne-du-mont (paroisse)</placeEntry>
               <placeEntry localType="voie" vocabularySource="d3nzbzvirq-hijvubm3y502">maubert (place)</placeEntry>
               <placeEntry localType="nomLieu">place Maubert</placeEntry>
            </place>
         </places>
         <functions>
            <function>
               <term vocabularySource="d3nyui3o8w--11y7jgy8q3wnt">notaire à paris</term>
               <dateRange>
                  <fromDate standardDate="1603-08-18">18 août 1603</fromDate>
                  <toDate standardDate="1641-12-21">21 décembre 1641</toDate>
               </dateRange>
            </function>
         </functions>
         <biogHist>
            <p>marié à Catherine Charles, fille de Jean Charles I, notaire de l'étude XVIII (voir ET/XI/99, folio 77, 23 janvier 1617, Bail à rente d'une maison par Jean Charles à Nicolas Saulnier et Catherine Charles, son gendre et sa fille)</p>
         </biogHist>
      </description>
      <relations>
         <cpfRelation xmlns:xlink="http://www.w3.org/1999/xlink"
                      cpfRelationType="associative"
                      xlink:href="FRAN_NP_010174"
                      xlink:type="simple">
            <relationEntry>Etude notariale XLVII</relationEntry>
            <dateRange>
               <fromDate standardDate="1603-08-18">18 août 1603</fromDate>
               <toDate standardDate="1641-12-21">21 décembre 1641</toDate>
            </dateRange>
         </cpfRelation>
         <resourceRelation resourceRelationType="other">
            <relationEntry localType="archival">ET/XLVI/23, 13 février 1642, vente par Catherine Charles, veuve de Nicolas Saulnier, de l'office de notaire au Châtelet dont ce dernier était pourvu, à Robert de Saint-Jean</relationEntry>
         </resourceRelation>
         <resourceRelation resourceRelationType="other">
            <relationEntry localType="archival">ET/XLVI/23, 21 février 1642, inventaire après décès</relationEntry>
         </resourceRelation>
         <resourceRelation resourceRelationType="other">
            <relationEntry localType="archival">ET/XLVI/24, 5 avril 1642, état des minutes de la pratique de feu Nicolas Saulnier, vendue avec son office par Catherine Charles à Robert de Saint-Jean</relationEntry>
         </resourceRelation>
         <resourceRelation resourceRelationType="other">
            <relationEntry localType="archival">ET/XLVI/24, 7 avril 1642, vente par Robert de Saint-Jean de l'office de notaire dont était pourvu feu Nicolas Saulnier à Jean de Saint-Jean</relationEntry>
         </resourceRelation>
         <resourceRelation xmlns:xlink="http://www.w3.org/1999/xlink"
                           resourceRelationType="subjectOf"
                           xlink:href="FRAN_IR_042154"
                           xlink:type="simple">
            <relationEntry localType="archival">Minutes et répertoires du notaire Nicolas SAULNIER, 18 août 1603 - 21 décembre 1641 (étude XLVII)</relationEntry>
         </resourceRelation>
         <resourceRelation xmlns:xlink="http://www.w3.org/1999/xlink"
                           resourceRelationType="creatorOf"
                           xlink:href="FRAN_IR_051161"
                           xlink:type="simple">
            <relationEntry localType="archival">«Mélanges» (dossiers de clients) de l’étude LXV. MC/ET/LXV/613-MC/ET/LXV/614 (1622-1848)</relationEntry>
         </resourceRelation>
         <resourceRelation xmlns:xlink="http://www.w3.org/1999/xlink"
                           resourceRelationType="creatorOf"
                           xlink:href="FRAN_IR_056033"
                           xlink:type="simple">
            <relationEntry localType="archival">Images du répertoire du notaire Nicolas Saulnier pour l'étude XLVII</relationEntry>
         </resourceRelation>
      </relations>
   </cpfDescription>
</eac-cpf>
