<eac-cpf xmlns="urn:isbn:1-931666-33-4"
         xmlns:xsi="http://www.w3.org/2001/XMLSchema-instance"
         xsi:schemaLocation="urn:isbn:1-931666-33-4 cpf.xsd">
   <control>
      <recordId>FRAN_NP_010244</recordId>
      <otherRecordId localType="Ancien_identifiant">FRDAFANCH00MC_NAETUDE_117</otherRecordId>
      <maintenanceStatus>revised</maintenanceStatus>
      <maintenanceAgency>
         <agencyName>Archives nationales de France</agencyName>
      </maintenanceAgency>
      <languageDeclaration>
         <language languageCode="fre">Français</language>
         <script scriptCode="Latn"/>
      </languageDeclaration>
      <conventionDeclaration>
         <citation>Notice établie conformément à la norme ICA-ISAAR (CPF) 2004, aux normes ISO 8601 pour le système de normalisation des dates utilisé, ainsi que AFNOR NF Z 44-061, juin 1986. Catalogage : forme et structure des vedettes noms de personne, des vedettes titres, des rubriques de classement et des titres forgés.</citation>
      </conventionDeclaration>
      <localControl localType="niveau_de_detail">
         <term>Moyenne</term>
      </localControl>
      <maintenanceHistory>
         <maintenanceEvent>
            <eventType>derived</eventType>
            <eventDateTime>2013-04-23</eventDateTime>
            <agentType>machine</agentType>
            <agent>Migration ETANOT</agent>
         </maintenanceEvent>
         <maintenanceEvent>
            <eventType>revised</eventType>
            <eventDateTime>2015-09-30</eventDateTime>
            <agentType>human</agentType>
            <agent>Marie-Françoise LIMON-BONNET</agent>
         </maintenanceEvent>
      </maintenanceHistory>
      <sources>
         <source>
            <descriptiveNote>
               <p>
                  <span style="bold">Voir : </span>
               </p>
               <p>Limon-Bonnet (M.-F.) [dir.], 
      <span style="italic">122 minutes d'histoire. Actes des notaires de Paris, XVIe-XXe siècle</span>, Paris, 2012, pp. 238-239. 
     </p>
               <p>
                  <span style="italic">Annuaire officiel du notariat</span>, 2012. 
     </p>
            </descriptiveNote>
         </source>
      </sources>
   </control>
   <cpfDescription>
      <identity>
         <entityType>corporateBody</entityType>
         <nameEntry localType="autorisée" scriptCode="Latn" xml:lang="fre">
            <part>Etude CXVII</part>
         </nameEntry>
         <nameEntry>
            <part>75035</part>
         </nameEntry>
         <nameEntry>
            <part>MORIN Michel et MORIN Philippe, SCP MORIN Géraldine et SAINZ Jean-Jacques, notaires au sein de l'étude</part>
         </nameEntry>
      </identity>
      <description>
         <existDates>
            <dateRange>
               <fromDate standardDate="1554-01-01">1554</fromDate>
            </dateRange>
         </existDates>
         <places>
            <place>
               <placeRole>Lieu de Paris</placeRole>
               <placeEntry localType="nomLieu">28, rue Scheffer, 75116 PARIS</placeEntry>
               <placeEntry localType="voie" vocabularySource="d3nzdadkoh--d8lfyg0msoka">Scheffer (rue)</placeEntry>
            </place>
         </places>
         <legalStatuses>
            <legalStatus>
               <term>office notarial</term>
            </legalStatus>
         </legalStatuses>
         <functions>
            <function>
               <term vocabularySource="d3nyui3o8w--11y7jgy8q3wnt">notaire à Paris</term>
               <dateRange>
                  <fromDate standardDate="1554-01-01">1554</fromDate>
                  <toDate/>
               </dateRange>
            </function>
         </functions>
         <mandates>
            <mandate/>
         </mandates>
         <biogHist>
            <p>L'étude est installée aux abords de la porte Baudoyer de 1554 à 1730. Elle se transporte alors rue Saint-Honoré et y reste jusqu'en l'an VII, avant de progresser vers le nord, à travers le quartier des affaires : rue Neuve-des-Petits-Champs, jusqu'en l'an XI ; rue du Mont-Blanc, jusqu'en 1823 ; rue de la Chaussée-d'Antin, jusqu'en 1903. Après un bref séjour 11, rue de Montalivet, elle s'installe 28, rue Scheffer, dans le XVIe arrondissement, son adresse actuelle.</p>
            <p>Sous l'Ancien Régime, une clientèle aristocratique apparaît nettement au travers des dépouillements d'actes pour les années 1751 et 1761 : les Haincqué de Saint-Senoch croisent les Rohan-Chabot, les Gramont passent des actes ainsi que les Gambard de Linières, les Berard de Boulainvillers ou les Séroux d'Agincourt. La vente de l'Hôtel de Monbazon par Louise Julie de La Tour d'Auvergne, veuve du duc de MLonbazon, est emblématique de cette situation (15 juillet 1751). Le décret du 28 juillet 1848 autorise la création d'associations ; cette étude reçoit alors plusieurs déclarations par semaine pour des associations de commerçants. Au cours du XIXe siècle, plusieurs actes peuvent être retenus : le contrat de mariage d'Eugène Viollet-le-Duc (24 avril 1834) et la création d'une société par le marquis Eugène de Bassano pour l'exploitation des mines de fer oxidulé ( 
     <span style="italic">sic</span>) de la région de Bône (Algérie), le 19 décembre 1845. Le 11 février 1874, est déposé à l'étude le testament olographe de la comtesse de Ségur, née Sophie Rostopchine. 
    </p>
            <p>Les 450 premières liasses de cette étude contiennent des minutes du XVIe et du XVIIe siècle, provenant d'un minutier de la porte Baudoyer et d'un second minutier de la rue Saint-Honoré.</p>
            <p>Le Minutier central conserve les minutes de l'étude CXVII à partir de l'année 1554.</p>
            <p>Les minutes de cette étude vont être versées début 2014 aux Archives nationales jusqu'au 31 décembre 1939, mais il faudra attendre leur cotation pour que leur communication en salle de lecture soit possible.</p>
         </biogHist>
      </description>
      <relations>
         <cpfRelation xmlns:xlink="http://www.w3.org/1999/xlink"
                      cpfRelationType="associative"
                      xlink:href="FRAN_NP_010962"
                      xlink:type="simple">
            <relationEntry>Poche, Jean de</relationEntry>
            <dateRange>
               <fromDate standardDate="1578-03-08">8 mars 1578</fromDate>
               <toDate standardDate="1598-05-01">1er mai 1598</toDate>
            </dateRange>
         </cpfRelation>
         <cpfRelation xmlns:xlink="http://www.w3.org/1999/xlink"
                      cpfRelationType="associative"
                      xlink:href="FRAN_NP_011513"
                      xlink:type="simple">
            <relationEntry>Le maire, Roch</relationEntry>
            <dateRange>
               <fromDate standardDate="1728-02-14">14 février 1728</fromDate>
               <toDate standardDate="1730-01-31">31 janvier 1730</toDate>
            </dateRange>
         </cpfRelation>
         <cpfRelation xmlns:xlink="http://www.w3.org/1999/xlink"
                      cpfRelationType="associative"
                      xlink:href="FRAN_NP_011523"
                      xlink:type="simple">
            <relationEntry>Lemoine, Antoine</relationEntry>
            <dateRange>
               <fromDate standardDate="1678-06-30">30 juin 1678</fromDate>
               <toDate standardDate="1728-02-11">11 février 1728</toDate>
            </dateRange>
         </cpfRelation>
         <cpfRelation xmlns:xlink="http://www.w3.org/1999/xlink"
                      cpfRelationType="associative"
                      xlink:href="FRAN_NP_011538"
                      xlink:type="simple">
            <relationEntry>Le normand, Jacques I</relationEntry>
            <dateRange>
               <fromDate standardDate="1659-08-12">12 août 1659</fromDate>
               <toDate standardDate="1692-10-17">17 octobre 1692</toDate>
            </dateRange>
         </cpfRelation>
         <cpfRelation xmlns:xlink="http://www.w3.org/1999/xlink"
                      cpfRelationType="associative"
                      xlink:href="FRAN_NP_011671"
                      xlink:type="simple">
            <relationEntry>Jamin, Jules</relationEntry>
            <dateRange>
               <fromDate standardDate="1836-03-06">6 mars 1836</fromDate>
               <toDate standardDate="1849-01-04">4 janvier 1849</toDate>
            </dateRange>
         </cpfRelation>
         <cpfRelation xmlns:xlink="http://www.w3.org/1999/xlink"
                      cpfRelationType="associative"
                      xlink:href="FRAN_NP_011238"
                      xlink:type="simple">
            <relationEntry>Morin, Philippe</relationEntry>
            <dateRange>
               <fromDate standardDate="1999-12-15">15 décembre 1999</fromDate>
            </dateRange>
         </cpfRelation>
         <cpfRelation xmlns:xlink="http://www.w3.org/1999/xlink"
                      cpfRelationType="associative"
                      xlink:href="FRAN_NP_011121"
                      xlink:type="simple">
            <relationEntry>May, Pierre de</relationEntry>
            <dateRange>
               <fromDate standardDate="1730-03-23">23 mars 1730</fromDate>
               <toDate standardDate="1766-08-18">18 août 1766</toDate>
            </dateRange>
         </cpfRelation>
         <cpfRelation xmlns:xlink="http://www.w3.org/1999/xlink"
                      cpfRelationType="associative"
                      xlink:href="FRAN_NP_011058"
                      xlink:type="simple">
            <relationEntry>Maine, Charles-François</relationEntry>
            <dateRange>
               <fromDate standardDate="1789-03-28">28 mars 1789</fromDate>
               <toDate standardDate="1799-11-23">23 novembre 1799</toDate>
            </dateRange>
         </cpfRelation>
         <cpfRelation xmlns:xlink="http://www.w3.org/1999/xlink"
                      cpfRelationType="associative"
                      xlink:href="FRAN_NP_011967"
                      xlink:type="simple">
            <relationEntry>Groyn, Michel</relationEntry>
            <dateRange>
               <fromDate standardDate="1623-01-31">31 janvier 1623</fromDate>
               <toDate standardDate="1663-04-27">27 avril 1663</toDate>
            </dateRange>
         </cpfRelation>
         <cpfRelation xmlns:xlink="http://www.w3.org/1999/xlink"
                      cpfRelationType="associative"
                      xlink:href="FRAN_NP_012714"
                      xlink:type="simple">
            <relationEntry>Courtillier, Pierre</relationEntry>
            <dateRange>
               <fromDate standardDate="1554-12-17">17 décembre 1554</fromDate>
               <toDate standardDate="1578-11-06">6 novembre 1578</toDate>
            </dateRange>
         </cpfRelation>
         <cpfRelation xmlns:xlink="http://www.w3.org/1999/xlink"
                      cpfRelationType="associative"
                      xlink:href="FRAN_NP_012760"
                      xlink:type="simple">
            <relationEntry>Bapteste, Gérard-Claude</relationEntry>
            <dateRange>
               <fromDate standardDate="1717-09-07">7 septembre 1717</fromDate>
               <toDate standardDate="1744-02-13">13 février 1744</toDate>
            </dateRange>
         </cpfRelation>
         <cpfRelation xmlns:xlink="http://www.w3.org/1999/xlink"
                      cpfRelationType="associative"
                      xlink:href="FRAN_NP_011869"
                      xlink:type="simple">
            <relationEntry>Gaultier, François</relationEntry>
            <dateRange>
               <fromDate standardDate="1663-05-22">22 mai 1663</fromDate>
               <toDate standardDate="1677-10-05">5 octobre 1677</toDate>
            </dateRange>
         </cpfRelation>
         <cpfRelation xmlns:xlink="http://www.w3.org/1999/xlink"
                      cpfRelationType="associative"
                      xlink:href="FRAN_NP_010646"
                      xlink:type="simple">
            <relationEntry>Renard, Jean</relationEntry>
            <dateRange>
               <fromDate standardDate="1692-10-19">19 octobre 1692</fromDate>
               <toDate standardDate="1717-09-07">7 septembre 1717</toDate>
            </dateRange>
         </cpfRelation>
         <cpfRelation xmlns:xlink="http://www.w3.org/1999/xlink"
                      cpfRelationType="associative"
                      xlink:href="FRAN_NP_012933"
                      xlink:type="simple">
            <relationEntry>Boggio-Pola, Alain</relationEntry>
            <dateRange>
               <fromDate standardDate="1970-09-02">2 septembre 1970</fromDate>
               <toDate standardDate="1987-06-17">17 juin 1987</toDate>
            </dateRange>
         </cpfRelation>
         <cpfRelation xmlns:xlink="http://www.w3.org/1999/xlink"
                      cpfRelationType="associative"
                      xlink:href="FRAN_NP_011788"
                      xlink:type="simple">
            <relationEntry>Houallet, Jean-Baptiste</relationEntry>
            <dateRange>
               <fromDate standardDate="1616-06-15">15 juin 1616</fromDate>
               <toDate standardDate="1623-01-31">janvier 1623</toDate>
            </dateRange>
         </cpfRelation>
         <cpfRelation xmlns:xlink="http://www.w3.org/1999/xlink"
                      cpfRelationType="associative"
                      xlink:href="FRAN_NP_012713"
                      xlink:type="simple">
            <relationEntry>Courtillier, Denis</relationEntry>
            <dateRange>
               <fromDate standardDate="1595-08-01">août 1595</fromDate>
               <toDate standardDate="1616-12-05">5 décembre 1616</toDate>
            </dateRange>
         </cpfRelation>
         <cpfRelation xmlns:xlink="http://www.w3.org/1999/xlink"
                      cpfRelationType="associative"
                      xlink:href="FRAN_NP_012785"
                      xlink:type="simple">
            <relationEntry>Batardy, Henri</relationEntry>
            <dateRange>
               <fromDate standardDate="1799-11-23">23 novembre 1799</fromDate>
               <toDate standardDate="1836-04-03">3 avril 1836</toDate>
            </dateRange>
         </cpfRelation>
         <cpfRelation xmlns:xlink="http://www.w3.org/1999/xlink"
                      cpfRelationType="associative"
                      xlink:href="FRAN_NP_011910"
                      xlink:type="simple">
            <relationEntry>Giraudeau, Edme-Jean</relationEntry>
            <dateRange>
               <fromDate standardDate="1766-09-13">13 septembre 1766</fromDate>
               <toDate standardDate="1777-12-20">20 décembre 1777</toDate>
            </dateRange>
         </cpfRelation>
         <cpfRelation xmlns:xlink="http://www.w3.org/1999/xlink"
                      cpfRelationType="associative"
                      xlink:href="FRAN_NP_010416"
                      xlink:type="simple">
            <relationEntry>Thabaut, Jean Louis François</relationEntry>
            <dateRange>
               <fromDate standardDate="1964-03-25">25 mars 1964</fromDate>
               <toDate standardDate="1977-08-11">11 août 1977</toDate>
            </dateRange>
         </cpfRelation>
         <cpfRelation xmlns:xlink="http://www.w3.org/1999/xlink"
                      cpfRelationType="associative"
                      xlink:href="FRAN_NP_011083"
                      xlink:type="simple">
            <relationEntry>Margantin, Pierre</relationEntry>
            <dateRange>
               <fromDate standardDate="1777-12-20">20 décembre 1777</fromDate>
               <toDate standardDate="1789-03-28">28 mars 1789</toDate>
            </dateRange>
         </cpfRelation>
         <cpfRelation xmlns:xlink="http://www.w3.org/1999/xlink"
                      cpfRelationType="associative"
                      xlink:href="FRAN_NP_011237"
                      xlink:type="simple">
            <relationEntry>Morin, Michel</relationEntry>
            <dateRange>
               <fromDate standardDate="1977-08-11">11 août 1977</fromDate>
            </dateRange>
         </cpfRelation>
         <cpfRelation xmlns:xlink="http://www.w3.org/1999/xlink"
                      cpfRelationType="associative"
                      xlink:href="FRAN_NP_012141"
                      xlink:type="simple">
            <relationEntry>Daguin, François-Constant</relationEntry>
            <dateRange>
               <fromDate standardDate="1849-01-04">4 janvier 1849</fromDate>
               <toDate standardDate="1861-03-08">8 mars 1861</toDate>
            </dateRange>
         </cpfRelation>
         <cpfRelation xmlns:xlink="http://www.w3.org/1999/xlink"
                      cpfRelationType="associative"
                      xlink:href="FRAN_NP_012428"
                      xlink:type="simple">
            <relationEntry>Delapalme, Emile</relationEntry>
            <dateRange>
               <fromDate standardDate="1861-03-08">8 mars 1861</fromDate>
               <toDate standardDate="1892-01-15">15 janvier 1892</toDate>
            </dateRange>
         </cpfRelation>
         <cpfRelation xmlns:xlink="http://www.w3.org/1999/xlink"
                      cpfRelationType="associative"
                      xlink:href="FRAN_NP_012429"
                      xlink:type="simple">
            <relationEntry>Delapalme, Jacques Emile</relationEntry>
            <dateRange>
               <fromDate standardDate="1929-01-03">3 janvier 1929</fromDate>
               <toDate standardDate="1964-03-25">25 mars 1964</toDate>
            </dateRange>
         </cpfRelation>
         <cpfRelation xmlns:xlink="http://www.w3.org/1999/xlink"
                      cpfRelationType="associative"
                      xlink:href="FRAN_NP_012430"
                      xlink:type="simple">
            <relationEntry>Delapalme, Pierre-Marie</relationEntry>
            <dateRange>
               <fromDate standardDate="1892-01-15">15 janvier 1892</fromDate>
               <toDate standardDate="1929-01-03">3 janvier 1929</toDate>
            </dateRange>
         </cpfRelation>
         <cpfRelation xmlns:xlink="http://www.w3.org/1999/xlink"
                      cpfRelationType="associative"
                      xlink:href="FRAN_NP_013440"
                      xlink:type="simple">
            <relationEntry>Morin, Géraldine</relationEntry>
            <dateRange>
               <fromDate standardDate="2009-10-12">12 octobre 2009</fromDate>
            </dateRange>
         </cpfRelation>
         <cpfRelation xmlns:xlink="http://www.w3.org/1999/xlink"
                      cpfRelationType="associative"
                      xlink:href="FRAN_NP_013497"
                      xlink:type="simple">
            <relationEntry>Sainz, Jean-Jacques</relationEntry>
            <dateRange>
               <fromDate standardDate="2011-02-15">15 février 2011</fromDate>
            </dateRange>
         </cpfRelation>
         <resourceRelation xmlns:xlink="http://www.w3.org/1999/xlink"
                           resourceRelationType="subjectOf"
                           xlink:href="FRAN_IR_043450"
                           xlink:type="simple">
            <relationEntry localType="archival">Minutes et répertoires du notaire François Constant DAGUIN, 4 janvier 1849 - 8 mars 1861 (étude CXVII)</relationEntry>
         </resourceRelation>
         <resourceRelation xmlns:xlink="http://www.w3.org/1999/xlink"
                           resourceRelationType="subjectOf"
                           xlink:href="FRAN_IR_043439"
                           xlink:type="simple">
            <relationEntry localType="archival">Minutes et répertoires du notaire François GAULTIER, 1663 - 1677 (étude CXVII)</relationEntry>
         </resourceRelation>
         <resourceRelation xmlns:xlink="http://www.w3.org/1999/xlink"
                           resourceRelationType="creatorOf"
                           xlink:href="FRAN_IR_053757"
                           xlink:type="simple">
            <relationEntry localType="archival">Archives de l'office notarial CXVII</relationEntry>
         </resourceRelation>
         <resourceRelation xmlns:xlink="http://www.w3.org/1999/xlink"
                           resourceRelationType="creatorOf"
                           xlink:href="FRAN_IR_053840"
                           xlink:type="simple">
            <relationEntry localType="archival">Minutes et répertoires du notaire Jacques Émile DELAPALME, 3 janvier 1929 - 31 décembre 1938 (étude CXVII)</relationEntry>
         </resourceRelation>
         <resourceRelation xmlns:xlink="http://www.w3.org/1999/xlink"
                           resourceRelationType="creatorOf"
                           xlink:href="FRAN_IR_043431"
                           xlink:type="simple">
            <relationEntry localType="archival">Archives de l'étude CXVII</relationEntry>
         </resourceRelation>
         <resourceRelation xmlns:xlink="http://www.w3.org/1999/xlink"
                           resourceRelationType="creatorOf"
                           xlink:href="FRAN_IR_054521"
                           xlink:type="simple">
            <relationEntry localType="archival">«Mélanges» (dossiers de clients) de l’étude CXVII. MC/ET/CXVII/1039-MC/ET/CXVII/1076/A (1392-1933)</relationEntry>
         </resourceRelation>
         <resourceRelation xmlns:xlink="http://www.w3.org/1999/xlink"
                           resourceRelationType="creatorOf"
                           xlink:href="FRAN_IR_043452"
                           xlink:type="simple">
            <relationEntry localType="archival">Minutes et répertoires du notaire Pierre Marie DELAPALME, 16 janvier 1892 - 2 janvier 1929 (étude CXVII)</relationEntry>
         </resourceRelation>
         <resourceRelation xmlns:xlink="http://www.w3.org/1999/xlink"
                           resourceRelationType="creatorOf"
                           xlink:href="FRAN_IR_043444"
                           xlink:type="simple">
            <relationEntry localType="archival">Minutes et répertoires du notaire Pierre de MAY, 23 mars 1730 - 18 août 1766 (étude CXVII)</relationEntry>
         </resourceRelation>
         <resourceRelation xmlns:xlink="http://www.w3.org/1999/xlink"
                           resourceRelationType="creatorOf"
                           xlink:href="FRAN_IR_043432"
                           xlink:type="simple">
            <relationEntry localType="archival">Minutes et répertoires du notaire Pierre COURTILLIER, 9 décembre 1554 - 1578 (étude CXVII)</relationEntry>
         </resourceRelation>
         <resourceRelation xmlns:xlink="http://www.w3.org/1999/xlink"
                           resourceRelationType="creatorOf"
                           xlink:href="FRAN_IR_043433"
                           xlink:type="simple">
            <relationEntry localType="archival">Minutes et répertoires du notaire Jean de POCHE, 1578 - juin 1598 (étude CXVII)</relationEntry>
         </resourceRelation>
         <resourceRelation xmlns:xlink="http://www.w3.org/1999/xlink"
                           resourceRelationType="creatorOf"
                           xlink:href="FRAN_IR_043434"
                           xlink:type="simple">
            <relationEntry localType="archival">Minutes et répertoires du notaire Denis COURTILLIER, août 1595 - 5 décembre 1616 (étude CXVII)</relationEntry>
         </resourceRelation>
         <resourceRelation xmlns:xlink="http://www.w3.org/1999/xlink"
                           resourceRelationType="creatorOf"
                           xlink:href="FRAN_IR_043436"
                           xlink:type="simple">
            <relationEntry localType="archival">Minutes et répertoires du notaire Jean-Baptiste HOUALLET, 15 juin 1616 - janvier 1623 (étude CXVII)</relationEntry>
         </resourceRelation>
         <resourceRelation xmlns:xlink="http://www.w3.org/1999/xlink"
                           resourceRelationType="creatorOf"
                           xlink:href="FRAN_IR_043437"
                           xlink:type="simple">
            <relationEntry localType="archival">Minutes et répertoires du notaire André GUYON, 1619 - 1619 (étude CXVII)</relationEntry>
         </resourceRelation>
         <resourceRelation xmlns:xlink="http://www.w3.org/1999/xlink"
                           resourceRelationType="creatorOf"
                           xlink:href="FRAN_IR_053302"
                           xlink:type="simple">
            <relationEntry localType="archival">Images du répertoire du notaire Michel Groyn pour l'étude CXVII</relationEntry>
         </resourceRelation>
         <resourceRelation xmlns:xlink="http://www.w3.org/1999/xlink"
                           resourceRelationType="creatorOf"
                           xlink:href="FRAN_IR_053408"
                           xlink:type="simple">
            <relationEntry localType="archival">Images du répertoire du notaire François Gaultier pour l'étude CXVII</relationEntry>
         </resourceRelation>
         <resourceRelation xmlns:xlink="http://www.w3.org/1999/xlink"
                           resourceRelationType="creatorOf"
                           xlink:href="FRAN_IR_053247"
                           xlink:type="simple">
            <relationEntry localType="archival">Images du répertoire du notaire Antoine Lemoine pour l'étude CXVII</relationEntry>
         </resourceRelation>
         <resourceRelation xmlns:xlink="http://www.w3.org/1999/xlink"
                           resourceRelationType="creatorOf"
                           xlink:href="FRAN_IR_053158"
                           xlink:type="simple">
            <relationEntry localType="archival">Images des répertoires du notaire Jean Renard pour l'étude CXVII</relationEntry>
         </resourceRelation>
         <resourceRelation xmlns:xlink="http://www.w3.org/1999/xlink"
                           resourceRelationType="creatorOf"
                           xlink:href="FRAN_IR_053453"
                           xlink:type="simple">
            <relationEntry localType="archival">Images des répertoires du notaire Gérard Claude Bapteste pour l'étude CXVII</relationEntry>
         </resourceRelation>
         <resourceRelation xmlns:xlink="http://www.w3.org/1999/xlink"
                           resourceRelationType="creatorOf"
                           xlink:href="FRAN_IR_053202"
                           xlink:type="simple">
            <relationEntry localType="archival">Images des répertoires du notaire Pierre de May pour l'étude CXVII</relationEntry>
         </resourceRelation>
         <resourceRelation xmlns:xlink="http://www.w3.org/1999/xlink"
                           resourceRelationType="creatorOf"
                           xlink:href="FRAN_IR_053296"
                           xlink:type="simple">
            <relationEntry localType="archival">Images du répertoire du notaire Edme Jean Giraudeau pour l'étude CXVII</relationEntry>
         </resourceRelation>
         <resourceRelation xmlns:xlink="http://www.w3.org/1999/xlink"
                           resourceRelationType="creatorOf"
                           xlink:href="FRAN_IR_053196"
                           xlink:type="simple">
            <relationEntry localType="archival">Images du répertoire du notaire Pierre Margantin pour l'étude CXVII</relationEntry>
         </resourceRelation>
         <resourceRelation xmlns:xlink="http://www.w3.org/1999/xlink"
                           resourceRelationType="creatorOf"
                           xlink:href="FRAN_IR_043443"
                           xlink:type="simple">
            <relationEntry localType="archival">Minutes et répertoires du notaire Roch LE MAIRE, 19 février 1728 - février 1730 (étude CXVII)</relationEntry>
         </resourceRelation>
         <resourceRelation xmlns:xlink="http://www.w3.org/1999/xlink"
                           resourceRelationType="creatorOf"
                           xlink:href="FRAN_IR_053252"
                           xlink:type="simple">
            <relationEntry localType="archival">Images des répertoires du notaire Jacques I Le Normand pour l'étude CXVII</relationEntry>
         </resourceRelation>
         <resourceRelation xmlns:xlink="http://www.w3.org/1999/xlink"
                           resourceRelationType="creatorOf"
                           xlink:href="FRAN_IR_055264"
                           xlink:type="simple">
            <relationEntry localType="archival">Images des répertoires du notaire Charles François Maine pour l'étude CXVII</relationEntry>
         </resourceRelation>
         <resourceRelation xmlns:xlink="http://www.w3.org/1999/xlink"
                           resourceRelationType="creatorOf"
                           xlink:href="FRAN_IR_053457"
                           xlink:type="simple">
            <relationEntry localType="archival">Images des répertoires du notaire Henri Batardy pour l'étude CXVII</relationEntry>
         </resourceRelation>
         <resourceRelation xmlns:xlink="http://www.w3.org/1999/xlink"
                           resourceRelationType="creatorOf"
                           xlink:href="FRAN_IR_053271"
                           xlink:type="simple">
            <relationEntry localType="archival">Images des répertoires du notaire Jules Jamin pour l'étude CXVII</relationEntry>
         </resourceRelation>
         <resourceRelation xmlns:xlink="http://www.w3.org/1999/xlink"
                           resourceRelationType="creatorOf"
                           xlink:href="FRAN_IR_053323"
                           xlink:type="simple">
            <relationEntry localType="archival">Images des répertoires du notaire François Constant Daguin pour l'étude CXVII</relationEntry>
         </resourceRelation>
         <resourceRelation xmlns:xlink="http://www.w3.org/1999/xlink"
                           resourceRelationType="creatorOf"
                           xlink:href="FRAN_IR_053426"
                           xlink:type="simple">
            <relationEntry localType="archival">Images des répertoires du notaire Emile Delapalme pour l'étude CXVII</relationEntry>
         </resourceRelation>
         <resourceRelation xmlns:xlink="http://www.w3.org/1999/xlink"
                           resourceRelationType="creatorOf"
                           xlink:href="FRAN_IR_053349"
                           xlink:type="simple">
            <relationEntry localType="archival">Images des répertoires du notaire Pierre Marie Delapalme pour l'étude CXVII</relationEntry>
         </resourceRelation>
         <resourceRelation xmlns:xlink="http://www.w3.org/1999/xlink"
                           resourceRelationType="creatorOf"
                           xlink:href="FRAN_IR_043441"
                           xlink:type="simple">
            <relationEntry localType="archival">Minutes et répertoires du notaire Jean RENARD, 19 octobre 1692 - 7 septembre 1717 (étude CXVII)</relationEntry>
         </resourceRelation>
         <resourceRelation xmlns:xlink="http://www.w3.org/1999/xlink"
                           resourceRelationType="creatorOf"
                           xlink:href="FRAN_IR_043449"
                           xlink:type="simple">
            <relationEntry localType="archival">Minutes et répertoires du notaire Jules JAMIN, 8 juin 1836 - 4 janvier 1849 (étude CXVII)</relationEntry>
         </resourceRelation>
         <resourceRelation xmlns:xlink="http://www.w3.org/1999/xlink"
                           resourceRelationType="creatorOf"
                           xlink:href="FRAN_IR_056309"
                           xlink:type="simple">
            <relationEntry localType="archival">Images du répertoire du notaire Pierre Courtillier pour l'étude CXVII</relationEntry>
         </resourceRelation>
         <resourceRelation xmlns:xlink="http://www.w3.org/1999/xlink"
                           resourceRelationType="creatorOf"
                           xlink:href="FRAN_IR_056313"
                           xlink:type="simple">
            <relationEntry localType="archival">Images des répertoires du notaire Jean-Baptiste Houallet pour l'étude CXVII</relationEntry>
         </resourceRelation>
      </relations>
   </cpfDescription>
</eac-cpf>
