<eac-cpf xmlns="urn:isbn:1-931666-33-4"
         xmlns:xsi="http://www.w3.org/2001/XMLSchema-instance"
         xsi:schemaLocation="urn:isbn:1-931666-33-4 cpf.xsd">
   <control>
      <recordId>FRAN_NP_010454</recordId>
      <otherRecordId localType="Ancien_identifiant">FRDAFANCH00MC_NANOTAIRE00160</otherRecordId>
      <maintenanceStatus>derived</maintenanceStatus>
      <maintenanceAgency>
         <agencyName>Archives nationales de France</agencyName>
      </maintenanceAgency>
      <languageDeclaration>
         <language languageCode="fre">Français</language>
         <script scriptCode="Latn"/>
      </languageDeclaration>
      <conventionDeclaration>
         <citation>Notice établie conformément à la norme ICA-ISAAR (CPF) 2004, aux normes ISO 8601 pour le système de normalisation des dates utilisé, ainsi que AFNOR NF Z 44-061, juin 1986. Catalogage : forme et structure des vedettes noms de personne, des vedettes titres, des rubriques de classement et des titres forgés.</citation>
      </conventionDeclaration>
      <localControl localType="niveau_de_detail">
         <term>Moyenne</term>
      </localControl>
      <maintenanceHistory>
         <maintenanceEvent>
            <eventType>derived</eventType>
            <eventDateTime>2013-04-23</eventDateTime>
            <agentType>machine</agentType>
            <agent>Migration ETANOT</agent>
         </maintenanceEvent>
      </maintenanceHistory>
   </control>
   <cpfDescription>
      <identity>
         <entityType>person</entityType>
         <nameEntry localType="autorisée" scriptCode="Latn" xml:lang="fre">
            <part>Thomassin, Cyprien-Saint-Hubert</part>
         </nameEntry>
      </identity>
      <description>
         <existDates>
            <dateRange>
               <fromDate standardDate="1840-12-12">12 décembre 1840</fromDate>
               <toDate standardDate="1855-02-21">21 février 1855</toDate>
            </dateRange>
            <descriptiveNote>
               <p>Les dates d'existence de la personne ne sont pas connues et sont évaluées d'après les dates d'exercice en tant que notaire</p>
            </descriptiveNote>
         </existDates>
         <places>
            <place>
               <placeRole>Lieu de Paris</placeRole>
               <placeEntry localType="voie" vocabularySource="d3nzd5fnbv--1fbmnb1c9dkph">saint-martin (rue)</placeEntry>
               <placeEntry localType="voie" vocabularySource="d3nz8xief2-1jzrwqtwb8t8u">bonne-nouvelle (boulevard de)</placeEntry>
               <placeEntry localType="nomLieu">149 rue Saint-Martin (de 1840 à 1845), 10 boulevard Bonne-Nouvelle (de 1845 à 1855)</placeEntry>
            </place>
         </places>
         <functions>
            <function>
               <term vocabularySource="d3nyui3o8w--11y7jgy8q3wnt">notaire à paris</term>
               <dateRange>
                  <fromDate standardDate="1840-12-12">12 décembre 1840</fromDate>
                  <toDate standardDate="1855-02-21">21 février 1855</toDate>
               </dateRange>
            </function>
         </functions>
         <biogHist>
            <p>Né le 30 mai 1811 à Paris</p>
            <p>Décédé le 19 juillet 1887</p>
            <p>Inhumé au cimetière Montmartre (4ème division, 1ère ligne, n° 19)</p>
         </biogHist>
      </description>
      <relations>
         <cpfRelation xmlns:xlink="http://www.w3.org/1999/xlink"
                      cpfRelationType="associative"
                      xlink:href="FRAN_NP_010237"
                      xlink:type="simple">
            <relationEntry>Etude notariale CX</relationEntry>
            <dateRange>
               <fromDate standardDate="1840-12-12">12 décembre 1840</fromDate>
               <toDate standardDate="1855-02-21">21 février 1855</toDate>
            </dateRange>
         </cpfRelation>
         <resourceRelation resourceRelationType="other">
            <relationEntry localType="archival">BB/10/1034, 20 janvier 1840, dossier de nomination</relationEntry>
         </resourceRelation>
         <resourceRelation xmlns:xlink="http://www.w3.org/1999/xlink"
                           resourceRelationType="creatorOf"
                           xlink:href="FRAN_IR_053142"
                           xlink:type="simple">
            <relationEntry localType="archival">Images des répertoires du notaire Cyprien Saint-Hubert Thomassin pour l'étude CX</relationEntry>
         </resourceRelation>
         <resourceRelation xmlns:xlink="http://www.w3.org/1999/xlink"
                           resourceRelationType="creatorOf"
                           xlink:href="FRAN_IR_043299"
                           xlink:type="simple">
            <relationEntry localType="archival">Minutes et répertoires du notaire Cyprien Saint-Hubert THOMASSIN, 12 décembre 1840 - 21 février 1855 (étude CX)</relationEntry>
         </resourceRelation>
      </relations>
   </cpfDescription>
</eac-cpf>
