<eac-cpf xmlns="urn:isbn:1-931666-33-4"
         xmlns:xsi="http://www.w3.org/2001/XMLSchema-instance"
         xsi:schemaLocation="urn:isbn:1-931666-33-4 cpf.xsd">
   <control>
      <recordId>FRAN_NP_010548</recordId>
      <otherRecordId localType="Ancien_identifiant">FRDAFANCH00MC_NANOTAIRE00263</otherRecordId>
      <maintenanceStatus>revised</maintenanceStatus>
      <maintenanceAgency>
         <agencyName>Archives nationales de France</agencyName>
      </maintenanceAgency>
      <languageDeclaration>
         <language languageCode="fre">Français</language>
         <script scriptCode="Latn"/>
      </languageDeclaration>
      <conventionDeclaration>
         <citation>Notice établie conformément à la norme ICA-ISAAR (CPF) 2004, aux normes ISO 8601 pour le système de normalisation des dates utilisé, ainsi que AFNOR NF Z 44-061, juin 1986. Catalogage : forme et structure des vedettes noms de personne, des vedettes titres, des rubriques de classement et des titres forgés.</citation>
      </conventionDeclaration>
      <localControl localType="niveau_de_detail">
         <term>Moyenne</term>
      </localControl>
      <maintenanceHistory>
         <maintenanceEvent>
            <eventType>derived</eventType>
            <eventDateTime>2013-04-23</eventDateTime>
            <agentType>machine</agentType>
            <agent>Migration ETANOT</agent>
         </maintenanceEvent>
         <maintenanceEvent>
            <eventType>revised</eventType>
            <eventDateTime>2017-03-10</eventDateTime>
            <agentType>human</agentType>
            <agent>Marie-Françoise LIMON-BONNET</agent>
         </maintenanceEvent>
         <maintenanceEvent>
            <eventType>updated</eventType>
            <eventDateTime>2017-09-04</eventDateTime>
            <agentType>human</agentType>
            <agent>Marie-Françoise LIMON-BONNET</agent>
            <eventDescription>Recherche de l'identifiant ISNI infructueuse (31/08/2017).</eventDescription>
         </maintenanceEvent>
      </maintenanceHistory>
      <sources>
         <source>
            <sourceEntry>MC/ET/XXVII/347, 12, 15 et 16 juin 1770 : 3 constitutions de rente passées par Charles Sauvaige. Y//4960/A, 4 janvier 1772 : réception au Châtelet comme notaire. MC/ET/XXIX/597, 23 mars 1790 : transport par Anne Chapus, veuve de Philippe Alexandre Sauvaige. MC/PL//19, n° 2818 ; PL//42, n° 6161 ; PL//45 n° 6692 ; PL//52 n° 7700 : placards de décès. MC/ET/XXIX/597, 19 mars 1790 : inventaire après décès. MC/ET/XXIX/597, 24 mars 1790 : vente de son office par ses héritiers, à son pricipal clerc, Louis Nicolas Gasche. </sourceEntry>
         </source>
      </sources>
   </control>
   <cpfDescription>
      <identity>
         <entityType>person</entityType>
         <nameEntry localType="autorisée" scriptCode="Latn" xml:lang="fre">
            <part>Sauvaige, Alexandre Philippe (17..-1...)</part>
         </nameEntry>
         <nameEntry>
            <part>Sauvaige, Alexandre-Philippe</part>
         </nameEntry>
      </identity>
      <description>
         <existDates>
            <dateRange>
               <fromDate standardDate="1772-01-04">4 janvier 1772</fromDate>
               <toDate standardDate="1790-04-24">24 avril 1790</toDate>
            </dateRange>
            <descriptiveNote>
               <p>Les dates d'existence de la personne ne sont pas connues ; les dates indiquées sont ses dates d'exercice en tant que notaire</p>
            </descriptiveNote>
         </existDates>
         <places>
            <place>
               <placeRole>Lieu de Paris</placeRole>
               <placeEntry localType="nomLieu">rue de Buci</placeEntry>
               <placeEntry localType="paroisse" vocabularySource="d3nyvpcbgs-1cppi2iacclig">Saint-Sulpice (paroisse)</placeEntry>
               <placeEntry localType="quartier" vocabularySource="d3nyvgazoq--1c50yrnvnvk9s">Luxembourg (quartier)</placeEntry>
               <placeEntry localType="voie" vocabularySource="d3nz91dko1--1xtxzj891nbs9">Buci (rue de)</placeEntry>
            </place>
         </places>
         <functions>
            <function>
               <term vocabularySource="d3nyui3o8w--11y7jgy8q3wnt">notaire à Paris</term>
               <dateRange>
                  <fromDate standardDate="1772-01-04">4 janvier 1772</fromDate>
                  <toDate standardDate="1790-04-24">24 avril 1790</toDate>
               </dateRange>
            </function>
         </functions>
         <occupations>
            <occupation>
               <term vocabularySource="d3nyu9x713-9kcjiv44l4wh">notaire</term>
               <dateRange>
                  <fromDate standardDate="1772-01-04">4 janvier 1772</fromDate>
                  <toDate standardDate="1790-04-24">24 avril 1790</toDate>
               </dateRange>
            </occupation>
         </occupations>
         <biogHist>
            <p>Alexandre Philippe Sauvaige est le fils et successeur de Charles Sauvaige, notaire au Châtelet, puis notaire et secrétaire du roi, et de Anne Madeleine Desplasses, lesquels laissent deux fils, Alexandre Philippe, et Auguste Robert, écuyer, sieur de Buzancy (MC/ET/XXVII/347, 12, 15 et 16 juin 1770 : 3 constitutions de rente passées par Charles Sauvaige). </p>
            <p>Alexandre Philippe est né à Paris, baptisé à Saint-Sulpice le 23 août 1741.</p>
            <p>Après avoir été clerc chez son père, Alexandre Philippe Sauvaige est pourvu de ses lettres de provision d'office de notaire au Châtelet le 30 décembre 1771 et reçu le 4 janvier 1772 (Y//4960/A). Il épouse Anne Chapus (MC/ET/XXIX/597, 23 mars 1790, transport par Anne Chapus, veuve de Philippe Alexandre Sauvaige).</p>
            <p>Il meurt en sa maison rue de Buci et est inhumé le 15 mars 1790, en la paroisse Saint-Sulpice, comme l'attestent quatre placards de décès (MC/PL//19, n° 2818 ; PL//42, n° 6161 ; PL//45 n° 6692 ; PL//52 n° 7700).</p>
            <p>Son inventaire après décès date du 19 mars 1790 (MC/ET/XXIX/597). Son office est vendu quelques jours plus tard, le 24 mars 1790, par ses héritiers, à son pricipal clerc, Louis Nicolas Gasche (MC/ET/XXIX/597).</p>
         </biogHist>
      </description>
      <relations>
         <cpfRelation xmlns:xlink="http://www.w3.org/1999/xlink"
                      cpfRelationType="associative"
                      xlink:href="FRAN_NP_010135"
                      xlink:type="simple">
            <relationEntry>Etude notariale VIII</relationEntry>
            <dateRange>
               <fromDate standardDate="1772-01-04">4 janvier 1772</fromDate>
               <toDate standardDate="1790-04-24">24 avril 1790</toDate>
            </dateRange>
         </cpfRelation>
         <resourceRelation xmlns:xlink="http://www.w3.org/1999/xlink"
                           resourceRelationType="creatorOf"
                           xlink:href="FRAN_IR_041316"
                           xlink:type="simple">
            <relationEntry localType="archival">Minutes et répertoires du notaire Alexandre Philippe SAUVAIGE, 4 janvier 1772 - mars 1790 (étude VIII)</relationEntry>
         </resourceRelation>
         <resourceRelation xmlns:xlink="http://www.w3.org/1999/xlink"
                           resourceRelationType="creatorOf"
                           xlink:href="FRAN_IR_056709"
                           xlink:type="simple">
            <relationEntry localType="archival">Images des répertoires du notaire Alexandre Philippe Sauvaige pour l'étude VIII</relationEntry>
         </resourceRelation>
      </relations>
   </cpfDescription>
</eac-cpf>
