<eac-cpf xmlns="urn:isbn:1-931666-33-4"
         xmlns:xsi="http://www.w3.org/2001/XMLSchema-instance"
         xsi:schemaLocation="urn:isbn:1-931666-33-4 cpf.xsd">
   <control>
      <recordId>FRAN_NP_010157</recordId>
      <otherRecordId localType="Ancien_identifiant">FRDAFANCH00MC_NAETUDE_030</otherRecordId>
      <maintenanceStatus>derived</maintenanceStatus>
      <maintenanceAgency>
         <agencyName>Archives nationales de France</agencyName>
      </maintenanceAgency>
      <languageDeclaration>
         <language languageCode="fre">Français</language>
         <script scriptCode="Latn"/>
      </languageDeclaration>
      <conventionDeclaration>
         <citation>Notice établie conformément à la norme ICA-ISAAR (CPF) 2004, aux normes ISO 8601 pour le système de normalisation des dates utilisé, ainsi que AFNOR NF Z 44-061, juin 1986. Catalogage : forme et structure des vedettes noms de personne, des vedettes titres, des rubriques de classement et des titres forgés.</citation>
      </conventionDeclaration>
      <localControl localType="niveau_de_detail">
         <term>Moyenne</term>
      </localControl>
      <maintenanceHistory>
         <maintenanceEvent>
            <eventType>derived</eventType>
            <eventDateTime>2013-04-23</eventDateTime>
            <agentType>machine</agentType>
            <agent>Migration ETANOT</agent>
         </maintenanceEvent>
      </maintenanceHistory>
   </control>
   <cpfDescription>
      <identity>
         <entityType>corporateBody</entityType>
         <nameEntry localType="autorisée" scriptCode="Latn" xml:lang="fre">
            <part>Etude XXX</part>
         </nameEntry>
         <nameEntry>
            <part>75036</part>
         </nameEntry>
      </identity>
      <description>
         <existDates>
            <dateRange>
               <fromDate standardDate="1618-01-01">1618</fromDate>
            </dateRange>
         </existDates>
         <places>
            <place>
               <placeRole>Lieu de Paris</placeRole>
               <placeEntry localType="nomLieu">9, bd St Denis, 75003 PARIS</placeEntry>
            </place>
         </places>
         <functions>
            <function>
               <term vocabularySource="d3nyui3o8w--11y7jgy8q3wnt">notaire à paris</term>
               <dateRange>
                  <fromDate standardDate="1618-01-01">1618</fromDate>
                  <toDate/>
               </dateRange>
            </function>
         </functions>
         <biogHist>
            <p>Cette étude est restée fidèle à sa situation d'origine, le nord de l'ancien Paris. Elle est dans le quartier du Temple de 1618 à 1681. Puis, aux XVIIIème et XIXème siècles, on la trouve aux abords des portes Saint-Denis et Saint-Martin (Rue Saint-Denis, près Saint-Sauveur de 1681 à 1773 ; rue du Petit-Lion-Saint-Sauveur jusqu'en 1834 ; boulevard Saint-Martin jusqu'en 1874 ; enfin boulevard Saint-Denis).</p>
         </biogHist>
      </description>
      <relations>
         <cpfRelation xmlns:xlink="http://www.w3.org/1999/xlink"
                      cpfRelationType="associative"
                      xlink:href="FRAN_NP_011557"
                      xlink:type="simple">
            <relationEntry>Leroy, André Jean</relationEntry>
            <dateRange>
               <fromDate standardDate="1909-03-31">31 mars 1909</fromDate>
               <toDate standardDate="1914-12-30">30 décembre 1914</toDate>
            </dateRange>
         </cpfRelation>
         <cpfRelation xmlns:xlink="http://www.w3.org/1999/xlink"
                      cpfRelationType="associative"
                      xlink:href="FRAN_NP_011565"
                      xlink:type="simple">
            <relationEntry>Leroy, Jules Edmond</relationEntry>
            <dateRange>
               <fromDate standardDate="1885-02-13">13 février 1885</fromDate>
               <toDate standardDate="1909-03-31">31 mars 1909</toDate>
            </dateRange>
         </cpfRelation>
         <cpfRelation xmlns:xlink="http://www.w3.org/1999/xlink"
                      cpfRelationType="associative"
                      xlink:href="FRAN_NP_011632"
                      xlink:type="simple">
            <relationEntry>Lormeau, Pierre</relationEntry>
            <dateRange>
               <fromDate standardDate="1771-12-07">7 décembre 1771</fromDate>
               <toDate standardDate="1789-03-28">28 mars 1789</toDate>
            </dateRange>
         </cpfRelation>
         <cpfRelation xmlns:xlink="http://www.w3.org/1999/xlink"
                      cpfRelationType="associative"
                      xlink:href="FRAN_NP_011635"
                      xlink:type="simple">
            <relationEntry>Louvancour, Justin</relationEntry>
            <dateRange>
               <fromDate standardDate="1832-05-10">10 mai 1832</fromDate>
               <toDate standardDate="1843-09-16">16 septembre 1843</toDate>
            </dateRange>
         </cpfRelation>
         <cpfRelation xmlns:xlink="http://www.w3.org/1999/xlink"
                      cpfRelationType="associative"
                      xlink:href="FRAN_NP_012214"
                      xlink:type="simple">
            <relationEntry>Delahaye, Alexandre</relationEntry>
            <dateRange>
               <fromDate standardDate="1820-01-15">15 janvier 1820</fromDate>
               <toDate standardDate="1827-06-02">2 juin 1827</toDate>
            </dateRange>
         </cpfRelation>
         <cpfRelation xmlns:xlink="http://www.w3.org/1999/xlink"
                      cpfRelationType="associative"
                      xlink:href="FRAN_NP_010414"
                      xlink:type="simple">
            <relationEntry>Tétard, Hervé</relationEntry>
            <dateRange>
               <fromDate standardDate="1983-10-12">12 octobre 1983</fromDate>
            </dateRange>
         </cpfRelation>
         <cpfRelation xmlns:xlink="http://www.w3.org/1999/xlink"
                      cpfRelationType="associative"
                      xlink:href="FRAN_NP_011003"
                      xlink:type="simple">
            <relationEntry>Prédicant, Louis-Dominique</relationEntry>
            <dateRange>
               <fromDate standardDate="1789-03-28">28 mars 1789</fromDate>
               <toDate standardDate="1794-02-13">13 février 1794</toDate>
            </dateRange>
         </cpfRelation>
         <cpfRelation xmlns:xlink="http://www.w3.org/1999/xlink"
                      cpfRelationType="associative"
                      xlink:href="FRAN_NP_010652"
                      xlink:type="simple">
            <relationEntry>Révérend, François</relationEntry>
            <dateRange>
               <fromDate standardDate="1668-03-12">12 mars 1668</fromDate>
               <toDate standardDate="1680-08-13">13 août 1680</toDate>
            </dateRange>
         </cpfRelation>
         <cpfRelation xmlns:xlink="http://www.w3.org/1999/xlink"
                      cpfRelationType="associative"
                      xlink:href="FRAN_NP_012964"
                      xlink:type="simple">
            <relationEntry>Bordin, Charles</relationEntry>
            <dateRange>
               <fromDate standardDate="1794-08-14">14 août 1794</fromDate>
               <toDate standardDate="1820-01-15">15 janvier 1820</toDate>
            </dateRange>
         </cpfRelation>
         <cpfRelation xmlns:xlink="http://www.w3.org/1999/xlink"
                      cpfRelationType="associative"
                      xlink:href="FRAN_NP_012916"
                      xlink:type="simple">
            <relationEntry>Blanchard, Antoine</relationEntry>
            <dateRange>
               <fromDate standardDate="1681-01-30">30 janvier 1681</fromDate>
               <toDate standardDate="1701-08-22">22 août 1701</toDate>
            </dateRange>
         </cpfRelation>
         <cpfRelation xmlns:xlink="http://www.w3.org/1999/xlink"
                      cpfRelationType="associative"
                      xlink:href="FRAN_NP_012009"
                      xlink:type="simple">
            <relationEntry>Guyon, André</relationEntry>
            <dateRange>
               <fromDate standardDate="1618-08-13">13 août 1618</fromDate>
               <toDate standardDate="1668-02-27">27 février 1668</toDate>
            </dateRange>
         </cpfRelation>
         <cpfRelation xmlns:xlink="http://www.w3.org/1999/xlink"
                      cpfRelationType="associative"
                      xlink:href="FRAN_NP_011711"
                      xlink:type="simple">
            <relationEntry>Jozon, Auguste</relationEntry>
            <dateRange>
               <fromDate standardDate="1843-09-16">16 septembre 1843</fromDate>
               <toDate standardDate="1885-02-13">13 février 1885</toDate>
            </dateRange>
         </cpfRelation>
         <cpfRelation xmlns:xlink="http://www.w3.org/1999/xlink"
                      cpfRelationType="associative"
                      xlink:href="FRAN_NP_012867"
                      xlink:type="simple">
            <relationEntry>Bernard, Alexis</relationEntry>
            <dateRange>
               <fromDate standardDate="1827-06-02">2 juin 1827</fromDate>
               <toDate standardDate="1832-05-10">10 mai 1832</toDate>
            </dateRange>
         </cpfRelation>
         <cpfRelation xmlns:xlink="http://www.w3.org/1999/xlink"
                      cpfRelationType="associative"
                      xlink:href="FRAN_NP_011014"
                      xlink:type="simple">
            <relationEntry>Prignot de beauregard, Jean</relationEntry>
            <dateRange>
               <fromDate standardDate="1757-08-27">27 août 1757</fromDate>
               <toDate standardDate="1771-12-05">5 décembre 1771</toDate>
            </dateRange>
         </cpfRelation>
         <cpfRelation xmlns:xlink="http://www.w3.org/1999/xlink"
                      cpfRelationType="associative"
                      xlink:href="FRAN_NP_010413"
                      xlink:type="simple">
            <relationEntry>Tétard, François Marc Charles</relationEntry>
            <dateRange>
               <fromDate standardDate="1952-12-10">10 décembre 1952</fromDate>
               <toDate standardDate="1992-04-16">16 avril 1992</toDate>
            </dateRange>
         </cpfRelation>
         <cpfRelation xmlns:xlink="http://www.w3.org/1999/xlink"
                      cpfRelationType="associative"
                      xlink:href="FRAN_NP_012215"
                      xlink:type="simple">
            <relationEntry>Delarue, Marcel Louis Alexandre</relationEntry>
            <dateRange>
               <fromDate standardDate="1914-12-30">30 décembre 1914</fromDate>
               <toDate standardDate="1952-12-10">10 décembre 1952</toDate>
            </dateRange>
         </cpfRelation>
         <cpfRelation xmlns:xlink="http://www.w3.org/1999/xlink"
                      cpfRelationType="associative"
                      xlink:href="FRAN_NP_012216"
                      xlink:type="simple">
            <relationEntry>Desmeure, Claude-François</relationEntry>
            <dateRange>
               <fromDate standardDate="1756-04-08">8 avril 1756</fromDate>
               <toDate standardDate="1757-08-24">24 août 1757</toDate>
            </dateRange>
         </cpfRelation>
         <cpfRelation xmlns:xlink="http://www.w3.org/1999/xlink"
                      cpfRelationType="associative"
                      xlink:href="FRAN_NP_012217"
                      xlink:type="simple">
            <relationEntry>Desmeure, François</relationEntry>
            <dateRange>
               <fromDate standardDate="1727-05-16">16 mai 1727</fromDate>
               <toDate standardDate="1756-04-04">4 avril 1756</toDate>
            </dateRange>
         </cpfRelation>
         <cpfRelation xmlns:xlink="http://www.w3.org/1999/xlink"
                      cpfRelationType="associative"
                      xlink:href="FRAN_NP_012218"
                      xlink:type="simple">
            <relationEntry>Dujardin, Daniel</relationEntry>
            <dateRange>
               <fromDate standardDate="1992-04-22">22 avril 1992</fromDate>
            </dateRange>
         </cpfRelation>
         <cpfRelation xmlns:xlink="http://www.w3.org/1999/xlink"
                      cpfRelationType="associative"
                      xlink:href="FRAN_NP_012537"
                      xlink:type="simple">
            <relationEntry>Cuillerier, Hugues</relationEntry>
            <dateRange>
               <fromDate standardDate="1701-08-23">23 août 1701</fromDate>
               <toDate standardDate="1727-05-07">7 mai 1727</toDate>
            </dateRange>
         </cpfRelation>
         <resourceRelation xmlns:xlink="http://www.w3.org/1999/xlink"
                           resourceRelationType="creatorOf"
                           xlink:href="FRAN_IR_041836"
                           xlink:type="simple">
            <relationEntry localType="archival">Archives de l'étude XXX</relationEntry>
         </resourceRelation>
         <resourceRelation xmlns:xlink="http://www.w3.org/1999/xlink"
                           resourceRelationType="creatorOf"
                           xlink:href="FRAN_IR_041847"
                           xlink:type="simple">
            <relationEntry localType="archival">Minutes et répertoires du notaire Alexis BERNARD, 2 juin 1827 - 9 mai 1832 (étude XXX)</relationEntry>
         </resourceRelation>
         <resourceRelation xmlns:xlink="http://www.w3.org/1999/xlink"
                           resourceRelationType="creatorOf"
                           xlink:href="FRAN_IR_041839"
                           xlink:type="simple">
            <relationEntry localType="archival">Minutes et répertoires du notaire Antoine BLANCHARD, 30 janvier 1681 - 22 août 1701 (étude XXX)</relationEntry>
         </resourceRelation>
         <resourceRelation xmlns:xlink="http://www.w3.org/1999/xlink"
                           resourceRelationType="creatorOf"
                           xlink:href="FRAN_IR_041846"
                           xlink:type="simple">
            <relationEntry localType="archival">Minutes et répertoires du notaire Charles BORDIN, 14 août 1794 - 12 janvier 1820 (étude XXX)</relationEntry>
         </resourceRelation>
         <resourceRelation xmlns:xlink="http://www.w3.org/1999/xlink"
                           resourceRelationType="creatorOf"
                           xlink:href="FRAN_IR_041840"
                           xlink:type="simple">
            <relationEntry localType="archival">Minutes et répertoires du notaire Hugues CUILLERIER, 23 août 1701 - 7 mai 1727 (étude XXX)</relationEntry>
         </resourceRelation>
         <resourceRelation xmlns:xlink="http://www.w3.org/1999/xlink"
                           resourceRelationType="creatorOf"
                           xlink:href="FRAN_IR_041848"
                           xlink:type="simple">
            <relationEntry localType="archival">Minutes et répertoires du notaire Alexandre DELAHAYE, 15 janvier 1820 - 2 juin 1827 (étude XXX)</relationEntry>
         </resourceRelation>
         <resourceRelation xmlns:xlink="http://www.w3.org/1999/xlink"
                           resourceRelationType="creatorOf"
                           xlink:href="FRAN_IR_041842"
                           xlink:type="simple">
            <relationEntry localType="archival">Minutes et répertoires du notaire Claude François DESMEURE, 8 avril 1756 - 24 août 1757 (étude XXX)</relationEntry>
         </resourceRelation>
         <resourceRelation xmlns:xlink="http://www.w3.org/1999/xlink"
                           resourceRelationType="creatorOf"
                           xlink:href="FRAN_IR_041841"
                           xlink:type="simple">
            <relationEntry localType="archival">Minutes et répertoires du notaire François DESMEURE, 19 mai 1727 - 4 avril 1756 (étude XXX)</relationEntry>
         </resourceRelation>
         <resourceRelation xmlns:xlink="http://www.w3.org/1999/xlink"
                           resourceRelationType="creatorOf"
                           xlink:href="FRAN_IR_041837"
                           xlink:type="simple">
            <relationEntry localType="archival">Minutes et répertoires du notaire André GUYON, 27 septembre 1618 - 27 février 1668 (étude XXX)</relationEntry>
         </resourceRelation>
         <resourceRelation xmlns:xlink="http://www.w3.org/1999/xlink"
                           resourceRelationType="creatorOf"
                           xlink:href="FRAN_IR_041850"
                           xlink:type="simple">
            <relationEntry localType="archival">Minutes et répertoires du notaire Auguste JOZON, 18 septembre 1843 - 12 février 1885 (étude XXX)</relationEntry>
         </resourceRelation>
         <resourceRelation xmlns:xlink="http://www.w3.org/1999/xlink"
                           resourceRelationType="creatorOf"
                           xlink:href="FRAN_IR_041851"
                           xlink:type="simple">
            <relationEntry localType="archival">Minutes et répertoires du notaire Jules Edmond LEROY, 14 février 1885 - juillet 1898 (étude XXX)</relationEntry>
         </resourceRelation>
         <resourceRelation xmlns:xlink="http://www.w3.org/1999/xlink"
                           resourceRelationType="creatorOf"
                           xlink:href="FRAN_IR_041844"
                           xlink:type="simple">
            <relationEntry localType="archival">Minutes et répertoires du notaire Pierre LORMEAU, 10 décembre 1771 - 26 mars 1789 (étude XXX)</relationEntry>
         </resourceRelation>
         <resourceRelation xmlns:xlink="http://www.w3.org/1999/xlink"
                           resourceRelationType="creatorOf"
                           xlink:href="FRAN_IR_041849"
                           xlink:type="simple">
            <relationEntry localType="archival">Minutes et répertoires du notaire Justin LOUVANCOUR, 10 mai 1832 - 14 septembre 1843 (étude XXX)</relationEntry>
         </resourceRelation>
         <resourceRelation xmlns:xlink="http://www.w3.org/1999/xlink"
                           resourceRelationType="creatorOf"
                           xlink:href="FRAN_IR_041845"
                           xlink:type="simple">
            <relationEntry localType="archival">Minutes et répertoires du notaire Louis Dominique PRÉDICANT, 27 mars 1789 - 13 février 1794 (étude XXX)</relationEntry>
         </resourceRelation>
         <resourceRelation xmlns:xlink="http://www.w3.org/1999/xlink"
                           resourceRelationType="creatorOf"
                           xlink:href="FRAN_IR_041843"
                           xlink:type="simple">
            <relationEntry localType="archival">Minutes et répertoires du notaire Jean PRIGNOT de BEAUREGARD, 27 août 1757 - 5 décembre 1771 (étude XXX)</relationEntry>
         </resourceRelation>
         <resourceRelation xmlns:xlink="http://www.w3.org/1999/xlink"
                           resourceRelationType="creatorOf"
                           xlink:href="FRAN_IR_041838"
                           xlink:type="simple">
            <relationEntry localType="archival">Minutes et répertoires du notaire François RÉVÉREND, 12 mars 1668 - 13 août 1680 (étude XXX)</relationEntry>
         </resourceRelation>
         <resourceRelation xmlns:xlink="http://www.w3.org/1999/xlink"
                           resourceRelationType="creatorOf"
                           xlink:href="FRAN_IR_051591"
                           xlink:type="simple">
            <relationEntry localType="archival">Images des répertoires du notaire Alexis Bernard pour l'étude XXX</relationEntry>
         </resourceRelation>
         <resourceRelation xmlns:xlink="http://www.w3.org/1999/xlink"
                           resourceRelationType="creatorOf"
                           xlink:href="FRAN_IR_051600"
                           xlink:type="simple">
            <relationEntry localType="archival">Images du répertoire du notaire Antoine Blanchard pour l'étude XXX</relationEntry>
         </resourceRelation>
         <resourceRelation xmlns:xlink="http://www.w3.org/1999/xlink"
                           resourceRelationType="creatorOf"
                           xlink:href="FRAN_IR_051546"
                           xlink:type="simple">
            <relationEntry localType="archival">Images du répertoire du notaire Hugues Cuillerier pour l'étude XXX</relationEntry>
         </resourceRelation>
         <resourceRelation xmlns:xlink="http://www.w3.org/1999/xlink"
                           resourceRelationType="creatorOf"
                           xlink:href="FRAN_IR_051491"
                           xlink:type="simple">
            <relationEntry localType="archival">Images des répertoires du notaire Alexandre Delahaye pour l'étude XXX</relationEntry>
         </resourceRelation>
         <resourceRelation xmlns:xlink="http://www.w3.org/1999/xlink"
                           resourceRelationType="creatorOf"
                           xlink:href="FRAN_IR_051398"
                           xlink:type="simple">
            <relationEntry localType="archival">Images des répertoires du notaire Justin Louvancourt pour l'étude XXX</relationEntry>
         </resourceRelation>
         <resourceRelation xmlns:xlink="http://www.w3.org/1999/xlink"
                           resourceRelationType="creatorOf"
                           xlink:href="FRAN_IR_051390"
                           xlink:type="simple">
            <relationEntry localType="archival">Images des répertoires du notaire Jules Edmond Leroy pour l'étude XXX</relationEntry>
         </resourceRelation>
         <resourceRelation xmlns:xlink="http://www.w3.org/1999/xlink"
                           resourceRelationType="creatorOf"
                           xlink:href="FRAN_IR_054305"
                           xlink:type="simple">
            <relationEntry localType="archival">Images du répertoire du notaire André Guyon pour l'étude XXX</relationEntry>
         </resourceRelation>
         <resourceRelation xmlns:xlink="http://www.w3.org/1999/xlink"
                           resourceRelationType="creatorOf"
                           xlink:href="FRAN_IR_052767"
                           xlink:type="simple">
            <relationEntry localType="archival">Images des répertoires du notaire Louis Dominique Prédicant pour l'étude XXX</relationEntry>
         </resourceRelation>
         <resourceRelation xmlns:xlink="http://www.w3.org/1999/xlink"
                           resourceRelationType="creatorOf"
                           xlink:href="FRAN_IR_052850"
                           xlink:type="simple">
            <relationEntry localType="archival">Images des répertoires du notaire Charles Bordin pour l'étude XXX</relationEntry>
         </resourceRelation>
         <resourceRelation xmlns:xlink="http://www.w3.org/1999/xlink"
                           resourceRelationType="creatorOf"
                           xlink:href="FRAN_IR_052792"
                           xlink:type="simple">
            <relationEntry localType="archival">Images des répertoires du notaire Auguste Jozon pour l'étude XXX</relationEntry>
         </resourceRelation>
      </relations>
   </cpfDescription>
</eac-cpf>
