<eac-cpf xmlns="urn:isbn:1-931666-33-4"
         xmlns:xsi="http://www.w3.org/2001/XMLSchema-instance"
         xsi:schemaLocation="urn:isbn:1-931666-33-4 cpf.xsd">
   <control>
      <recordId>FRAN_NP_010550</recordId>
      <otherRecordId localType="Ancien_identifiant">FRDAFANCH00MC_NANOTAIRE00265</otherRecordId>
      <maintenanceStatus>derived</maintenanceStatus>
      <maintenanceAgency>
         <agencyName>Archives nationales de France</agencyName>
      </maintenanceAgency>
      <languageDeclaration>
         <language languageCode="fre">Français</language>
         <script scriptCode="Latn"/>
      </languageDeclaration>
      <conventionDeclaration>
         <citation>Notice établie conformément à la norme ICA-ISAAR (CPF) 2004, aux normes ISO 8601 pour le système de normalisation des dates utilisé, ainsi que AFNOR NF Z 44-061, juin 1986. Catalogage : forme et structure des vedettes noms de personne, des vedettes titres, des rubriques de classement et des titres forgés.</citation>
      </conventionDeclaration>
      <localControl localType="niveau_de_detail">
         <term>Moyenne</term>
      </localControl>
      <maintenanceHistory>
         <maintenanceEvent>
            <eventType>derived</eventType>
            <eventDateTime>2015-09-30</eventDateTime>
            <agentType>machine</agentType>
            <agent>Migration ETANOT</agent>
         </maintenanceEvent>
      </maintenanceHistory>
   </control>
   <cpfDescription>
      <identity>
         <entityType>person</entityType>
         <nameEntry localType="autorisée" scriptCode="Latn" xml:lang="fre">
            <part>Sauvegrain, Thomas</part>
         </nameEntry>
      </identity>
      <description>
         <existDates>
            <dateRange>
               <fromDate standardDate="1537-12-10">10 décembre 1537</fromDate>
               <toDate standardDate="1549-04-11">11 avril 1549</toDate>
            </dateRange>
            <descriptiveNote>
               <p>Les dates d'existence de la personne ne sont pas connues et sont évaluées d'après les dates d'exercice en tant que notaire</p>
            </descriptiveNote>
         </existDates>
         <places>
            <place>
               <placeRole>Lieu de Paris</placeRole>
               <placeEntry localType="paroisse" vocabularySource="d3nyvpbcz5--gbtglbh0f8xm">saint-sauveur (paroisse)</placeEntry>
               <placeEntry localType="paroisse" vocabularySource="d3nyvow9c3--1ln2rhczl581f">saint-eustache (paroisse)</placeEntry>
               <placeEntry localType="voie" vocabularySource="d3nzc49pmx--133esvc789ehg">montorgueil (rue)</placeEntry>
               <placeEntry localType="nomLieu">rue Montorgueil</placeEntry>
            </place>
         </places>
         <functions>
            <function>
               <term vocabularySource="d3nyui3o8w--11y7jgy8q3wnt">notaire à paris</term>
               <dateRange>
                  <fromDate standardDate="1537-12-10">10 décembre 1537</fromDate>
                  <toDate standardDate="1549-04-11">11 avril 1549</toDate>
               </dateRange>
            </function>
         </functions>
      </description>
      <relations>
         <cpfRelation xmlns:xlink="http://www.w3.org/1999/xlink"
                      cpfRelationType="associative"
                      xlink:href="FRAN_NP_010249"
                      xlink:type="simple">
            <relationEntry>Etude notariale CXXII</relationEntry>
            <dateRange>
               <fromDate standardDate="1542-07-01">1er juillet 1542</fromDate>
               <toDate standardDate="1549-04-11">11 avril 1549</toDate>
            </dateRange>
         </cpfRelation>
         <cpfRelation xmlns:xlink="http://www.w3.org/1999/xlink"
                      cpfRelationType="associative"
                      xlink:href="FRAN_NP_010147"
                      xlink:type="simple">
            <relationEntry>Etude notariale XX</relationEntry>
            <dateRange>
               <fromDate standardDate="1537-12-10">10 décembre 1537</fromDate>
               <toDate standardDate="1539-12-31">1539</toDate>
            </dateRange>
         </cpfRelation>
         <resourceRelation xmlns:xlink="http://www.w3.org/1999/xlink"
                           resourceRelationType="creatorOf"
                           xlink:href="FRAN_IR_041612"
                           xlink:type="simple">
            <relationEntry localType="archival">Minutes et répertoires du notaire François II DELARCHE, 26 avril 1538 - 11 février 1555 (étude XX)</relationEntry>
         </resourceRelation>
         <resourceRelation xmlns:xlink="http://www.w3.org/1999/xlink"
                           resourceRelationType="creatorOf"
                           xlink:href="FRAN_IR_043553"
                           xlink:type="simple">
            <relationEntry localType="archival">Minutes et répertoires du notaire Thomas SAUVEGRAIN, juillet 1542 - 1549 (étude CXXII)</relationEntry>
         </resourceRelation>
         <resourceRelation xmlns:xlink="http://www.w3.org/1999/xlink"
                           resourceRelationType="creatorOf"
                           xlink:href="FRAN_IR_053570"
                           xlink:type="simple">
            <relationEntry localType="archival">Images des répertoires du notaire Thomas Sauvegrain pour l'étude CXXII</relationEntry>
         </resourceRelation>
         <resourceRelation xmlns:xlink="http://www.w3.org/1999/xlink"
                           resourceRelationType="creatorOf"
                           xlink:href="FRAN_IR_041613"
                           xlink:type="simple">
            <relationEntry localType="archival">Minutes et répertoires du notaire Jacques MUSSART, 1537 - mars 1561 (étude XX)</relationEntry>
         </resourceRelation>
      </relations>
   </cpfDescription>
</eac-cpf>
