<eac-cpf xmlns="urn:isbn:1-931666-33-4"
         xmlns:xsi="http://www.w3.org/2001/XMLSchema-instance"
         xsi:schemaLocation="urn:isbn:1-931666-33-4 cpf.xsd">
   <control>
      <recordId>FRAN_NP_010584</recordId>
      <otherRecordId localType="Ancien_identifiant">FRDAFANCH00MC_NANOTAIRE00303</otherRecordId>
      <maintenanceStatus>derived</maintenanceStatus>
      <maintenanceAgency>
         <agencyName>Archives nationales de France</agencyName>
      </maintenanceAgency>
      <languageDeclaration>
         <language languageCode="fre">Français</language>
         <script scriptCode="Latn"/>
      </languageDeclaration>
      <conventionDeclaration>
         <citation>Notice établie conformément à la norme ICA-ISAAR (CPF) 2004, aux normes ISO 8601 pour le système de normalisation des dates utilisé, ainsi que AFNOR NF Z 44-061, juin 1986. Catalogage : forme et structure des vedettes noms de personne, des vedettes titres, des rubriques de classement et des titres forgés.</citation>
      </conventionDeclaration>
      <localControl localType="niveau_de_detail">
         <term>Moyenne</term>
      </localControl>
      <maintenanceHistory>
         <maintenanceEvent>
            <eventType>derived</eventType>
            <eventDateTime>2013-04-23</eventDateTime>
            <agentType>machine</agentType>
            <agent>Migration ETANOT</agent>
         </maintenanceEvent>
      </maintenanceHistory>
   </control>
   <cpfDescription>
      <identity>
         <entityType>person</entityType>
         <nameEntry localType="autorisée" scriptCode="Latn" xml:lang="fre">
            <part>Silvestre, Abraham-Jacques</part>
         </nameEntry>
         <nameEntry>
            <part>Sylvestre, Abraham</part>
         </nameEntry>
      </identity>
      <description>
         <existDates>
            <dateRange>
               <fromDate standardDate="1752-02-01">1er février 1752</fromDate>
               <toDate standardDate="1765-06-18">18 juin 1765</toDate>
            </dateRange>
            <descriptiveNote>
               <p>Les dates d'existence de la personne ne sont pas connues et sont évaluées d'après les dates d'exercice en tant que notaire</p>
            </descriptiveNote>
         </existDates>
         <places>
            <place>
               <placeRole>Lieu de Paris</placeRole>
               <placeEntry localType="nomLieu">étude VI : rue Saint-Paul, vis-à-vis l'église Saint-Paul</placeEntry>
               <placeEntry localType="paroisse" vocabularySource="d3nyvpcbgs-1cppi2iacclig">saint-sulpice (paroisse)</placeEntry>
               <placeEntry localType="quartier" vocabularySource="d3nyvgzo81-ac33i47d7v7m">saint-paul (quartier)</placeEntry>
               <placeEntry localType="quartier" vocabularySource="d3nyvgthrl--hvyqbcsiyfvj">saint-germain-des-prés (quartier)</placeEntry>
               <placeEntry localType="paroisse" vocabularySource="d3nyvp8zed--rdzkw0dkb1pg">saint-paul (paroisse)</placeEntry>
               <placeEntry localType="voie" vocabularySource="d3nzd665e9-y1sk251q6no1">saint-paul (rue)</placeEntry>
               <placeEntry localType="voie" vocabularySource="d3nzd191ks--1qq28f6dezou3">saint-benoît (carrefour)</placeEntry>
               <placeEntry localType="voie" vocabularySource="d3nzd840z4--jjjzpnd56a40">sainte-marguerite (rue)</placeEntry>
            </place>
            <place>
               <placeRole>Lieu de Paris</placeRole>
               <placeEntry localType="nomLieu">étude XLVI : carrefour Saint-Benoît (de 1758 à 1760), rue Sainte-Marguerite au faubourg Saint-Germain (de 1760 à 1765)</placeEntry>
               <placeEntry localType="paroisse" vocabularySource="d3nyvpcbgs-1cppi2iacclig">saint-sulpice (paroisse)</placeEntry>
               <placeEntry localType="quartier" vocabularySource="d3nyvgzo81-ac33i47d7v7m">saint-paul (quartier)</placeEntry>
               <placeEntry localType="quartier" vocabularySource="d3nyvgthrl--hvyqbcsiyfvj">saint-germain-des-prés (quartier)</placeEntry>
               <placeEntry localType="paroisse" vocabularySource="d3nyvp8zed--rdzkw0dkb1pg">saint-paul (paroisse)</placeEntry>
               <placeEntry localType="voie" vocabularySource="d3nzd665e9-y1sk251q6no1">saint-paul (rue)</placeEntry>
               <placeEntry localType="voie" vocabularySource="d3nzd191ks--1qq28f6dezou3">saint-benoît (carrefour)</placeEntry>
               <placeEntry localType="voie" vocabularySource="d3nzd840z4--jjjzpnd56a40">sainte-marguerite (rue)</placeEntry>
            </place>
         </places>
         <functions>
            <function>
               <term vocabularySource="d3nyui3o8w--11y7jgy8q3wnt">notaire à paris</term>
               <dateRange>
                  <fromDate standardDate="1752-02-01">1er février 1752</fromDate>
                  <toDate standardDate="1765-06-18">18 juin 1765</toDate>
               </dateRange>
            </function>
         </functions>
      </description>
      <relations>
         <cpfRelation xmlns:xlink="http://www.w3.org/1999/xlink"
                      cpfRelationType="associative"
                      xlink:href="FRAN_NP_010133"
                      xlink:type="simple">
            <relationEntry>Etude VI</relationEntry>
            <dateRange>
               <fromDate standardDate="1752-02-01">1er février 1752</fromDate>
               <toDate standardDate="1758-11-18">18 novembre 1758</toDate>
            </dateRange>
         </cpfRelation>
         <cpfRelation xmlns:xlink="http://www.w3.org/1999/xlink"
                      cpfRelationType="associative"
                      xlink:href="FRAN_NP_010173"
                      xlink:type="simple">
            <relationEntry>Etude notariale XLVI</relationEntry>
            <dateRange>
               <fromDate standardDate="1758-12-01">1er décembre 1758</fromDate>
               <toDate standardDate="1765-06-18">18 juin 1765</toDate>
            </dateRange>
         </cpfRelation>
         <resourceRelation resourceRelationType="other">
            <relationEntry localType="archival">V/1/372 pièce 533, 31 janvier 1752, lettre de provision d'office</relationEntry>
         </resourceRelation>
         <resourceRelation resourceRelationType="other">
            <relationEntry localType="archival">ET/XLVI/409, 24 juillet 1765, inventaire après décès</relationEntry>
         </resourceRelation>
         <resourceRelation xmlns:xlink="http://www.w3.org/1999/xlink"
                           resourceRelationType="creatorOf"
                           xlink:href="FRAN_IR_041226"
                           xlink:type="simple">
            <relationEntry localType="archival">Minutes et répertoires du notaire Abraham Jacques SILVESTRE, 2 février 1752 - 17 novembre 1758 (étude VI)</relationEntry>
         </resourceRelation>
         <resourceRelation xmlns:xlink="http://www.w3.org/1999/xlink"
                           resourceRelationType="creatorOf"
                           xlink:href="FRAN_IR_052053"
                           xlink:type="simple">
            <relationEntry localType="archival">Images du répertoire du notaire Abraham Jacques Silvestre pour l'étude XLVI</relationEntry>
         </resourceRelation>
      </relations>
   </cpfDescription>
</eac-cpf>
