<eac-cpf xmlns="urn:isbn:1-931666-33-4"
         xmlns:xsi="http://www.w3.org/2001/XMLSchema-instance"
         xsi:schemaLocation="urn:isbn:1-931666-33-4 cpf.xsd">
   <control>
      <recordId>FRAN_NP_010220</recordId>
      <otherRecordId localType="Ancien_identifiant">FRDAFANCH00MC_NAETUDE_093</otherRecordId>
      <maintenanceStatus>revised</maintenanceStatus>
      <maintenanceAgency>
         <agencyName>Archives nationales de France</agencyName>
      </maintenanceAgency>
      <languageDeclaration>
         <language languageCode="fre">Français</language>
         <script scriptCode="Latn"/>
      </languageDeclaration>
      <conventionDeclaration>
         <citation>Notice établie conformément à la norme ICA-ISAAR (CPF) 2004, aux normes ISO 8601 pour le système de normalisation des dates utilisé, ainsi que AFNOR NF Z 44-061, juin 1986. Catalogage : forme et structure des vedettes noms de personne, des vedettes titres, des rubriques de classement et des titres forgés.</citation>
      </conventionDeclaration>
      <localControl localType="niveau_de_detail">
         <term>Moyenne</term>
      </localControl>
      <maintenanceHistory>
         <maintenanceEvent>
            <eventType>derived</eventType>
            <eventDateTime>2015-09-30</eventDateTime>
            <agentType>machine</agentType>
            <agent>Migration ETANOT</agent>
         </maintenanceEvent>
         <maintenanceEvent>
            <eventType>revised</eventType>
            <eventDateTime>2016-05-11</eventDateTime>
            <agentType>human</agentType>
            <agent>Marie-Françoise LIMON-BONNET</agent>
            <eventDescription>Rétablissement des liens vers les IR. Etablissement de l'indexation fonctions, activités, lieux. Enrichissement de la zone Historique.</eventDescription>
         </maintenanceEvent>
      </maintenanceHistory>
   </control>
   <cpfDescription>
      <identity>
         <entityType>corporateBody</entityType>
         <nameEntry localType="autorisée" scriptCode="Latn" xml:lang="fre">
            <part>Etude XCIII</part>
         </nameEntry>
         <nameEntry>
            <part>75011</part>
         </nameEntry>
         <nameEntry>
            <part>CHEUVREUX NOTAIRES</part>
         </nameEntry>
      </identity>
      <description>
         <existDates>
            <dateRange>
               <fromDate standardDate="1744-01-01">1744</fromDate>
            </dateRange>
         </existDates>
         <places>
            <place>
               <placeRole>Lieu de Paris</placeRole>
               <placeEntry localType="nomLieu">55, boulevard Haussmann, 75380 Paris Cedex 03</placeEntry>
               <placeEntry localType="arrondissement_actuel"
                           vocabularySource="d3nyv8i9m0-ys1mraoxv8ln">08e arrondissement</placeEntry>
               <placeEntry localType="voie" vocabularySource="d3nzbcaoep-1sej1fb1gal6p">Haussmann (boulevard)</placeEntry>
            </place>
         </places>
         <legalStatuses>
            <legalStatus>
               <term>office notarial</term>
            </legalStatus>
         </legalStatuses>
         <functions>
            <function>
               <term vocabularySource="d3nyui3o8w--11y7jgy8q3wnt">notaire à Paris</term>
               <dateRange>
                  <fromDate standardDate="1744-01-01">1744</fromDate>
               </dateRange>
            </function>
         </functions>
         <biogHist>
            <p>Cette étude est établie dans le quartier des Halles, à la pointe Saint-Eustache, depuis 1744. Elle se déplace vers le quartier des affaires en 1790, en choisissant la rue Vivienne, puis la place de la Bourse (1831). En 1842, elle passe rue Neuve-Saint-Augustin et s'installe rue Auber (1865) où elle demeure jusqu'en 1923, avant de gagner le boulevard Malesherbes. Elle s'y trouvait au n°77 jusqu'à son récent déménagement, au début du XXIe siècle, en octobre 2014, au 55, boulevard Haussmann.</p>
            <p>Au début de la Révolution, Mirabeau est client de l'étude. Le 18 avril 1846 y est déposé le testament de Jeanne Bernard, plus connue sous le nom de "Madame Récamier", elle-même fille d'un notaire royal de Lyon. En 1851, la Préfecture de la Seine et la Ville de Paris fréquentent cette étude, de même que la Banque de France. Dans la seconde moitié du XIXe siècle, la famille d'opticiens Chevalier, établie quai de l'Horloge, passe un nombre important d'actes auprès de Me Delapalme. On y relève aussi des actes concernant les familles Galard Sal de Bru et La Baume-Pluvinel, ainsi que l'inventaire après décès du découvreur de la planète Neptune, Joseph Le Verrier (8 octobre 1877) et le contrat de mariage du photographe Félix Tournachon dit Nadar, qui stipule que "tout ce qui compose le foyer est de plein droit la propriété de l'épouse, l'époux ne pourra réclamer que les objets dont il pourra justifier la propriété" (25 juillet 1854). </p>
            <p>Le Minutier central conserve les minutes et répertoires de l'étude XCIII à partir de l'année 1744. Les minutes ont été versées jusqu'à l'année 1938 incluse en mars 2015.</p>
         </biogHist>
      </description>
      <relations>
         <cpfRelation xmlns:xlink="http://www.w3.org/1999/xlink"
                      cpfRelationType="associative"
                      xlink:href="FRAN_NP_010851"
                      xlink:type="simple">
            <relationEntry>Patat, Christian</relationEntry>
            <dateRange>
               <fromDate standardDate="1989-09-13">13 septembre 1989</fromDate>
               <toDate standardDate="1993-09-18">18 septembre 1993</toDate>
            </dateRange>
         </cpfRelation>
         <cpfRelation xmlns:xlink="http://www.w3.org/1999/xlink"
                      cpfRelationType="associative"
                      xlink:href="FRAN_NP_012358"
                      xlink:type="simple">
            <relationEntry>Delapalme, Adolphe</relationEntry>
            <dateRange>
               <fromDate standardDate="1839-04-18">18 avril 1839</fromDate>
               <toDate standardDate="1857-06-10">10 juin 1857</toDate>
            </dateRange>
         </cpfRelation>
         <cpfRelation xmlns:xlink="http://www.w3.org/1999/xlink"
                      cpfRelationType="associative"
                      xlink:href="FRAN_NP_012359"
                      xlink:type="simple">
            <relationEntry>Delapalme, Jules-Emile</relationEntry>
            <dateRange>
               <fromDate standardDate="1857-06-10">10 juin 1857</fromDate>
               <toDate standardDate="1886-08-25">25 août 1886</toDate>
            </dateRange>
         </cpfRelation>
         <cpfRelation xmlns:xlink="http://www.w3.org/1999/xlink"
                      cpfRelationType="associative"
                      xlink:href="FRAN_NP_012670"
                      xlink:type="simple">
            <relationEntry>Cheuvreux, Bruno</relationEntry>
            <dateRange>
               <fromDate standardDate="1982-07-01">1er juillet 1982</fromDate>
            </dateRange>
         </cpfRelation>
         <cpfRelation xmlns:xlink="http://www.w3.org/1999/xlink"
                      cpfRelationType="associative"
                      xlink:href="FRAN_NP_013288"
                      xlink:type="simple">
            <relationEntry>Ocagne, Alix d'</relationEntry>
            <dateRange>
               <fromDate standardDate="2006-01-12">12 janvier 2006</fromDate>
            </dateRange>
         </cpfRelation>
         <cpfRelation xmlns:xlink="http://www.w3.org/1999/xlink"
                      cpfRelationType="associative"
                      xlink:href="FRAN_NP_011077"
                      xlink:type="simple">
            <relationEntry>Marchoux, Louis-Auguste</relationEntry>
            <dateRange>
               <fromDate standardDate="1805-02-20">20 février 1805</fromDate>
               <toDate standardDate="1826-09-06">6 septembre 1826</toDate>
            </dateRange>
         </cpfRelation>
         <cpfRelation xmlns:xlink="http://www.w3.org/1999/xlink"
                      cpfRelationType="associative"
                      xlink:href="FRAN_NP_013390"
                      xlink:type="simple">
            <relationEntry>Jacquet, Virginie</relationEntry>
            <dateRange>
               <fromDate standardDate="2008-07-07">7 juillet 2008</fromDate>
            </dateRange>
         </cpfRelation>
         <cpfRelation xmlns:xlink="http://www.w3.org/1999/xlink"
                      cpfRelationType="associative"
                      xlink:href="FRAN_NP_013003"
                      xlink:type="simple">
            <relationEntry>Bourges, Ronan</relationEntry>
            <dateRange>
               <fromDate standardDate="1987-01-21">21 janvier 1987</fromDate>
            </dateRange>
         </cpfRelation>
         <cpfRelation xmlns:xlink="http://www.w3.org/1999/xlink"
                      cpfRelationType="associative"
                      xlink:href="FRAN_NP_012952"
                      xlink:type="simple">
            <relationEntry>Bonnel, Yves Raymond Marie Joseph</relationEntry>
            <dateRange>
               <fromDate standardDate="1955-01-04">4 janvier 1955</fromDate>
               <toDate standardDate="1989-09-13">13 septembre 1989</toDate>
            </dateRange>
         </cpfRelation>
         <cpfRelation xmlns:xlink="http://www.w3.org/1999/xlink"
                      cpfRelationType="associative"
                      xlink:href="FRAN_NP_012951"
                      xlink:type="simple">
            <relationEntry>Bonnel, Robert Marie Joseph</relationEntry>
            <dateRange>
               <fromDate standardDate="1923-12-04">4 décembre 1923</fromDate>
               <toDate standardDate="1955-01-04">4 janvier 1955</toDate>
            </dateRange>
         </cpfRelation>
         <cpfRelation xmlns:xlink="http://www.w3.org/1999/xlink"
                      cpfRelationType="associative"
                      xlink:href="FRAN_NP_010658"
                      xlink:type="simple">
            <relationEntry>Ribes, Nicolas de</relationEntry>
            <dateRange>
               <fromDate standardDate="1744-12-04">4 décembre 1744</fromDate>
               <toDate standardDate="1774-12-07">7 décembre 1774</toDate>
            </dateRange>
         </cpfRelation>
         <cpfRelation xmlns:xlink="http://www.w3.org/1999/xlink"
                      cpfRelationType="associative"
                      xlink:href="FRAN_NP_011878"
                      xlink:type="simple">
            <relationEntry>Geoffroy-Bergier, Marie-Anne</relationEntry>
            <dateRange>
               <fromDate standardDate="1995-09-13">13 septembre 1995</fromDate>
               <toDate standardDate="2007-06-29">29 juin 2007</toDate>
            </dateRange>
         </cpfRelation>
         <cpfRelation xmlns:xlink="http://www.w3.org/1999/xlink"
                      cpfRelationType="associative"
                      xlink:href="FRAN_NP_013391"
                      xlink:type="simple">
            <relationEntry>Gamet, Murielle</relationEntry>
            <dateRange>
               <fromDate standardDate="2008-07-07">7 juillet 2008</fromDate>
            </dateRange>
         </cpfRelation>
         <cpfRelation xmlns:xlink="http://www.w3.org/1999/xlink"
                      cpfRelationType="associative"
                      xlink:href="FRAN_NP_013287"
                      xlink:type="simple">
            <relationEntry>Raunet, Michèle</relationEntry>
            <dateRange>
               <fromDate standardDate="2006-01-12">12 janvier 2006</fromDate>
            </dateRange>
         </cpfRelation>
         <cpfRelation xmlns:xlink="http://www.w3.org/1999/xlink"
                      cpfRelationType="associative"
                      xlink:href="FRAN_NP_012671"
                      xlink:type="simple">
            <relationEntry>Corbin, Pierre</relationEntry>
            <dateRange>
               <fromDate standardDate="1826-09-06">6 septembre 1826</fromDate>
               <toDate standardDate="1839-04-17">17 avril 1839</toDate>
            </dateRange>
         </cpfRelation>
         <cpfRelation xmlns:xlink="http://www.w3.org/1999/xlink"
                      cpfRelationType="associative"
                      xlink:href="FRAN_NP_011120"
                      xlink:type="simple">
            <relationEntry>Mautort, Georges-Victor de</relationEntry>
            <dateRange>
               <fromDate standardDate="1774-12-07">7 décembre 1774</fromDate>
               <toDate standardDate="1805-02-19">19 février 1805</toDate>
            </dateRange>
         </cpfRelation>
         <cpfRelation xmlns:xlink="http://www.w3.org/1999/xlink"
                      cpfRelationType="associative"
                      xlink:href="FRAN_NP_012360"
                      xlink:type="simple">
            <relationEntry>Delorme, Jean-Baptiste-Edouard</relationEntry>
            <dateRange>
               <fromDate standardDate="1886-08-25">25 août 1886</fromDate>
               <toDate standardDate="1923-12-04">4 décembre 1923</toDate>
            </dateRange>
         </cpfRelation>
         <cpfRelation xmlns:xlink="http://www.w3.org/1999/xlink"
                      cpfRelationType="associative"
                      xlink:href="FRAN_NP_013424"
                      xlink:type="simple">
            <relationEntry>Ferrus-Sicurani, Jean-Félix</relationEntry>
            <dateRange>
               <fromDate standardDate="2009-06-03">3 juin 2009</fromDate>
            </dateRange>
         </cpfRelation>
         <cpfRelation xmlns:xlink="http://www.w3.org/1999/xlink"
                      cpfRelationType="associative"
                      xlink:href="FRAN_NP_013487"
                      xlink:type="simple">
            <relationEntry>Boutiron, Xavier</relationEntry>
            <dateRange>
               <fromDate standardDate="2010-11-05">5 novembre 2010</fromDate>
            </dateRange>
         </cpfRelation>
         <resourceRelation xmlns:xlink="http://www.w3.org/1999/xlink"
                           resourceRelationType="creatorOf"
                           xlink:href="FRAN_IR_053822"
                           xlink:type="simple">
            <relationEntry localType="archival">Archives de l'office notarial XCIII</relationEntry>
         </resourceRelation>
         <resourceRelation xmlns:xlink="http://www.w3.org/1999/xlink"
                           resourceRelationType="creatorOf"
                           xlink:href="FRAN_IR_042965"
                           xlink:type="simple">
            <relationEntry localType="archival">Archives de l'étude XCIII</relationEntry>
         </resourceRelation>
         <resourceRelation xmlns:xlink="http://www.w3.org/1999/xlink"
                           resourceRelationType="creatorOf"
                           xlink:href="FRAN_IR_054746"
                           xlink:type="simple">
            <relationEntry localType="archival">Dossiers de clients de l'étude XCIII</relationEntry>
         </resourceRelation>
         <resourceRelation xmlns:xlink="http://www.w3.org/1999/xlink"
                           resourceRelationType="creatorOf"
                           xlink:href="FRAN_IR_051522"
                           xlink:type="simple">
            <relationEntry localType="archival">Images des répertoires du notaire Adolphe Delapalme pour l'étude XCIII</relationEntry>
         </resourceRelation>
         <resourceRelation xmlns:xlink="http://www.w3.org/1999/xlink"
                           resourceRelationType="creatorOf"
                           xlink:href="FRAN_IR_052827"
                           xlink:type="simple">
            <relationEntry localType="archival">Images des répertoires du notaire Jean-Baptiste Edouard Delorme pour l'étude XCIII</relationEntry>
         </resourceRelation>
         <resourceRelation xmlns:xlink="http://www.w3.org/1999/xlink"
                           resourceRelationType="creatorOf"
                           xlink:href="FRAN_IR_051521"
                           xlink:type="simple">
            <relationEntry localType="archival">Images des répertoires du notaire Jules Émile Delapalme pour l'étude XCIII</relationEntry>
         </resourceRelation>
         <resourceRelation xmlns:xlink="http://www.w3.org/1999/xlink"
                           resourceRelationType="creatorOf"
                           xlink:href="FRAN_IR_052773"
                           xlink:type="simple">
            <relationEntry localType="archival">Images des répertoires du notaire Louis Auguste Marchoux pour l'étude XCIII</relationEntry>
         </resourceRelation>
         <resourceRelation xmlns:xlink="http://www.w3.org/1999/xlink"
                           resourceRelationType="creatorOf"
                           xlink:href="FRAN_IR_051565"
                           xlink:type="simple">
            <relationEntry localType="archival">Images des répertoires du notaire Pierre Corbin pour l'étude XCIII</relationEntry>
         </resourceRelation>
         <resourceRelation xmlns:xlink="http://www.w3.org/1999/xlink"
                           resourceRelationType="creatorOf"
                           xlink:href="FRAN_IR_051248"
                           xlink:type="simple">
            <relationEntry localType="archival">Images du répertoire du notaire Nicolas de Ribes pour l'étude XCIII</relationEntry>
         </resourceRelation>
         <resourceRelation xmlns:xlink="http://www.w3.org/1999/xlink"
                           resourceRelationType="creatorOf"
                           xlink:href="FRAN_IR_042970"
                           xlink:type="simple">
            <relationEntry localType="archival">Minutes et répertoires du notaire Adolphe DELAPALME, 18 avril 1839 - 10 juin 1857 (étude XCIII)</relationEntry>
         </resourceRelation>
         <resourceRelation xmlns:xlink="http://www.w3.org/1999/xlink"
                           resourceRelationType="creatorOf"
                           xlink:href="FRAN_IR_042967"
                           xlink:type="simple">
            <relationEntry localType="archival">Minutes et répertoires du notaire Georges Victor de MAUTORT, 7 décembre 1774 - 19 février 1805 (étude XCIII)</relationEntry>
         </resourceRelation>
         <resourceRelation xmlns:xlink="http://www.w3.org/1999/xlink"
                           resourceRelationType="creatorOf"
                           xlink:href="FRAN_IR_042971"
                           xlink:type="simple">
            <relationEntry localType="archival">Minutes et répertoires du notaire Jules Émile DELAPALME, 10 juin 1857 - 25 août 1886 (étude XCIII)</relationEntry>
         </resourceRelation>
         <resourceRelation xmlns:xlink="http://www.w3.org/1999/xlink"
                           resourceRelationType="creatorOf"
                           xlink:href="FRAN_IR_042968"
                           xlink:type="simple">
            <relationEntry localType="archival">Minutes et répertoires du notaire Louis Auguste MARCHOUX, 20 février 1805 - 6 septembre 1826 (étude XCIII)</relationEntry>
         </resourceRelation>
         <resourceRelation xmlns:xlink="http://www.w3.org/1999/xlink"
                           resourceRelationType="creatorOf"
                           xlink:href="FRAN_IR_042966"
                           xlink:type="simple">
            <relationEntry localType="archival">Minutes et répertoires du notaire Nicolas de RIBES, 5 décembre 1744 - 7 décembre 1774 (étude XCIII)</relationEntry>
         </resourceRelation>
         <resourceRelation xmlns:xlink="http://www.w3.org/1999/xlink"
                           resourceRelationType="creatorOf"
                           xlink:href="FRAN_IR_042969"
                           xlink:type="simple">
            <relationEntry localType="archival">Minutes et répertoires du notaire Pierre CORBIN, 6 septembre 1826 - 17 avril 1839 (étude XCIII)</relationEntry>
         </resourceRelation>
         <resourceRelation xmlns:xlink="http://www.w3.org/1999/xlink"
                           resourceRelationType="creatorOf"
                           xlink:href="FRAN_IR_055570"
                           xlink:type="simple">
            <relationEntry localType="archival">Images des répertoires du notaire Georges Victor de Mautort pour l'étude XCIII</relationEntry>
         </resourceRelation>
         <resourceRelation xmlns:xlink="http://www.w3.org/1999/xlink"
                           resourceRelationType="creatorOf"
                           xlink:href="FRAN_IR_056162"
                           xlink:type="simple">
            <relationEntry localType="archival">Minutes et répertoires du notaire Robert Marie Joseph BONNEL, 6 décembre 1923 - 31 décembre 1938 (étude XCIII)</relationEntry>
         </resourceRelation>
         <resourceRelation xmlns:xlink="http://www.w3.org/1999/xlink"
                           resourceRelationType="creatorOf"
                           xlink:href="FRAN_IR_042972"
                           xlink:type="simple">
            <relationEntry localType="archival">Minutes et répertoires du notaire Jean-Baptiste Édouard DELORME, 25 août 1886 - 3 décembre 1923 (étude XCIII)</relationEntry>
         </resourceRelation>
      </relations>
   </cpfDescription>
</eac-cpf>
