<eac-cpf xmlns="urn:isbn:1-931666-33-4"
         xmlns:xsi="http://www.w3.org/2001/XMLSchema-instance"
         xsi:schemaLocation="urn:isbn:1-931666-33-4 cpf.xsd">
   <control>
      <recordId>FRAN_NP_010173</recordId>
      <otherRecordId localType="Ancien_identifiant">FRDAFANCH00MC_NAETUDE_046</otherRecordId>
      <maintenanceStatus>derived</maintenanceStatus>
      <maintenanceAgency>
         <agencyName>Archives nationales de France</agencyName>
      </maintenanceAgency>
      <languageDeclaration>
         <language languageCode="fre">Français</language>
         <script scriptCode="Latn"/>
      </languageDeclaration>
      <conventionDeclaration>
         <citation>Notice établie conformément à la norme ICA-ISAAR (CPF) 2004, aux normes ISO 8601 pour le système de normalisation des dates utilisé, ainsi que AFNOR NF Z 44-061, juin 1986. Catalogage : forme et structure des vedettes noms de personne, des vedettes titres, des rubriques de classement et des titres forgés.</citation>
      </conventionDeclaration>
      <localControl localType="niveau_de_detail">
         <term>Moyenne</term>
      </localControl>
      <maintenanceHistory>
         <maintenanceEvent>
            <eventType>derived</eventType>
            <eventDateTime>2013-04-23</eventDateTime>
            <agentType>machine</agentType>
            <agent>Migration ETANOT</agent>
         </maintenanceEvent>
      </maintenanceHistory>
      <sources>
         <source>
            <descriptiveNote>
               <p>Poisson (Jean-Paul), " Matériaux et orientations pour une étude du notariat parisien pendant la Révolution française " essentiellement études XLVIII, XLVII et XLVI ; sondages dans études III, VII, LXVIII et CXIII, Notaires et société. Travaux d'histoire et de sociologie notariales, t. II, 1990, p. 141.</p>
            </descriptiveNote>
         </source>
      </sources>
   </control>
   <cpfDescription>
      <identity>
         <entityType>corporateBody</entityType>
         <nameEntry localType="autorisée" scriptCode="Latn" xml:lang="fre">
            <part>Etude XLVI</part>
         </nameEntry>
         <nameEntry>
            <part>75001</part>
         </nameEntry>
      </identity>
      <description>
         <existDates>
            <dateRange>
               <fromDate standardDate="1498-01-01">1498</fromDate>
            </dateRange>
         </existDates>
         <functions>
            <function>
               <term vocabularySource="d3nyui3o8w--11y7jgy8q3wnt">notaire à paris</term>
               <dateRange>
                  <fromDate standardDate="1498-01-01">1498</fromDate>
                  <toDate/>
               </dateRange>
            </function>
         </functions>
         <biogHist>
            <p>Étude de la rive gauche, elle suit l'évolution du Faubourg Saint-Germain vers l'ouest : de la rue Neuve-Saint-Lambert ou de Condé (1623-1723), elle gagne le carrefour Saint-Benoît (1723-1760), la rue Sainte-Marguerite (1760-1820), la rue Jacob (1820-1892), avant de se retrouver boulevard Saint-Germain.</p>
         </biogHist>
      </description>
      <relations>
         <cpfRelation xmlns:xlink="http://www.w3.org/1999/xlink"
                      cpfRelationType="associative"
                      xlink:href="FRAN_NP_010891"
                      xlink:type="simple">
            <relationEntry>Perrault, Barthélemi</relationEntry>
            <dateRange>
               <fromDate standardDate="1498-01-01">1498</fromDate>
               <toDate standardDate="1528-12-31">1528</toDate>
            </dateRange>
         </cpfRelation>
         <cpfRelation xmlns:xlink="http://www.w3.org/1999/xlink"
                      cpfRelationType="associative"
                      xlink:href="FRAN_NP_011417"
                      xlink:type="simple">
            <relationEntry>Le mercié, Albert-Eugène</relationEntry>
            <dateRange>
               <fromDate standardDate="1699-06-13">13 juin 1699</fromDate>
               <toDate standardDate="1711-10-23">23 octobre 1711</toDate>
            </dateRange>
         </cpfRelation>
         <cpfRelation xmlns:xlink="http://www.w3.org/1999/xlink"
                      cpfRelationType="associative"
                      xlink:href="FRAN_NP_011659"
                      xlink:type="simple">
            <relationEntry>Jablier, Thomas</relationEntry>
            <dateRange>
               <fromDate standardDate="1558-02-04">4 février 1558</fromDate>
               <toDate standardDate="1594-04-04">4 avril 1594</toDate>
            </dateRange>
         </cpfRelation>
         <cpfRelation xmlns:xlink="http://www.w3.org/1999/xlink"
                      cpfRelationType="associative"
                      xlink:href="FRAN_NP_010575"
                      xlink:type="simple">
            <relationEntry>Senechal, Jean</relationEntry>
            <dateRange>
               <fromDate standardDate="1498-01-01">1498</fromDate>
               <toDate standardDate="1528-12-31">1528</toDate>
            </dateRange>
         </cpfRelation>
         <cpfRelation xmlns:xlink="http://www.w3.org/1999/xlink"
                      cpfRelationType="associative"
                      xlink:href="FRAN_NP_012571"
                      xlink:type="simple">
            <relationEntry>Caquignon, Antoine</relationEntry>
            <dateRange>
               <fromDate standardDate="1698-12-30">30 décembre 1698</fromDate>
               <toDate standardDate="1699-06-11">11 juin 1699</toDate>
            </dateRange>
         </cpfRelation>
         <cpfRelation xmlns:xlink="http://www.w3.org/1999/xlink"
                      cpfRelationType="associative"
                      xlink:href="FRAN_NP_010584"
                      xlink:type="simple">
            <relationEntry>Silvestre, Abraham-Jacques</relationEntry>
            <dateRange>
               <fromDate standardDate="1758-12-01">1er décembre 1758</fromDate>
               <toDate standardDate="1765-06-18">18 juin 1765</toDate>
            </dateRange>
         </cpfRelation>
         <cpfRelation xmlns:xlink="http://www.w3.org/1999/xlink"
                      cpfRelationType="associative"
                      xlink:href="FRAN_NP_011976"
                      xlink:type="simple">
            <relationEntry>Guérin, Etienne-Maurice</relationEntry>
            <dateRange>
               <fromDate standardDate="1884-03-28">28 mars 1884</fromDate>
               <toDate standardDate="1897-10-15">15 octobre 1897</toDate>
            </dateRange>
         </cpfRelation>
         <cpfRelation xmlns:xlink="http://www.w3.org/1999/xlink"
                      cpfRelationType="associative"
                      xlink:href="FRAN_NP_011923"
                      xlink:type="simple">
            <relationEntry>Gobert, Antoine</relationEntry>
            <dateRange>
               <fromDate standardDate="1765-06-21">21 juin 1765</fromDate>
               <toDate standardDate="1787-12-17">17 décembre 1787</toDate>
            </dateRange>
         </cpfRelation>
         <cpfRelation xmlns:xlink="http://www.w3.org/1999/xlink"
                      cpfRelationType="associative"
                      xlink:href="FRAN_NP_013095"
                      xlink:type="simple">
            <relationEntry>Ader, Pierre Jean Henri Marie</relationEntry>
            <dateRange>
               <fromDate standardDate="1931-12-30">30 décembre 1931</fromDate>
               <toDate standardDate="1966-12-21">21 décembre 1966</toDate>
            </dateRange>
         </cpfRelation>
         <cpfRelation xmlns:xlink="http://www.w3.org/1999/xlink"
                      cpfRelationType="associative"
                      xlink:href="FRAN_NP_013093"
                      xlink:type="simple">
            <relationEntry>Ader, Dominique Henri Etienne Marie</relationEntry>
            <dateRange>
               <fromDate standardDate="1966-12-21">21 décembre 1966</fromDate>
            </dateRange>
         </cpfRelation>
         <cpfRelation xmlns:xlink="http://www.w3.org/1999/xlink"
                      cpfRelationType="associative"
                      xlink:href="FRAN_NP_011835"
                      xlink:type="simple">
            <relationEntry>Gallois, François</relationEntry>
            <dateRange>
               <fromDate standardDate="1711-10-24">24 octobre 1711</fromDate>
               <toDate standardDate="1727-05-07">7 mai 1727</toDate>
            </dateRange>
         </cpfRelation>
         <cpfRelation xmlns:xlink="http://www.w3.org/1999/xlink"
                      cpfRelationType="associative"
                      xlink:href="FRAN_NP_011713"
                      xlink:type="simple">
            <relationEntry>Judde, Jacques</relationEntry>
            <dateRange>
               <fromDate standardDate="1727-05-07">7 mai 1727</fromDate>
               <toDate standardDate="1758-11-17">17 novembre 1758</toDate>
            </dateRange>
         </cpfRelation>
         <cpfRelation xmlns:xlink="http://www.w3.org/1999/xlink"
                      cpfRelationType="associative"
                      xlink:href="FRAN_NP_013180"
                      xlink:type="simple">
            <relationEntry>Ader, Jérôme</relationEntry>
            <dateRange>
               <fromDate standardDate="2001-05-09">9 mai 2001</fromDate>
            </dateRange>
         </cpfRelation>
         <cpfRelation xmlns:xlink="http://www.w3.org/1999/xlink"
                      cpfRelationType="associative"
                      xlink:href="FRAN_NP_013184"
                      xlink:type="simple">
            <relationEntry>Combes-Berton, Sophie</relationEntry>
            <dateRange>
               <fromDate standardDate="2001-04-05">5 avril 2001</fromDate>
            </dateRange>
         </cpfRelation>
         <cpfRelation xmlns:xlink="http://www.w3.org/1999/xlink"
                      cpfRelationType="associative"
                      xlink:href="FRAN_NP_012908"
                      xlink:type="simple">
            <relationEntry>Billion du rousset, Saint-Albin</relationEntry>
            <dateRange>
               <fromDate standardDate="1848-09-27">27 septembre 1848</fromDate>
               <toDate standardDate="1884-03-28">28 mars 1884</toDate>
            </dateRange>
         </cpfRelation>
         <cpfRelation xmlns:xlink="http://www.w3.org/1999/xlink"
                      cpfRelationType="associative"
                      xlink:href="FRAN_NP_012875"
                      xlink:type="simple">
            <relationEntry>Berthou, Jacques</relationEntry>
            <dateRange>
               <fromDate standardDate="1597-05-20">20 mai 1597</fromDate>
               <toDate standardDate="1624-09-24">24 septembre 1624</toDate>
            </dateRange>
         </cpfRelation>
         <cpfRelation xmlns:xlink="http://www.w3.org/1999/xlink"
                      cpfRelationType="associative"
                      xlink:href="FRAN_NP_010712"
                      xlink:type="simple">
            <relationEntry>Rochelois, Pierre</relationEntry>
            <dateRange>
               <fromDate standardDate="1974-04-10">10 avril 1974</fromDate>
               <toDate standardDate="1987-07-01">1er juillet 1987</toDate>
            </dateRange>
         </cpfRelation>
         <cpfRelation xmlns:xlink="http://www.w3.org/1999/xlink"
                      cpfRelationType="associative"
                      xlink:href="FRAN_NP_013094"
                      xlink:type="simple">
            <relationEntry>Ader, Jules Basile Jean</relationEntry>
            <dateRange>
               <fromDate standardDate="1897-10-15">15 octobre 1897</fromDate>
               <toDate standardDate="1931-12-30">30 décembre 1931</toDate>
            </dateRange>
         </cpfRelation>
         <cpfRelation xmlns:xlink="http://www.w3.org/1999/xlink"
                      cpfRelationType="associative"
                      xlink:href="FRAN_NP_010754"
                      xlink:type="simple">
            <relationEntry>Roy, Xavier</relationEntry>
            <dateRange>
               <fromDate standardDate="1977-12-21">21 décembre 1977</fromDate>
               <toDate standardDate="1993-02-02">2 février 1993</toDate>
            </dateRange>
         </cpfRelation>
         <cpfRelation xmlns:xlink="http://www.w3.org/1999/xlink"
                      cpfRelationType="associative"
                      xlink:href="FRAN_NP_010498"
                      xlink:type="simple">
            <relationEntry>Troyes, Jean-Baptiste de</relationEntry>
            <dateRange>
               <fromDate standardDate="1678-06-13">13 juin 1678</fromDate>
               <toDate standardDate="1698-12-29">29 décembre 1698</toDate>
            </dateRange>
         </cpfRelation>
         <cpfRelation xmlns:xlink="http://www.w3.org/1999/xlink"
                      cpfRelationType="associative"
                      xlink:href="FRAN_NP_013205"
                      xlink:type="simple">
            <relationEntry>Mozziconacci, Joseph</relationEntry>
            <dateRange>
               <fromDate standardDate="2001-05-09">9 mai 2001</fromDate>
            </dateRange>
         </cpfRelation>
         <cpfRelation xmlns:xlink="http://www.w3.org/1999/xlink"
                      cpfRelationType="associative"
                      xlink:href="FRAN_NP_012570"
                      xlink:type="simple">
            <relationEntry>Capitain, François</relationEntry>
            <dateRange>
               <fromDate standardDate="1624-10-30">30 octobre 1624</fromDate>
               <toDate standardDate="1636-04-11">11 avril 1636</toDate>
            </dateRange>
         </cpfRelation>
         <cpfRelation xmlns:xlink="http://www.w3.org/1999/xlink"
                      cpfRelationType="associative"
                      xlink:href="FRAN_NP_012572"
                      xlink:type="simple">
            <relationEntry>Charles, Nicolas</relationEntry>
            <dateRange>
               <fromDate standardDate="1636-04-11">11 avril 1636</fromDate>
               <toDate standardDate="1678-03-31">31 mars 1678</toDate>
            </dateRange>
         </cpfRelation>
         <cpfRelation xmlns:xlink="http://www.w3.org/1999/xlink"
                      cpfRelationType="associative"
                      xlink:href="FRAN_NP_011191"
                      xlink:type="simple">
            <relationEntry>Moisant, Adrien-Philibert</relationEntry>
            <dateRange>
               <fromDate standardDate="1811-04-12">12 avril 1811</fromDate>
               <toDate standardDate="1836-04-05">5 avril 1836</toDate>
            </dateRange>
         </cpfRelation>
         <cpfRelation xmlns:xlink="http://www.w3.org/1999/xlink"
                      cpfRelationType="associative"
                      xlink:href="FRAN_NP_012122"
                      xlink:type="simple">
            <relationEntry>Frottin, Jean-Pierre</relationEntry>
            <dateRange>
               <fromDate standardDate="1836-04-05">5 avril 1836</fromDate>
               <toDate standardDate="1848-09-27">27 septembre 1848</toDate>
            </dateRange>
         </cpfRelation>
         <cpfRelation xmlns:xlink="http://www.w3.org/1999/xlink"
                      cpfRelationType="associative"
                      xlink:href="FRAN_NP_012252"
                      xlink:type="simple">
            <relationEntry>Drugeon, Charles-François</relationEntry>
            <dateRange>
               <fromDate standardDate="1788-01-19">19 janvier 1788</fromDate>
               <toDate standardDate="1811-04-12">12 avril 1811</toDate>
            </dateRange>
         </cpfRelation>
         <cpfRelation xmlns:xlink="http://www.w3.org/1999/xlink"
                      cpfRelationType="associative"
                      xlink:href="FRAN_NP_013515"
                      xlink:type="simple">
            <relationEntry>Lassaigne-Guiban, Sarah</relationEntry>
            <dateRange>
               <fromDate standardDate="2011-08-31">31 août 2011</fromDate>
            </dateRange>
         </cpfRelation>
         <resourceRelation xmlns:xlink="http://www.w3.org/1999/xlink"
                           resourceRelationType="subjectOf"
                           xlink:href="FRAN_IR_042140"
                           xlink:type="simple">
            <relationEntry localType="archival">Minutes et répertoires du notaire Jean-Baptiste de TROYES, 13 juin 1678 - 29 décembre 1698 (étude XLVI)</relationEntry>
         </resourceRelation>
         <resourceRelation xmlns:xlink="http://www.w3.org/1999/xlink"
                           resourceRelationType="subjectOf"
                           xlink:href="FRAN_IR_042141"
                           xlink:type="simple">
            <relationEntry localType="archival">Minutes et répertoires du notaire Albert Eugène LE MERCIÉ, 13 juin 1699 - 16 octobre 1711 (étude XLVI)</relationEntry>
         </resourceRelation>
         <resourceRelation xmlns:xlink="http://www.w3.org/1999/xlink"
                           resourceRelationType="subjectOf"
                           xlink:href="FRAN_IR_042138"
                           xlink:type="simple">
            <relationEntry localType="archival">Minutes et répertoires du notaire Jacques BERTHOU, 1623 - 1623 (étude XLVI)</relationEntry>
         </resourceRelation>
         <resourceRelation xmlns:xlink="http://www.w3.org/1999/xlink"
                           resourceRelationType="subjectOf"
                           xlink:href="FRAN_IR_042143"
                           xlink:type="simple">
            <relationEntry localType="archival">Minutes et répertoires du notaire Antoine CAQUIGNON, 30 décembre 1698 - 11 juin 1699 (étude XLVI)</relationEntry>
         </resourceRelation>
         <resourceRelation xmlns:xlink="http://www.w3.org/1999/xlink"
                           resourceRelationType="subjectOf"
                           xlink:href="FRAN_IR_042142"
                           xlink:type="simple">
            <relationEntry localType="archival">Minutes et répertoires du notaire François GALLOIS, 24 octobre 1711 - 7 mai 1727 (étude XLVI)</relationEntry>
         </resourceRelation>
         <resourceRelation xmlns:xlink="http://www.w3.org/1999/xlink"
                           resourceRelationType="subjectOf"
                           xlink:href="FRAN_IR_042149"
                           xlink:type="simple">
            <relationEntry localType="archival">Minutes et répertoires du notaire Jean Pierre FROTTIN, 5 avril 1836 - 27 septembre 1848 (étude XLVI)</relationEntry>
         </resourceRelation>
         <resourceRelation xmlns:xlink="http://www.w3.org/1999/xlink"
                           resourceRelationType="creatorOf"
                           xlink:href="FRAN_IR_042144"
                           xlink:type="simple">
            <relationEntry localType="archival">Minutes et répertoires du notaire Jacques JUDDE, 19 mai 1727 - 17 novembre 1758 (étude XLVI)</relationEntry>
         </resourceRelation>
         <resourceRelation xmlns:xlink="http://www.w3.org/1999/xlink"
                           resourceRelationType="creatorOf"
                           xlink:href="FRAN_IR_042150"
                           xlink:type="simple">
            <relationEntry localType="archival">Minutes et répertoires du notaire Saint-Albin BILLION DU ROUSSET, 27 septembre 1848 - 28 mars 1884 (étude XLVI)</relationEntry>
         </resourceRelation>
         <resourceRelation xmlns:xlink="http://www.w3.org/1999/xlink"
                           resourceRelationType="creatorOf"
                           xlink:href="FRAN_IR_042152"
                           xlink:type="simple">
            <relationEntry localType="archival">Minutes et répertoires du notaire Étienne Maurice GUÉRIN, 28 mars 1884 - 11 octobre 1897 (étude XLVI)</relationEntry>
         </resourceRelation>
         <resourceRelation xmlns:xlink="http://www.w3.org/1999/xlink"
                           resourceRelationType="creatorOf"
                           xlink:href="FRAN_IR_042139"
                           xlink:type="simple">
            <relationEntry localType="archival">Minutes et répertoires du notaire François CAPITAIN, 1634 - 1634 (étude XLVI)</relationEntry>
         </resourceRelation>
         <resourceRelation xmlns:xlink="http://www.w3.org/1999/xlink"
                           resourceRelationType="creatorOf"
                           xlink:href="FRAN_IR_042136"
                           xlink:type="simple">
            <relationEntry localType="archival">Minutes et répertoires du notaire Thomas JABLIER, 12 octobre 1568 - 4 avril 1594 (étude XLVI)</relationEntry>
         </resourceRelation>
         <resourceRelation xmlns:xlink="http://www.w3.org/1999/xlink"
                           resourceRelationType="creatorOf"
                           xlink:href="FRAN_IR_052063"
                           xlink:type="simple">
            <relationEntry localType="archival">Images du répertoire du notaire Nicolas Charles pour l'étude XLVI</relationEntry>
         </resourceRelation>
         <resourceRelation xmlns:xlink="http://www.w3.org/1999/xlink"
                           resourceRelationType="creatorOf"
                           xlink:href="FRAN_IR_052051"
                           xlink:type="simple">
            <relationEntry localType="archival">Images du répertoire du notaire Jean-Baptiste de Troyes pour l'étude XLVI</relationEntry>
         </resourceRelation>
         <resourceRelation xmlns:xlink="http://www.w3.org/1999/xlink"
                           resourceRelationType="creatorOf"
                           xlink:href="FRAN_IR_052062"
                           xlink:type="simple">
            <relationEntry localType="archival">Images du répertoire du notaire Antoine Caquignon pour l'étude XLVI</relationEntry>
         </resourceRelation>
         <resourceRelation xmlns:xlink="http://www.w3.org/1999/xlink"
                           resourceRelationType="creatorOf"
                           xlink:href="FRAN_IR_052054"
                           xlink:type="simple">
            <relationEntry localType="archival">Images du répertoire du notaire Albert Eugène Le Mercié pour l'étude XLVI</relationEntry>
         </resourceRelation>
         <resourceRelation xmlns:xlink="http://www.w3.org/1999/xlink"
                           resourceRelationType="creatorOf"
                           xlink:href="FRAN_IR_054301"
                           xlink:type="simple">
            <relationEntry localType="archival">Images des répertoires du notaire François Gallois pour l'étude XLVI</relationEntry>
         </resourceRelation>
         <resourceRelation xmlns:xlink="http://www.w3.org/1999/xlink"
                           resourceRelationType="creatorOf"
                           xlink:href="FRAN_IR_052056"
                           xlink:type="simple">
            <relationEntry localType="archival">Images des répertoires du notaire Jacques Judde pour l'étude XLVI</relationEntry>
         </resourceRelation>
         <resourceRelation xmlns:xlink="http://www.w3.org/1999/xlink"
                           resourceRelationType="creatorOf"
                           xlink:href="FRAN_IR_052053"
                           xlink:type="simple">
            <relationEntry localType="archival">Images du répertoire du notaire Abraham Jacques Silvestre pour l'étude XLVI</relationEntry>
         </resourceRelation>
         <resourceRelation xmlns:xlink="http://www.w3.org/1999/xlink"
                           resourceRelationType="creatorOf"
                           xlink:href="FRAN_IR_052061"
                           xlink:type="simple">
            <relationEntry localType="archival">Images des répertoires du notaire Charles François Drugeon pour l'étude XLVI</relationEntry>
         </resourceRelation>
         <resourceRelation xmlns:xlink="http://www.w3.org/1999/xlink"
                           resourceRelationType="creatorOf"
                           xlink:href="FRAN_IR_052055"
                           xlink:type="simple">
            <relationEntry localType="archival">Images des répertoires du notaire Adrien Philibert Moisant pour l'étude XLVI</relationEntry>
         </resourceRelation>
         <resourceRelation xmlns:xlink="http://www.w3.org/1999/xlink"
                           resourceRelationType="creatorOf"
                           xlink:href="FRAN_IR_052060"
                           xlink:type="simple">
            <relationEntry localType="archival">Images des répertoires du notaire Jean Pierre Frottin pour l'étude XLVI</relationEntry>
         </resourceRelation>
         <resourceRelation xmlns:xlink="http://www.w3.org/1999/xlink"
                           resourceRelationType="creatorOf"
                           xlink:href="FRAN_IR_056045"
                           xlink:type="simple">
            <relationEntry localType="archival">Images des répertoires du notaire Saint-Albin Billion du Rousset pour l'étude XLVI</relationEntry>
         </resourceRelation>
         <resourceRelation xmlns:xlink="http://www.w3.org/1999/xlink"
                           resourceRelationType="creatorOf"
                           xlink:href="FRAN_IR_056047"
                           xlink:type="simple">
            <relationEntry localType="archival">Images des répertoires du notaire Etienne Maurice Guérin pour l'étude XLVI</relationEntry>
         </resourceRelation>
         <resourceRelation xmlns:xlink="http://www.w3.org/1999/xlink"
                           resourceRelationType="creatorOf"
                           xlink:href="FRAN_IR_042135"
                           xlink:type="simple">
            <relationEntry localType="archival">Archives de l'étude XLVI</relationEntry>
         </resourceRelation>
      </relations>
   </cpfDescription>
</eac-cpf>
