<eac-cpf xmlns="urn:isbn:1-931666-33-4"
         xmlns:xsi="http://www.w3.org/2001/XMLSchema-instance"
         xsi:schemaLocation="urn:isbn:1-931666-33-4 cpf.xsd">
   <control>
      <recordId>FRAN_NP_010314</recordId>
      <otherRecordId localType="Ancien_identifiant">FRDAFANCH00MC_NANOTAIRE00013</otherRecordId>
      <maintenanceStatus>derived</maintenanceStatus>
      <maintenanceAgency>
         <agencyName>Archives nationales de France</agencyName>
      </maintenanceAgency>
      <languageDeclaration>
         <language languageCode="fre">Français</language>
         <script scriptCode="Latn"/>
      </languageDeclaration>
      <conventionDeclaration>
         <citation>Notice établie conformément à la norme ICA-ISAAR (CPF) 2004, aux normes ISO 8601 pour le système de normalisation des dates utilisé, ainsi que AFNOR NF Z 44-061, juin 1986. Catalogage : forme et structure des vedettes noms de personne, des vedettes titres, des rubriques de classement et des titres forgés.</citation>
      </conventionDeclaration>
      <localControl localType="niveau_de_detail">
         <term>Moyenne</term>
      </localControl>
      <maintenanceHistory>
         <maintenanceEvent>
            <eventType>derived</eventType>
            <eventDateTime>2013-04-23</eventDateTime>
            <agentType>machine</agentType>
            <agent>Migration ETANOT</agent>
         </maintenanceEvent>
      </maintenanceHistory>
   </control>
   <cpfDescription>
      <identity>
         <entityType>person</entityType>
         <nameEntry scriptCode="Latn" localType="autorisée" xml:lang="fre">
            <part>Wallut, Patrick</part>
         </nameEntry>
      </identity>
      <description>
         <existDates>
            <dateRange>
               <fromDate standardDate="1976-12-29">29 décembre 1976</fromDate>
               <toDate standardDate="2007-01-11">11 janvier 2007</toDate>
            </dateRange>
            <descriptiveNote>
               <p>Les dates d'existence de la personne ne sont pas connues et sont évaluées d'après les dates d'exercice en tant que notaire</p>
            </descriptiveNote>
         </existDates>
         <places>
            <place>
               <placeRole>Lieu de Paris</placeRole>
               <placeEntry localType="nomLieu">étude XV : 54 avenue Victor Hugo</placeEntry>
               <placeEntry localType="arrondissement_actuel"
                           vocabularySource="d3nyv8l7vr--1oyxkw6yfemf2">16e arrondissement</placeEntry>
               <placeEntry localType="arrondissement_actuel"
                           vocabularySource="d3nyv5mj9a-19vhxeonx80mi">08e arrondissement</placeEntry>
               <placeEntry localType="voie" vocabularySource="d3nzb6bml7--1br7roxcfuh88">george-v (avenue)</placeEntry>
            </place>
            <place>
               <placeRole>Lieu de Paris</placeRole>
               <placeEntry localType="nomLieu">étude CLVII : 25 avenue George V</placeEntry>
               <placeEntry localType="arrondissement_actuel"
                           vocabularySource="d3nyv8l7vr--1oyxkw6yfemf2">16e arrondissement</placeEntry>
               <placeEntry localType="arrondissement_actuel"
                           vocabularySource="d3nyv5mj9a-19vhxeonx80mi">08e arrondissement</placeEntry>
               <placeEntry localType="voie" vocabularySource="d3nzb6bml7--1br7roxcfuh88">george-v (avenue)</placeEntry>
            </place>
         </places>
         <functions>
            <function>
               <term vocabularySource="d3nyui3o8w--11y7jgy8q3wnt">notaire à paris</term>
               <dateRange>
                  <fromDate standardDate="1976-12-29">29 décembre 1976</fromDate>
                  <toDate standardDate="2007-01-11">11 janvier 2007</toDate>
               </dateRange>
            </function>
         </functions>
         <biogHist>
            <p>Quitte l'étude CLVII en 2007 (arrêté du ministre de la Justice du 11 janvier 2007, JORF du 19 janvier 2007, p. 1160)</p>
         </biogHist>
      </description>
      <relations>
         <cpfRelation xmlns:xlink="http://www.w3.org/1999/xlink"
                      cpfRelationType="associative"
                      xlink:href="FRAN_NP_010142"
                      xlink:type="simple">
            <relationEntry>Etude notariale XV</relationEntry>
            <dateRange>
               <fromDate standardDate="1976-12-29">29 décembre 1976</fromDate>
               <toDate standardDate="1984-05-09">9 mai 1984</toDate>
            </dateRange>
         </cpfRelation>
         <cpfRelation xmlns:xlink="http://www.w3.org/1999/xlink"
                      cpfRelationType="associative"
                      xlink:href="FRAN_NP_010265"
                      xlink:type="simple">
            <relationEntry>Etude notariale CLVII</relationEntry>
            <dateRange>
               <fromDate standardDate="1987-06-17">17 juin 1987</fromDate>
               <toDate standardDate="2007-01-11">11 janvier 2007</toDate>
            </dateRange>
         </cpfRelation>
         <resourceRelation resourceRelationType="creatorOf">
            <relationEntry localType="archival">minutes</relationEntry>
            <descriptiveNote>
               <p>les minutes de ce notaire sont conservées à l'étude</p>
            </descriptiveNote>
         </resourceRelation>
      </relations>
   </cpfDescription>
</eac-cpf>
