<eac-cpf xmlns="urn:isbn:1-931666-33-4"
         xmlns:xsi="http://www.w3.org/2001/XMLSchema-instance"
         xsi:schemaLocation="urn:isbn:1-931666-33-4 cpf.xsd">
   <control>
      <recordId>FRAN_NP_010234</recordId>
      <otherRecordId localType="Ancien_identifiant">FRDAFANCH00MC_NAETUDE_107</otherRecordId>
      <maintenanceStatus>derived</maintenanceStatus>
      <maintenanceAgency>
         <agencyName>Archives nationales de France</agencyName>
      </maintenanceAgency>
      <languageDeclaration>
         <language languageCode="fre">Français</language>
         <script scriptCode="Latn"/>
      </languageDeclaration>
      <conventionDeclaration>
         <citation>Notice établie conformément à la norme ICA-ISAAR (CPF) 2004, aux normes ISO 8601 pour le système de normalisation des dates utilisé, ainsi que AFNOR NF Z 44-061, juin 1986. Catalogage : forme et structure des vedettes noms de personne, des vedettes titres, des rubriques de classement et des titres forgés.</citation>
      </conventionDeclaration>
      <localControl localType="niveau_de_detail">
         <term>Moyenne</term>
      </localControl>
      <maintenanceHistory>
         <maintenanceEvent>
            <eventType>derived</eventType>
            <eventDateTime>2015-09-30</eventDateTime>
            <agentType>machine</agentType>
            <agent>Migration ETANOT</agent>
         </maintenanceEvent>
      </maintenanceHistory>
      <sources>
         <source>
            <descriptiveNote>
               <p>Poisson (Jean-Paul), " Introduction à l'étude du rôle socio-économique du notariat au XVIIIe siècle : quatre offices parisiens en 1749 " études I, XCI, CVII et CVIII, Notaires et société. Travaux d'histoire et de sociologie notariales, t. I, 1985, p. 367. - " Pour une étude statistique de la pratique notariale au XVIIe siècle : deux offices parisiens en 1610 " [études XCII et CVII], Notaires et société. Travaux d'histoire et de sociologie notariales, t. I, 1985, p. 223.</p>
            </descriptiveNote>
         </source>
      </sources>
   </control>
   <cpfDescription>
      <identity>
         <entityType>corporateBody</entityType>
         <nameEntry localType="autorisée" scriptCode="Latn" xml:lang="fre">
            <part>Etude CVII</part>
         </nameEntry>
         <nameEntry>
            <part>75045</part>
         </nameEntry>
      </identity>
      <description>
         <existDates>
            <dateRange>
               <fromDate standardDate="1508-01-01">1508</fromDate>
            </dateRange>
         </existDates>
         <functions>
            <function>
               <term vocabularySource="d3nyui3o8w--11y7jgy8q3wnt">notaire à paris</term>
               <dateRange>
                  <fromDate standardDate="1508-01-01">1508</fromDate>
                  <toDate/>
               </dateRange>
            </function>
         </functions>
         <biogHist>
            <p>Étude établie rue Saint-Antoine de 1536 à l'an VIII. Elle passe alors dans le faubourg Saint-Germain, s'établit sur les quais, puis rue du Bac (1817). En 1847, elle est rue de l'Université. En 1852, elle se fixe dans le quartier Montmartre : rue du Faubourg, rue Notre-Dame-de-Lorette (1861)</p>
         </biogHist>
      </description>
      <relations>
         <cpfRelation xmlns:xlink="http://www.w3.org/1999/xlink"
                      cpfRelationType="associative"
                      xlink:href="FRAN_NP_010858"
                      xlink:type="simple">
            <relationEntry>Payen, Charles</relationEntry>
            <dateRange>
               <fromDate standardDate="1584-02-01">1er février 1584</fromDate>
               <toDate standardDate="1586-06-07">7 juin 1586</toDate>
            </dateRange>
         </cpfRelation>
         <cpfRelation xmlns:xlink="http://www.w3.org/1999/xlink"
                      cpfRelationType="associative"
                      xlink:href="FRAN_NP_010859"
                      xlink:type="simple">
            <relationEntry>Payen, Guillaume I</relationEntry>
            <dateRange>
               <fromDate standardDate="1532-01-01">1532</fromDate>
               <toDate standardDate="1566-12-31">1566</toDate>
            </dateRange>
         </cpfRelation>
         <cpfRelation xmlns:xlink="http://www.w3.org/1999/xlink"
                      cpfRelationType="associative"
                      xlink:href="FRAN_NP_010861"
                      xlink:type="simple">
            <relationEntry>Payen, Jean</relationEntry>
            <dateRange>
               <fromDate standardDate="1578-01-01">1578</fromDate>
               <toDate standardDate="1584-02-01">1er février 1584</toDate>
            </dateRange>
         </cpfRelation>
         <cpfRelation xmlns:xlink="http://www.w3.org/1999/xlink"
                      cpfRelationType="associative"
                      xlink:href="FRAN_NP_010924"
                      xlink:type="simple">
            <relationEntry>Pichon, Pierre</relationEntry>
            <dateRange>
               <fromDate standardDate="1508-01-01">1508</fromDate>
               <toDate standardDate="1520-12-31">1520</toDate>
            </dateRange>
         </cpfRelation>
         <cpfRelation xmlns:xlink="http://www.w3.org/1999/xlink"
                      cpfRelationType="associative"
                      xlink:href="FRAN_NP_011512"
                      xlink:type="simple">
            <relationEntry>Lemaire, Alphonse-Jean</relationEntry>
            <dateRange>
               <fromDate standardDate="1827-04-04">4 avril 1827</fromDate>
               <toDate standardDate="1831-05-20">20 mai 1831</toDate>
            </dateRange>
         </cpfRelation>
         <cpfRelation xmlns:xlink="http://www.w3.org/1999/xlink"
                      cpfRelationType="associative"
                      xlink:href="FRAN_NP_011328"
                      xlink:type="simple">
            <relationEntry>Lambert, Jean-Louis</relationEntry>
            <dateRange>
               <fromDate standardDate="1819-08-07">7 août 1819</fromDate>
               <toDate standardDate="1827-04-04">4 avril 1827</toDate>
            </dateRange>
         </cpfRelation>
         <cpfRelation xmlns:xlink="http://www.w3.org/1999/xlink"
                      cpfRelationType="associative"
                      xlink:href="FRAN_NP_011259"
                      xlink:type="simple">
            <relationEntry>Moufle, Louis</relationEntry>
            <dateRange>
               <fromDate standardDate="1679-12-20">20 décembre 1679</fromDate>
               <toDate standardDate="1690-07-12">12 juillet 1690</toDate>
            </dateRange>
         </cpfRelation>
         <cpfRelation xmlns:xlink="http://www.w3.org/1999/xlink"
                      cpfRelationType="associative"
                      xlink:href="FRAN_NP_010571"
                      xlink:type="simple">
            <relationEntry>Semelle, Claude Henri</relationEntry>
            <dateRange>
               <fromDate standardDate="1969-02-26">26 février 1969</fromDate>
            </dateRange>
         </cpfRelation>
         <cpfRelation xmlns:xlink="http://www.w3.org/1999/xlink"
                      cpfRelationType="associative"
                      xlink:href="FRAN_NP_011133"
                      xlink:type="simple">
            <relationEntry>Melin, Antoine</relationEntry>
            <dateRange>
               <fromDate standardDate="1690-07-15">15 juillet 1690</fromDate>
               <toDate standardDate="1731-12-24">24 décembre 1731</toDate>
            </dateRange>
         </cpfRelation>
         <cpfRelation xmlns:xlink="http://www.w3.org/1999/xlink"
                      cpfRelationType="associative"
                      xlink:href="FRAN_NP_011974"
                      xlink:type="simple">
            <relationEntry>Guenoux, Joseph-Charles</relationEntry>
            <dateRange>
               <fromDate standardDate="1799-03-24">24 mars 1799</fromDate>
               <toDate standardDate="1811-08-31">31 août 1811</toDate>
            </dateRange>
         </cpfRelation>
         <cpfRelation xmlns:xlink="http://www.w3.org/1999/xlink"
                      cpfRelationType="associative"
                      xlink:href="FRAN_NP_012696"
                      xlink:type="simple">
            <relationEntry>Cadet de chambine, Stanislas-Edmond</relationEntry>
            <dateRange>
               <fromDate standardDate="1835-11-14">14 novembre 1835</fromDate>
               <toDate standardDate="1839-07-17">17 juillet 1839</toDate>
            </dateRange>
         </cpfRelation>
         <cpfRelation xmlns:xlink="http://www.w3.org/1999/xlink"
                      cpfRelationType="associative"
                      xlink:href="FRAN_NP_010490"
                      xlink:type="simple">
            <relationEntry>Trouvé, Jean</relationEntry>
            <dateRange>
               <fromDate standardDate="1536-01-01">1536</fromDate>
               <toDate standardDate="1580-12-31">1580</toDate>
            </dateRange>
         </cpfRelation>
         <cpfRelation xmlns:xlink="http://www.w3.org/1999/xlink"
                      cpfRelationType="associative"
                      xlink:href="FRAN_NP_011927"
                      xlink:type="simple">
            <relationEntry>Godefroy, Pierre-Nicolas</relationEntry>
            <dateRange>
               <fromDate standardDate="1785-08-20">20 août 1785</fromDate>
               <toDate standardDate="1799-03-24">24 mars 1799</toDate>
            </dateRange>
         </cpfRelation>
         <cpfRelation xmlns:xlink="http://www.w3.org/1999/xlink"
                      cpfRelationType="associative"
                      xlink:href="FRAN_NP_013384"
                      xlink:type="simple">
            <relationEntry>Raimbault, Emery</relationEntry>
            <dateRange>
               <fromDate standardDate="1545-01-01">1545</fromDate>
               <toDate standardDate="1586-11-17">17 novembre 1586</toDate>
            </dateRange>
         </cpfRelation>
         <cpfRelation xmlns:xlink="http://www.w3.org/1999/xlink"
                      cpfRelationType="associative"
                      xlink:href="FRAN_NP_010785"
                      xlink:type="simple">
            <relationEntry>Ozanne, Antoine-Nicolas</relationEntry>
            <dateRange>
               <fromDate standardDate="1811-08-31">31 août 1811</fromDate>
               <toDate standardDate="1819-08-07">7 août 1819</toDate>
            </dateRange>
         </cpfRelation>
         <cpfRelation xmlns:xlink="http://www.w3.org/1999/xlink"
                      cpfRelationType="associative"
                      xlink:href="FRAN_NP_013004"
                      xlink:type="simple">
            <relationEntry>Bourget, Anatole-Henri</relationEntry>
            <dateRange>
               <fromDate standardDate="1865-02-04">4 février 1865</fromDate>
               <toDate standardDate="1885-04-17">17 avril 1885</toDate>
            </dateRange>
         </cpfRelation>
         <cpfRelation xmlns:xlink="http://www.w3.org/1999/xlink"
                      cpfRelationType="associative"
                      xlink:href="FRAN_NP_013099"
                      xlink:type="simple">
            <relationEntry>Agnellet, Augustin-Désiré</relationEntry>
            <dateRange>
               <fromDate standardDate="1885-04-17">17 avril 1885</fromDate>
               <toDate standardDate="1905-06-21">21 juin 1905</toDate>
            </dateRange>
         </cpfRelation>
         <cpfRelation xmlns:xlink="http://www.w3.org/1999/xlink"
                      cpfRelationType="associative"
                      xlink:href="FRAN_NP_012794"
                      xlink:type="simple">
            <relationEntry>Baudouin, Claude</relationEntry>
            <dateRange>
               <fromDate standardDate="1608-10-21">21 octobre 1608</fromDate>
               <toDate standardDate="1643-11-19">19 novembre 1643</toDate>
            </dateRange>
         </cpfRelation>
         <cpfRelation xmlns:xlink="http://www.w3.org/1999/xlink"
                      cpfRelationType="associative"
                      xlink:href="FRAN_NP_010489"
                      xlink:type="simple">
            <relationEntry>Trouvé, Claude</relationEntry>
            <dateRange>
               <fromDate standardDate="1566-09-12">12 septembre 1566</fromDate>
               <toDate standardDate="1608-10-10">10 octobre 1608</toDate>
            </dateRange>
         </cpfRelation>
         <cpfRelation xmlns:xlink="http://www.w3.org/1999/xlink"
                      cpfRelationType="associative"
                      xlink:href="FRAN_NP_010492"
                      xlink:type="simple">
            <relationEntry>Trouvé, René II</relationEntry>
            <dateRange>
               <fromDate standardDate="1568-01-01">1568</fromDate>
               <toDate standardDate="1606-12-31">1606</toDate>
            </dateRange>
         </cpfRelation>
         <cpfRelation xmlns:xlink="http://www.w3.org/1999/xlink"
                      cpfRelationType="associative"
                      xlink:href="FRAN_NP_012697"
                      xlink:type="simple">
            <relationEntry>Chatelain, Emile-Ernest</relationEntry>
            <dateRange>
               <fromDate standardDate="1859-10-19">19 octobre 1859</fromDate>
               <toDate standardDate="1865-02-04">4 février 1865</toDate>
            </dateRange>
         </cpfRelation>
         <cpfRelation xmlns:xlink="http://www.w3.org/1999/xlink"
                      cpfRelationType="associative"
                      xlink:href="FRAN_NP_010594"
                      xlink:type="simple">
            <relationEntry>Soudée, Mathieu</relationEntry>
            <dateRange>
               <fromDate standardDate="1643-11-19">19 novembre 1643</fromDate>
               <toDate standardDate="1647-11-10">10 novembre 1647</toDate>
            </dateRange>
         </cpfRelation>
         <cpfRelation xmlns:xlink="http://www.w3.org/1999/xlink"
                      cpfRelationType="associative"
                      xlink:href="FRAN_NP_011134"
                      xlink:type="simple">
            <relationEntry>Melin, Pierre-Claude</relationEntry>
            <dateRange>
               <fromDate standardDate="1731-12-29">29 décembre 1731</fromDate>
               <toDate standardDate="1765-04-23">23 avril 1765</toDate>
            </dateRange>
         </cpfRelation>
         <cpfRelation xmlns:xlink="http://www.w3.org/1999/xlink"
                      cpfRelationType="associative"
                      xlink:href="FRAN_NP_010503"
                      xlink:type="simple">
            <relationEntry>Trudon, Jérôme-Louis</relationEntry>
            <dateRange>
               <fromDate standardDate="1765-04-27">27 avril 1765</fromDate>
               <toDate standardDate="1785-08-17">17 août 1785</toDate>
            </dateRange>
         </cpfRelation>
         <cpfRelation xmlns:xlink="http://www.w3.org/1999/xlink"
                      cpfRelationType="associative"
                      xlink:href="FRAN_NP_011256"
                      xlink:type="simple">
            <relationEntry>Moufle, Benjamin</relationEntry>
            <dateRange>
               <fromDate standardDate="1647-12-16">16 décembre 1647</fromDate>
               <toDate standardDate="1679-12-19">19 décembre 1679</toDate>
            </dateRange>
         </cpfRelation>
         <cpfRelation xmlns:xlink="http://www.w3.org/1999/xlink"
                      cpfRelationType="associative"
                      xlink:href="FRAN_NP_011303"
                      xlink:type="simple">
            <relationEntry>Laeuffer, Frédéric Jean Prosper Louis</relationEntry>
            <dateRange>
               <fromDate standardDate="1905-06-21">21 juin 1905</fromDate>
               <toDate standardDate="1937-07-20">20 juillet 1937</toDate>
            </dateRange>
         </cpfRelation>
         <cpfRelation xmlns:xlink="http://www.w3.org/1999/xlink"
                      cpfRelationType="associative"
                      xlink:href="FRAN_NP_011684"
                      xlink:type="simple">
            <relationEntry>Jazerand, Nicolas-Thomas</relationEntry>
            <dateRange>
               <fromDate standardDate="1831-05-20">20 mai 1831</fromDate>
               <toDate standardDate="1835-11-14">14 novembre 1835</toDate>
            </dateRange>
         </cpfRelation>
         <cpfRelation xmlns:xlink="http://www.w3.org/1999/xlink"
                      cpfRelationType="associative"
                      xlink:href="FRAN_NP_012181"
                      xlink:type="simple">
            <relationEntry>Delavigne, Nicolas</relationEntry>
            <dateRange>
               <fromDate standardDate="1563-01-01">1563</fromDate>
               <toDate standardDate="1565-12-31">1565</toDate>
            </dateRange>
         </cpfRelation>
         <cpfRelation xmlns:xlink="http://www.w3.org/1999/xlink"
                      cpfRelationType="associative"
                      xlink:href="FRAN_NP_012393"
                      xlink:type="simple">
            <relationEntry>Decombes</relationEntry>
            <dateRange>
               <fromDate standardDate="1537-04-01">avril 1537</fromDate>
               <toDate standardDate="1537-08-31">août 1537</toDate>
            </dateRange>
         </cpfRelation>
         <cpfRelation xmlns:xlink="http://www.w3.org/1999/xlink"
                      cpfRelationType="associative"
                      xlink:href="FRAN_NP_012394"
                      xlink:type="simple">
            <relationEntry>Drouant, Pierre Albert</relationEntry>
            <dateRange>
               <fromDate standardDate="1937-07-20">20 juillet 1937</fromDate>
               <toDate standardDate="1969-02-26">26 février 1969</toDate>
            </dateRange>
         </cpfRelation>
         <cpfRelation xmlns:xlink="http://www.w3.org/1999/xlink"
                      cpfRelationType="associative"
                      xlink:href="FRAN_NP_012395"
                      xlink:type="simple">
            <relationEntry>Duval, Eugène-Pélage</relationEntry>
            <dateRange>
               <fromDate standardDate="1839-07-17">17 juillet 1839</fromDate>
               <toDate standardDate="1859-10-19">19 octobre 1859</toDate>
            </dateRange>
         </cpfRelation>
         <resourceRelation xmlns:xlink="http://www.w3.org/1999/xlink"
                           resourceRelationType="subjectOf"
                           xlink:href="FRAN_IR_043226"
                           xlink:type="simple">
            <relationEntry localType="archival">Minutes et répertoires du notaire Antoine Nicolas OZANNE, 31 août 1811 - 7 août 1819 (étude CVII)</relationEntry>
         </resourceRelation>
         <resourceRelation xmlns:xlink="http://www.w3.org/1999/xlink"
                           resourceRelationType="subjectOf"
                           xlink:href="FRAN_IR_043220"
                           xlink:type="simple">
            <relationEntry localType="archival">Minutes et répertoires du notaire Louis MOUFLE, 20 décembre 1679 - juillet 1690 (étude CVII)</relationEntry>
         </resourceRelation>
         <resourceRelation xmlns:xlink="http://www.w3.org/1999/xlink"
                           resourceRelationType="subjectOf"
                           xlink:href="FRAN_IR_043228"
                           xlink:type="simple">
            <relationEntry localType="archival">Minutes et répertoires du notaire Alphonse Jean LEMAIRE, 4 avril 1827 - 20 mai 1831 (étude CVII)</relationEntry>
         </resourceRelation>
         <resourceRelation xmlns:xlink="http://www.w3.org/1999/xlink"
                           resourceRelationType="subjectOf"
                           xlink:href="FRAN_IR_043224"
                           xlink:type="simple">
            <relationEntry localType="archival">Minutes et répertoires du notaire Jérôme Louis TRUDON, 27 avril 1765 - 17 août 1785 (étude CVII)</relationEntry>
         </resourceRelation>
         <resourceRelation xmlns:xlink="http://www.w3.org/1999/xlink"
                           resourceRelationType="subjectOf"
                           xlink:href="FRAN_IR_043229"
                           xlink:type="simple">
            <relationEntry localType="archival">Minutes et répertoires du notaire Nicolas Thomas JAZERAND, 20 mai 1831 - 14 novembre 1835 (étude CVII)</relationEntry>
         </resourceRelation>
         <resourceRelation xmlns:xlink="http://www.w3.org/1999/xlink"
                           resourceRelationType="subjectOf"
                           xlink:href="FRAN_IR_043234"
                           xlink:type="simple">
            <relationEntry localType="archival">Minutes et répertoires du notaire Augustin Désiré AGNELLET, 17 avril 1885 - décembre 1898 (étude CVII)</relationEntry>
         </resourceRelation>
         <resourceRelation xmlns:xlink="http://www.w3.org/1999/xlink"
                           resourceRelationType="subjectOf"
                           xlink:href="FRAN_IR_043231"
                           xlink:type="simple">
            <relationEntry localType="archival">Minutes et répertoires du notaire Eugène Pélage DUVAL, 17 juillet 1839 - 19 octobre 1859 (étude CVII)</relationEntry>
         </resourceRelation>
         <resourceRelation xmlns:xlink="http://www.w3.org/1999/xlink"
                           resourceRelationType="subjectOf"
                           xlink:href="FRAN_IR_043219"
                           xlink:type="simple">
            <relationEntry localType="archival">Minutes et répertoires du notaire Benjamin MOUFLE, 16 décembre 1647 - 19 décembre 1679 (étude CVII)</relationEntry>
         </resourceRelation>
         <resourceRelation xmlns:xlink="http://www.w3.org/1999/xlink"
                           resourceRelationType="subjectOf"
                           xlink:href="FRAN_IR_043230"
                           xlink:type="simple">
            <relationEntry localType="archival">Minutes et répertoires du notaire Stanislas Edmond CADET de CHAMBINE, 14 novembre 1835 - 17 juillet 1839 (étude CVII)</relationEntry>
         </resourceRelation>
         <resourceRelation xmlns:xlink="http://www.w3.org/1999/xlink"
                           resourceRelationType="subjectOf"
                           xlink:href="FRAN_IR_043223"
                           xlink:type="simple">
            <relationEntry localType="archival">Minutes et répertoires du notaire Pierre Nicolas GODEFROY, 20 août 1785 - 9 mars 1799 (étude CVII)</relationEntry>
         </resourceRelation>
         <resourceRelation xmlns:xlink="http://www.w3.org/1999/xlink"
                           resourceRelationType="subjectOf"
                           xlink:href="FRAN_IR_043227"
                           xlink:type="simple">
            <relationEntry localType="archival">Minutes et répertoires du notaire Jean Louis LAMBERT, 7 août 1819 - 4 avril 1827 (étude CVII)</relationEntry>
         </resourceRelation>
         <resourceRelation xmlns:xlink="http://www.w3.org/1999/xlink"
                           resourceRelationType="subjectOf"
                           xlink:href="FRAN_IR_043225"
                           xlink:type="simple">
            <relationEntry localType="archival">Minutes et répertoires du notaire Joseph Charles GUENOUX, 16 mai 1799 - août 1811 (étude CVII)</relationEntry>
         </resourceRelation>
         <resourceRelation xmlns:xlink="http://www.w3.org/1999/xlink"
                           resourceRelationType="creatorOf"
                           xlink:href="FRAN_IR_054375"
                           xlink:type="simple">
            <relationEntry localType="archival">«Mélanges» (dossiers de clients) de l’étude CVII. MC/ET/CVII/699-MC/ET/CVII/703, MC/ET/CVII/872-MC/ET/CVII/880 (XVe-XIXe siècles)</relationEntry>
         </resourceRelation>
         <resourceRelation xmlns:xlink="http://www.w3.org/1999/xlink"
                           resourceRelationType="creatorOf"
                           xlink:href="FRAN_IR_043222"
                           xlink:type="simple">
            <relationEntry localType="archival">Minutes et répertoires du notaire Pierre Claude MELIN, 29 décembre 1731 - 23 avril 1765 (étude CVII)</relationEntry>
         </resourceRelation>
         <resourceRelation xmlns:xlink="http://www.w3.org/1999/xlink"
                           resourceRelationType="creatorOf"
                           xlink:href="FRAN_IR_043215"
                           xlink:type="simple">
            <relationEntry localType="archival">Minutes et répertoires du notaire Claude TROUVÉ, 12 septembre 1566 - 10 octobre 1608 (étude CVII)</relationEntry>
         </resourceRelation>
         <resourceRelation xmlns:xlink="http://www.w3.org/1999/xlink"
                           resourceRelationType="creatorOf"
                           xlink:href="FRAN_IR_043213"
                           xlink:type="simple">
            <relationEntry localType="archival">Minutes et répertoires du notaire Jean TROUVÉ, 1536 - 1580 (étude CVII)</relationEntry>
         </resourceRelation>
         <resourceRelation xmlns:xlink="http://www.w3.org/1999/xlink"
                           resourceRelationType="creatorOf"
                           xlink:href="FRAN_IR_043217"
                           xlink:type="simple">
            <relationEntry localType="archival">Minutes et répertoires du notaire Claude BAUDOUIN, 21 octobre 1608 - 19 novembre 1643 (étude CVII)</relationEntry>
         </resourceRelation>
         <resourceRelation xmlns:xlink="http://www.w3.org/1999/xlink"
                           resourceRelationType="creatorOf"
                           xlink:href="FRAN_IR_043221"
                           xlink:type="simple">
            <relationEntry localType="archival">Minutes et répertoires du notaire Antoine MELIN, 15 juillet 1690 - 24 décembre 1731 (étude CVII)</relationEntry>
         </resourceRelation>
         <resourceRelation xmlns:xlink="http://www.w3.org/1999/xlink"
                           resourceRelationType="creatorOf"
                           xlink:href="FRAN_IR_053222"
                           xlink:type="simple">
            <relationEntry localType="archival">Images du répertoire du notaire Louis Moufle pour l'étude CVII</relationEntry>
         </resourceRelation>
         <resourceRelation xmlns:xlink="http://www.w3.org/1999/xlink"
                           resourceRelationType="creatorOf"
                           xlink:href="FRAN_IR_043211"
                           xlink:type="simple">
            <relationEntry localType="archival">Minutes et répertoires du notaire Guillaume I PAYEN, 1532 - 1566 (étude CVII)</relationEntry>
         </resourceRelation>
         <resourceRelation xmlns:xlink="http://www.w3.org/1999/xlink"
                           resourceRelationType="creatorOf"
                           xlink:href="FRAN_IR_043212"
                           xlink:type="simple">
            <relationEntry localType="archival">Minutes et répertoires du notaire DECOMBES, avril 1537 - août 1537 (étude CVII)</relationEntry>
         </resourceRelation>
         <resourceRelation xmlns:xlink="http://www.w3.org/1999/xlink"
                           resourceRelationType="creatorOf"
                           xlink:href="FRAN_IR_043214"
                           xlink:type="simple">
            <relationEntry localType="archival">Minutes et répertoires du notaire Nicolas DELAVIGNE, 1556 - 8 janvier 1571 (étude CVII)</relationEntry>
         </resourceRelation>
         <resourceRelation xmlns:xlink="http://www.w3.org/1999/xlink"
                           resourceRelationType="creatorOf"
                           xlink:href="FRAN_IR_043216"
                           xlink:type="simple">
            <relationEntry localType="archival">Minutes et répertoires du notaire René II TROUVÉ, 1573 - 1584 (étude CVII)</relationEntry>
         </resourceRelation>
         <resourceRelation xmlns:xlink="http://www.w3.org/1999/xlink"
                           resourceRelationType="creatorOf"
                           xlink:href="FRAN_IR_043210"
                           xlink:type="simple">
            <relationEntry localType="archival">Minutes et répertoires du notaire Jean PAYEN, 1578 - 1585 (étude CVII)</relationEntry>
         </resourceRelation>
         <resourceRelation xmlns:xlink="http://www.w3.org/1999/xlink"
                           resourceRelationType="creatorOf"
                           xlink:href="FRAN_IR_043218"
                           xlink:type="simple">
            <relationEntry localType="archival">Minutes et répertoires du notaire Mathieu SOUDÉE, 19 novembre 1643 - 10 novembre 1647 (étude CVII)</relationEntry>
         </resourceRelation>
         <resourceRelation xmlns:xlink="http://www.w3.org/1999/xlink"
                           resourceRelationType="creatorOf"
                           xlink:href="FRAN_IR_053643"
                           xlink:type="simple">
            <relationEntry localType="archival">Images du répertoire du notaire Claude Baudouin pour l'étude CVII</relationEntry>
         </resourceRelation>
         <resourceRelation xmlns:xlink="http://www.w3.org/1999/xlink"
                           resourceRelationType="creatorOf"
                           xlink:href="FRAN_IR_053221"
                           xlink:type="simple">
            <relationEntry localType="archival">Images du répertoire du notaire Benjamin Moufle pour l'étude CVII</relationEntry>
         </resourceRelation>
         <resourceRelation xmlns:xlink="http://www.w3.org/1999/xlink"
                           resourceRelationType="creatorOf"
                           xlink:href="FRAN_IR_053203"
                           xlink:type="simple">
            <relationEntry localType="archival">Images des répertoires du notaire Antoine Melin pour l'étude CVII</relationEntry>
         </resourceRelation>
         <resourceRelation xmlns:xlink="http://www.w3.org/1999/xlink"
                           resourceRelationType="creatorOf"
                           xlink:href="FRAN_IR_053205"
                           xlink:type="simple">
            <relationEntry localType="archival">Images des répertoires du notaire Pierre Claude Melin pour l'étude CVII</relationEntry>
         </resourceRelation>
         <resourceRelation xmlns:xlink="http://www.w3.org/1999/xlink"
                           resourceRelationType="creatorOf"
                           xlink:href="FRAN_IR_053146"
                           xlink:type="simple">
            <relationEntry localType="archival">Images des répertoires du notaire Jérôme Louis Trudon pour l'étude CVII</relationEntry>
         </resourceRelation>
         <resourceRelation xmlns:xlink="http://www.w3.org/1999/xlink"
                           resourceRelationType="creatorOf"
                           xlink:href="FRAN_IR_053299"
                           xlink:type="simple">
            <relationEntry localType="archival">Images du répertoire du notaire Pierre Nicolas Godefroy pour l'étude CVII</relationEntry>
         </resourceRelation>
         <resourceRelation xmlns:xlink="http://www.w3.org/1999/xlink"
                           resourceRelationType="creatorOf"
                           xlink:href="FRAN_IR_053619"
                           xlink:type="simple">
            <relationEntry localType="archival">Images des répertoires du notaire Emile Ernest Chatelain pour l'étude CVII</relationEntry>
         </resourceRelation>
         <resourceRelation xmlns:xlink="http://www.w3.org/1999/xlink"
                           resourceRelationType="creatorOf"
                           xlink:href="FRAN_IR_053473"
                           xlink:type="simple">
            <relationEntry localType="archival">Images des répertoires du notaire Anatole Henri Bourget pour l'étude CVII</relationEntry>
         </resourceRelation>
         <resourceRelation xmlns:xlink="http://www.w3.org/1999/xlink"
                           resourceRelationType="creatorOf"
                           xlink:href="FRAN_IR_055376"
                           xlink:type="simple">
            <relationEntry localType="archival">Images du répertoire du notaire Joseph Charles Guenoux pour l'étude CVII</relationEntry>
         </resourceRelation>
         <resourceRelation xmlns:xlink="http://www.w3.org/1999/xlink"
                           resourceRelationType="creatorOf"
                           xlink:href="FRAN_IR_055377"
                           xlink:type="simple">
            <relationEntry localType="archival">Images du répertoire du notaire Antoine Nicolas Ozanne pour l'étude CVII</relationEntry>
         </resourceRelation>
         <resourceRelation xmlns:xlink="http://www.w3.org/1999/xlink"
                           resourceRelationType="creatorOf"
                           xlink:href="FRAN_IR_055378"
                           xlink:type="simple">
            <relationEntry localType="archival">Images des répertoires du notaire Jean Louis Lambert pour l'étude CVII</relationEntry>
         </resourceRelation>
         <resourceRelation xmlns:xlink="http://www.w3.org/1999/xlink"
                           resourceRelationType="creatorOf"
                           xlink:href="FRAN_IR_055379"
                           xlink:type="simple">
            <relationEntry localType="archival">Images du répertoire du notaire Alphonse Jean Lemaire pour l'étude CVII</relationEntry>
         </resourceRelation>
         <resourceRelation xmlns:xlink="http://www.w3.org/1999/xlink"
                           resourceRelationType="creatorOf"
                           xlink:href="FRAN_IR_055380"
                           xlink:type="simple">
            <relationEntry localType="archival">Images des répertoires du notaire Nicolas Thomas Jazerand pour l'étude CVII</relationEntry>
         </resourceRelation>
         <resourceRelation xmlns:xlink="http://www.w3.org/1999/xlink"
                           resourceRelationType="creatorOf"
                           xlink:href="FRAN_IR_055381"
                           xlink:type="simple">
            <relationEntry localType="archival">Images du répertoire du notaire Stanislas Edmond Cadet de Chambine pour l'étude CVII</relationEntry>
         </resourceRelation>
         <resourceRelation xmlns:xlink="http://www.w3.org/1999/xlink"
                           resourceRelationType="creatorOf"
                           xlink:href="FRAN_IR_055382"
                           xlink:type="simple">
            <relationEntry localType="archival">Images des répertoires du notaire Eugène Pélage Duval pour l'étude CVII</relationEntry>
         </resourceRelation>
         <resourceRelation xmlns:xlink="http://www.w3.org/1999/xlink"
                           resourceRelationType="creatorOf"
                           xlink:href="FRAN_IR_043233"
                           xlink:type="simple">
            <relationEntry localType="archival">Minutes et répertoires du notaire Anatole Henri BOURGET, 4 février 1865 - 17 avril 1885 (étude CVII)</relationEntry>
         </resourceRelation>
         <resourceRelation xmlns:xlink="http://www.w3.org/1999/xlink"
                           resourceRelationType="creatorOf"
                           xlink:href="FRAN_IR_043232"
                           xlink:type="simple">
            <relationEntry localType="archival">Minutes et répertoires du notaire Émile Ernest CHATELAIN, 19 octobre 1859 - 3 février 1865 (étude CVII)</relationEntry>
         </resourceRelation>
         <resourceRelation xmlns:xlink="http://www.w3.org/1999/xlink"
                           resourceRelationType="creatorOf"
                           xlink:href="FRAN_IR_043209"
                           xlink:type="simple">
            <relationEntry localType="archival">Archives de l'étude CVII</relationEntry>
         </resourceRelation>
      </relations>
   </cpfDescription>
</eac-cpf>
