<eac-cpf xmlns="urn:isbn:1-931666-33-4"
         xmlns:xsi="http://www.w3.org/2001/XMLSchema-instance"
         xsi:schemaLocation="urn:isbn:1-931666-33-4 cpf.xsd">
   <control>
      <recordId>FRAN_NP_010528</recordId>
      <otherRecordId localType="Ancien_identifiant">FRDAFANCH00MC_NANOTAIRE00241</otherRecordId>
      <maintenanceStatus>derived</maintenanceStatus>
      <maintenanceAgency>
         <agencyName>Archives nationales de France</agencyName>
      </maintenanceAgency>
      <languageDeclaration>
         <language languageCode="fre">Français</language>
         <script scriptCode="Latn"/>
      </languageDeclaration>
      <conventionDeclaration>
         <citation>Notice établie conformément à la norme ICA-ISAAR (CPF) 2004, aux normes ISO 8601 pour le système de normalisation des dates utilisé, ainsi que AFNOR NF Z 44-061, juin 1986. Catalogage : forme et structure des vedettes noms de personne, des vedettes titres, des rubriques de classement et des titres forgés.</citation>
      </conventionDeclaration>
      <localControl localType="niveau_de_detail">
         <term>Moyenne</term>
      </localControl>
      <maintenanceHistory>
         <maintenanceEvent>
            <eventType>derived</eventType>
            <eventDateTime>2013-04-23</eventDateTime>
            <agentType>machine</agentType>
            <agent>Migration ETANOT</agent>
         </maintenanceEvent>
      </maintenanceHistory>
   </control>
   <cpfDescription>
      <identity>
         <entityType>person</entityType>
         <nameEntry localType="autorisée" scriptCode="Latn" xml:lang="fre">
            <part>Saint-Jean, Jean de</part>
         </nameEntry>
      </identity>
      <description>
         <existDates>
            <dateRange>
               <fromDate standardDate="1642-03-01">1er mars 1642</fromDate>
               <toDate standardDate="1692-08-16">16 août 1692</toDate>
            </dateRange>
            <descriptiveNote>
               <p>Les dates d'existence de la personne ne sont pas connues et sont évaluées d'après les dates d'exercice en tant que notaire</p>
            </descriptiveNote>
         </existDates>
         <places>
            <place>
               <placeRole>Lieu de Paris</placeRole>
               <placeEntry localType="paroisse" vocabularySource="d3nyvovxws-1r3061wzh7bqc">saint-etienne-du-mont (paroisse)</placeEntry>
               <placeEntry localType="voie" vocabularySource="d3nzbzvirq-hijvubm3y502">maubert (place)</placeEntry>
               <placeEntry localType="nomLieu">place Maubert</placeEntry>
            </place>
         </places>
         <functions>
            <function>
               <term vocabularySource="d3nyui3o8w--11y7jgy8q3wnt">notaire à paris</term>
               <dateRange>
                  <fromDate standardDate="1642-03-01">1er mars 1642</fromDate>
                  <toDate standardDate="1692-08-16">16 août 1692</toDate>
               </dateRange>
            </function>
         </functions>
         <biogHist>
            <p>marié à Marie Bouttemotte (voir ET/CXXII/1636 folio 12, 12 novembre 1644, échange entre Jean de Saint-Jean et Marie Portier, à cause de Marie Bouttemotte, sa femme)</p>
         </biogHist>
      </description>
      <relations>
         <cpfRelation xmlns:xlink="http://www.w3.org/1999/xlink"
                      cpfRelationType="associative"
                      xlink:href="FRAN_NP_010174"
                      xlink:type="simple">
            <relationEntry>Etude notariale XLVII</relationEntry>
            <dateRange>
               <fromDate standardDate="1642-03-01">1er mars 1642</fromDate>
               <toDate standardDate="1692-08-16">16 août 1692</toDate>
            </dateRange>
         </cpfRelation>
         <resourceRelation resourceRelationType="other">
            <relationEntry localType="archival">ET/XLVI/24, 7 avril 1642, vente par Robert de Saint-Jean de l'office de notaire dont était pourvu feu Nicolas Saulnier à Jean de Saint-Jean</relationEntry>
         </resourceRelation>
         <resourceRelation xmlns:xlink="http://www.w3.org/1999/xlink"
                           resourceRelationType="subjectOf"
                           xlink:href="FRAN_IR_042155"
                           xlink:type="simple">
            <relationEntry localType="archival">Minutes et répertoires du notaire Jean de SAINT-JEAN, 1er mars 1642 - 16 août 1692 (étude XLVII)</relationEntry>
         </resourceRelation>
         <resourceRelation xmlns:xlink="http://www.w3.org/1999/xlink"
                           resourceRelationType="creatorOf"
                           xlink:href="FRAN_IR_052068"
                           xlink:type="simple">
            <relationEntry localType="archival">Images des répertoires du notaire Jean de Saint-Jean pour l'étude XLVII</relationEntry>
         </resourceRelation>
      </relations>
   </cpfDescription>
</eac-cpf>
