<eac-cpf xmlns="urn:isbn:1-931666-33-4"
         xmlns:xsi="http://www.w3.org/2001/XMLSchema-instance"
         xsi:schemaLocation="urn:isbn:1-931666-33-4 cpf.xsd">
   <control>
      <recordId>FRAN_NP_010622</recordId>
      <otherRecordId localType="Ancien_identifiant">FRDAFANCH00MC_NANOTAIRE00348</otherRecordId>
      <maintenanceStatus>derived</maintenanceStatus>
      <maintenanceAgency>
         <agencyName>Archives nationales de France</agencyName>
      </maintenanceAgency>
      <languageDeclaration>
         <language languageCode="fre">Français</language>
         <script scriptCode="Latn"/>
      </languageDeclaration>
      <conventionDeclaration>
         <citation>Notice établie conformément à la norme ICA-ISAAR (CPF) 2004, aux normes ISO 8601 pour le système de normalisation des dates utilisé, ainsi que AFNOR NF Z 44-061, juin 1986. Catalogage : forme et structure des vedettes noms de personne, des vedettes titres, des rubriques de classement et des titres forgés.</citation>
      </conventionDeclaration>
      <localControl localType="niveau_de_detail">
         <term>Moyenne</term>
      </localControl>
      <maintenanceHistory>
         <maintenanceEvent>
            <eventType>derived</eventType>
            <eventDateTime>2015-09-30</eventDateTime>
            <agentType>machine</agentType>
            <agent>Migration ETANOT</agent>
         </maintenanceEvent>
      </maintenanceHistory>
      <sources>
         <source>
            <descriptiveNote>
               <p>M. F. LIMON, Les notaires au Châtelet sous le règne de Louis XIV, Toulouse, presses universitaires du Mirail, 1992, p.410</p>
            </descriptiveNote>
         </source>
      </sources>
   </control>
   <cpfDescription>
      <identity>
         <entityType>person</entityType>
         <nameEntry localType="autorisée" scriptCode="Latn" xml:lang="fre">
            <part>Raveneau, Gabriel</part>
         </nameEntry>
      </identity>
      <description>
         <existDates>
            <dateRange>
               <fromDate standardDate="1663-04-26">26 avril 1663</fromDate>
               <toDate standardDate="1698-09-01">1er septembre 1698</toDate>
            </dateRange>
            <descriptiveNote>
               <p>Les dates d'existence de la personne ne sont pas connues et sont évaluées d'après les dates d'exercice en tant que notaire</p>
            </descriptiveNote>
         </existDates>
         <places>
            <place>
               <placeRole>Lieu de Paris</placeRole>
               <placeEntry localType="paroisse" vocabularySource="d3nyvp1p2a--wp1m57bskhhm">saint-josse (paroisse)</placeEntry>
               <placeEntry localType="paroisse" vocabularySource="d3nyvozckb-wk5djyktth83">saint-jacques-de-la-boucherie (paroisse)</placeEntry>
               <placeEntry localType="paroisse" vocabularySource="d3nyvp76qc--1xdxyf9lzzthw">saint-nicolas-des-champs (paroisse)</placeEntry>
               <placeEntry localType="paroisse" vocabularySource="d3nyvp6vb2-rsrcmgk1zmct">saint-merri (paroisse)</placeEntry>
               <placeEntry localType="paroisse" vocabularySource="d3nyvp309r-fxzjuc9ul5cl">saint-leu-saint-gilles (paroisse)</placeEntry>
               <placeEntry localType="voie" vocabularySource="d3nzcriyob-meqgz6vohjeq">quincampoix (rue)</placeEntry>
               <placeEntry localType="voie" vocabularySource="d3nzd5fnbv--1fbmnb1c9dkph">saint-martin (rue)</placeEntry>
               <placeEntry localType="nomLieu">rue Quincampoix, puis rue Saint-Martin, au coin de la rue Aubri-le-Boucher (en 1691)</placeEntry>
            </place>
         </places>
         <functions>
            <function>
               <term vocabularySource="d3nyui3o8w--11y7jgy8q3wnt">notaire à paris</term>
               <dateRange>
                  <fromDate standardDate="1663-04-26">26 avril 1663</fromDate>
                  <toDate standardDate="1698-09-01">1er septembre 1698</toDate>
               </dateRange>
            </function>
         </functions>
      </description>
      <relations>
         <cpfRelation xmlns:xlink="http://www.w3.org/1999/xlink"
                      cpfRelationType="associative"
                      xlink:href="FRAN_NP_010248"
                      xlink:type="simple">
            <relationEntry>Etude notariale CXXI</relationEntry>
            <dateRange>
               <fromDate standardDate="1663-04-26">26 avril 1663</fromDate>
               <toDate standardDate="1698-09-01">1er septembre 1698</toDate>
            </dateRange>
         </cpfRelation>
         <resourceRelation resourceRelationType="other">
            <relationEntry localType="archival">ET/CXII/98, 23 mars 1663, traité d'office de notaire entre les héritiers de Robert de Durcet et Gabriel Raveneau</relationEntry>
         </resourceRelation>
         <resourceRelation resourceRelationType="other">
            <relationEntry localType="archival">ET/LXVI/292, 22 août 1698, traité d'office de notaire entre Gabriel Raveneau et Alexandre Lefèvre</relationEntry>
         </resourceRelation>
         <resourceRelation resourceRelationType="other">
            <relationEntry localType="archival">ET/LI/767, 16 juin 1710, vente, par Alexandre Lefèvre, de la pratique de Gabriel Raveneau à Etienne Renard, et achat, par le même Lefèvre, de la pratique de Toussaint Bellanger</relationEntry>
         </resourceRelation>
         <resourceRelation xmlns:xlink="http://www.w3.org/1999/xlink"
                           resourceRelationType="subjectOf"
                           xlink:href="FRAN_IR_043498"
                           xlink:type="simple">
            <relationEntry localType="archival">Minutes et répertoires du notaire Gabriel RAVENEAU, 26 avril 1663 - 1er septembre 1698 (étude CXXI)</relationEntry>
         </resourceRelation>
         <resourceRelation xmlns:xlink="http://www.w3.org/1999/xlink"
                           resourceRelationType="creatorOf"
                           xlink:href="FRAN_IR_043324"
                           xlink:type="simple">
            <relationEntry localType="archival">Minutes et répertoires du notaire Bernard MOUSNIER, 1658 - 1683 (étude CXII)</relationEntry>
         </resourceRelation>
         <resourceRelation xmlns:xlink="http://www.w3.org/1999/xlink"
                           resourceRelationType="creatorOf"
                           xlink:href="FRAN_IR_055143"
                           xlink:type="simple">
            <relationEntry localType="archival">Images du répertoire du notaire Gabriel Raveneau pour l'étude CXXI</relationEntry>
         </resourceRelation>
      </relations>
   </cpfDescription>
</eac-cpf>
