<eac-cpf xmlns="urn:isbn:1-931666-33-4"
         xmlns:xsi="http://www.w3.org/2001/XMLSchema-instance"
         xsi:schemaLocation="urn:isbn:1-931666-33-4 cpf.xsd">
   <control>
      <recordId>FRAN_NP_010337</recordId>
      <otherRecordId localType="Ancien_identifiant">FRDAFANCH00MC_NANOTAIRE00038</otherRecordId>
      <maintenanceStatus>derived</maintenanceStatus>
      <maintenanceAgency>
         <agencyName>Archives nationales de France</agencyName>
      </maintenanceAgency>
      <languageDeclaration>
         <language languageCode="fre">Français</language>
         <script scriptCode="Latn"/>
      </languageDeclaration>
      <conventionDeclaration>
         <citation>Notice établie conformément à la norme ICA-ISAAR (CPF) 2004, aux normes ISO 8601 pour le système de normalisation des dates utilisé, ainsi que AFNOR NF Z 44-061, juin 1986. Catalogage : forme et structure des vedettes noms de personne, des vedettes titres, des rubriques de classement et des titres forgés.</citation>
      </conventionDeclaration>
      <localControl localType="niveau_de_detail">
         <term>Moyenne</term>
      </localControl>
      <maintenanceHistory>
         <maintenanceEvent>
            <eventType>derived</eventType>
            <eventDateTime>2013-04-23</eventDateTime>
            <agentType>machine</agentType>
            <agent>Migration ETANOT</agent>
         </maintenanceEvent>
      </maintenanceHistory>
   </control>
   <cpfDescription>
      <identity>
         <entityType>person</entityType>
         <nameEntry localType="autorisée" scriptCode="Latn" xml:lang="fre">
            <part>Vanin, Jean-Simon</part>
         </nameEntry>
         <nameEntry>
            <part>Vanin, Jean-Simon Thomas</part>
         </nameEntry>
      </identity>
      <description>
         <existDates>
            <dateRange>
               <fromDate standardDate="1752-03-04">4 mars 1752</fromDate>
               <toDate standardDate="1767-12-31">31 décembre 1767</toDate>
            </dateRange>
            <descriptiveNote>
               <p>Les dates d'existence de la personne ne sont pas connues et sont évaluées d'après les dates d'exercice en tant que notaire</p>
            </descriptiveNote>
         </existDates>
         <places>
            <place>
               <placeRole>Lieu de Paris</placeRole>
               <placeEntry localType="paroisse" vocabularySource="d3nyvox0hv--s68ql74wtyjp">saint-germain-l'auxerrois (paroisse)</placeEntry>
               <placeEntry localType="quartier" vocabularySource="d3nyvganm6--1if1tsie3g2r">louvre (quartier)</placeEntry>
               <placeEntry localType="voie" vocabularySource="d3nzcypb7e-1qdyqzsq67dv4">roule (rue du)</placeEntry>
               <placeEntry localType="voie" vocabularySource="d3nzai0kq1--i7jvzw2f3sgk">fossés-saint-germain-l'auxerrois (rue des)</placeEntry>
               <placeEntry localType="nomLieu">rue du Roule, près la rue de Bethisy, rue des Fossés Saint-Germain-l'Auxerrois</placeEntry>
            </place>
         </places>
         <functions>
            <function>
               <term vocabularySource="d3nyui3o8w--11y7jgy8q3wnt">notaire à paris</term>
               <dateRange>
                  <fromDate standardDate="1752-03-04">4 mars 1752</fromDate>
                  <toDate standardDate="1767-12-31">31 décembre 1767</toDate>
               </dateRange>
            </function>
         </functions>
      </description>
      <relations>
         <cpfRelation xmlns:xlink="http://www.w3.org/1999/xlink"
                      cpfRelationType="associative"
                      xlink:href="FRAN_NP_010242"
                      xlink:type="simple">
            <relationEntry>Etude notariale CXV</relationEntry>
            <dateRange>
               <fromDate standardDate="1752-03-04">4 mars 1752</fromDate>
               <toDate standardDate="1767-12-31">31 décembre 1767</toDate>
            </dateRange>
         </cpfRelation>
         <resourceRelation resourceRelationType="other">
            <relationEntry localType="archival">V/1/372 pièce 535, 1er mars 1752, lettre de provision d'office</relationEntry>
         </resourceRelation>
         <resourceRelation xmlns:xlink="http://www.w3.org/1999/xlink"
                           resourceRelationType="creatorOf"
                           xlink:href="FRAN_IR_053578"
                           xlink:type="simple">
            <relationEntry localType="archival">Images des répertoires du notaire Jean Simon Vanin pour l'étude CXV</relationEntry>
         </resourceRelation>
      </relations>
   </cpfDescription>
</eac-cpf>
