<eac-cpf xmlns="urn:isbn:1-931666-33-4"
         xmlns:xsi="http://www.w3.org/2001/XMLSchema-instance"
         xsi:schemaLocation="urn:isbn:1-931666-33-4 cpf.xsd">
   <control>
      <recordId>FRAN_NP_010205</recordId>
      <otherRecordId localType="Ancien_identifiant">FRDAFANCH00MC_NAETUDE_078</otherRecordId>
      <maintenanceStatus>derived</maintenanceStatus>
      <maintenanceAgency>
         <agencyName>Archives nationales de France</agencyName>
      </maintenanceAgency>
      <languageDeclaration>
         <language languageCode="fre">Français</language>
         <script scriptCode="Latn"/>
      </languageDeclaration>
      <conventionDeclaration>
         <citation>Notice établie conformément à la norme ICA-ISAAR (CPF) 2004, aux normes ISO 8601 pour le système de normalisation des dates utilisé, ainsi que AFNOR NF Z 44-061, juin 1986. Catalogage : forme et structure des vedettes noms de personne, des vedettes titres, des rubriques de classement et des titres forgés.</citation>
      </conventionDeclaration>
      <localControl localType="niveau_de_detail">
         <term>Moyenne</term>
      </localControl>
      <maintenanceHistory>
         <maintenanceEvent>
            <eventType>derived</eventType>
            <eventDateTime>2015-09-30</eventDateTime>
            <agentType>machine</agentType>
            <agent>Migration ETANOT</agent>
         </maintenanceEvent>
      </maintenanceHistory>
   </control>
   <cpfDescription>
      <identity>
         <entityType>corporateBody</entityType>
         <nameEntry localType="autorisée" scriptCode="Latn" xml:lang="fre">
            <part>Etude LXXVIII</part>
         </nameEntry>
         <nameEntry>
            <part>75039</part>
         </nameEntry>
      </identity>
      <description>
         <existDates>
            <dateRange>
               <fromDate standardDate="1535-01-01">1535</fromDate>
            </dateRange>
         </existDates>
         <places>
            <place>
               <placeRole>Lieu de Paris</placeRole>
               <placeEntry localType="nomLieu">13, place Étienne Pernet, 75015 PARIS</placeEntry>
            </place>
         </places>
         <functions>
            <function>
               <term vocabularySource="d3nyui3o8w--11y7jgy8q3wnt">notaire à paris</term>
               <dateRange>
                  <fromDate standardDate="1535-01-01">1535</fromDate>
                  <toDate/>
               </dateRange>
            </function>
         </functions>
         <biogHist>
            <p>Étude installée depuis 1536 au Chef Saint Jean, rue des Marmousets, dans la Cité : elle y reste jusqu'au milieu du XVIIIème siècle Elle se déplace alors dans le quartier Saint-Honoré et s'installe d'abord dans la rue du même nom (1747-1773), avant de déménager rue Croix-des-Petits-Champs (1773-1840), et enfin rue Thérèse jusqu'à la fin du XIXème siècle.</p>
         </biogHist>
      </description>
      <relations>
         <cpfRelation xmlns:xlink="http://www.w3.org/1999/xlink"
                      cpfRelationType="associative"
                      xlink:href="FRAN_NP_010338"
                      xlink:type="simple">
            <relationEntry>Vassal, Arsène</relationEntry>
            <dateRange>
               <fromDate standardDate="1855-04-26">26 avril 1855</fromDate>
               <toDate standardDate="1864-08-31">31 août 1864</toDate>
            </dateRange>
         </cpfRelation>
         <cpfRelation xmlns:xlink="http://www.w3.org/1999/xlink"
                      cpfRelationType="associative"
                      xlink:href="FRAN_NP_010929"
                      xlink:type="simple">
            <relationEntry>Piet, Pierre-Charles</relationEntry>
            <dateRange>
               <fromDate standardDate="1816-08-27">27 août 1816</fromDate>
               <toDate standardDate="1855-04-26">26 avril 1855</toDate>
            </dateRange>
         </cpfRelation>
         <cpfRelation xmlns:xlink="http://www.w3.org/1999/xlink"
                      cpfRelationType="associative"
                      xlink:href="FRAN_NP_011383"
                      xlink:type="simple">
            <relationEntry>Le blond, Louis</relationEntry>
            <dateRange>
               <fromDate standardDate="1657-03-21">21 mars 1657</fromDate>
               <toDate standardDate="1661-03-29">29 mars 1661</toDate>
            </dateRange>
         </cpfRelation>
         <cpfRelation xmlns:xlink="http://www.w3.org/1999/xlink"
                      cpfRelationType="associative"
                      xlink:href="FRAN_NP_011386"
                      xlink:type="simple">
            <relationEntry>Le boucher, Nicolas I</relationEntry>
            <dateRange>
               <fromDate standardDate="1604-10-05">5 octobre 1604</fromDate>
               <toDate standardDate="1657-03-18">18 mars 1657</toDate>
            </dateRange>
         </cpfRelation>
         <cpfRelation xmlns:xlink="http://www.w3.org/1999/xlink"
                      cpfRelationType="associative"
                      xlink:href="FRAN_NP_011410"
                      xlink:type="simple">
            <relationEntry>Le gras, Louis-Auguste</relationEntry>
            <dateRange>
               <fromDate standardDate="1767-12-04">4 décembre 1767</fromDate>
               <toDate standardDate="1773-08-16">16 août 1773</toDate>
            </dateRange>
         </cpfRelation>
         <cpfRelation xmlns:xlink="http://www.w3.org/1999/xlink"
                      cpfRelationType="associative"
                      xlink:href="FRAN_NP_011282"
                      xlink:type="simple">
            <relationEntry>Lamontagne, Charles-Hubert</relationEntry>
            <dateRange>
               <fromDate standardDate="1864-08-31">31 août 1864</fromDate>
               <toDate standardDate="1892-01-15">15 janvier 1892</toDate>
            </dateRange>
         </cpfRelation>
         <cpfRelation xmlns:xlink="http://www.w3.org/1999/xlink"
                      cpfRelationType="associative"
                      xlink:href="FRAN_NP_011125"
                      xlink:type="simple">
            <relationEntry>Meaux, Auguste de</relationEntry>
            <dateRange>
               <fromDate standardDate="1892-01-15">15 janvier 1892</fromDate>
               <toDate standardDate="1921-02-10">10 février 1921</toDate>
            </dateRange>
         </cpfRelation>
         <cpfRelation xmlns:xlink="http://www.w3.org/1999/xlink"
                      cpfRelationType="associative"
                      xlink:href="FRAN_NP_013221"
                      xlink:type="simple">
            <relationEntry>Bouvat-Martin, Jean-Claude</relationEntry>
            <dateRange>
               <fromDate standardDate="2003-04-23">23 avril 2003</fromDate>
            </dateRange>
         </cpfRelation>
         <cpfRelation xmlns:xlink="http://www.w3.org/1999/xlink"
                      cpfRelationType="associative"
                      xlink:href="FRAN_NP_011995"
                      xlink:type="simple">
            <relationEntry>Guillaume, François</relationEntry>
            <dateRange>
               <fromDate standardDate="1806-07-25">25 juillet 1806</fromDate>
               <toDate standardDate="1816-08-27">27 août 1816</toDate>
            </dateRange>
         </cpfRelation>
         <cpfRelation xmlns:xlink="http://www.w3.org/1999/xlink"
                      cpfRelationType="associative"
                      xlink:href="FRAN_NP_010420"
                      xlink:type="simple">
            <relationEntry>Theresse, Jacques</relationEntry>
            <dateRange>
               <fromDate standardDate="1741-05-17">17 mai 1741</fromDate>
               <toDate standardDate="1767-12-02">2 décembre 1767</toDate>
            </dateRange>
         </cpfRelation>
         <cpfRelation xmlns:xlink="http://www.w3.org/1999/xlink"
                      cpfRelationType="associative"
                      xlink:href="FRAN_NP_013338"
                      xlink:type="simple">
            <relationEntry>Benichou, Éric</relationEntry>
            <dateRange>
               <fromDate standardDate="2007-11-07">7 novembre 2007</fromDate>
            </dateRange>
         </cpfRelation>
         <cpfRelation xmlns:xlink="http://www.w3.org/1999/xlink"
                      cpfRelationType="associative"
                      xlink:href="FRAN_NP_010720"
                      xlink:type="simple">
            <relationEntry>Roque, Marie-Jean</relationEntry>
            <dateRange>
               <fromDate standardDate="1991-11-27">27 novembre 1991</fromDate>
               <toDate standardDate="2003-05-14">14 mai 2003</toDate>
            </dateRange>
         </cpfRelation>
         <cpfRelation xmlns:xlink="http://www.w3.org/1999/xlink"
                      cpfRelationType="associative"
                      xlink:href="FRAN_NP_013127"
                      xlink:type="simple">
            <relationEntry>Angirard, Jean</relationEntry>
            <dateRange>
               <fromDate standardDate="1536-01-01">janvier 1536</fromDate>
               <toDate standardDate="1566-07-13">13 juillet 1566</toDate>
            </dateRange>
         </cpfRelation>
         <cpfRelation xmlns:xlink="http://www.w3.org/1999/xlink"
                      cpfRelationType="associative"
                      xlink:href="FRAN_NP_011013"
                      xlink:type="simple">
            <relationEntry>Prieur, Martin (16..-16..)</relationEntry>
            <dateRange>
               <fromDate standardDate="1634-01-01">1634</fromDate>
               <toDate standardDate="1652-02-07">7 février 1652</toDate>
            </dateRange>
         </cpfRelation>
         <cpfRelation xmlns:xlink="http://www.w3.org/1999/xlink"
                      cpfRelationType="associative"
                      xlink:href="FRAN_NP_011996"
                      xlink:type="simple">
            <relationEntry>Guillaume, Jean-Baptiste II (1742-1806)</relationEntry>
            <dateRange>
               <fromDate standardDate="1773-08-07">7 août 1773</fromDate>
               <toDate standardDate="1806-07-05">5 juillet 1806</toDate>
            </dateRange>
         </cpfRelation>
         <cpfRelation xmlns:xlink="http://www.w3.org/1999/xlink"
                      cpfRelationType="associative"
                      xlink:href="FRAN_NP_012941"
                      xlink:type="simple">
            <relationEntry>Boivin, Claude</relationEntry>
            <dateRange>
               <fromDate standardDate="1731-04-25">25 avril 1731</fromDate>
               <toDate standardDate="1741-04-15">15 avril 1741</toDate>
            </dateRange>
         </cpfRelation>
         <cpfRelation xmlns:xlink="http://www.w3.org/1999/xlink"
                      cpfRelationType="associative"
                      xlink:href="FRAN_NP_013069"
                      xlink:type="simple">
            <relationEntry>Bru, Hugues</relationEntry>
            <dateRange>
               <fromDate standardDate="1675-02-22">22 février 1675</fromDate>
               <toDate standardDate="1710-08-12">12 août 1710</toDate>
            </dateRange>
         </cpfRelation>
         <cpfRelation xmlns:xlink="http://www.w3.org/1999/xlink"
                      cpfRelationType="associative"
                      xlink:href="FRAN_NP_010721"
                      xlink:type="simple">
            <relationEntry>Roque, Marie Pierre</relationEntry>
            <dateRange>
               <fromDate standardDate="1958-01-15">15 janvier 1958</fromDate>
               <toDate standardDate="2003-05-14">14 mai 2003</toDate>
            </dateRange>
         </cpfRelation>
         <cpfRelation xmlns:xlink="http://www.w3.org/1999/xlink"
                      cpfRelationType="associative"
                      xlink:href="FRAN_NP_011913"
                      xlink:type="simple">
            <relationEntry>Girault, Alexandre I</relationEntry>
            <dateRange>
               <fromDate standardDate="1588-08-24">24 août 1588</fromDate>
               <toDate standardDate="1604-06-04">4 juin 1604</toDate>
            </dateRange>
         </cpfRelation>
         <cpfRelation xmlns:xlink="http://www.w3.org/1999/xlink"
                      cpfRelationType="associative"
                      xlink:href="FRAN_NP_010410"
                      xlink:type="simple">
            <relationEntry>Taudin, Louis</relationEntry>
            <dateRange>
               <fromDate standardDate="1992-12-16">16 décembre 1992</fromDate>
               <toDate standardDate="1997-06-26">26 juin 1997</toDate>
            </dateRange>
         </cpfRelation>
         <cpfRelation xmlns:xlink="http://www.w3.org/1999/xlink"
                      cpfRelationType="associative"
                      xlink:href="FRAN_NP_013225"
                      xlink:type="simple">
            <relationEntry>Escargueil, Etienne</relationEntry>
            <dateRange>
               <fromDate standardDate="2003-04-23">23 avril 2003</fromDate>
            </dateRange>
         </cpfRelation>
         <cpfRelation xmlns:xlink="http://www.w3.org/1999/xlink"
                      cpfRelationType="associative"
                      xlink:href="FRAN_NP_011126"
                      xlink:type="simple">
            <relationEntry>Meaux, Guillaume de</relationEntry>
            <dateRange>
               <fromDate standardDate="1921-02-10">10 février 1921</fromDate>
               <toDate standardDate="1958-01-15">15 janvier 1958</toDate>
            </dateRange>
         </cpfRelation>
         <cpfRelation xmlns:xlink="http://www.w3.org/1999/xlink"
                      cpfRelationType="associative"
                      xlink:href="FRAN_NP_011284"
                      xlink:type="simple">
            <relationEntry>La motte, Nicolas de</relationEntry>
            <dateRange>
               <fromDate standardDate="1661-04-27">27 avril 1661</fromDate>
               <toDate standardDate="1675-01-29">29 janvier 1675</toDate>
            </dateRange>
         </cpfRelation>
         <cpfRelation xmlns:xlink="http://www.w3.org/1999/xlink"
                      cpfRelationType="associative"
                      xlink:href="FRAN_NP_011645"
                      xlink:type="simple">
            <relationEntry>Lusson, Jean I</relationEntry>
            <dateRange>
               <fromDate standardDate="1566-07-13">13 juillet 1566</fromDate>
               <toDate standardDate="1599-11-23">23 novembre 1599</toDate>
            </dateRange>
         </cpfRelation>
         <cpfRelation xmlns:xlink="http://www.w3.org/1999/xlink"
                      cpfRelationType="associative"
                      xlink:href="FRAN_NP_011646"
                      xlink:type="simple">
            <relationEntry>Lusson, Jean II</relationEntry>
            <dateRange>
               <fromDate standardDate="1605-02-01">février 1605</fromDate>
               <toDate standardDate="1621-01-02">2 janvier 1621</toDate>
            </dateRange>
         </cpfRelation>
         <cpfRelation xmlns:xlink="http://www.w3.org/1999/xlink"
                      cpfRelationType="associative"
                      xlink:href="FRAN_NP_011647"
                      xlink:type="simple">
            <relationEntry>Lusson, Regnault</relationEntry>
            <dateRange>
               <fromDate standardDate="1599-12-22">22 décembre 1599</fromDate>
               <toDate standardDate="1605-11-30">30 novembre 1605</toDate>
            </dateRange>
         </cpfRelation>
         <cpfRelation xmlns:xlink="http://www.w3.org/1999/xlink"
                      cpfRelationType="associative"
                      xlink:href="FRAN_NP_012332"
                      xlink:type="simple">
            <relationEntry>Dejean, Claude-Jean-Baptiste</relationEntry>
            <dateRange>
               <fromDate standardDate="1710-09-02">2 septembre 1710</fromDate>
               <toDate standardDate="1731-04-21">21 avril 1731</toDate>
            </dateRange>
         </cpfRelation>
         <cpfRelation xmlns:xlink="http://www.w3.org/1999/xlink"
                      cpfRelationType="associative"
                      xlink:href="FRAN_NP_013451"
                      xlink:type="simple">
            <relationEntry>Escargueil-Vanderheyden, Aurélie</relationEntry>
            <dateRange>
               <fromDate standardDate="2010-03-22">22 mars 2010</fromDate>
            </dateRange>
         </cpfRelation>
         <resourceRelation xmlns:xlink="http://www.w3.org/1999/xlink"
                           resourceRelationType="subjectOf"
                           xlink:href="FRAN_IR_042716"
                           xlink:type="simple">
            <relationEntry localType="archival">Minutes et répertoires du notaire Claude Jean-Baptiste DEJEAN, septembre 1710 - 21 avril 1731 (étude LXXVIII)</relationEntry>
         </resourceRelation>
         <resourceRelation xmlns:xlink="http://www.w3.org/1999/xlink"
                           resourceRelationType="subjectOf"
                           xlink:href="FRAN_IR_042718"
                           xlink:type="simple">
            <relationEntry localType="archival">Minutes et répertoires du notaire Louis Auguste LE GRAS, 4 décembre 1767 - 6 août 1773 (étude LXXVIII)</relationEntry>
         </resourceRelation>
         <resourceRelation xmlns:xlink="http://www.w3.org/1999/xlink"
                           resourceRelationType="subjectOf"
                           xlink:href="FRAN_IR_042724"
                           xlink:type="simple">
            <relationEntry localType="archival">Minutes et répertoires du notaire Charles Hubert LAMONTAGNE, 31 août 1864 - 15 janvier 1892 (étude LXXVIII)</relationEntry>
         </resourceRelation>
         <resourceRelation xmlns:xlink="http://www.w3.org/1999/xlink"
                           resourceRelationType="subjectOf"
                           xlink:href="FRAN_IR_042722"
                           xlink:type="simple">
            <relationEntry localType="archival">Minutes et répertoires du notaire Pierre Charles PIET, 27 août 1816 - 26 avril 1855 (étude LXXVIII)</relationEntry>
         </resourceRelation>
         <resourceRelation xmlns:xlink="http://www.w3.org/1999/xlink"
                           resourceRelationType="subjectOf"
                           xlink:href="FRAN_IR_042717"
                           xlink:type="simple">
            <relationEntry localType="archival">Minutes et répertoires du notaire Claude BOIVIN, 25 avril 1731 - 15 avril 1741 (étude LXXVIII)</relationEntry>
         </resourceRelation>
         <resourceRelation xmlns:xlink="http://www.w3.org/1999/xlink"
                           resourceRelationType="subjectOf"
                           xlink:href="FRAN_IR_042721"
                           xlink:type="simple">
            <relationEntry localType="archival">Minutes et répertoires du notaire François GUILLAUME, 25 juillet 1806 - 24 août 1816 (étude LXXVIII)</relationEntry>
         </resourceRelation>
         <resourceRelation xmlns:xlink="http://www.w3.org/1999/xlink"
                           resourceRelationType="subjectOf"
                           xlink:href="FRAN_IR_042711"
                           xlink:type="simple">
            <relationEntry localType="archival">Minutes et répertoires du notaire Louis LE BLOND, 21 mars 1657 - 29 mars 1661 (étude LXXVIII)</relationEntry>
         </resourceRelation>
         <resourceRelation xmlns:xlink="http://www.w3.org/1999/xlink"
                           resourceRelationType="subjectOf"
                           xlink:href="FRAN_IR_042710"
                           xlink:type="simple">
            <relationEntry localType="archival">Minutes et répertoires du notaire Nicolas I LE BOUCHER, 8 octobre 1604 - 18 mars 1657 (étude LXXVIII)</relationEntry>
         </resourceRelation>
         <resourceRelation xmlns:xlink="http://www.w3.org/1999/xlink"
                           resourceRelationType="subjectOf"
                           xlink:href="FRAN_IR_042706"
                           xlink:type="simple">
            <relationEntry localType="archival">Minutes et répertoires du notaire Jean I LUSSON, 13 juillet 1566 - 23 novembre 1599 (étude LXXVIII)</relationEntry>
         </resourceRelation>
         <resourceRelation xmlns:xlink="http://www.w3.org/1999/xlink"
                           resourceRelationType="subjectOf"
                           xlink:href="FRAN_IR_042708"
                           xlink:type="simple">
            <relationEntry localType="archival">Minutes et répertoires du notaire Jean II LUSSON, février 1605 - 1er juin 1620 (étude LXXVIII)</relationEntry>
         </resourceRelation>
         <resourceRelation xmlns:xlink="http://www.w3.org/1999/xlink"
                           resourceRelationType="subjectOf"
                           xlink:href="FRAN_IR_042707"
                           xlink:type="simple">
            <relationEntry localType="archival">Minutes et répertoires du notaire Regnault LUSSON, 23 décembre 1599 - 30 novembre 1605 (étude LXXVIII)</relationEntry>
         </resourceRelation>
         <resourceRelation xmlns:xlink="http://www.w3.org/1999/xlink"
                           resourceRelationType="subjectOf"
                           xlink:href="FRAN_IR_042725"
                           xlink:type="simple">
            <relationEntry localType="archival">Minutes et répertoires du notaire Auguste de MEAUX, 15 janvier 1892 - 12 novembre 1894 (étude LXXVIII)</relationEntry>
         </resourceRelation>
         <resourceRelation xmlns:xlink="http://www.w3.org/1999/xlink"
                           resourceRelationType="subjectOf"
                           xlink:href="FRAN_IR_042723"
                           xlink:type="simple">
            <relationEntry localType="archival">Minutes et répertoires du notaire Arsène VASSAL, 26 avril 1855 - 31 août 1864 (étude LXXVIII)</relationEntry>
         </resourceRelation>
         <resourceRelation xmlns:xlink="http://www.w3.org/1999/xlink"
                           resourceRelationType="creatorOf"
                           xlink:href="FRAN_IR_053966"
                           xlink:type="simple">
            <relationEntry localType="archival">«Mélanges» (dossiers de clients) de l’étude LXXVIII. MC/ET/LXXVIII/578, MC/ET/LXXVIII/1105 (1682-1765)</relationEntry>
         </resourceRelation>
         <resourceRelation xmlns:xlink="http://www.w3.org/1999/xlink"
                           resourceRelationType="creatorOf"
                           xlink:href="FRAN_IR_042704"
                           xlink:type="simple">
            <relationEntry localType="archival">Archives de l'étude LXXVIII</relationEntry>
         </resourceRelation>
         <resourceRelation xmlns:xlink="http://www.w3.org/1999/xlink"
                           resourceRelationType="creatorOf"
                           xlink:href="FRAN_IR_042719"
                           xlink:type="simple">
            <relationEntry localType="archival">Minutes et répertoires du notaire Jacques THERESSE, 17 mai 1741 - 2 décembre 1767 (étude LXXVIII)</relationEntry>
         </resourceRelation>
         <resourceRelation xmlns:xlink="http://www.w3.org/1999/xlink"
                           resourceRelationType="creatorOf"
                           xlink:href="FRAN_IR_042720"
                           xlink:type="simple">
            <relationEntry localType="archival">Minutes et répertoires du notaire Jean-Baptiste II GUILLAUME, 7 août 1773 - 25 juillet 1806 (étude LXXVIII)</relationEntry>
         </resourceRelation>
         <resourceRelation xmlns:xlink="http://www.w3.org/1999/xlink"
                           resourceRelationType="creatorOf"
                           xlink:href="FRAN_IR_042705"
                           xlink:type="simple">
            <relationEntry localType="archival">Minutes et répertoires du notaire Jean ANGIRARD, 30 avril 1536 - 13 juillet 1566 (étude LXXVIII)</relationEntry>
         </resourceRelation>
         <resourceRelation xmlns:xlink="http://www.w3.org/1999/xlink"
                           resourceRelationType="creatorOf"
                           xlink:href="FRAN_IR_042709"
                           xlink:type="simple">
            <relationEntry localType="archival">Minutes et répertoires du notaire Alexandre I GIRAULT, 24 août 1588 - 4 juin 1604 (étude LXXVIII)</relationEntry>
         </resourceRelation>
         <resourceRelation xmlns:xlink="http://www.w3.org/1999/xlink"
                           resourceRelationType="creatorOf"
                           xlink:href="FRAN_IR_042713"
                           xlink:type="simple">
            <relationEntry localType="archival">Minutes et répertoires du notaire Martin PRIEUR, 1634 - 7 février 1652 (étude LXXVIII)</relationEntry>
         </resourceRelation>
         <resourceRelation xmlns:xlink="http://www.w3.org/1999/xlink"
                           resourceRelationType="creatorOf"
                           xlink:href="FRAN_IR_042714"
                           xlink:type="simple">
            <relationEntry localType="archival">Minutes et répertoires du notaire Rollin PRIEUR, 21 mars 1652 - 1672 (étude LXXVIII)</relationEntry>
         </resourceRelation>
         <resourceRelation xmlns:xlink="http://www.w3.org/1999/xlink"
                           resourceRelationType="creatorOf"
                           xlink:href="FRAN_IR_052398"
                           xlink:type="simple">
            <relationEntry localType="archival">Images du répertoire du notaire Jean I Lusson pour l'étude LXXVIII</relationEntry>
         </resourceRelation>
         <resourceRelation xmlns:xlink="http://www.w3.org/1999/xlink"
                           resourceRelationType="creatorOf"
                           xlink:href="FRAN_IR_052397"
                           xlink:type="simple">
            <relationEntry localType="archival">Images du répertoire du notaire Regnault Lusson pour l'étude LXXVIII</relationEntry>
         </resourceRelation>
         <resourceRelation xmlns:xlink="http://www.w3.org/1999/xlink"
                           resourceRelationType="creatorOf"
                           xlink:href="FRAN_IR_052396"
                           xlink:type="simple">
            <relationEntry localType="archival">Images du répertoire du notaire Jean II Lusson pour l'étude LXXVIII</relationEntry>
         </resourceRelation>
         <resourceRelation xmlns:xlink="http://www.w3.org/1999/xlink"
                           resourceRelationType="creatorOf"
                           xlink:href="FRAN_IR_052400"
                           xlink:type="simple">
            <relationEntry localType="archival">Images du répertoire du notaire Nicolas I Le Boucher pour l'étude LXXVIII</relationEntry>
         </resourceRelation>
         <resourceRelation xmlns:xlink="http://www.w3.org/1999/xlink"
                           resourceRelationType="creatorOf"
                           xlink:href="FRAN_IR_052401"
                           xlink:type="simple">
            <relationEntry localType="archival">Images du répertoire du notaire Louis Le Blond pour l'étude LXXVIII</relationEntry>
         </resourceRelation>
         <resourceRelation xmlns:xlink="http://www.w3.org/1999/xlink"
                           resourceRelationType="creatorOf"
                           xlink:href="FRAN_IR_052384"
                           xlink:type="simple">
            <relationEntry localType="archival">Images du répertoire du notaire Nicolas de La Motte pour l'étude LXXVIII</relationEntry>
         </resourceRelation>
         <resourceRelation xmlns:xlink="http://www.w3.org/1999/xlink"
                           resourceRelationType="creatorOf"
                           xlink:href="FRAN_IR_052409"
                           xlink:type="simple">
            <relationEntry localType="archival">Images des répertoires du notaire Hugues Bru pour l'étude LXXVIII</relationEntry>
         </resourceRelation>
         <resourceRelation xmlns:xlink="http://www.w3.org/1999/xlink"
                           resourceRelationType="creatorOf"
                           xlink:href="FRAN_IR_052393"
                           xlink:type="simple">
            <relationEntry localType="archival">Images du répertoire du notaire Claude Jean-Baptiste Dejean pour l'étude LXXVIII</relationEntry>
         </resourceRelation>
         <resourceRelation xmlns:xlink="http://www.w3.org/1999/xlink"
                           resourceRelationType="creatorOf"
                           xlink:href="FRAN_IR_053555"
                           xlink:type="simple">
            <relationEntry localType="archival">Images du répertoire du notaire Claude Boivin pour l'étude LXXVIII</relationEntry>
         </resourceRelation>
         <resourceRelation xmlns:xlink="http://www.w3.org/1999/xlink"
                           resourceRelationType="creatorOf"
                           xlink:href="FRAN_IR_052399"
                           xlink:type="simple">
            <relationEntry localType="archival">Images des répertoires du notaire Louis Auguste Le Gras pour l'étude LXXVIII</relationEntry>
         </resourceRelation>
         <resourceRelation xmlns:xlink="http://www.w3.org/1999/xlink"
                           resourceRelationType="creatorOf"
                           xlink:href="FRAN_IR_052395"
                           xlink:type="simple">
            <relationEntry localType="archival">Images des répertoires du notaire François Guillaume pour l'étude LXXVIII</relationEntry>
         </resourceRelation>
         <resourceRelation xmlns:xlink="http://www.w3.org/1999/xlink"
                           resourceRelationType="creatorOf"
                           xlink:href="FRAN_IR_052387"
                           xlink:type="simple">
            <relationEntry localType="archival">Images des répertoires du notaire Pierre Charles Piet pour l'étude LXXVIII</relationEntry>
         </resourceRelation>
         <resourceRelation xmlns:xlink="http://www.w3.org/1999/xlink"
                           resourceRelationType="creatorOf"
                           xlink:href="FRAN_IR_052389"
                           xlink:type="simple">
            <relationEntry localType="archival">Images des répertoires du notaire Arsène Vassal pour l'étude LXXVIII</relationEntry>
         </resourceRelation>
         <resourceRelation xmlns:xlink="http://www.w3.org/1999/xlink"
                           resourceRelationType="creatorOf"
                           xlink:href="FRAN_IR_052385"
                           xlink:type="simple">
            <relationEntry localType="archival">Images des répertoires du notaire Charles Hubert Lamontagne pour l'étude LXXVIII</relationEntry>
         </resourceRelation>
         <resourceRelation xmlns:xlink="http://www.w3.org/1999/xlink"
                           resourceRelationType="creatorOf"
                           xlink:href="FRAN_IR_052386"
                           xlink:type="simple">
            <relationEntry localType="archival">Images du répertoire du notaire Auguste de Meaux pour l'étude LXXVIII</relationEntry>
         </resourceRelation>
         <resourceRelation xmlns:xlink="http://www.w3.org/1999/xlink"
                           resourceRelationType="creatorOf"
                           xlink:href="FRAN_IR_055770"
                           xlink:type="simple">
            <relationEntry localType="archival">Images du répertoire du notaire Jacques Theresse pour l'étude LXXVIII</relationEntry>
         </resourceRelation>
         <resourceRelation xmlns:xlink="http://www.w3.org/1999/xlink"
                           resourceRelationType="creatorOf"
                           xlink:href="FRAN_IR_055771"
                           xlink:type="simple">
            <relationEntry localType="archival">Images des répertoires du notaire Jean-Baptiste II Guillaume pour l'étude LXXVIII</relationEntry>
         </resourceRelation>
      </relations>
   </cpfDescription>
</eac-cpf>
