<eac-cpf xmlns="urn:isbn:1-931666-33-4"
         xmlns:xsi="http://www.w3.org/2001/XMLSchema-instance"
         xsi:schemaLocation="urn:isbn:1-931666-33-4 cpf.xsd">
   <control>
      <recordId>FRAN_NP_010197</recordId>
      <otherRecordId localType="Ancien_identifiant">FRDAFANCH00MC_NAETUDE_070</otherRecordId>
      <maintenanceStatus>derived</maintenanceStatus>
      <maintenanceAgency>
         <agencyName>Archives nationales de France</agencyName>
      </maintenanceAgency>
      <languageDeclaration>
         <language languageCode="fre">Français</language>
         <script scriptCode="Latn"/>
      </languageDeclaration>
      <conventionDeclaration>
         <citation>Notice établie conformément à la norme ICA-ISAAR (CPF) 2004, aux normes ISO 8601 pour le système de normalisation des dates utilisé, ainsi que AFNOR NF Z 44-061, juin 1986. Catalogage : forme et structure des vedettes noms de personne, des vedettes titres, des rubriques de classement et des titres forgés.</citation>
      </conventionDeclaration>
      <localControl localType="niveau_de_detail">
         <term>Moyenne</term>
      </localControl>
      <maintenanceHistory>
         <maintenanceEvent>
            <eventType>derived</eventType>
            <eventDateTime>2015-09-30</eventDateTime>
            <agentType>machine</agentType>
            <agent>Migration ETANOT</agent>
         </maintenanceEvent>
      </maintenanceHistory>
   </control>
   <cpfDescription>
      <identity>
         <entityType>corporateBody</entityType>
         <nameEntry localType="autorisée" scriptCode="Latn" xml:lang="fre">
            <part>Etude LXX</part>
         </nameEntry>
         <nameEntry>
            <part>75016</part>
         </nameEntry>
      </identity>
      <description>
         <existDates>
            <dateRange>
               <fromDate standardDate="1545-01-01">1545</fromDate>
            </dateRange>
         </existDates>
         <places>
            <place>
               <placeRole>Lieu de Paris</placeRole>
               <placeEntry localType="nomLieu">323, rue St-Martin, 75140, PARIS cedex 03</placeEntry>
            </place>
         </places>
         <functions>
            <function>
               <term vocabularySource="d3nyui3o8w--11y7jgy8q3wnt">notaire à paris</term>
               <dateRange>
                  <fromDate standardDate="1545-01-01">1545</fromDate>
                  <toDate/>
               </dateRange>
            </function>
         </functions>
         <biogHist>
            <p>Pour le XVIème siècle et le début du du XVIIème, cette étude rassemble plusieurs fonds de notaires établis dans la partie Nord de la rue Saint-Denis, dans la rue du Temple et dans la rue de la Harpe. A la fin du XVIIème, elle est située près de la rue de Buci. Le début du XVIIIème la ramène sur la rive droite, rue Montmartre (1720). Elle y reste jusqu'à son installation rue Saint-Martin en l'an VI.</p>
         </biogHist>
      </description>
      <relations>
         <cpfRelation xmlns:xlink="http://www.w3.org/1999/xlink"
                      cpfRelationType="associative"
                      xlink:href="FRAN_NP_010358"
                      xlink:type="simple">
            <relationEntry>Verani, Jean</relationEntry>
            <dateRange>
               <fromDate standardDate="1691-10-05">5 octobre 1691</fromDate>
               <toDate standardDate="1729-07-25">25 juillet 1729</toDate>
            </dateRange>
         </cpfRelation>
         <cpfRelation xmlns:xlink="http://www.w3.org/1999/xlink"
                      cpfRelationType="associative"
                      xlink:href="FRAN_NP_010905"
                      xlink:type="simple">
            <relationEntry>Petit, Simon</relationEntry>
            <dateRange>
               <fromDate standardDate="1630-01-19">19 janvier 1630</fromDate>
               <toDate standardDate="1639-09-06">6 septembre 1639</toDate>
            </dateRange>
         </cpfRelation>
         <cpfRelation xmlns:xlink="http://www.w3.org/1999/xlink"
                      cpfRelationType="associative"
                      xlink:href="FRAN_NP_011281"
                      xlink:type="simple">
            <relationEntry>La loere, André François de</relationEntry>
            <dateRange>
               <fromDate standardDate="1738-06-11">11 juin 1738</fromDate>
               <toDate standardDate="1763-02-04">4 février 1763</toDate>
            </dateRange>
         </cpfRelation>
         <cpfRelation xmlns:xlink="http://www.w3.org/1999/xlink"
                      cpfRelationType="associative"
                      xlink:href="FRAN_NP_011920"
                      xlink:type="simple">
            <relationEntry>Giroust, Michel-Guillaume</relationEntry>
            <dateRange>
               <fromDate standardDate="1771-03-16">16 mars 1771</fromDate>
               <toDate standardDate="1798-07-17">17 juillet 1798</toDate>
            </dateRange>
         </cpfRelation>
         <cpfRelation xmlns:xlink="http://www.w3.org/1999/xlink"
                      cpfRelationType="associative"
                      xlink:href="FRAN_NP_012789"
                      xlink:type="simple">
            <relationEntry>Baudelocque, Emile-Louis</relationEntry>
            <dateRange>
               <fromDate standardDate="1828-02-06">6 février 1828</fromDate>
               <toDate standardDate="1840-09-24">24 septembre 1840</toDate>
            </dateRange>
         </cpfRelation>
         <cpfRelation xmlns:xlink="http://www.w3.org/1999/xlink"
                      cpfRelationType="associative"
                      xlink:href="FRAN_NP_010723"
                      xlink:type="simple">
            <relationEntry>Rossignol, François</relationEntry>
            <dateRange>
               <fromDate standardDate="1545-01-18">18 janvier 1545</fromDate>
               <toDate standardDate="1586-07-20">20 juillet 1586</toDate>
            </dateRange>
         </cpfRelation>
         <cpfRelation xmlns:xlink="http://www.w3.org/1999/xlink"
                      cpfRelationType="associative"
                      xlink:href="FRAN_NP_011803"
                      xlink:type="simple">
            <relationEntry>Huché, Pierre</relationEntry>
            <dateRange>
               <fromDate standardDate="1683-05-15">15 mai 1683</fromDate>
               <toDate standardDate="1690-12-11">11 décembre 1690</toDate>
            </dateRange>
         </cpfRelation>
         <cpfRelation xmlns:xlink="http://www.w3.org/1999/xlink"
                      cpfRelationType="associative"
                      xlink:href="FRAN_NP_012893"
                      xlink:type="simple">
            <relationEntry>Beurrey, Georges</relationEntry>
            <dateRange>
               <fromDate standardDate="1632-01-21">21 janvier 1632</fromDate>
               <toDate standardDate="1641-08-22">22 août 1641</toDate>
            </dateRange>
         </cpfRelation>
         <cpfRelation xmlns:xlink="http://www.w3.org/1999/xlink"
                      cpfRelationType="associative"
                      xlink:href="FRAN_NP_013046"
                      xlink:type="simple">
            <relationEntry>Breuillaud, Augustin-Edmond</relationEntry>
            <dateRange>
               <fromDate standardDate="1899-08-03">3 août 1899</fromDate>
               <toDate standardDate="1949-02-02">2 février 1949</toDate>
            </dateRange>
         </cpfRelation>
         <cpfRelation xmlns:xlink="http://www.w3.org/1999/xlink"
                      cpfRelationType="associative"
                      xlink:href="FRAN_NP_011763"
                      xlink:type="simple">
            <relationEntry>Herbelin, Auguste</relationEntry>
            <dateRange>
               <fromDate standardDate="1798-07-17">17 juillet 1798</fromDate>
               <toDate standardDate="1828-02-06">6 février 1828</toDate>
            </dateRange>
         </cpfRelation>
         <cpfRelation xmlns:xlink="http://www.w3.org/1999/xlink"
                      cpfRelationType="associative"
                      xlink:href="FRAN_NP_012915"
                      xlink:type="simple">
            <relationEntry>Blanchamps, Pierre</relationEntry>
            <dateRange>
               <fromDate standardDate="1729-07-26">26 juillet 1729</fromDate>
               <toDate standardDate="1738-06-10">10 juin 1738</toDate>
            </dateRange>
         </cpfRelation>
         <cpfRelation xmlns:xlink="http://www.w3.org/1999/xlink"
                      cpfRelationType="associative"
                      xlink:href="FRAN_NP_013189"
                      xlink:type="simple">
            <relationEntry>Euvrard, Alain</relationEntry>
            <dateRange>
               <fromDate standardDate="2001-06-06">6 juin 2001</fromDate>
            </dateRange>
         </cpfRelation>
         <cpfRelation xmlns:xlink="http://www.w3.org/1999/xlink"
                      cpfRelationType="associative"
                      xlink:href="FRAN_NP_012936"
                      xlink:type="simple">
            <relationEntry>Boindin, Nicolas I</relationEntry>
            <dateRange>
               <fromDate standardDate="1639-09-07">7 septembre 1639</fromDate>
               <toDate standardDate="1662-03-11">11 mars 1662</toDate>
            </dateRange>
         </cpfRelation>
         <cpfRelation xmlns:xlink="http://www.w3.org/1999/xlink"
                      cpfRelationType="associative"
                      xlink:href="FRAN_NP_013045"
                      xlink:type="simple">
            <relationEntry>Breuillaud, Augustin-Charles</relationEntry>
            <dateRange>
               <fromDate standardDate="1865-03-08">8 mars 1865</fromDate>
               <toDate standardDate="1899-08-03">3 août 1899</toDate>
            </dateRange>
         </cpfRelation>
         <cpfRelation xmlns:xlink="http://www.w3.org/1999/xlink"
                      cpfRelationType="associative"
                      xlink:href="FRAN_NP_012861"
                      xlink:type="simple">
            <relationEntry>Berge, Etienne-Charles Eugène</relationEntry>
            <dateRange>
               <fromDate standardDate="1853-11-30">30 novembre 1853</fromDate>
               <toDate standardDate="1865-03-08">8 mars 1865</toDate>
            </dateRange>
         </cpfRelation>
         <cpfRelation xmlns:xlink="http://www.w3.org/1999/xlink"
                      cpfRelationType="associative"
                      xlink:href="FRAN_NP_011800"
                      xlink:type="simple">
            <relationEntry>Hubert, Charles-Edmond</relationEntry>
            <dateRange>
               <fromDate standardDate="1840-09-24">24 septembre 1840</fromDate>
               <toDate standardDate="1853-11-30">30 novembre 1853</toDate>
            </dateRange>
         </cpfRelation>
         <cpfRelation xmlns:xlink="http://www.w3.org/1999/xlink"
                      cpfRelationType="associative"
                      xlink:href="FRAN_NP_010726"
                      xlink:type="simple">
            <relationEntry>Rossignol, Jean</relationEntry>
            <dateRange>
               <fromDate standardDate="1586-07-21">21 juillet 1586</fromDate>
               <toDate standardDate="1598-12-31">1598</toDate>
            </dateRange>
         </cpfRelation>
         <cpfRelation xmlns:xlink="http://www.w3.org/1999/xlink"
                      cpfRelationType="associative"
                      xlink:href="FRAN_NP_012783"
                      xlink:type="simple">
            <relationEntry>Bassin, François</relationEntry>
            <dateRange>
               <fromDate standardDate="1995-04-05">5 avril 1995</fromDate>
               <toDate standardDate="2004-07-30">30 juillet 2004</toDate>
            </dateRange>
         </cpfRelation>
         <cpfRelation xmlns:xlink="http://www.w3.org/1999/xlink"
                      cpfRelationType="associative"
                      xlink:href="FRAN_NP_011911"
                      xlink:type="simple">
            <relationEntry>Girauld, Antoine-Louis</relationEntry>
            <dateRange>
               <fromDate standardDate="1763-02-05">5 février 1763</fromDate>
               <toDate standardDate="1771-03-15">15 mars 1771</toDate>
            </dateRange>
         </cpfRelation>
         <cpfRelation xmlns:xlink="http://www.w3.org/1999/xlink"
                      cpfRelationType="associative"
                      xlink:href="FRAN_NP_012627"
                      xlink:type="simple">
            <relationEntry>Collorafi, Eugène</relationEntry>
            <dateRange>
               <fromDate standardDate="1986-07-09">9 juillet 1986</fromDate>
               <toDate standardDate="1995-04-05">5 avril 1995</toDate>
            </dateRange>
         </cpfRelation>
         <cpfRelation xmlns:xlink="http://www.w3.org/1999/xlink"
                      cpfRelationType="associative"
                      xlink:href="FRAN_NP_011455"
                      xlink:type="simple">
            <relationEntry>Leconte, Louis</relationEntry>
            <dateRange>
               <fromDate standardDate="1597-03-27">27 mars 1597</fromDate>
               <toDate standardDate="1630-12-24">24 décembre 1630</toDate>
            </dateRange>
         </cpfRelation>
         <cpfRelation xmlns:xlink="http://www.w3.org/1999/xlink"
                      cpfRelationType="associative"
                      xlink:href="FRAN_NP_011698"
                      xlink:type="simple">
            <relationEntry>Jourdain, Louis Paul</relationEntry>
            <dateRange>
               <fromDate standardDate="1949-02-02">2 février 1949</fromDate>
               <toDate standardDate="1986-07-09">9 juillet 1986</toDate>
            </dateRange>
         </cpfRelation>
         <cpfRelation xmlns:xlink="http://www.w3.org/1999/xlink"
                      cpfRelationType="associative"
                      xlink:href="FRAN_NP_011699"
                      xlink:type="simple">
            <relationEntry>Jourdain-Thomas, Fabienne</relationEntry>
            <dateRange>
               <fromDate standardDate="1986-07-09">9 juillet 1986</fromDate>
            </dateRange>
         </cpfRelation>
         <resourceRelation xmlns:xlink="http://www.w3.org/1999/xlink"
                           resourceRelationType="subjectOf"
                           xlink:href="FRAN_IR_042569"
                           xlink:type="simple">
            <relationEntry localType="archival">Minutes et répertoires du notaire Antoine Louis GIRAULD, 5 février 1763 - 15 mars 1771 (étude LXX)</relationEntry>
         </resourceRelation>
         <resourceRelation xmlns:xlink="http://www.w3.org/1999/xlink"
                           resourceRelationType="subjectOf"
                           xlink:href="FRAN_IR_042575"
                           xlink:type="simple">
            <relationEntry localType="archival">Minutes et répertoires du notaire Michel Guillaume GIROUST, 16 mars 1771 - 7 juillet 1798 (étude LXX)</relationEntry>
         </resourceRelation>
         <resourceRelation xmlns:xlink="http://www.w3.org/1999/xlink"
                           resourceRelationType="subjectOf"
                           xlink:href="FRAN_IR_042582"
                           xlink:type="simple">
            <relationEntry localType="archival">Minutes et répertoires du notaire Émile Louis BAUDELOCQUE, 6 février 1828 - 24 septembre 1840 (étude LXX)</relationEntry>
         </resourceRelation>
         <resourceRelation xmlns:xlink="http://www.w3.org/1999/xlink"
                           resourceRelationType="creatorOf"
                           xlink:href="FRAN_IR_053859"
                           xlink:type="simple">
            <relationEntry localType="archival">«Mélanges» (dossiers de clients) de l’étude LXX. MC/ET/LXX/872-MC/ET/LXX/874, MC/ET/LXX/1248-MC/ET/LXX/1267/B (1506-1943)</relationEntry>
         </resourceRelation>
         <resourceRelation xmlns:xlink="http://www.w3.org/1999/xlink"
                           resourceRelationType="creatorOf"
                           xlink:href="FRAN_IR_042581"
                           xlink:type="simple">
            <relationEntry localType="archival">Minutes et répertoires du notaire Auguste HERBELIN, 17 juillet 1798 - 6 février 1828 (étude LXX)</relationEntry>
         </resourceRelation>
         <resourceRelation xmlns:xlink="http://www.w3.org/1999/xlink"
                           resourceRelationType="creatorOf"
                           xlink:href="FRAN_IR_042579"
                           xlink:type="simple">
            <relationEntry localType="archival">Minutes et répertoires du notaire André François de LA LOERE, 11 juin 1738 - 4 février 1763 (étude LXX)</relationEntry>
         </resourceRelation>
         <resourceRelation xmlns:xlink="http://www.w3.org/1999/xlink"
                           resourceRelationType="creatorOf"
                           xlink:href="FRAN_IR_042574"
                           xlink:type="simple">
            <relationEntry localType="archival">Minutes et répertoires du notaire Pierre BLANCHAMPS, 26 juillet 1729 - 10 juin 1738 (étude LXX)</relationEntry>
         </resourceRelation>
         <resourceRelation xmlns:xlink="http://www.w3.org/1999/xlink"
                           resourceRelationType="creatorOf"
                           xlink:href="FRAN_IR_042580"
                           xlink:type="simple">
            <relationEntry localType="archival">Minutes et répertoires du notaire Jean ROSSIGNOL, 1589 - 1598 (étude LXX)</relationEntry>
         </resourceRelation>
         <resourceRelation xmlns:xlink="http://www.w3.org/1999/xlink"
                           resourceRelationType="creatorOf"
                           xlink:href="FRAN_IR_055819"
                           xlink:type="simple">
            <relationEntry localType="archival">Images des répertoires du notaire Georges Beurrey pour l'étude LXX</relationEntry>
         </resourceRelation>
         <resourceRelation xmlns:xlink="http://www.w3.org/1999/xlink"
                           resourceRelationType="creatorOf"
                           xlink:href="FRAN_IR_055820"
                           xlink:type="simple">
            <relationEntry localType="archival">Images des répertoires du notaire Simon Petit pour l'étude LXX</relationEntry>
         </resourceRelation>
         <resourceRelation xmlns:xlink="http://www.w3.org/1999/xlink"
                           resourceRelationType="creatorOf"
                           xlink:href="FRAN_IR_055821"
                           xlink:type="simple">
            <relationEntry localType="archival">Images des répertoires du notaire Nicolas I Boindin pour l'étude LXX</relationEntry>
         </resourceRelation>
         <resourceRelation xmlns:xlink="http://www.w3.org/1999/xlink"
                           resourceRelationType="creatorOf"
                           xlink:href="FRAN_IR_055822"
                           xlink:type="simple">
            <relationEntry localType="archival">Images des répertoires du notaire Pierre Huché pour l'étude LXX</relationEntry>
         </resourceRelation>
         <resourceRelation xmlns:xlink="http://www.w3.org/1999/xlink"
                           resourceRelationType="creatorOf"
                           xlink:href="FRAN_IR_055823"
                           xlink:type="simple">
            <relationEntry localType="archival">Images des répertoires du notaire Jean Verani pour l'étude LXX</relationEntry>
         </resourceRelation>
         <resourceRelation xmlns:xlink="http://www.w3.org/1999/xlink"
                           resourceRelationType="creatorOf"
                           xlink:href="FRAN_IR_055824"
                           xlink:type="simple">
            <relationEntry localType="archival">Images des répertoires du notaire Pierre Blanchamps pour l'étude LXX</relationEntry>
         </resourceRelation>
         <resourceRelation xmlns:xlink="http://www.w3.org/1999/xlink"
                           resourceRelationType="creatorOf"
                           xlink:href="FRAN_IR_055825"
                           xlink:type="simple">
            <relationEntry localType="archival">Images des répertoires du notaire André François de La Loere pour l'étude LXX</relationEntry>
         </resourceRelation>
         <resourceRelation xmlns:xlink="http://www.w3.org/1999/xlink"
                           resourceRelationType="creatorOf"
                           xlink:href="FRAN_IR_055828"
                           xlink:type="simple">
            <relationEntry localType="archival">Images des répertoires du notaire Antoine Louis Girauld pour l'étude LXX</relationEntry>
         </resourceRelation>
         <resourceRelation xmlns:xlink="http://www.w3.org/1999/xlink"
                           resourceRelationType="creatorOf"
                           xlink:href="FRAN_IR_055829"
                           xlink:type="simple">
            <relationEntry localType="archival">Images des répertoires du notaire Michel Guillaume Giroust pour l'étude LXX</relationEntry>
         </resourceRelation>
         <resourceRelation xmlns:xlink="http://www.w3.org/1999/xlink"
                           resourceRelationType="creatorOf"
                           xlink:href="FRAN_IR_055830"
                           xlink:type="simple">
            <relationEntry localType="archival">Images des répertoires du notaire Auguste Herbelin pour l'étude LXX</relationEntry>
         </resourceRelation>
         <resourceRelation xmlns:xlink="http://www.w3.org/1999/xlink"
                           resourceRelationType="creatorOf"
                           xlink:href="FRAN_IR_055831"
                           xlink:type="simple">
            <relationEntry localType="archival">Images des répertoires du notaire Emile Louis Baudelocque pour l'étude LXX</relationEntry>
         </resourceRelation>
         <resourceRelation xmlns:xlink="http://www.w3.org/1999/xlink"
                           resourceRelationType="creatorOf"
                           xlink:href="FRAN_IR_055832"
                           xlink:type="simple">
            <relationEntry localType="archival">Images des répertoires du notaire Charles Edmond Hubert pour l'étude LXX</relationEntry>
         </resourceRelation>
         <resourceRelation xmlns:xlink="http://www.w3.org/1999/xlink"
                           resourceRelationType="creatorOf"
                           xlink:href="FRAN_IR_055833"
                           xlink:type="simple">
            <relationEntry localType="archival">Images des répertoires du notaire Etienne Charles Eugène Berge pour l'étude LXX</relationEntry>
         </resourceRelation>
         <resourceRelation xmlns:xlink="http://www.w3.org/1999/xlink"
                           resourceRelationType="creatorOf"
                           xlink:href="FRAN_IR_055834"
                           xlink:type="simple">
            <relationEntry localType="archival">Images des répertoires du notaire Augustin Charles Breuillaud pour l'étude LXX</relationEntry>
         </resourceRelation>
         <resourceRelation xmlns:xlink="http://www.w3.org/1999/xlink"
                           resourceRelationType="creatorOf"
                           xlink:href="FRAN_IR_055835"
                           xlink:type="simple">
            <relationEntry localType="archival">Images du répertoire du notaire Augustin Edmond Breuillaud pour l'étude LXX</relationEntry>
         </resourceRelation>
         <resourceRelation xmlns:xlink="http://www.w3.org/1999/xlink"
                           resourceRelationType="creatorOf"
                           xlink:href="FRAN_IR_042583"
                           xlink:type="simple">
            <relationEntry localType="archival">Minutes et répertoires du notaire Charles Edmond HUBERT, 24 septembre 1840 - 30 novembre 1853 (étude LXX)</relationEntry>
         </resourceRelation>
         <resourceRelation xmlns:xlink="http://www.w3.org/1999/xlink"
                           resourceRelationType="creatorOf"
                           xlink:href="FRAN_IR_042584"
                           xlink:type="simple">
            <relationEntry localType="archival">Minutes et répertoires du notaire Étienne Charles Eugène BERGE, 30 novembre 1853 - 8 mars 1865 (étude LXX)</relationEntry>
         </resourceRelation>
         <resourceRelation xmlns:xlink="http://www.w3.org/1999/xlink"
                           resourceRelationType="creatorOf"
                           xlink:href="FRAN_IR_042568"
                           xlink:type="simple">
            <relationEntry localType="archival">Archives de l'étude LXX</relationEntry>
         </resourceRelation>
         <resourceRelation xmlns:xlink="http://www.w3.org/1999/xlink"
                           resourceRelationType="creatorOf"
                           xlink:href="FRAN_IR_055875"
                           xlink:type="simple">
            <relationEntry localType="archival">Images du répertoire du notaire Louis Leconte pour l'étude LXX</relationEntry>
         </resourceRelation>
         <resourceRelation xmlns:xlink="http://www.w3.org/1999/xlink"
                           resourceRelationType="creatorOf"
                           xlink:href="FRAN_IR_042585"
                           xlink:type="simple">
            <relationEntry localType="archival">Minutes et répertoires du notaire Augustin Charles BREUILLAUD, 8 mars 1865 - 2 août 1899 (étude LXX)</relationEntry>
         </resourceRelation>
         <resourceRelation xmlns:xlink="http://www.w3.org/1999/xlink"
                           resourceRelationType="creatorOf"
                           xlink:href="FRAN_IR_042586"
                           xlink:type="simple">
            <relationEntry localType="archival">Minutes et répertoires du notaire Augustin Edmond BREUILLAUD, 4 août 1899 - 31 décembre 1939 (étude LXX)</relationEntry>
         </resourceRelation>
         <resourceRelation xmlns:xlink="http://www.w3.org/1999/xlink"
                           resourceRelationType="creatorOf"
                           xlink:href="FRAN_IR_042578"
                           xlink:type="simple">
            <relationEntry localType="archival">Minutes et répertoires du notaire Louis LECONTE, 17 mars 1597 - 24 décembre 1630 (étude LXX)</relationEntry>
         </resourceRelation>
         <resourceRelation xmlns:xlink="http://www.w3.org/1999/xlink"
                           resourceRelationType="creatorOf"
                           xlink:href="FRAN_IR_042577"
                           xlink:type="simple">
            <relationEntry localType="archival">Minutes et répertoires du notaire François ROSSIGNOL, 18 janvier 1545 - 20 juillet 1586 (étude LXX)</relationEntry>
         </resourceRelation>
         <resourceRelation xmlns:xlink="http://www.w3.org/1999/xlink"
                           resourceRelationType="creatorOf"
                           xlink:href="FRAN_IR_056108"
                           xlink:type="simple">
            <relationEntry localType="archival">Images du répertoire du notaire François Rossignol pour l'étude LXX</relationEntry>
         </resourceRelation>
         <resourceRelation xmlns:xlink="http://www.w3.org/1999/xlink"
                           resourceRelationType="creatorOf"
                           xlink:href="FRAN_IR_056112"
                           xlink:type="simple">
            <relationEntry localType="archival">Images du répertoire du notaire Jean Rossignol pour l'étude LXX</relationEntry>
         </resourceRelation>
         <resourceRelation xmlns:xlink="http://www.w3.org/1999/xlink"
                           resourceRelationType="creatorOf"
                           xlink:href="FRAN_IR_042576"
                           xlink:type="simple">
            <relationEntry localType="archival">Minutes et répertoires du notaire Georges BEURREY, 21 janvier 1632 - 22 août 1641 (étude LXX)</relationEntry>
         </resourceRelation>
         <resourceRelation xmlns:xlink="http://www.w3.org/1999/xlink"
                           resourceRelationType="creatorOf"
                           xlink:href="FRAN_IR_042571"
                           xlink:type="simple">
            <relationEntry localType="archival">Minutes et répertoires du notaire Simon PETIT, 19 janvier 1630 - 6 septembre 1639 (étude LXX)</relationEntry>
         </resourceRelation>
         <resourceRelation xmlns:xlink="http://www.w3.org/1999/xlink"
                           resourceRelationType="creatorOf"
                           xlink:href="FRAN_IR_042573"
                           xlink:type="simple">
            <relationEntry localType="archival">Minutes et répertoires du notaire Pierre HUCHÉ, 15 mai 1683 - 11 décembre 1690 (étude LXX)</relationEntry>
         </resourceRelation>
      </relations>
   </cpfDescription>
</eac-cpf>
