<eac-cpf xmlns="urn:isbn:1-931666-33-4"
         xmlns:xsi="http://www.w3.org/2001/XMLSchema-instance"
         xsi:schemaLocation="urn:isbn:1-931666-33-4 cpf.xsd">
   <control>
      <recordId>FRAN_NP_010624</recordId>
      <otherRecordId localType="Ancien_identifiant">FRDAFANCH00MC_NANOTAIRE00350</otherRecordId>
      <maintenanceStatus>derived</maintenanceStatus>
      <maintenanceAgency>
         <agencyName>Archives nationales de France</agencyName>
      </maintenanceAgency>
      <languageDeclaration>
         <language languageCode="fre">Français</language>
         <script scriptCode="Latn"/>
      </languageDeclaration>
      <conventionDeclaration>
         <citation>Notice établie conformément à la norme ICA-ISAAR (CPF) 2004, aux normes ISO 8601 pour le système de normalisation des dates utilisé, ainsi que AFNOR NF Z 44-061, juin 1986. Catalogage : forme et structure des vedettes noms de personne, des vedettes titres, des rubriques de classement et des titres forgés.</citation>
      </conventionDeclaration>
      <localControl localType="niveau_de_detail">
         <term>Moyenne</term>
      </localControl>
      <maintenanceHistory>
         <maintenanceEvent>
            <eventType>derived</eventType>
            <eventDateTime>2013-04-23</eventDateTime>
            <agentType>machine</agentType>
            <agent>Migration ETANOT</agent>
         </maintenanceEvent>
      </maintenanceHistory>
      <sources>
         <source>
            <descriptiveNote>
               <p>R. DESCIMON : les notaires de Paris du XVI au XVIIIe siècle : Office, profession, archives, Le Gnomon, n° 157, octobre-décembre 2008, p. 10 note 51</p>
            </descriptiveNote>
         </source>
      </sources>
   </control>
   <cpfDescription>
      <identity>
         <entityType>person</entityType>
         <nameEntry localType="autorisée" scriptCode="Latn" xml:lang="fre">
            <part>Raymond, Louis</part>
         </nameEntry>
      </identity>
      <description>
         <existDates>
            <dateRange>
               <fromDate standardDate="1661-05-31">31 mai 1661</fromDate>
               <toDate standardDate="1707-12-02">2 décembre 1707</toDate>
            </dateRange>
            <descriptiveNote>
               <p>Les dates d'existence de la personne ne sont pas connues et sont évaluées d'après les dates d'exercice en tant que notaire</p>
            </descriptiveNote>
         </existDates>
         <places>
            <place>
               <placeRole>Lieu de Paris</placeRole>
               <placeEntry localType="paroisse" vocabularySource="d3nyvp76qc--1xdxyf9lzzthw">saint-nicolas-des-champs (paroisse)</placeEntry>
               <placeEntry localType="paroisse" vocabularySource="d3nyvp6vb2-rsrcmgk1zmct">saint-merri (paroisse)</placeEntry>
               <placeEntry localType="quartier" vocabularySource="d3nyvh1eiq-10kmxmcddmsfj">sainte-avoye (quartier)</placeEntry>
               <placeEntry localType="voie" vocabularySource="d3nzdgb9zy--1wyz2smwi6dz8">temple (rue du)</placeEntry>
               <placeEntry localType="nomLieu">rue Sainte-Avoye</placeEntry>
            </place>
         </places>
         <functions>
            <function>
               <term vocabularySource="d3nyui3o8w--11y7jgy8q3wnt">notaire à paris</term>
               <dateRange>
                  <fromDate standardDate="1661-05-31">31 mai 1661</fromDate>
                  <toDate standardDate="1707-12-02">2 décembre 1707</toDate>
               </dateRange>
            </function>
         </functions>
         <biogHist>
            <p>père de François Raymond, qui lui succède (voir ET/XXXIV/338, 11 décembre 1707, soumission de François Raymond, pourvu par lettre de provision en date du 24 novembre 1707 de l'office de notaire dont Louis Raymond, son père, était le précédent titulaire, aux règlements de la communauté des notaires)</p>
         </biogHist>
      </description>
      <relations>
         <cpfRelation xmlns:xlink="http://www.w3.org/1999/xlink"
                      cpfRelationType="associative"
                      xlink:href="FRAN_NP_010217"
                      xlink:type="simple">
            <relationEntry>Etude notariale XC</relationEntry>
            <dateRange>
               <fromDate standardDate="1661-05-31">31 mai 1661</fromDate>
               <toDate standardDate="1707-12-02">2 décembre 1707</toDate>
            </dateRange>
         </cpfRelation>
         <resourceRelation resourceRelationType="other">
            <relationEntry localType="archival">ET/XC/107, 19 mai 1661, traité d'office de notaire entre Nicolas Motelet et Louis Raymond</relationEntry>
         </resourceRelation>
         <resourceRelation xmlns:xlink="http://www.w3.org/1999/xlink"
                           resourceRelationType="subjectOf"
                           xlink:href="FRAN_IR_042921"
                           xlink:type="simple">
            <relationEntry localType="archival">Minutes et répertoires du notaire Louis RAYMOND, juin 1661 - 2 décembre 1707 (étude XC)</relationEntry>
         </resourceRelation>
         <resourceRelation xmlns:xlink="http://www.w3.org/1999/xlink"
                           resourceRelationType="creatorOf"
                           xlink:href="FRAN_IR_051247"
                           xlink:type="simple">
            <relationEntry localType="archival">Images du répertoire du notaire Louis Raymond pour l'étude XC</relationEntry>
         </resourceRelation>
      </relations>
   </cpfDescription>
</eac-cpf>
