<eac-cpf xmlns="urn:isbn:1-931666-33-4"
         xmlns:xsi="http://www.w3.org/2001/XMLSchema-instance"
         xsi:schemaLocation="urn:isbn:1-931666-33-4 cpf.xsd">
   <control>
      <recordId>FRAN_NP_010211</recordId>
      <otherRecordId localType="Ancien_identifiant">FRDAFANCH00MC_NAETUDE_084</otherRecordId>
      <maintenanceStatus>derived</maintenanceStatus>
      <maintenanceAgency>
         <agencyName>Archives nationales de France</agencyName>
      </maintenanceAgency>
      <languageDeclaration>
         <language languageCode="fre">Français</language>
         <script scriptCode="Latn"/>
      </languageDeclaration>
      <conventionDeclaration>
         <citation>Notice établie conformément à la norme ICA-ISAAR (CPF) 2004, aux normes ISO 8601 pour le système de normalisation des dates utilisé, ainsi que AFNOR NF Z 44-061, juin 1986. Catalogage : forme et structure des vedettes noms de personne, des vedettes titres, des rubriques de classement et des titres forgés.</citation>
      </conventionDeclaration>
      <localControl localType="niveau_de_detail">
         <term>Moyenne</term>
      </localControl>
      <maintenanceHistory>
         <maintenanceEvent>
            <eventType>derived</eventType>
            <eventDateTime>2013-04-23</eventDateTime>
            <agentType>machine</agentType>
            <agent>Migration ETANOT</agent>
         </maintenanceEvent>
      </maintenanceHistory>
   </control>
   <cpfDescription>
      <identity>
         <entityType>corporateBody</entityType>
         <nameEntry localType="autorisée" scriptCode="Latn" xml:lang="fre">
            <part>Etude LXXXIV</part>
         </nameEntry>
         <nameEntry>
            <part>75099</part>
         </nameEntry>
      </identity>
      <description>
         <existDates>
            <dateRange>
               <fromDate standardDate="1575-01-01">1575</fromDate>
            </dateRange>
         </existDates>
         <places>
            <place>
               <placeRole>Lieu de Paris</placeRole>
               <placeEntry localType="nomLieu">8, rue Bellini, 75782 PARIS Cedex 16</placeEntry>
            </place>
         </places>
         <functions>
            <function>
               <term vocabularySource="d3nyui3o8w--11y7jgy8q3wnt">notaire à paris</term>
               <dateRange>
                  <fromDate standardDate="1575-01-01">1575</fromDate>
                  <toDate/>
               </dateRange>
            </function>
         </functions>
         <biogHist>
            <p>Cette étude voyage du quartier de la Grève, rue de la Verrerie (1575-1614), à celui des Halles, rue des Prouvaires (1614-1619), avant de s'installer rue des Marmousets, dans la Cité, pour plus d'un siècle. En 1746, elle fait retour sur la rive droite, dans le quartier Montmartre où des déménagements successifs l'entraînent de la rue de la Feuillade à la rue des Fossés-Montmartre (an VI). En 1831, elle s'établit rue de Choiseul et y reste jusqu'à la fin du siècle.</p>
         </biogHist>
      </description>
      <relations>
         <cpfRelation xmlns:xlink="http://www.w3.org/1999/xlink"
                      cpfRelationType="associative"
                      xlink:href="FRAN_NP_010343"
                      xlink:type="simple">
            <relationEntry>Vassetz, Thomas</relationEntry>
            <dateRange>
               <fromDate standardDate="1616-05-28">28 mai 1616</fromDate>
               <toDate standardDate="1642-07-26">26 juillet 1642</toDate>
            </dateRange>
         </cpfRelation>
         <cpfRelation xmlns:xlink="http://www.w3.org/1999/xlink"
                      cpfRelationType="associative"
                      xlink:href="FRAN_NP_010864"
                      xlink:type="simple">
            <relationEntry>Péan de saint-Gilles, Armand-Martin</relationEntry>
            <dateRange>
               <fromDate standardDate="1856-04-26">26 avril 1856</fromDate>
               <toDate standardDate="1884-05-02">2 mai 1884</toDate>
            </dateRange>
         </cpfRelation>
         <cpfRelation xmlns:xlink="http://www.w3.org/1999/xlink"
                      cpfRelationType="associative"
                      xlink:href="FRAN_NP_010865"
                      xlink:type="simple">
            <relationEntry>Péan de saint-Gilles, Henri-Marie</relationEntry>
            <dateRange>
               <fromDate standardDate="1884-05-02">2 mai 1884</fromDate>
               <toDate standardDate="1895-04-24">24 avril 1895</toDate>
            </dateRange>
         </cpfRelation>
         <cpfRelation xmlns:xlink="http://www.w3.org/1999/xlink"
                      cpfRelationType="associative"
                      xlink:href="FRAN_NP_010894"
                      xlink:type="simple">
            <relationEntry>Perrin, Jacques</relationEntry>
            <dateRange>
               <fromDate standardDate="1685-06-04">4 juin 1685</fromDate>
               <toDate standardDate="1689-11-28">28 novembre 1689</toDate>
            </dateRange>
         </cpfRelation>
         <cpfRelation xmlns:xlink="http://www.w3.org/1999/xlink"
                      cpfRelationType="associative"
                      xlink:href="FRAN_NP_011391"
                      xlink:type="simple">
            <relationEntry>Le camus, Jean</relationEntry>
            <dateRange>
               <fromDate standardDate="1609-01-01">janvier 1609</fromDate>
               <toDate standardDate="1618-12-31">1618</toDate>
            </dateRange>
         </cpfRelation>
         <cpfRelation xmlns:xlink="http://www.w3.org/1999/xlink"
                      cpfRelationType="associative"
                      xlink:href="FRAN_NP_011400"
                      xlink:type="simple">
            <relationEntry>Le clerc, Nicolas</relationEntry>
            <dateRange>
               <fromDate standardDate="1677-09-13">13 septembre 1677</fromDate>
               <toDate standardDate="1685-04-27">27 avril 1685</toDate>
            </dateRange>
         </cpfRelation>
         <cpfRelation xmlns:xlink="http://www.w3.org/1999/xlink"
                      cpfRelationType="associative"
                      xlink:href="FRAN_NP_011249"
                      xlink:type="simple">
            <relationEntry>Motelet, Jean</relationEntry>
            <dateRange>
               <fromDate standardDate="1588-03-01">mars 1588</fromDate>
               <toDate standardDate="1616-05-28">28 mai 1616</toDate>
            </dateRange>
         </cpfRelation>
         <cpfRelation xmlns:xlink="http://www.w3.org/1999/xlink"
                      cpfRelationType="associative"
                      xlink:href="FRAN_NP_010529"
                      xlink:type="simple">
            <relationEntry>Saint-Jean, Jean-Louis</relationEntry>
            <dateRange>
               <fromDate standardDate="1844-02-14">14 février 1844</fromDate>
               <toDate standardDate="1856-04-26">26 avril 1856</toDate>
            </dateRange>
         </cpfRelation>
         <cpfRelation xmlns:xlink="http://www.w3.org/1999/xlink"
                      cpfRelationType="associative"
                      xlink:href="FRAN_NP_012657"
                      xlink:type="simple">
            <relationEntry>Courcier, Louis Henri</relationEntry>
            <dateRange>
               <fromDate standardDate="1895-04-24">24 avril 1895</fromDate>
               <toDate standardDate="1936-12-31">31 décembre 1936</toDate>
            </dateRange>
         </cpfRelation>
         <cpfRelation xmlns:xlink="http://www.w3.org/1999/xlink"
                      cpfRelationType="associative"
                      xlink:href="FRAN_NP_011954"
                      xlink:type="simple">
            <relationEntry>Grandrye, Pierre I</relationEntry>
            <dateRange>
               <fromDate standardDate="1608-02-04">4 février 1608</fromDate>
               <toDate standardDate="1609-12-31">1609</toDate>
            </dateRange>
         </cpfRelation>
         <cpfRelation xmlns:xlink="http://www.w3.org/1999/xlink"
                      cpfRelationType="associative"
                      xlink:href="FRAN_NP_011027"
                      xlink:type="simple">
            <relationEntry>Puisoye, Jacques Etienne</relationEntry>
            <dateRange>
               <fromDate standardDate="1936-12-31">31 décembre 1936</fromDate>
               <toDate standardDate="1973-01-24">24 janvier 1973</toDate>
            </dateRange>
         </cpfRelation>
         <cpfRelation xmlns:xlink="http://www.w3.org/1999/xlink"
                      cpfRelationType="associative"
                      xlink:href="FRAN_NP_013340"
                      xlink:type="simple">
            <relationEntry>Bottier, Jean-Paul</relationEntry>
            <dateRange>
               <fromDate standardDate="2007-11-07">7 novembre 2007</fromDate>
            </dateRange>
         </cpfRelation>
         <cpfRelation xmlns:xlink="http://www.w3.org/1999/xlink"
                      cpfRelationType="associative"
                      xlink:href="FRAN_NP_011809"
                      xlink:type="simple">
            <relationEntry>Hugot, Dominique</relationEntry>
            <dateRange>
               <fromDate standardDate="1982-10-13">13 octobre 1982</fromDate>
            </dateRange>
         </cpfRelation>
         <cpfRelation xmlns:xlink="http://www.w3.org/1999/xlink"
                      cpfRelationType="associative"
                      xlink:href="FRAN_NP_011844"
                      xlink:type="simple">
            <relationEntry>Gareau, Michel</relationEntry>
            <dateRange>
               <fromDate standardDate="1978-01-04">4 janvier 1978</fromDate>
               <toDate standardDate="1984-05-12">12 mai 1984</toDate>
            </dateRange>
         </cpfRelation>
         <cpfRelation xmlns:xlink="http://www.w3.org/1999/xlink"
                      cpfRelationType="associative"
                      xlink:href="FRAN_NP_012821"
                      xlink:type="simple">
            <relationEntry>Bechem, Pierre-Félix</relationEntry>
            <dateRange>
               <fromDate standardDate="1840-09-24">24 septembre 1840</fromDate>
               <toDate standardDate="1844-02-14">14 février 1844</toDate>
            </dateRange>
         </cpfRelation>
         <cpfRelation xmlns:xlink="http://www.w3.org/1999/xlink"
                      cpfRelationType="associative"
                      xlink:href="FRAN_NP_010680"
                      xlink:type="simple">
            <relationEntry>Rivalland, Jean Marie</relationEntry>
            <dateRange>
               <fromDate standardDate="1973-01-24">24 janvier 1973</fromDate>
               <toDate standardDate="2008-09-10">10 septembre 2008</toDate>
            </dateRange>
         </cpfRelation>
         <cpfRelation xmlns:xlink="http://www.w3.org/1999/xlink"
                      cpfRelationType="associative"
                      xlink:href="FRAN_NP_010631"
                      xlink:type="simple">
            <relationEntry>Regnault, Eugène-Louis</relationEntry>
            <dateRange>
               <fromDate standardDate="1749-10-10">10 octobre 1749</fromDate>
               <toDate standardDate="1784-12-18">18 décembre 1784</toDate>
            </dateRange>
         </cpfRelation>
         <cpfRelation xmlns:xlink="http://www.w3.org/1999/xlink"
                      cpfRelationType="associative"
                      xlink:href="FRAN_NP_012832"
                      xlink:type="simple">
            <relationEntry>Bellanger, Angélique-François</relationEntry>
            <dateRange>
               <fromDate standardDate="1737-01-02">2 janvier 1737</fromDate>
               <toDate standardDate="1746-02-13">13 février 1746</toDate>
            </dateRange>
         </cpfRelation>
         <cpfRelation xmlns:xlink="http://www.w3.org/1999/xlink"
                      cpfRelationType="associative"
                      xlink:href="FRAN_NP_011861"
                      xlink:type="simple">
            <relationEntry>Gaucher, Pierre-Philippe</relationEntry>
            <dateRange>
               <fromDate standardDate="1746-02-16">16 février 1746</fromDate>
               <toDate standardDate="1749-10-10">10 octobre 1749</toDate>
            </dateRange>
         </cpfRelation>
         <cpfRelation xmlns:xlink="http://www.w3.org/1999/xlink"
                      cpfRelationType="associative"
                      xlink:href="FRAN_NP_013341"
                      xlink:type="simple">
            <relationEntry>Girardot, Alain</relationEntry>
            <dateRange>
               <fromDate standardDate="2007-11-07">7 novembre 2007</fromDate>
            </dateRange>
         </cpfRelation>
         <cpfRelation xmlns:xlink="http://www.w3.org/1999/xlink"
                      cpfRelationType="associative"
                      xlink:href="FRAN_NP_011932"
                      xlink:type="simple">
            <relationEntry>Godot, Ambroise-Charles</relationEntry>
            <dateRange>
               <fromDate standardDate="1829-06-19">19 juin 1829</fromDate>
               <toDate standardDate="1840-09-24">24 septembre 1840</toDate>
            </dateRange>
         </cpfRelation>
         <cpfRelation xmlns:xlink="http://www.w3.org/1999/xlink"
                      cpfRelationType="associative"
                      xlink:href="FRAN_NP_011918"
                      xlink:type="simple">
            <relationEntry>Giret de valville, André-Nicolas</relationEntry>
            <dateRange>
               <fromDate standardDate="1784-12-18">18 décembre 1784</fromDate>
               <toDate standardDate="1785-10-31">octobre 1785</toDate>
            </dateRange>
         </cpfRelation>
         <cpfRelation xmlns:xlink="http://www.w3.org/1999/xlink"
                      cpfRelationType="associative"
                      xlink:href="FRAN_NP_010428"
                      xlink:type="simple">
            <relationEntry>Thibault, Jean-Victor</relationEntry>
            <dateRange>
               <fromDate standardDate="1821-11-16">16 novembre 1821</fromDate>
               <toDate standardDate="1829-06-19">19 juin 1829</toDate>
            </dateRange>
         </cpfRelation>
         <cpfRelation xmlns:xlink="http://www.w3.org/1999/xlink"
                      cpfRelationType="associative"
                      xlink:href="FRAN_NP_011122"
                      xlink:type="simple">
            <relationEntry>Mayeux, Jean</relationEntry>
            <dateRange>
               <fromDate standardDate="1785-11-05">5 novembre 1785</fromDate>
               <toDate standardDate="1789-08-14">14 août 1789</toDate>
            </dateRange>
         </cpfRelation>
         <cpfRelation xmlns:xlink="http://www.w3.org/1999/xlink"
                      cpfRelationType="associative"
                      xlink:href="FRAN_NP_011190"
                      xlink:type="simple">
            <relationEntry>Moine de la versine, Pierre-Charles</relationEntry>
            <dateRange>
               <fromDate standardDate="1789-08-14">14 août 1789</fromDate>
               <toDate standardDate="1809-06-14">14 juin 1809</toDate>
            </dateRange>
         </cpfRelation>
         <cpfRelation xmlns:xlink="http://www.w3.org/1999/xlink"
                      cpfRelationType="associative"
                      xlink:href="FRAN_NP_011405"
                      xlink:type="simple">
            <relationEntry>Le ducq, Louis-Joachim</relationEntry>
            <dateRange>
               <fromDate standardDate="1817-12-06">6 décembre 1817</fromDate>
               <toDate standardDate="1821-11-16">16 novembre 1821</toDate>
            </dateRange>
         </cpfRelation>
         <cpfRelation xmlns:xlink="http://www.w3.org/1999/xlink"
                      cpfRelationType="associative"
                      xlink:href="FRAN_NP_011495"
                      xlink:type="simple">
            <relationEntry>Legendre, Nicolas</relationEntry>
            <dateRange>
               <fromDate standardDate="1575-10-08">8 octobre 1575</fromDate>
               <toDate standardDate="1587-02-28">février 1587</toDate>
            </dateRange>
         </cpfRelation>
         <cpfRelation xmlns:xlink="http://www.w3.org/1999/xlink"
                      cpfRelationType="associative"
                      xlink:href="FRAN_NP_011577"
                      xlink:type="simple">
            <relationEntry>Le semelier, Noël</relationEntry>
            <dateRange>
               <fromDate standardDate="1609-07-01">1er juillet 1609</fromDate>
               <toDate standardDate="1609-09-30">30 septembre 1609</toDate>
            </dateRange>
         </cpfRelation>
         <cpfRelation xmlns:xlink="http://www.w3.org/1999/xlink"
                      cpfRelationType="associative"
                      xlink:href="FRAN_NP_012107"
                      xlink:type="simple">
            <relationEntry>Fournier-Verneuil, Vincent</relationEntry>
            <dateRange>
               <fromDate standardDate="1809-06-14">14 juin 1809</fromDate>
               <toDate standardDate="1817-12-06">6 décembre 1817</toDate>
            </dateRange>
         </cpfRelation>
         <cpfRelation xmlns:xlink="http://www.w3.org/1999/xlink"
                      cpfRelationType="associative"
                      xlink:href="FRAN_NP_012110"
                      xlink:type="simple">
            <relationEntry>François, Jean II</relationEntry>
            <dateRange>
               <fromDate standardDate="1642-09-17">17 septembre 1642</fromDate>
               <toDate standardDate="1677-08-17">17 août 1677</toDate>
            </dateRange>
         </cpfRelation>
         <cpfRelation xmlns:xlink="http://www.w3.org/1999/xlink"
                      cpfRelationType="associative"
                      xlink:href="FRAN_NP_012341"
                      xlink:type="simple">
            <relationEntry>Delalande, François-Robert</relationEntry>
            <dateRange>
               <fromDate standardDate="1973-01-24">24 janvier 1973</fromDate>
               <toDate standardDate="2007-11-07">7 novembre 2007</toDate>
            </dateRange>
         </cpfRelation>
         <cpfRelation xmlns:xlink="http://www.w3.org/1999/xlink"
                      cpfRelationType="associative"
                      xlink:href="FRAN_NP_012342"
                      xlink:type="simple">
            <relationEntry>Dionis, François-Jean</relationEntry>
            <dateRange>
               <fromDate standardDate="1689-12-10">10 décembre 1689</fromDate>
               <toDate standardDate="1737-01-02">2 janvier 1737</toDate>
            </dateRange>
         </cpfRelation>
         <resourceRelation xmlns:xlink="http://www.w3.org/1999/xlink"
                           resourceRelationType="subjectOf"
                           xlink:href="FRAN_IR_042813"
                           xlink:type="simple">
            <relationEntry localType="archival">Minutes et répertoires du notaire Louis Joachim LE DUCQ, 6 décembre 1817 - 16 novembre 1821 (étude LXXXIV)</relationEntry>
         </resourceRelation>
         <resourceRelation xmlns:xlink="http://www.w3.org/1999/xlink"
                           resourceRelationType="subjectOf"
                           xlink:href="FRAN_IR_042818"
                           xlink:type="simple">
            <relationEntry localType="archival">Minutes et répertoires du notaire Henri Marie PÉAN de SAINT-GILLES, 2 mai 1884 - 24 avril 1895 (étude LXXXIV)</relationEntry>
         </resourceRelation>
         <resourceRelation xmlns:xlink="http://www.w3.org/1999/xlink"
                           resourceRelationType="subjectOf"
                           xlink:href="FRAN_IR_042816"
                           xlink:type="simple">
            <relationEntry localType="archival">Minutes et répertoires du notaire Jean Louis SAINT-JEAN, 14 février 1844 - 26 avril 1856 (étude LXXXIV)</relationEntry>
         </resourceRelation>
         <resourceRelation xmlns:xlink="http://www.w3.org/1999/xlink"
                           resourceRelationType="subjectOf"
                           xlink:href="FRAN_IR_042802"
                           xlink:type="simple">
            <relationEntry localType="archival">Minutes et répertoires du notaire Nicolas LE CLERC, 13 septembre 1677 - 27 avril 1685 (étude LXXXIV)</relationEntry>
         </resourceRelation>
         <resourceRelation xmlns:xlink="http://www.w3.org/1999/xlink"
                           resourceRelationType="subjectOf"
                           xlink:href="FRAN_IR_042808"
                           xlink:type="simple">
            <relationEntry localType="archival">Minutes et répertoires du notaire Pierre Charles MOINE de LA VERSINE, 14 août 1789 - 14 juin 1809 (étude LXXXIV)</relationEntry>
         </resourceRelation>
         <resourceRelation xmlns:xlink="http://www.w3.org/1999/xlink"
                           resourceRelationType="subjectOf"
                           xlink:href="FRAN_IR_042812"
                           xlink:type="simple">
            <relationEntry localType="archival">Minutes et répertoires du notaire Jean Victor THIBAULT, 16 novembre 1821 - 19 juin 1829 (étude LXXXIV)</relationEntry>
         </resourceRelation>
         <resourceRelation xmlns:xlink="http://www.w3.org/1999/xlink"
                           resourceRelationType="subjectOf"
                           xlink:href="FRAN_IR_042814"
                           xlink:type="simple">
            <relationEntry localType="archival">Minutes et répertoires du notaire Ambroise Charles GODOT, 19 juin 1829 - 24 septembre 1840 (étude LXXXIV)</relationEntry>
         </resourceRelation>
         <resourceRelation xmlns:xlink="http://www.w3.org/1999/xlink"
                           resourceRelationType="subjectOf"
                           xlink:href="FRAN_IR_042800"
                           xlink:type="simple">
            <relationEntry localType="archival">Minutes et répertoires du notaire Thomas VASSETZ, 28 mai 1616 - 26 juillet 1642 (étude LXXXIV)</relationEntry>
         </resourceRelation>
         <resourceRelation xmlns:xlink="http://www.w3.org/1999/xlink"
                           resourceRelationType="subjectOf"
                           xlink:href="FRAN_IR_042815"
                           xlink:type="simple">
            <relationEntry localType="archival">Minutes et répertoires du notaire Pierre Félix BECHEM, 24 septembre 1840 - 13 février 1844 (étude LXXXIV)</relationEntry>
         </resourceRelation>
         <resourceRelation xmlns:xlink="http://www.w3.org/1999/xlink"
                           resourceRelationType="subjectOf"
                           xlink:href="FRAN_IR_042819"
                           xlink:type="simple">
            <relationEntry localType="archival">Minutes et répertoires du notaire Louis Henri COURCIER, 24 avril 1895 - 6 juillet 1904 (étude LXXXIV)</relationEntry>
         </resourceRelation>
         <resourceRelation xmlns:xlink="http://www.w3.org/1999/xlink"
                           resourceRelationType="subjectOf"
                           xlink:href="FRAN_IR_042809"
                           xlink:type="simple">
            <relationEntry localType="archival">Minutes et répertoires du notaire Vincent FOURNIER-VERNEUIL, 14 juin 1809 - 6 décembre 1817 (étude LXXXIV)</relationEntry>
         </resourceRelation>
         <resourceRelation xmlns:xlink="http://www.w3.org/1999/xlink"
                           resourceRelationType="creatorOf"
                           xlink:href="FRAN_IR_042796"
                           xlink:type="simple">
            <relationEntry localType="archival">Minutes et répertoires du notaire Nicolas LEGENDRE, 15 octobre 1575 - février 1587 (étude LXXXIV)</relationEntry>
         </resourceRelation>
         <resourceRelation xmlns:xlink="http://www.w3.org/1999/xlink"
                           resourceRelationType="creatorOf"
                           xlink:href="FRAN_IR_042797"
                           xlink:type="simple">
            <relationEntry localType="archival">Minutes et répertoires du notaire Jean MOTELET, 10 mars 1588 - 1614 (étude LXXXIV)</relationEntry>
         </resourceRelation>
         <resourceRelation xmlns:xlink="http://www.w3.org/1999/xlink"
                           resourceRelationType="creatorOf"
                           xlink:href="FRAN_IR_042799"
                           xlink:type="simple">
            <relationEntry localType="archival">Minutes et répertoires du notaire Jean LE CAMUS, janvier 1609 - 1618 (étude LXXXIV)</relationEntry>
         </resourceRelation>
         <resourceRelation xmlns:xlink="http://www.w3.org/1999/xlink"
                           resourceRelationType="creatorOf"
                           xlink:href="FRAN_IR_042798"
                           xlink:type="simple">
            <relationEntry localType="archival">Minutes et répertoires du notaire Noël LE SEMELIER, janvier 1609 - 1614 (étude LXXXIV)</relationEntry>
         </resourceRelation>
         <resourceRelation xmlns:xlink="http://www.w3.org/1999/xlink"
                           resourceRelationType="creatorOf"
                           xlink:href="FRAN_IR_042803"
                           xlink:type="simple">
            <relationEntry localType="archival">Minutes et répertoires du notaire Jacques PERRIN, 4 juin 1685 - 28 novembre 1689 (étude LXXXIV)</relationEntry>
         </resourceRelation>
         <resourceRelation xmlns:xlink="http://www.w3.org/1999/xlink"
                           resourceRelationType="creatorOf"
                           xlink:href="FRAN_IR_055685"
                           xlink:type="simple">
            <relationEntry localType="archival">Images des répertoires du notaire Pierre Charles Moine de La Versine pour l'étude LXXXIV</relationEntry>
         </resourceRelation>
         <resourceRelation xmlns:xlink="http://www.w3.org/1999/xlink"
                           resourceRelationType="creatorOf"
                           xlink:href="FRAN_IR_055705"
                           xlink:type="simple">
            <relationEntry localType="archival">Images du répertoire du notaire Thomas Vassetz pour l'étude LXXXIV</relationEntry>
         </resourceRelation>
         <resourceRelation xmlns:xlink="http://www.w3.org/1999/xlink"
                           resourceRelationType="creatorOf"
                           xlink:href="FRAN_IR_055706"
                           xlink:type="simple">
            <relationEntry localType="archival">Images du répertoire du notaire Jean II François pour l'étude LXXXIV</relationEntry>
         </resourceRelation>
         <resourceRelation xmlns:xlink="http://www.w3.org/1999/xlink"
                           resourceRelationType="creatorOf"
                           xlink:href="FRAN_IR_055707"
                           xlink:type="simple">
            <relationEntry localType="archival">Images du répertoire du notaire Nicolas Le Clerc pour l'étude LXXXIV</relationEntry>
         </resourceRelation>
         <resourceRelation xmlns:xlink="http://www.w3.org/1999/xlink"
                           resourceRelationType="creatorOf"
                           xlink:href="FRAN_IR_055708"
                           xlink:type="simple">
            <relationEntry localType="archival">Images des répertoires du notaire François Jean Dionis pour l'étude LXXXIV</relationEntry>
         </resourceRelation>
         <resourceRelation xmlns:xlink="http://www.w3.org/1999/xlink"
                           resourceRelationType="creatorOf"
                           xlink:href="FRAN_IR_055709"
                           xlink:type="simple">
            <relationEntry localType="archival">Images des répertoires du notaire Eugène Louis Regnault pour l'étude LXXXIV</relationEntry>
         </resourceRelation>
         <resourceRelation xmlns:xlink="http://www.w3.org/1999/xlink"
                           resourceRelationType="creatorOf"
                           xlink:href="FRAN_IR_042807"
                           xlink:type="simple">
            <relationEntry localType="archival">Minutes et répertoires du notaire Eugène Louis REGNAULT, 29 juillet 1749 - 18 décembre 1784 (étude LXXXIV)</relationEntry>
         </resourceRelation>
         <resourceRelation xmlns:xlink="http://www.w3.org/1999/xlink"
                           resourceRelationType="creatorOf"
                           xlink:href="FRAN_IR_042805"
                           xlink:type="simple">
            <relationEntry localType="archival">Minutes et répertoires du notaire Pierre Philippe GAUCHER, 17 février 1746 - 28 juillet 1749 (étude LXXXIV)</relationEntry>
         </resourceRelation>
         <resourceRelation xmlns:xlink="http://www.w3.org/1999/xlink"
                           resourceRelationType="creatorOf"
                           xlink:href="FRAN_IR_055711"
                           xlink:type="simple">
            <relationEntry localType="archival">Images du répertoire du notaire André Nicolas Giret de Valville pour l'étude LXXXIV</relationEntry>
         </resourceRelation>
         <resourceRelation xmlns:xlink="http://www.w3.org/1999/xlink"
                           resourceRelationType="creatorOf"
                           xlink:href="FRAN_IR_052438"
                           xlink:type="simple">
            <relationEntry localType="archival">Images du répertoire du notaire Jean Mayeux pour l'étude LXXXIV</relationEntry>
         </resourceRelation>
         <resourceRelation xmlns:xlink="http://www.w3.org/1999/xlink"
                           resourceRelationType="creatorOf"
                           xlink:href="FRAN_IR_055712"
                           xlink:type="simple">
            <relationEntry localType="archival">Images du répertoire du notaire Vincent Fournier-Verneuil pour l'étude LXXXIV</relationEntry>
         </resourceRelation>
         <resourceRelation xmlns:xlink="http://www.w3.org/1999/xlink"
                           resourceRelationType="creatorOf"
                           xlink:href="FRAN_IR_055713"
                           xlink:type="simple">
            <relationEntry localType="archival">Images du répertoire du notaire Louis Joachim Le Ducq pour l'étude LXXXIV</relationEntry>
         </resourceRelation>
         <resourceRelation xmlns:xlink="http://www.w3.org/1999/xlink"
                           resourceRelationType="creatorOf"
                           xlink:href="FRAN_IR_055714"
                           xlink:type="simple">
            <relationEntry localType="archival">Images des répertoires du notaire Jean Victor Thibault pour l'étude LXXXIV</relationEntry>
         </resourceRelation>
         <resourceRelation xmlns:xlink="http://www.w3.org/1999/xlink"
                           resourceRelationType="creatorOf"
                           xlink:href="FRAN_IR_055715"
                           xlink:type="simple">
            <relationEntry localType="archival">Images des répertoires du notaire Ambroise Charles Godot pour l'étude LXXXIV</relationEntry>
         </resourceRelation>
         <resourceRelation xmlns:xlink="http://www.w3.org/1999/xlink"
                           resourceRelationType="creatorOf"
                           xlink:href="FRAN_IR_052447"
                           xlink:type="simple">
            <relationEntry localType="archival">Images des répertoires du notaire Pierre Félix Bechem pour l'étude LXXXIV</relationEntry>
         </resourceRelation>
         <resourceRelation xmlns:xlink="http://www.w3.org/1999/xlink"
                           resourceRelationType="creatorOf"
                           xlink:href="FRAN_IR_055716"
                           xlink:type="simple">
            <relationEntry localType="archival">Images des répertoires du notaire Jean Louis Saint-Jean pour l'étude LXXXIV</relationEntry>
         </resourceRelation>
         <resourceRelation xmlns:xlink="http://www.w3.org/1999/xlink"
                           resourceRelationType="creatorOf"
                           xlink:href="FRAN_IR_055717"
                           xlink:type="simple">
            <relationEntry localType="archival">Images des répertoires du notaire Armand Martin Péan de Saint-Gilles pour l'étude LXXXIV</relationEntry>
         </resourceRelation>
         <resourceRelation xmlns:xlink="http://www.w3.org/1999/xlink"
                           resourceRelationType="creatorOf"
                           xlink:href="FRAN_IR_055719"
                           xlink:type="simple">
            <relationEntry localType="archival">Images des répertoires du notaire Henri Marie Péan de Saint-Gilles pour l'étude LXXXIV</relationEntry>
         </resourceRelation>
         <resourceRelation xmlns:xlink="http://www.w3.org/1999/xlink"
                           resourceRelationType="creatorOf"
                           xlink:href="FRAN_IR_055720"
                           xlink:type="simple">
            <relationEntry localType="archival">Images du répertoire du notaire Louis Henri Courcier pour l'étude LXXXIV</relationEntry>
         </resourceRelation>
         <resourceRelation xmlns:xlink="http://www.w3.org/1999/xlink"
                           resourceRelationType="creatorOf"
                           xlink:href="FRAN_IR_042795"
                           xlink:type="simple">
            <relationEntry localType="archival">Archives de l'étude LXXXIV</relationEntry>
         </resourceRelation>
      </relations>
   </cpfDescription>
</eac-cpf>
