<eac-cpf xmlns="urn:isbn:1-931666-33-4"
         xmlns:xsi="http://www.w3.org/2001/XMLSchema-instance"
         xsi:schemaLocation="urn:isbn:1-931666-33-4 cpf.xsd">
   <control>
      <recordId>FRAN_NP_010168</recordId>
      <otherRecordId localType="Ancien_identifiant">FRDAFANCH00MC_NAETUDE_041</otherRecordId>
      <maintenanceStatus>derived</maintenanceStatus>
      <maintenanceAgency>
         <agencyName>Archives nationales de France</agencyName>
      </maintenanceAgency>
      <languageDeclaration>
         <language languageCode="fre">Français</language>
         <script scriptCode="Latn"/>
      </languageDeclaration>
      <conventionDeclaration>
         <citation>Notice établie conformément à la norme ICA-ISAAR (CPF) 2004, aux normes ISO 8601 pour le système de normalisation des dates utilisé, ainsi que AFNOR NF Z 44-061, juin 1986. Catalogage : forme et structure des vedettes noms de personne, des vedettes titres, des rubriques de classement et des titres forgés.</citation>
      </conventionDeclaration>
      <localControl localType="niveau_de_detail">
         <term>Moyenne</term>
      </localControl>
      <maintenanceHistory>
         <maintenanceEvent>
            <eventType>derived</eventType>
            <eventDateTime>2015-09-30</eventDateTime>
            <agentType>machine</agentType>
            <agent>Migration ETANOT</agent>
         </maintenanceEvent>
      </maintenanceHistory>
   </control>
   <cpfDescription>
      <identity>
         <entityType>corporateBody</entityType>
         <nameEntry localType="autorisée" scriptCode="Latn" xml:lang="fre">
            <part>Etude XLI</part>
         </nameEntry>
         <nameEntry>
            <part>indéterminé</part>
         </nameEntry>
      </identity>
      <description>
         <existDates>
            <dateRange>
               <fromDate standardDate="1559-01-01">1559</fromDate>
            </dateRange>
         </existDates>
         <functions>
            <function>
               <term vocabularySource="d3nyui3o8w--11y7jgy8q3wnt">notaire à paris</term>
               <dateRange>
                  <fromDate standardDate="1559-01-01">1559</fromDate>
                  <toDate/>
               </dateRange>
            </function>
         </functions>
         <biogHist>
            <p>Fusion avec l'étude XVI. Cette étude est établie rive droite. Pendant la première moitié du XVIIème siècle, elle rassemble divers fonds provenant de la rue Saint-Germain-l'Auxerrois et de la rue Saint-Denis. En 1761, elle commence à se déplacer vers le nord : rue Vivienne , rue des Fossés-Montmartre (1786), rue Saint-Fiacre (1846), rue du faubourg-Poissonnière (1867), rue Sainte-Cécile (1891).</p>
         </biogHist>
      </description>
      <relations>
         <cpfRelation xmlns:xlink="http://www.w3.org/1999/xlink"
                      cpfRelationType="associative"
                      xlink:href="FRAN_NP_010351"
                      xlink:type="simple">
            <relationEntry>Vaux, Robert de</relationEntry>
            <dateRange>
               <fromDate standardDate="1647-12-16">16 décembre 1647</fromDate>
               <toDate standardDate="1672-06-02">2 juin 1672</toDate>
            </dateRange>
         </cpfRelation>
         <cpfRelation xmlns:xlink="http://www.w3.org/1999/xlink"
                      cpfRelationType="associative"
                      xlink:href="FRAN_NP_011245"
                      xlink:type="simple">
            <relationEntry>Mortier, Claude</relationEntry>
            <dateRange>
               <fromDate standardDate="1672-06-02">2 juin 1672</fromDate>
               <toDate standardDate="1708-03-20">20 mars 1708</toDate>
            </dateRange>
         </cpfRelation>
         <cpfRelation xmlns:xlink="http://www.w3.org/1999/xlink"
                      cpfRelationType="associative"
                      xlink:href="FRAN_NP_011409"
                      xlink:type="simple">
            <relationEntry>Le go, Jean-Simon</relationEntry>
            <dateRange>
               <fromDate standardDate="1786-07-15">15 juillet 1786</fromDate>
               <toDate standardDate="1790-03-06">6 mars 1790</toDate>
            </dateRange>
         </cpfRelation>
         <cpfRelation xmlns:xlink="http://www.w3.org/1999/xlink"
                      cpfRelationType="associative"
                      xlink:href="FRAN_NP_011436"
                      xlink:type="simple">
            <relationEntry>Lebeuf, Jacques</relationEntry>
            <dateRange>
               <fromDate standardDate="1655-07-27">27 juillet 1655</fromDate>
               <toDate standardDate="1655-12-06">6 décembre 1655</toDate>
            </dateRange>
         </cpfRelation>
         <cpfRelation xmlns:xlink="http://www.w3.org/1999/xlink"
                      cpfRelationType="associative"
                      xlink:href="FRAN_NP_011566"
                      xlink:type="simple">
            <relationEntry>Leroy, Nicolas</relationEntry>
            <dateRange>
               <fromDate standardDate="1568-01-01">1568</fromDate>
               <toDate standardDate="1612-12-31">1612</toDate>
            </dateRange>
         </cpfRelation>
         <cpfRelation xmlns:xlink="http://www.w3.org/1999/xlink"
                      cpfRelationType="associative"
                      xlink:href="FRAN_NP_010527"
                      xlink:type="simple">
            <relationEntry>Saint-Jean, Jacques de</relationEntry>
            <dateRange>
               <fromDate standardDate="1708-03-20">20 mars 1708</fromDate>
               <toDate standardDate="1733-11-28">28 novembre 1733</toDate>
            </dateRange>
         </cpfRelation>
         <cpfRelation xmlns:xlink="http://www.w3.org/1999/xlink"
                      cpfRelationType="associative"
                      xlink:href="FRAN_NP_012562"
                      xlink:type="simple">
            <relationEntry>Champetier de ribes, Anne-Charles</relationEntry>
            <dateRange>
               <fromDate standardDate="1889-02-23">23 février 1889</fromDate>
               <toDate standardDate="1920-04-29">29 avril 1920</toDate>
            </dateRange>
         </cpfRelation>
         <cpfRelation xmlns:xlink="http://www.w3.org/1999/xlink"
                      cpfRelationType="associative"
                      xlink:href="FRAN_NP_011895"
                      xlink:type="simple">
            <relationEntry>Gigot, Pierre</relationEntry>
            <dateRange>
               <fromDate standardDate="1655-12-07">7 décembre 1655</fromDate>
               <toDate standardDate="1689-06-16">16 juin 1689</toDate>
            </dateRange>
         </cpfRelation>
         <cpfRelation xmlns:xlink="http://www.w3.org/1999/xlink"
                      cpfRelationType="associative"
                      xlink:href="FRAN_NP_012808"
                      xlink:type="simple">
            <relationEntry>Beau, Jean-Charles</relationEntry>
            <dateRange>
               <fromDate standardDate="1847-09-18">18 septembre 1847</fromDate>
               <toDate standardDate="1869-07-21">21 juillet 1869</toDate>
            </dateRange>
         </cpfRelation>
         <cpfRelation xmlns:xlink="http://www.w3.org/1999/xlink"
                      cpfRelationType="associative"
                      xlink:href="FRAN_NP_012948"
                      xlink:type="simple">
            <relationEntry>Bonneau, Jean-Alexandre</relationEntry>
            <dateRange>
               <fromDate standardDate="1869-07-21">21 juillet 1869</fromDate>
               <toDate standardDate="1889-02-22">22 février 1889</toDate>
            </dateRange>
         </cpfRelation>
         <cpfRelation xmlns:xlink="http://www.w3.org/1999/xlink"
                      cpfRelationType="associative"
                      xlink:href="FRAN_NP_013057"
                      xlink:type="simple">
            <relationEntry>Brillon, Antoine</relationEntry>
            <dateRange>
               <fromDate standardDate="1733-11-28">28 novembre 1733</fromDate>
               <toDate standardDate="1761-06-03">3 juin 1761</toDate>
            </dateRange>
         </cpfRelation>
         <cpfRelation xmlns:xlink="http://www.w3.org/1999/xlink"
                      cpfRelationType="associative"
                      xlink:href="FRAN_NP_010780"
                      xlink:type="simple">
            <relationEntry>Oudard, Léon André</relationEntry>
            <dateRange>
               <fromDate standardDate="1920-04-29">29 avril 1920</fromDate>
               <toDate standardDate="1958-02-05">5 février 1958</toDate>
            </dateRange>
         </cpfRelation>
         <cpfRelation xmlns:xlink="http://www.w3.org/1999/xlink"
                      cpfRelationType="associative"
                      xlink:href="FRAN_NP_011079"
                      xlink:type="simple">
            <relationEntry>Maréchal, Charles</relationEntry>
            <dateRange>
               <fromDate standardDate="1834-03-15">15 mars 1834</fromDate>
               <toDate standardDate="1847-09-18">18 septembre 1847</toDate>
            </dateRange>
         </cpfRelation>
         <cpfRelation xmlns:xlink="http://www.w3.org/1999/xlink"
                      cpfRelationType="associative"
                      xlink:href="FRAN_NP_012563"
                      xlink:type="simple">
            <relationEntry>Colas, Guillaume</relationEntry>
            <dateRange>
               <fromDate standardDate="1559-01-01">1er janvier 1559</fromDate>
               <toDate standardDate="1559-12-31">31 décembre 1559</toDate>
            </dateRange>
         </cpfRelation>
         <cpfRelation xmlns:xlink="http://www.w3.org/1999/xlink"
                      cpfRelationType="associative"
                      xlink:href="FRAN_NP_011624"
                      xlink:type="simple">
            <relationEntry>Loiseau, Pierre Jacques</relationEntry>
            <dateRange>
               <fromDate standardDate="1958-02-05">5 février 1958</fromDate>
               <toDate standardDate="1969-10-01">1er octobre 1969</toDate>
            </dateRange>
         </cpfRelation>
         <cpfRelation xmlns:xlink="http://www.w3.org/1999/xlink"
                      cpfRelationType="associative"
                      xlink:href="FRAN_NP_012102"
                      xlink:type="simple">
            <relationEntry>Fournier, François Pierre</relationEntry>
            <dateRange>
               <fromDate standardDate="1761-06-03">3 juin 1761</fromDate>
               <toDate standardDate="1786-07-14">14 juillet 1786</toDate>
            </dateRange>
         </cpfRelation>
         <cpfRelation xmlns:xlink="http://www.w3.org/1999/xlink"
                      cpfRelationType="associative"
                      xlink:href="FRAN_NP_012245"
                      xlink:type="simple">
            <relationEntry>Decan, Barthelemy</relationEntry>
            <dateRange>
               <fromDate standardDate="1813-11-06">6 novembre 1813</fromDate>
               <toDate standardDate="1834-03-15">15 mars 1834</toDate>
            </dateRange>
         </cpfRelation>
         <cpfRelation xmlns:xlink="http://www.w3.org/1999/xlink"
                      cpfRelationType="associative"
                      xlink:href="FRAN_NP_012246"
                      xlink:type="simple">
            <relationEntry>Delacroix, Martin</relationEntry>
            <dateRange>
               <fromDate standardDate="1606-09-19">19 septembre 1606</fromDate>
               <toDate standardDate="1655-07-27">27 juillet 1655</toDate>
            </dateRange>
         </cpfRelation>
         <cpfRelation xmlns:xlink="http://www.w3.org/1999/xlink"
                      cpfRelationType="associative"
                      xlink:href="FRAN_NP_012247"
                      xlink:type="simple">
            <relationEntry>Destrechy, Clément</relationEntry>
            <dateRange>
               <fromDate standardDate="1621-01-26">26 janvier 1621</fromDate>
               <toDate standardDate="1647-12-16">16 décembre 1647</toDate>
            </dateRange>
         </cpfRelation>
         <cpfRelation xmlns:xlink="http://www.w3.org/1999/xlink"
                      cpfRelationType="associative"
                      xlink:href="FRAN_NP_012248"
                      xlink:type="simple">
            <relationEntry>Doulcet, Louis</relationEntry>
            <dateRange>
               <fromDate standardDate="1790-03-06">6 mars 1790</fromDate>
               <toDate standardDate="1813-11-06">6 novembre 1813</toDate>
            </dateRange>
         </cpfRelation>
         <resourceRelation xmlns:xlink="http://www.w3.org/1999/xlink"
                           resourceRelationType="subjectOf"
                           xlink:href="FRAN_IR_042055"
                           xlink:type="simple">
            <relationEntry localType="archival">Minutes et répertoires du notaire Martin DELACROIX, 19 septembre 1606 - 27 juillet 1655 (étude XLI)</relationEntry>
         </resourceRelation>
         <resourceRelation xmlns:xlink="http://www.w3.org/1999/xlink"
                           resourceRelationType="subjectOf"
                           xlink:href="FRAN_IR_042059"
                           xlink:type="simple">
            <relationEntry localType="archival">Minutes et répertoires du notaire Claude MORTIER, 3 juin 1672 - 17 mars 1708 (étude XLI)</relationEntry>
         </resourceRelation>
         <resourceRelation xmlns:xlink="http://www.w3.org/1999/xlink"
                           resourceRelationType="subjectOf"
                           xlink:href="FRAN_IR_042060"
                           xlink:type="simple">
            <relationEntry localType="archival">Minutes et répertoires du notaire Jacques de SAINT-JEAN, 20 mars 1708 - 23 novembre 1733 (étude XLI)</relationEntry>
         </resourceRelation>
         <resourceRelation xmlns:xlink="http://www.w3.org/1999/xlink"
                           resourceRelationType="subjectOf"
                           xlink:href="FRAN_IR_042062"
                           xlink:type="simple">
            <relationEntry localType="archival">Minutes et répertoires du notaire François Pierre FOURNIER, 3 juin 1761 - 14 juillet 1786 (étude XLI)</relationEntry>
         </resourceRelation>
         <resourceRelation xmlns:xlink="http://www.w3.org/1999/xlink"
                           resourceRelationType="subjectOf"
                           xlink:href="FRAN_IR_042068"
                           xlink:type="simple">
            <relationEntry localType="archival">Minutes et répertoires du notaire Jean Alexandre BONNEAU, 21 juillet 1869 - 22 février 1889 (étude XLI)</relationEntry>
         </resourceRelation>
         <resourceRelation xmlns:xlink="http://www.w3.org/1999/xlink"
                           resourceRelationType="creatorOf"
                           xlink:href="FRAN_IR_053958"
                           xlink:type="simple">
            <relationEntry localType="archival">Dossiers de clients de l'étude XLI</relationEntry>
         </resourceRelation>
         <resourceRelation xmlns:xlink="http://www.w3.org/1999/xlink"
                           resourceRelationType="creatorOf"
                           xlink:href="FRAN_IR_042061"
                           xlink:type="simple">
            <relationEntry localType="archival">Minutes et répertoires du notaire Antoine BRILLON, 28 novembre 1733 - 27 mai 1761 (étude XLI)</relationEntry>
         </resourceRelation>
         <resourceRelation xmlns:xlink="http://www.w3.org/1999/xlink"
                           resourceRelationType="creatorOf"
                           xlink:href="FRAN_IR_042067"
                           xlink:type="simple">
            <relationEntry localType="archival">Minutes et répertoires du notaire Jean Charles BEAU, 18 septembre 1847 - 21 juillet 1869 (étude XLI)</relationEntry>
         </resourceRelation>
         <resourceRelation xmlns:xlink="http://www.w3.org/1999/xlink"
                           resourceRelationType="creatorOf"
                           xlink:href="FRAN_IR_042066"
                           xlink:type="simple">
            <relationEntry localType="archival">Minutes et répertoires du notaire Charles MARÉCHAL, 15 mars 1834 - 17 septembre 1847 (étude XLI)</relationEntry>
         </resourceRelation>
         <resourceRelation xmlns:xlink="http://www.w3.org/1999/xlink"
                           resourceRelationType="creatorOf"
                           xlink:href="FRAN_IR_042069"
                           xlink:type="simple">
            <relationEntry localType="archival">Minutes et répertoires du notaire Anne Charles CHAMPETIER de RIBES, 23 février 1889 - décembre 1899 (étude XLI)</relationEntry>
         </resourceRelation>
         <resourceRelation xmlns:xlink="http://www.w3.org/1999/xlink"
                           resourceRelationType="creatorOf"
                           xlink:href="FRAN_IR_055347"
                           xlink:type="simple">
            <relationEntry localType="archival">Images du répertoire du notaire Jacques de Saint-Jean pour l'étude XLI</relationEntry>
         </resourceRelation>
         <resourceRelation xmlns:xlink="http://www.w3.org/1999/xlink"
                           resourceRelationType="creatorOf"
                           xlink:href="FRAN_IR_042065"
                           xlink:type="simple">
            <relationEntry localType="archival">Minutes et répertoires du notaire Barthelemy DECAN, 6 novembre 1813 - 14 mars 1834 (étude XLI)</relationEntry>
         </resourceRelation>
         <resourceRelation xmlns:xlink="http://www.w3.org/1999/xlink"
                           resourceRelationType="creatorOf"
                           xlink:href="FRAN_IR_042053"
                           xlink:type="simple">
            <relationEntry localType="archival">Minutes et répertoires du notaire Guillaume COLAS, 7 novembre 1559 - 7 novembre 1559 (étude XLI)</relationEntry>
         </resourceRelation>
         <resourceRelation xmlns:xlink="http://www.w3.org/1999/xlink"
                           resourceRelationType="creatorOf"
                           xlink:href="FRAN_IR_053547"
                           xlink:type="simple">
            <relationEntry localType="archival">Images des répertoires du notaire Nicolas Leroy pour l'étude XLI</relationEntry>
         </resourceRelation>
         <resourceRelation xmlns:xlink="http://www.w3.org/1999/xlink"
                           resourceRelationType="creatorOf"
                           xlink:href="FRAN_IR_042052"
                           xlink:type="simple">
            <relationEntry localType="archival">Minutes et répertoires du notaire Nicolas LEROY, 1568 - 1610 (étude XLI)</relationEntry>
         </resourceRelation>
         <resourceRelation xmlns:xlink="http://www.w3.org/1999/xlink"
                           resourceRelationType="creatorOf"
                           xlink:href="FRAN_IR_052991"
                           xlink:type="simple">
            <relationEntry localType="archival">Images des répertoires du notaire Martin Delacroix pour l'étude XLI</relationEntry>
         </resourceRelation>
         <resourceRelation xmlns:xlink="http://www.w3.org/1999/xlink"
                           resourceRelationType="creatorOf"
                           xlink:href="FRAN_IR_042058"
                           xlink:type="simple">
            <relationEntry localType="archival">Minutes et répertoires du notaire Jacques LEBEUF, 31 juillet 1655 - 6 décembre 1655 (étude XLI)</relationEntry>
         </resourceRelation>
         <resourceRelation xmlns:xlink="http://www.w3.org/1999/xlink"
                           resourceRelationType="creatorOf"
                           xlink:href="FRAN_IR_052992"
                           xlink:type="simple">
            <relationEntry localType="archival">Images des répertoires du notaire Clément Destrechy pour l'étude XLI</relationEntry>
         </resourceRelation>
         <resourceRelation xmlns:xlink="http://www.w3.org/1999/xlink"
                           resourceRelationType="creatorOf"
                           xlink:href="FRAN_IR_051990"
                           xlink:type="simple">
            <relationEntry localType="archival">Images des répertoires du notaire Robert de Vaux pour l'étude XLI</relationEntry>
         </resourceRelation>
         <resourceRelation xmlns:xlink="http://www.w3.org/1999/xlink"
                           resourceRelationType="creatorOf"
                           xlink:href="FRAN_IR_051996"
                           xlink:type="simple">
            <relationEntry localType="archival">Images des répertoires du notaire Pierre Gigot pour l'étude XLI</relationEntry>
         </resourceRelation>
         <resourceRelation xmlns:xlink="http://www.w3.org/1999/xlink"
                           resourceRelationType="creatorOf"
                           xlink:href="FRAN_IR_051992"
                           xlink:type="simple">
            <relationEntry localType="archival">Images des répertoires du notaire Claude Mortier pour l'étude XLI</relationEntry>
         </resourceRelation>
         <resourceRelation xmlns:xlink="http://www.w3.org/1999/xlink"
                           resourceRelationType="creatorOf"
                           xlink:href="FRAN_IR_052005"
                           xlink:type="simple">
            <relationEntry localType="archival">Images du répertoire du notaire Antoine Brillon pour l'étude XLI</relationEntry>
         </resourceRelation>
         <resourceRelation xmlns:xlink="http://www.w3.org/1999/xlink"
                           resourceRelationType="creatorOf"
                           xlink:href="FRAN_IR_051997"
                           xlink:type="simple">
            <relationEntry localType="archival">Images du répertoire du notaire François Pierre Fournier pour l'étude XLI</relationEntry>
         </resourceRelation>
         <resourceRelation xmlns:xlink="http://www.w3.org/1999/xlink"
                           resourceRelationType="creatorOf"
                           xlink:href="FRAN_IR_052990"
                           xlink:type="simple">
            <relationEntry localType="archival">Images du répertoire du notaire Jean Simon Le Go pour l'étude XLI</relationEntry>
         </resourceRelation>
         <resourceRelation xmlns:xlink="http://www.w3.org/1999/xlink"
                           resourceRelationType="creatorOf"
                           xlink:href="FRAN_IR_051998"
                           xlink:type="simple">
            <relationEntry localType="archival">Images des répertoires du notaire Barthelemy Decan pour l'étude XLI</relationEntry>
         </resourceRelation>
         <resourceRelation xmlns:xlink="http://www.w3.org/1999/xlink"
                           resourceRelationType="creatorOf"
                           xlink:href="FRAN_IR_051993"
                           xlink:type="simple">
            <relationEntry localType="archival">Images des répertoires du notaire Charles Maréchal pour l'étude XLI</relationEntry>
         </resourceRelation>
         <resourceRelation xmlns:xlink="http://www.w3.org/1999/xlink"
                           resourceRelationType="creatorOf"
                           xlink:href="FRAN_IR_052003"
                           xlink:type="simple">
            <relationEntry localType="archival">Images des répertoires du notaire Jean Charles Beau pour l'étude XLI</relationEntry>
         </resourceRelation>
         <resourceRelation xmlns:xlink="http://www.w3.org/1999/xlink"
                           resourceRelationType="creatorOf"
                           xlink:href="FRAN_IR_052004"
                           xlink:type="simple">
            <relationEntry localType="archival">Images des répertoires du notaire Jean Alexandre Bonneau pour l'étude XLI</relationEntry>
         </resourceRelation>
         <resourceRelation xmlns:xlink="http://www.w3.org/1999/xlink"
                           resourceRelationType="creatorOf"
                           xlink:href="FRAN_IR_052001"
                           xlink:type="simple">
            <relationEntry localType="archival">Images des répertoires du notaire Anne Charles Champetier de Ribes pour l'étude XLI</relationEntry>
         </resourceRelation>
         <resourceRelation xmlns:xlink="http://www.w3.org/1999/xlink"
                           resourceRelationType="creatorOf"
                           xlink:href="FRAN_IR_056072"
                           xlink:type="simple">
            <relationEntry localType="archival">Images des répertoires du notaire Louis Doulcet pour l'étude XLI</relationEntry>
         </resourceRelation>
         <resourceRelation xmlns:xlink="http://www.w3.org/1999/xlink"
                           resourceRelationType="creatorOf"
                           xlink:href="FRAN_IR_042051"
                           xlink:type="simple">
            <relationEntry localType="archival">Archives de l'étude XLI</relationEntry>
         </resourceRelation>
      </relations>
   </cpfDescription>
</eac-cpf>
