<eac-cpf xmlns="urn:isbn:1-931666-33-4"
         xmlns:xsi="http://www.w3.org/2001/XMLSchema-instance"
         xsi:schemaLocation="urn:isbn:1-931666-33-4 cpf.xsd">
   <control>
      <recordId>FRAN_NP_010472</recordId>
      <otherRecordId localType="Ancien_identifiant">FRDAFANCH00MC_NANOTAIRE00179</otherRecordId>
      <maintenanceStatus>derived</maintenanceStatus>
      <maintenanceAgency>
         <agencyName>Archives nationales de France</agencyName>
      </maintenanceAgency>
      <languageDeclaration>
         <language languageCode="fre">Français</language>
         <script scriptCode="Latn"/>
      </languageDeclaration>
      <conventionDeclaration>
         <citation>Notice établie conformément à la norme ICA-ISAAR (CPF) 2004, aux normes ISO 8601 pour le système de normalisation des dates utilisé, ainsi que AFNOR NF Z 44-061, juin 1986. Catalogage : forme et structure des vedettes noms de personne, des vedettes titres, des rubriques de classement et des titres forgés.</citation>
      </conventionDeclaration>
      <localControl localType="niveau_de_detail">
         <term>Moyenne</term>
      </localControl>
      <maintenanceHistory>
         <maintenanceEvent>
            <eventType>derived</eventType>
            <eventDateTime>2013-04-23</eventDateTime>
            <agentType>machine</agentType>
            <agent>Migration ETANOT</agent>
         </maintenanceEvent>
      </maintenanceHistory>
   </control>
   <cpfDescription>
      <identity>
         <entityType>person</entityType>
         <nameEntry localType="autorisée" scriptCode="Latn" xml:lang="fre">
            <part>Tourillon, Paul Edmond</part>
         </nameEntry>
      </identity>
      <description>
         <existDates>
            <dateRange>
               <fromDate standardDate="1877-03-09">9 mars 1877</fromDate>
               <toDate standardDate="1899-09-20">20 septembre 1899</toDate>
            </dateRange>
            <descriptiveNote>
               <p>Les dates d'existence de la personne ne sont pas connues et sont évaluées d'après les dates d'exercice en tant que notaire</p>
            </descriptiveNote>
         </existDates>
         <places>
            <place>
               <placeRole>Lieu de Paris</placeRole>
               <placeEntry localType="arrondissement_actuel"
                           vocabularySource="d3nyv5k4th--1kog8v18wrm89">02e arrondissement</placeEntry>
               <placeEntry localType="arrondissement_actuel"
                           vocabularySource="d3nyv5mj9a-19vhxeonx80mi">08e arrondissement</placeEntry>
               <placeEntry localType="voie" vocabularySource="d3nzbc0sip-pyxka3lv3avd">hanovre (rue de)</placeEntry>
               <placeEntry localType="voie" vocabularySource="d3nzbvrhhq--16dnogj657n5p">malesherbes (boulevard)</placeEntry>
               <placeEntry localType="nomLieu">6 rue de Hanovre (de 1877 à 1885), 19 boulevard Malesherbes (de 1886 à 1899)</placeEntry>
            </place>
         </places>
         <functions>
            <function>
               <term vocabularySource="d3nyui3o8w--11y7jgy8q3wnt">notaire à paris</term>
               <dateRange>
                  <fromDate standardDate="1877-03-09">9 mars 1877</fromDate>
                  <toDate standardDate="1899-09-20">20 septembre 1899</toDate>
               </dateRange>
            </function>
         </functions>
      </description>
      <relations>
         <cpfRelation xmlns:xlink="http://www.w3.org/1999/xlink"
                      cpfRelationType="associative"
                      xlink:href="FRAN_NP_010162"
                      xlink:type="simple">
            <relationEntry>Etude notariale XXXV</relationEntry>
            <dateRange>
               <fromDate standardDate="1877-03-09">9 mars 1877</fromDate>
               <toDate standardDate="1899-09-20">20 septembre 1899</toDate>
            </dateRange>
         </cpfRelation>
         <resourceRelation xmlns:xlink="http://www.w3.org/1999/xlink"
                           resourceRelationType="creatorOf"
                           xlink:href="FRAN_IR_041955"
                           xlink:type="simple">
            <relationEntry localType="archival">Minutes et répertoires du notaire Paul Edmond TOURILLON, 10 mars 1877 - 19 septembre 1899 (étude XXXV)</relationEntry>
         </resourceRelation>
         <resourceRelation xmlns:xlink="http://www.w3.org/1999/xlink"
                           resourceRelationType="creatorOf"
                           xlink:href="FRAN_IR_056128"
                           xlink:type="simple">
            <relationEntry localType="archival">Images des répertoires du notaire Paul Edmond Tourillon pour l'étude XXXV</relationEntry>
         </resourceRelation>
      </relations>
   </cpfDescription>
</eac-cpf>
