<eac-cpf xmlns="urn:isbn:1-931666-33-4"
         xmlns:xsi="http://www.w3.org/2001/XMLSchema-instance"
         xsi:schemaLocation="urn:isbn:1-931666-33-4 cpf.xsd">
   <control>
      <recordId>FRAN_NP_010170</recordId>
      <otherRecordId localType="Ancien_identifiant">FRDAFANCH00MC_NAETUDE_043</otherRecordId>
      <maintenanceStatus>revised</maintenanceStatus>
      <maintenanceAgency>
         <agencyName>Archives nationales de France</agencyName>
      </maintenanceAgency>
      <languageDeclaration>
         <language languageCode="fre">Français</language>
         <script scriptCode="Latn"/>
      </languageDeclaration>
      <conventionDeclaration>
         <citation>Notice établie conformément à la norme ICA-ISAAR (CPF) 2004, aux normes ISO 8601 pour le système de normalisation des dates utilisé, ainsi que AFNOR NF Z 44-061, juin 1986. Catalogage : forme et structure des vedettes noms de personne, des vedettes titres, des rubriques de classement et des titres forgés.</citation>
      </conventionDeclaration>
      <localControl localType="niveau_de_detail">
         <term>Complète</term>
      </localControl>
      <maintenanceHistory>
         <maintenanceEvent>
            <eventType>derived</eventType>
            <eventDateTime>2013-04-23</eventDateTime>
            <agentType>machine</agentType>
            <agent>Migration ETANOT</agent>
         </maintenanceEvent>
         <maintenanceEvent>
            <eventType>revised</eventType>
            <eventDateTime>2015-09-30</eventDateTime>
            <agentType>human</agentType>
            <agent>Marie-Françoise LIMON-BONNET</agent>
            <eventDescription>F. Clavaud, 2 octobre 2014 : revu tous les liens IR</eventDescription>
         </maintenanceEvent>
      </maintenanceHistory>
      <sources>
         <source>
            <descriptiveNote>
               <p>
                  <span style="bold">Voir : </span>
               </p>
               <p>Limon-Bonnet (M.-F.) [dir.], 
      <span style="italic">122 minutes d'histoire. Actes des notaires de Paris, XVIe-XXe siècle</span>, Paris, 2012, pp. 90-91. 
     </p>
               <p>
                  <span style="italic">Annuaire du notariat français 2012</span>, p. 1019. 
     </p>
            </descriptiveNote>
         </source>
      </sources>
   </control>
   <cpfDescription>
      <identity>
         <entityType>corporateBody</entityType>
         <nameEntry localType="autorisée" scriptCode="Latn" xml:lang="fre">
            <part>Etude XLIII</part>
         </nameEntry>
         <nameEntry>
            <part>75077</part>
         </nameEntry>
         <nameEntry>
            <part>GREMONT-LARDIERE Marie-Christine, MESUREUR Ludovic et LEIMACHER Aymeric, SCP</part>
         </nameEntry>
      </identity>
      <description>
         <existDates>
            <dateRange>
               <fromDate standardDate="1624-01-01">1624</fromDate>
            </dateRange>
         </existDates>
         <places>
            <place>
               <placeRole>Lieu de Paris</placeRole>
               <placeEntry localType="nomLieu">9, boulevard Saint-Michel, 75005 Paris</placeEntry>
               <placeEntry localType="voie" vocabularySource="d3nzd5myb8-15bm7zrkt93gd">Saint-Michel (boulevard)</placeEntry>
               <placeEntry localType="arrondissement_actuel"
                           vocabularySource="d3nyv8haov--4rhgfxrxatvr">05e arrondissement</placeEntry>
            </place>
         </places>
         <legalStatuses>
            <legalStatus>
               <term>office notarial</term>
            </legalStatus>
         </legalStatuses>
         <functions>
            <function>
               <term vocabularySource="d3nyui3o8w--11y7jgy8q3wnt">notaire à Paris</term>
               <dateRange>
                  <fromDate standardDate="1624-01-01">1624</fromDate>
                  <toDate/>
               </dateRange>
            </function>
         </functions>
         <mandates>
            <mandate/>
         </mandates>
         <generalContext>
            <p>Les minutes de cette étude ont été versées aux Archives nationales (2013) jusqu'au 31 décembre 1937, mais elles ne sont pas encore cotées. Leur communication en salle de lecture n'est donc pas encore possible.</p>
         </generalContext>
         <biogHist>
            <p>Installée initialement rue Saint-Jacques, paroisse Saint-Benoît, l'étude se transporte, au XVIIIe siècle, rue de la Harpe, adresse qu'elle conserve jusqu'en 1860. Le percement du boulevard de Sébastopol, devenu assez vite boulevard Saint-Michel, entraîne la destruction de la partie méridionale de cette vieille rue parisienne, mais l'étude est restée sur la nouvelle voie. Les deux notaires Charles Quarré, père et fils, qui instrumentent de 1636 à 1685, sont dotés d'une clientèle fidèle de familles de la noblesse, d'établissements religieux et de commerçants : parmi les personnes remarquables, on peut signaler Nicolas Catinat, major général et brigadier des armées du roi (1673), Gilles de Champhuon, gouverneur de la Martinique, François de Clermont, marquis de Montglat, Alexandre et Hippolyte de Comans, directeurs de la manufacture des Gobelins, François Comeau, avocat au Parlement - dont la bibliothèque, composée de 700 volumes in-folio, 800 in-4° et 1200 in-8°, renferme des manuscrits précieux -, Marin Le Roy, sieur de Gomberville, René Potier de Blanc-Mesnil, président en la Chambre des enquêtes... Parmi les établissements religieux ou paroisses, on relève Saint-Benoît, Saint-Jacques-du-Haut-Pas, Saint-Etienne-des-Grés, Saint-Hilaire, le collège de Clermont devenu collège Louis-le-Grand, les missions des jésuites au Canada et en Amérique méridionale, plusieurs collèges de l'Université (les Cholets, les Grassins, Sainte-Barbe), les couvents des bénédictins anglais, des prêtres irlandais, des carmélites, de la Visitation Notre-Dame au faubourg Saint-Jacques, etc. Les deux métiers les plus représentés sont ceux de graveurs ou de marchands de gravures, et de libraires-imprimeurs. On note chez les premiers François Chauveau (inventaire du 20 février 1676), Jacques Van Merlen (inventaire du 14 juillet 1682) ; chez les seconds, Louis Billaine, éditeur de Corneille (testament du 24 août 1681), Claude Cramoisy (inventaire du 18 novembre 1681), Sébastien Cramoisy, ou encore Thomas Jolly (vente du 17 décembre 1660). Au XIXe siècle, est déposé dans cette étude le testament olographe de Louis Pasteur (22 octobre 1895).</p>
            <p>Le Minutier central conserve les minutes de l'étude XLIII à partir de l'année 1624.</p>
            <p>Les minutes de cette étude ont été versées aux Archives nationales (2013) jusqu'au 31 décembre 1937, mais elles ne sont pas encore cotées. Leur communication en salle de lecture n'est donc pas encore possible.</p>
         </biogHist>
      </description>
      <relations>
         <cpfRelation xmlns:xlink="http://www.w3.org/1999/xlink"
                      cpfRelationType="associative"
                      xlink:href="FRAN_NP_010963"
                      xlink:type="simple">
            <relationEntry>Poictevin, Louis</relationEntry>
            <dateRange>
               <fromDate standardDate="1624-12-23">23 décembre 1624</fromDate>
               <toDate standardDate="1635-12-31">31 décembre 1635</toDate>
            </dateRange>
         </cpfRelation>
         <cpfRelation xmlns:xlink="http://www.w3.org/1999/xlink"
                      cpfRelationType="associative"
                      xlink:href="FRAN_NP_011618"
                      xlink:type="simple">
            <relationEntry>Lindet, Jean-André</relationEntry>
            <dateRange>
               <fromDate standardDate="1883-02-23">23 février 1883</fromDate>
               <toDate standardDate="1919-12-20">20 décembre 1919</toDate>
            </dateRange>
         </cpfRelation>
         <cpfRelation xmlns:xlink="http://www.w3.org/1999/xlink"
                      cpfRelationType="associative"
                      xlink:href="FRAN_NP_012565"
                      xlink:type="simple">
            <relationEntry>Chasles, Henri</relationEntry>
            <dateRange>
               <fromDate standardDate="1823-10-11">11 octobre 1823</fromDate>
               <toDate standardDate="1826-10-04">4 octobre 1826</toDate>
            </dateRange>
         </cpfRelation>
         <cpfRelation xmlns:xlink="http://www.w3.org/1999/xlink"
                      cpfRelationType="associative"
                      xlink:href="FRAN_NP_010568"
                      xlink:type="simple">
            <relationEntry>Séjournant, Pierre Emmanuel Joseph Bernard</relationEntry>
            <dateRange>
               <fromDate standardDate="1957-12-17">17 décembre 1957</fromDate>
               <toDate standardDate="1993-01-06">6 janvier 1993</toDate>
            </dateRange>
         </cpfRelation>
         <cpfRelation xmlns:xlink="http://www.w3.org/1999/xlink"
                      cpfRelationType="associative"
                      xlink:href="FRAN_NP_011087"
                      xlink:type="simple">
            <relationEntry>Marotte, Louis Marie Joseph</relationEntry>
            <dateRange>
               <fromDate standardDate="1919-12-20">20 décembre 1919</fromDate>
               <toDate standardDate="1957-12-17">17 décembre 1957</toDate>
            </dateRange>
         </cpfRelation>
         <cpfRelation xmlns:xlink="http://www.w3.org/1999/xlink"
                      cpfRelationType="associative"
                      xlink:href="FRAN_NP_011979"
                      xlink:type="simple">
            <relationEntry>Guerin, Patrice</relationEntry>
            <dateRange>
               <fromDate standardDate="1977-09-01">1er septembre 1977</fromDate>
               <toDate standardDate="2005-02-10">10 février 2005</toDate>
            </dateRange>
         </cpfRelation>
         <cpfRelation xmlns:xlink="http://www.w3.org/1999/xlink"
                      cpfRelationType="associative"
                      xlink:href="FRAN_NP_010763"
                      xlink:type="simple">
            <relationEntry>Quarré, Charles II</relationEntry>
            <dateRange>
               <fromDate standardDate="1660-03-23">23 mars 1660</fromDate>
               <toDate standardDate="1685-09-11">11 septembre 1685</toDate>
            </dateRange>
         </cpfRelation>
         <cpfRelation xmlns:xlink="http://www.w3.org/1999/xlink"
                      cpfRelationType="associative"
                      xlink:href="FRAN_NP_012882"
                      xlink:type="simple">
            <relationEntry>Bertrand, Pierre</relationEntry>
            <dateRange>
               <fromDate standardDate="1993-01-06">6 janvier 1993</fromDate>
               <toDate standardDate="2009-11-16">16 novembre 2009</toDate>
            </dateRange>
         </cpfRelation>
         <cpfRelation xmlns:xlink="http://www.w3.org/1999/xlink"
                      cpfRelationType="associative"
                      xlink:href="FRAN_NP_012830"
                      xlink:type="simple">
            <relationEntry>Belime, Charles</relationEntry>
            <dateRange>
               <fromDate standardDate="1767-05-30">30 mai 1767</fromDate>
               <toDate standardDate="1785-04-08">8 avril 1785</toDate>
            </dateRange>
         </cpfRelation>
         <cpfRelation xmlns:xlink="http://www.w3.org/1999/xlink"
                      cpfRelationType="associative"
                      xlink:href="FRAN_NP_010647"
                      xlink:type="simple">
            <relationEntry>Renard, Pierre-Etienne</relationEntry>
            <dateRange>
               <fromDate standardDate="1732-01-05">5 janvier 1732</fromDate>
               <toDate standardDate="1757-08-01">1er août 1757</toDate>
            </dateRange>
         </cpfRelation>
         <cpfRelation xmlns:xlink="http://www.w3.org/1999/xlink"
                      cpfRelationType="associative"
                      xlink:href="FRAN_NP_010670"
                      xlink:type="simple">
            <relationEntry>Richer, Pierre-Claude</relationEntry>
            <dateRange>
               <fromDate standardDate="1696-03-08">8 mars 1696</fromDate>
               <toDate standardDate="1715-12-16">16 décembre 1715</toDate>
            </dateRange>
         </cpfRelation>
         <cpfRelation xmlns:xlink="http://www.w3.org/1999/xlink"
                      cpfRelationType="associative"
                      xlink:href="FRAN_NP_010637"
                      xlink:type="simple">
            <relationEntry>Rémon, Louis</relationEntry>
            <dateRange>
               <fromDate standardDate="1685-09-13">13 septembre 1685</fromDate>
               <toDate standardDate="1696-03-04">4 mars 1696</toDate>
            </dateRange>
         </cpfRelation>
         <cpfRelation xmlns:xlink="http://www.w3.org/1999/xlink"
                      cpfRelationType="associative"
                      xlink:href="FRAN_NP_010616"
                      xlink:type="simple">
            <relationEntry>Rancy, Nicolas de</relationEntry>
            <dateRange>
               <fromDate standardDate="1716-02-11">11 février 1716</fromDate>
               <toDate standardDate="1731-12-30">30 décembre 1731</toDate>
            </dateRange>
         </cpfRelation>
         <cpfRelation xmlns:xlink="http://www.w3.org/1999/xlink"
                      cpfRelationType="associative"
                      xlink:href="FRAN_NP_013038"
                      xlink:type="simple">
            <relationEntry>Bréchot, Denis</relationEntry>
            <dateRange>
               <fromDate standardDate="1785-04-08">8 avril 1785</fromDate>
               <toDate standardDate="1793-12-05">5 décembre 1793</toDate>
            </dateRange>
         </cpfRelation>
         <cpfRelation xmlns:xlink="http://www.w3.org/1999/xlink"
                      cpfRelationType="associative"
                      xlink:href="FRAN_NP_010762"
                      xlink:type="simple">
            <relationEntry>Quarré, Charles I</relationEntry>
            <dateRange>
               <fromDate standardDate="1636-02-27">27 février 1636</fromDate>
               <toDate standardDate="1660-03-22">22 mars 1660</toDate>
            </dateRange>
         </cpfRelation>
         <cpfRelation xmlns:xlink="http://www.w3.org/1999/xlink"
                      cpfRelationType="associative"
                      xlink:href="FRAN_NP_011902"
                      xlink:type="simple">
            <relationEntry>Girard, André</relationEntry>
            <dateRange>
               <fromDate standardDate="1826-10-04">4 octobre 1826</fromDate>
               <toDate standardDate="1847-11-27">27 novembre 1847</toDate>
            </dateRange>
         </cpfRelation>
         <cpfRelation xmlns:xlink="http://www.w3.org/1999/xlink"
                      cpfRelationType="associative"
                      xlink:href="FRAN_NP_011959"
                      xlink:type="simple">
            <relationEntry>Grémont-Lardière, Marie-Christine</relationEntry>
            <dateRange>
               <fromDate standardDate="1993-01-06">6 janvier 1993</fromDate>
            </dateRange>
         </cpfRelation>
         <cpfRelation xmlns:xlink="http://www.w3.org/1999/xlink"
                      cpfRelationType="associative"
                      xlink:href="FRAN_NP_011119"
                      xlink:type="simple">
            <relationEntry>Maupetit, Louis</relationEntry>
            <dateRange>
               <fromDate standardDate="1757-08-27">27 août 1757</fromDate>
               <toDate standardDate="1767-05-25">25 mai 1767</toDate>
            </dateRange>
         </cpfRelation>
         <cpfRelation xmlns:xlink="http://www.w3.org/1999/xlink"
                      cpfRelationType="associative"
                      xlink:href="FRAN_NP_011157"
                      xlink:type="simple">
            <relationEntry>Mesureur, Ludovic</relationEntry>
            <dateRange>
               <fromDate standardDate="1998-10-28">28 octobre 1998</fromDate>
            </dateRange>
         </cpfRelation>
         <cpfRelation xmlns:xlink="http://www.w3.org/1999/xlink"
                      cpfRelationType="associative"
                      xlink:href="FRAN_NP_012564"
                      xlink:type="simple">
            <relationEntry>Caigné-Desouches, Thomas</relationEntry>
            <dateRange>
               <fromDate standardDate="1794-08-11">11 août 1794</fromDate>
               <toDate standardDate="1823-10-11">11 octobre 1823</toDate>
            </dateRange>
         </cpfRelation>
         <cpfRelation xmlns:xlink="http://www.w3.org/1999/xlink"
                      cpfRelationType="associative"
                      xlink:href="FRAN_NP_011619"
                      xlink:type="simple">
            <relationEntry>Lindet, Louis-Jean</relationEntry>
            <dateRange>
               <fromDate standardDate="1847-11-27">27 novembre 1847</fromDate>
               <toDate standardDate="1883-02-23">23 février 1883</toDate>
            </dateRange>
         </cpfRelation>
         <cpfRelation xmlns:xlink="http://www.w3.org/1999/xlink"
                      cpfRelationType="associative"
                      xlink:href="FRAN_NP_013447"
                      xlink:type="simple">
            <relationEntry>Leimacher, Aymeric</relationEntry>
            <dateRange>
               <fromDate standardDate="2009-11-16">16 novembre 2009</fromDate>
            </dateRange>
         </cpfRelation>
         <resourceRelation xmlns:xlink="http://www.w3.org/1999/xlink"
                           resourceRelationType="creatorOf"
                           xlink:href="FRAN_IR_052026"
                           xlink:type="simple">
            <relationEntry localType="archival">Images des répertoires du notaire André Girard pour l'étude XLIII</relationEntry>
         </resourceRelation>
         <resourceRelation xmlns:xlink="http://www.w3.org/1999/xlink"
                           resourceRelationType="creatorOf"
                           xlink:href="FRAN_IR_052029"
                           xlink:type="simple">
            <relationEntry localType="archival">Images des répertoires du notaire Charles Belime pour l'étude XLIII</relationEntry>
         </resourceRelation>
         <resourceRelation xmlns:xlink="http://www.w3.org/1999/xlink"
                           resourceRelationType="creatorOf"
                           xlink:href="FRAN_IR_052033"
                           xlink:type="simple">
            <relationEntry localType="archival">Images des répertoires du notaire Denis Bréchot pour l'étude XLIII</relationEntry>
         </resourceRelation>
         <resourceRelation xmlns:xlink="http://www.w3.org/1999/xlink"
                           resourceRelationType="creatorOf"
                           xlink:href="FRAN_IR_052025"
                           xlink:type="simple">
            <relationEntry localType="archival">Images des répertoires du notaire Jean André Lindet pour l'étude XLIII</relationEntry>
         </resourceRelation>
         <resourceRelation xmlns:xlink="http://www.w3.org/1999/xlink"
                           resourceRelationType="creatorOf"
                           xlink:href="FRAN_IR_052023"
                           xlink:type="simple">
            <relationEntry localType="archival">Images des répertoires du notaire Louis Jean Lindet pour l'étude XLIII</relationEntry>
         </resourceRelation>
         <resourceRelation xmlns:xlink="http://www.w3.org/1999/xlink"
                           resourceRelationType="creatorOf"
                           xlink:href="FRAN_IR_052016"
                           xlink:type="simple">
            <relationEntry localType="archival">Images des répertoires du notaire Nicolas de Rancy pour l'étude XLIII</relationEntry>
         </resourceRelation>
         <resourceRelation xmlns:xlink="http://www.w3.org/1999/xlink"
                           resourceRelationType="creatorOf"
                           xlink:href="FRAN_IR_052020"
                           xlink:type="simple">
            <relationEntry localType="archival">Images des répertoires du notaire Pierre Claude Richer pour l'étude XLIII</relationEntry>
         </resourceRelation>
         <resourceRelation xmlns:xlink="http://www.w3.org/1999/xlink"
                           resourceRelationType="creatorOf"
                           xlink:href="FRAN_IR_052028"
                           xlink:type="simple">
            <relationEntry localType="archival">Images des répertoires du notaire Thomas Caigné-Desouches pour l'étude XLIII</relationEntry>
         </resourceRelation>
         <resourceRelation xmlns:xlink="http://www.w3.org/1999/xlink"
                           resourceRelationType="creatorOf"
                           xlink:href="FRAN_IR_052021"
                           xlink:type="simple">
            <relationEntry localType="archival">Images du répertoire du notaire Charles II Quarré pour l'étude XLIII</relationEntry>
         </resourceRelation>
         <resourceRelation xmlns:xlink="http://www.w3.org/1999/xlink"
                           resourceRelationType="creatorOf"
                           xlink:href="FRAN_IR_052027"
                           xlink:type="simple">
            <relationEntry localType="archival">Images des répertoires du notaire Henri Chasles pour l'étude XLIII</relationEntry>
         </resourceRelation>
         <resourceRelation xmlns:xlink="http://www.w3.org/1999/xlink"
                           resourceRelationType="creatorOf"
                           xlink:href="FRAN_IR_052024"
                           xlink:type="simple">
            <relationEntry localType="archival">Images du répertoire du notaire Louis Maupetit pour l'étude XLIII</relationEntry>
         </resourceRelation>
         <resourceRelation xmlns:xlink="http://www.w3.org/1999/xlink"
                           resourceRelationType="creatorOf"
                           xlink:href="FRAN_IR_052022"
                           xlink:type="simple">
            <relationEntry localType="archival">Images du répertoire du notaire Louis Poictevin pour l'étude XLIII</relationEntry>
         </resourceRelation>
         <resourceRelation xmlns:xlink="http://www.w3.org/1999/xlink"
                           resourceRelationType="creatorOf"
                           xlink:href="FRAN_IR_052018"
                           xlink:type="simple">
            <relationEntry localType="archival">Images du répertoire du notaire Louis Rémon pour l'étude XLIII</relationEntry>
         </resourceRelation>
         <resourceRelation xmlns:xlink="http://www.w3.org/1999/xlink"
                           resourceRelationType="creatorOf"
                           xlink:href="FRAN_IR_052019"
                           xlink:type="simple">
            <relationEntry localType="archival">Images du répertoire du notaire Pierre Etienne Renard pour l'étude XLIII</relationEntry>
         </resourceRelation>
         <resourceRelation xmlns:xlink="http://www.w3.org/1999/xlink"
                           resourceRelationType="creatorOf"
                           xlink:href="FRAN_IR_042105"
                           xlink:type="simple">
            <relationEntry localType="archival">Minutes et répertoires du notaire Jean André LINDET, 24 février 1883 - 20 décembre 1919 (étude XLIII)</relationEntry>
         </resourceRelation>
         <resourceRelation xmlns:xlink="http://www.w3.org/1999/xlink"
                           resourceRelationType="subjectOf"
                           xlink:href="FRAN_IR_042098"
                           xlink:type="simple">
            <relationEntry localType="archival">Minutes et répertoires du notaire Charles BELIME, 26 mai 1767 - 7 avril 1785 (étude XLIII)</relationEntry>
         </resourceRelation>
         <resourceRelation xmlns:xlink="http://www.w3.org/1999/xlink"
                           resourceRelationType="subjectOf"
                           xlink:href="FRAN_IR_042100"
                           xlink:type="simple">
            <relationEntry localType="archival">Minutes et répertoires du notaire Denis BRÉCHOT, 8 avril 1785 - 20 décembre 1793 (étude XLIII)</relationEntry>
         </resourceRelation>
         <resourceRelation xmlns:xlink="http://www.w3.org/1999/xlink"
                           resourceRelationType="subjectOf"
                           xlink:href="FRAN_IR_042102"
                           xlink:type="simple">
            <relationEntry localType="archival">Minutes et répertoires du notaire Henri CHASLES, 11 octobre 1823 - 4 octobre 1826 (étude XLIII)</relationEntry>
         </resourceRelation>
         <resourceRelation xmlns:xlink="http://www.w3.org/1999/xlink"
                           resourceRelationType="subjectOf"
                           xlink:href="FRAN_IR_042103"
                           xlink:type="simple">
            <relationEntry localType="archival">Minutes et répertoires du notaire André GIRARD, 5 octobre 1825 - 26 novembre 1847 (étude XLIII)</relationEntry>
         </resourceRelation>
         <resourceRelation xmlns:xlink="http://www.w3.org/1999/xlink"
                           resourceRelationType="subjectOf"
                           xlink:href="FRAN_IR_042104"
                           xlink:type="simple">
            <relationEntry localType="archival">Minutes et répertoires du notaire Louis Jean LINDET, 27 novembre 1847 - 23 février 1883 (étude XLIII)</relationEntry>
         </resourceRelation>
         <resourceRelation xmlns:xlink="http://www.w3.org/1999/xlink"
                           resourceRelationType="subjectOf"
                           xlink:href="FRAN_IR_042099"
                           xlink:type="simple">
            <relationEntry localType="archival">Minutes et répertoires du notaire Louis MAUPETIT, 27 août 1757 - 25 mai 1767 (étude XLIII)</relationEntry>
         </resourceRelation>
         <resourceRelation xmlns:xlink="http://www.w3.org/1999/xlink"
                           resourceRelationType="subjectOf"
                           xlink:href="FRAN_IR_042088"
                           xlink:type="simple">
            <relationEntry localType="archival">Minutes et répertoires du notaire Louis POICTEVIN, 24 décembre 1624 - décembre 1635 (étude XLIII)</relationEntry>
         </resourceRelation>
         <resourceRelation xmlns:xlink="http://www.w3.org/1999/xlink"
                           resourceRelationType="subjectOf"
                           xlink:href="FRAN_IR_042093"
                           xlink:type="simple">
            <relationEntry localType="archival">Minutes et répertoires du notaire Charles II QUARRÉ, 23 mars 1660 - 11 septembre 1685 (étude XLIII)</relationEntry>
         </resourceRelation>
         <resourceRelation xmlns:xlink="http://www.w3.org/1999/xlink"
                           resourceRelationType="subjectOf"
                           xlink:href="FRAN_IR_042096"
                           xlink:type="simple">
            <relationEntry localType="archival">Minutes et répertoires du notaire Nicolas de RANCY, 11 février 1716 - 30 décembre 1731 (étude XLIII)</relationEntry>
         </resourceRelation>
         <resourceRelation xmlns:xlink="http://www.w3.org/1999/xlink"
                           resourceRelationType="subjectOf"
                           xlink:href="FRAN_IR_042095"
                           xlink:type="simple">
            <relationEntry localType="archival">Minutes et répertoires du notaire Pierre Claude RICHER, 9 mars 1695 - 10 février 1716 (étude XLIII)</relationEntry>
         </resourceRelation>
         <resourceRelation xmlns:xlink="http://www.w3.org/1999/xlink"
                           resourceRelationType="creatorOf"
                           xlink:href="FRAN_IR_042094"
                           xlink:type="simple">
            <relationEntry localType="archival">Minutes et répertoires du notaire Louis RÉMON, 13 septembre 1685 - 4 mars 1696 (étude XLIII)</relationEntry>
         </resourceRelation>
         <resourceRelation xmlns:xlink="http://www.w3.org/1999/xlink"
                           resourceRelationType="creatorOf"
                           xlink:href="FRAN_IR_055020"
                           xlink:type="simple">
            <relationEntry localType="archival">Images des répertoires du notaire Louis Marie Joseph Marotte pour l'étude XLIII</relationEntry>
         </resourceRelation>
         <resourceRelation xmlns:xlink="http://www.w3.org/1999/xlink"
                           resourceRelationType="creatorOf"
                           xlink:href="FRAN_IR_042091"
                           xlink:type="simple">
            <relationEntry localType="archival">Minutes et répertoires du notaire Charles I QUARRÉ, janvier 1646 - décembre 1655 (étude XLIII)</relationEntry>
         </resourceRelation>
         <resourceRelation xmlns:xlink="http://www.w3.org/1999/xlink"
                           resourceRelationType="creatorOf"
                           xlink:href="FRAN_IR_042089"
                           xlink:type="simple">
            <relationEntry localType="archival">Minutes et répertoires du notaire Charles I QUARRÉ, 27 février 1636 - 22 mars 1660 (étude XLIII)</relationEntry>
         </resourceRelation>
         <resourceRelation xmlns:xlink="http://www.w3.org/1999/xlink"
                           resourceRelationType="creatorOf"
                           xlink:href="FRAN_IR_042090"
                           xlink:type="simple">
            <relationEntry localType="archival">Minutes et répertoires du notaire Charles I QUARRÉ, 27 février 1636 - décembre 1645 (étude XLIII)</relationEntry>
         </resourceRelation>
         <resourceRelation xmlns:xlink="http://www.w3.org/1999/xlink"
                           resourceRelationType="creatorOf"
                           xlink:href="FRAN_IR_042092"
                           xlink:type="simple">
            <relationEntry localType="archival">Minutes et répertoires du notaire Charles I QUARRÉ, janvier 1656 - 22 mars 1660 (étude XLIII)</relationEntry>
         </resourceRelation>
         <resourceRelation xmlns:xlink="http://www.w3.org/1999/xlink"
                           resourceRelationType="creatorOf"
                           xlink:href="FRAN_IR_042087"
                           xlink:type="simple">
            <relationEntry localType="archival">Archives de l'étude XLIII</relationEntry>
         </resourceRelation>
         <resourceRelation xmlns:xlink="http://www.w3.org/1999/xlink"
                           resourceRelationType="creatorOf"
                           xlink:href="FRAN_IR_042101"
                           xlink:type="simple">
            <relationEntry localType="archival">Minutes et répertoires du notaire Thomas CAIGNÉ-DESOUCHES, 16 août 1794 - 10 octobre 1823 (étude XLIII)</relationEntry>
         </resourceRelation>
         <resourceRelation xmlns:xlink="http://www.w3.org/1999/xlink"
                           resourceRelationType="creatorOf"
                           xlink:href="FRAN_IR_050380"
                           xlink:type="simple">
            <relationEntry localType="archival">Minutes et répertoires du notaire Louis Marie Joseph MAROTTE, 22 décembre 1919 - 31 décembre 1937 (étude XLIII)</relationEntry>
         </resourceRelation>
      </relations>
   </cpfDescription>
</eac-cpf>
