<eac-cpf xmlns="urn:isbn:1-931666-33-4"
         xmlns:xsi="http://www.w3.org/2001/XMLSchema-instance"
         xsi:schemaLocation="urn:isbn:1-931666-33-4 cpf.xsd">
   <control>
      <recordId>FRAN_NP_010130</recordId>
      <otherRecordId localType="Ancien_identifiant">FRDAFANCH00MC_NAETUDE_003</otherRecordId>
      <maintenanceStatus>derived</maintenanceStatus>
      <maintenanceAgency>
         <agencyName>Archives nationales de France</agencyName>
      </maintenanceAgency>
      <languageDeclaration>
         <language languageCode="fre">Français</language>
         <script scriptCode="Latn"/>
      </languageDeclaration>
      <conventionDeclaration>
         <citation>Notice établie conformément à la norme ICA-ISAAR (CPF) 2004, aux normes ISO 8601 pour le système de normalisation des dates utilisé, ainsi que AFNOR NF Z 44-061, juin 1986. Catalogage : forme et structure des vedettes noms de personne, des vedettes titres, des rubriques de classement et des titres forgés.</citation>
      </conventionDeclaration>
      <localControl localType="niveau_de_detail">
         <term>Moyenne</term>
      </localControl>
      <maintenanceHistory>
         <maintenanceEvent>
            <eventType>derived</eventType>
            <eventDateTime>2013-04-23</eventDateTime>
            <agentType>machine</agentType>
            <agent>Migration ETANOT</agent>
         </maintenanceEvent>
      </maintenanceHistory>
      <sources>
         <source>
            <descriptiveNote>
               <p>Poisson (Jean-Paul), " Pour une étude de la fonction notariale dans l'assistance sociale et charitable sous l'Ancien Régime : l'exemple de l'Hôpital du Saint-Esprit à Paris au XVIIe siècle " étude III, Notaires et société. Travaux d'histoire et de sociologie notariales, t. II, 1990, p. 385. - Poisson (Jean-Paul), " Matériaux et orientations pour une étude du notariat parisien pendant la Révolution française " [essentiellement études XLVIII, XLVII et XLVI ; sondages dans études III, VII, LXVIII et CXIII], Notaires et société. Travaux d'histoire et de sociologie notariales, t. II, 1990, p. 141. - " Introduction à une étude quantitative des effets socio-économiques du système de Law " [études I, III et XLVIII (1715-1726)], Notaires et société. Travaux d'histoire et de sociologie notariales, t. I, 1985, p. 309. - " L'activité notariale comme indicateur socio-économique : l'exemple de la Fronde " [études III, XII et XCI (1645 à 1655)], Notaires et société. Travaux d'histoire et de sociologie notariales, t. I, 1985, p. 229.</p>
            </descriptiveNote>
         </source>
      </sources>
   </control>
   <cpfDescription>
      <identity>
         <entityType>corporateBody</entityType>
         <nameEntry localType="autorisée" scriptCode="Latn" xml:lang="fre">
            <part>Etude III</part>
         </nameEntry>
         <nameEntry>
            <part>75056</part>
         </nameEntry>
      </identity>
      <description>
         <existDates>
            <dateRange>
               <fromDate standardDate="1509-01-01">1509</fromDate>
            </dateRange>
         </existDates>
         <places>
            <place>
               <placeRole>Lieu de Paris</placeRole>
               <placeEntry localType="nomLieu">19, bd de Courcelles, 75008 PARIS</placeEntry>
            </place>
         </places>
         <functions>
            <function>
               <term vocabularySource="d3nyui3o8w--11y7jgy8q3wnt">notaire à paris</term>
               <dateRange>
                  <fromDate standardDate="1509-01-01">1509</fromDate>
                  <toDate/>
               </dateRange>
            </function>
         </functions>
         <biogHist>
            <p>Cette étude reste établie dans le Marais pendant tout l'Ancien Régime : au XVIème siècle, les deux pratiques qu'elle renferme dépendent de la paroisse Saint-Gervais. L'une se situe à la place Baudoyer ; l'autre près de la place de grève. Au XVIIème siècle, Me. FOURNIER et ses successeurs sont installés rue de la Tissanderie. Le XVIIIème siècle marque un glissement vers le Nord : rue Sainte-Croix-de-la-Bretonnerie jusqu'en 1767 ; rue Vieille-du-Temple jusqu'en 1808. Au XIXème siècle, l'étude quitte son quartier d'origine, d'abord pour la rue Jean-Jacques Rousseau de 1809 à 1840, puis pour la place Saint-Germain-l'Auxerrois jusqu'en 1855, enfin pour la rue Saint-Denis de 1856 à 1894, avant l'installation boulevard de Courcelles.</p>
         </biogHist>
      </description>
      <relations>
         <cpfRelation xmlns:xlink="http://www.w3.org/1999/xlink"
                      cpfRelationType="associative"
                      xlink:href="FRAN_NP_012106"
                      xlink:type="simple">
            <relationEntry>Fournier, Simon</relationEntry>
            <dateRange>
               <fromDate standardDate="1588-01-01">1er janvier 1588</fromDate>
               <toDate standardDate="1630-03-01">1er mars 1630</toDate>
            </dateRange>
         </cpfRelation>
         <cpfRelation xmlns:xlink="http://www.w3.org/1999/xlink"
                      cpfRelationType="associative"
                      xlink:href="FRAN_NP_012147"
                      xlink:type="simple">
            <relationEntry>Dionis, François II</relationEntry>
            <dateRange>
               <fromDate standardDate="1699-10-16">16 octobre 1699</fromDate>
               <toDate standardDate="1744-10-30">30 octobre 1744</toDate>
            </dateRange>
         </cpfRelation>
         <cpfRelation xmlns:xlink="http://www.w3.org/1999/xlink"
                      cpfRelationType="associative"
                      xlink:href="FRAN_NP_011556"
                      xlink:type="simple">
            <relationEntry>Leroy, Ambroise</relationEntry>
            <dateRange>
               <fromDate standardDate="1862-08-05">5 août 1862</fromDate>
               <toDate standardDate="1891-11-04">4 novembre 1891</toDate>
            </dateRange>
         </cpfRelation>
         <cpfRelation xmlns:xlink="http://www.w3.org/1999/xlink"
                      cpfRelationType="associative"
                      xlink:href="FRAN_NP_010360"
                      xlink:type="simple">
            <relationEntry>Vernois, Benjamin</relationEntry>
            <dateRange>
               <fromDate standardDate="1807-04-09">9 avril 1807</fromDate>
               <toDate standardDate="1828-11-28">28 novembre 1828</toDate>
            </dateRange>
         </cpfRelation>
         <cpfRelation xmlns:xlink="http://www.w3.org/1999/xlink"
                      cpfRelationType="associative"
                      xlink:href="FRAN_NP_013484"
                      xlink:type="simple">
            <relationEntry>Ensuque-Gazagne, Hélène</relationEntry>
            <dateRange>
               <fromDate standardDate="2010-10-01">1er octobre 2010</fromDate>
            </dateRange>
         </cpfRelation>
         <cpfRelation xmlns:xlink="http://www.w3.org/1999/xlink"
                      cpfRelationType="associative"
                      xlink:href="FRAN_NP_011247"
                      xlink:type="simple">
            <relationEntry>Motel, Antoine</relationEntry>
            <dateRange>
               <fromDate standardDate="1891-11-04">4 novembre 1891</fromDate>
               <toDate standardDate="1913-08-20">20 août 1913</toDate>
            </dateRange>
         </cpfRelation>
         <cpfRelation xmlns:xlink="http://www.w3.org/1999/xlink"
                      cpfRelationType="associative"
                      xlink:href="FRAN_NP_012458"
                      xlink:type="simple">
            <relationEntry>Contesse, Henri</relationEntry>
            <dateRange>
               <fromDate standardDate="1568-01-01">1568</fromDate>
               <toDate standardDate="1572-12-31">1572</toDate>
            </dateRange>
         </cpfRelation>
         <cpfRelation xmlns:xlink="http://www.w3.org/1999/xlink"
                      cpfRelationType="associative"
                      xlink:href="FRAN_NP_012455"
                      xlink:type="simple">
            <relationEntry>Chantemerle, Jean</relationEntry>
            <dateRange>
               <fromDate standardDate="1580-01-01">1580</fromDate>
               <toDate standardDate="1587-12-31">1587</toDate>
            </dateRange>
         </cpfRelation>
         <cpfRelation xmlns:xlink="http://www.w3.org/1999/xlink"
                      cpfRelationType="associative"
                      xlink:href="FRAN_NP_013247"
                      xlink:type="simple">
            <relationEntry>Demessence, Bruno</relationEntry>
            <dateRange>
               <fromDate standardDate="2004-01-01">2004</fromDate>
            </dateRange>
         </cpfRelation>
         <cpfRelation xmlns:xlink="http://www.w3.org/1999/xlink"
                      cpfRelationType="associative"
                      xlink:href="FRAN_NP_013297"
                      xlink:type="simple">
            <relationEntry>Le court, Nicolas</relationEntry>
            <dateRange>
               <fromDate standardDate="1519-01-01">1er janvier 1519</fromDate>
               <toDate standardDate="1526-06-30">30 juin 1526</toDate>
            </dateRange>
         </cpfRelation>
         <cpfRelation xmlns:xlink="http://www.w3.org/1999/xlink"
                      cpfRelationType="associative"
                      xlink:href="FRAN_NP_011916"
                      xlink:type="simple">
            <relationEntry>Girault, Simon</relationEntry>
            <dateRange>
               <fromDate standardDate="1744-10-30">30 octobre 1744</fromDate>
               <toDate standardDate="1775-02-11">11 février 1775</toDate>
            </dateRange>
         </cpfRelation>
         <cpfRelation xmlns:xlink="http://www.w3.org/1999/xlink"
                      cpfRelationType="associative"
                      xlink:href="FRAN_NP_012727"
                      xlink:type="simple">
            <relationEntry>Contesse, Nicolas</relationEntry>
            <dateRange>
               <fromDate standardDate="1535-01-01">1er janvier 1535</fromDate>
               <toDate standardDate="1535-12-31">31 décembre 1535</toDate>
            </dateRange>
         </cpfRelation>
         <cpfRelation xmlns:xlink="http://www.w3.org/1999/xlink"
                      cpfRelationType="associative"
                      xlink:href="FRAN_NP_011868"
                      xlink:type="simple">
            <relationEntry>Gaultier, Antoine</relationEntry>
            <dateRange>
               <fromDate standardDate="1643-07-09">9 juillet 1643</fromDate>
               <toDate standardDate="1663-04-05">5 avril 1663</toDate>
            </dateRange>
         </cpfRelation>
         <cpfRelation xmlns:xlink="http://www.w3.org/1999/xlink"
                      cpfRelationType="associative"
                      xlink:href="FRAN_NP_011804"
                      xlink:type="simple">
            <relationEntry>Hue, Isidore Henri</relationEntry>
            <dateRange>
               <fromDate standardDate="1913-08-20">20 août 1913</fromDate>
               <toDate standardDate="1919-11-27">27 novembre 1919</toDate>
            </dateRange>
         </cpfRelation>
         <cpfRelation xmlns:xlink="http://www.w3.org/1999/xlink"
                      cpfRelationType="associative"
                      xlink:href="FRAN_NP_013076"
                      xlink:type="simple">
            <relationEntry>Bruslé, Etienne</relationEntry>
            <dateRange>
               <fromDate standardDate="1580-01-01">1er janvier 1580</fromDate>
               <toDate standardDate="1580-12-31">31 décembre 1580</toDate>
            </dateRange>
         </cpfRelation>
         <cpfRelation xmlns:xlink="http://www.w3.org/1999/xlink"
                      cpfRelationType="associative"
                      xlink:href="FRAN_NP_011769"
                      xlink:type="simple">
            <relationEntry>Herbin, Guillaume I</relationEntry>
            <dateRange>
               <fromDate standardDate="1572-01-01">1572</fromDate>
               <toDate standardDate="1589-12-31">décembre 1589</toDate>
            </dateRange>
         </cpfRelation>
         <cpfRelation xmlns:xlink="http://www.w3.org/1999/xlink"
                      cpfRelationType="associative"
                      xlink:href="FRAN_NP_012004"
                      xlink:type="simple">
            <relationEntry>Guitton, Jean Philippe</relationEntry>
            <dateRange>
               <fromDate standardDate="1982-03-03">3 mars 1982</fromDate>
               <toDate standardDate="2003-05-12">12 mai 2003</toDate>
            </dateRange>
         </cpfRelation>
         <cpfRelation xmlns:xlink="http://www.w3.org/1999/xlink"
                      cpfRelationType="associative"
                      xlink:href="FRAN_NP_012003"
                      xlink:type="simple">
            <relationEntry>Guitton, Henri Jean Mathurin</relationEntry>
            <dateRange>
               <fromDate standardDate="1919-11-27">27 novembre 1919</fromDate>
               <toDate standardDate="1954-05-12">12 mai 1954</toDate>
            </dateRange>
         </cpfRelation>
         <cpfRelation xmlns:xlink="http://www.w3.org/1999/xlink"
                      cpfRelationType="associative"
                      xlink:href="FRAN_NP_013174"
                      xlink:type="simple">
            <relationEntry>Aymeray, François</relationEntry>
            <dateRange>
               <fromDate standardDate="1584-12-17">17 décembre 1584</fromDate>
               <toDate standardDate="1594-12-31">1594</toDate>
            </dateRange>
         </cpfRelation>
         <cpfRelation xmlns:xlink="http://www.w3.org/1999/xlink"
                      cpfRelationType="associative"
                      xlink:href="FRAN_NP_012039"
                      xlink:type="simple">
            <relationEntry>Felin, Michel de</relationEntry>
            <dateRange>
               <fromDate standardDate="1529-01-01">1529</fromDate>
               <toDate standardDate="1553-12-31">1553</toDate>
            </dateRange>
         </cpfRelation>
         <cpfRelation xmlns:xlink="http://www.w3.org/1999/xlink"
                      cpfRelationType="associative"
                      xlink:href="FRAN_NP_012005"
                      xlink:type="simple">
            <relationEntry>Guitton, Philippe Marie André</relationEntry>
            <dateRange>
               <fromDate standardDate="1954-05-12">12 mai 1954</fromDate>
               <toDate standardDate="1987-04-24">24 avril 1987</toDate>
            </dateRange>
         </cpfRelation>
         <cpfRelation xmlns:xlink="http://www.w3.org/1999/xlink"
                      cpfRelationType="associative"
                      xlink:href="FRAN_NP_010679"
                      xlink:type="simple">
            <relationEntry>Riollet, Antoine</relationEntry>
            <dateRange>
               <fromDate standardDate="1801-06-16">16 juin 1801</fromDate>
               <toDate standardDate="1807-04-09">9 avril 1807</toDate>
            </dateRange>
         </cpfRelation>
         <cpfRelation xmlns:xlink="http://www.w3.org/1999/xlink"
                      cpfRelationType="associative"
                      xlink:href="FRAN_NP_011776"
                      xlink:type="simple">
            <relationEntry>Hervy</relationEntry>
            <dateRange>
               <fromDate standardDate="1509-11-17">17 novembre 1509</fromDate>
               <toDate standardDate="1510-03-19">19 mars 1510</toDate>
            </dateRange>
         </cpfRelation>
         <cpfRelation xmlns:xlink="http://www.w3.org/1999/xlink"
                      cpfRelationType="associative"
                      xlink:href="FRAN_NP_012848"
                      xlink:type="simple">
            <relationEntry>Benard, Jean</relationEntry>
            <dateRange>
               <fromDate standardDate="1576-03-24">24 mars 1576</fromDate>
               <toDate standardDate="1581-09-14">14 septembre 1581</toDate>
            </dateRange>
         </cpfRelation>
         <cpfRelation xmlns:xlink="http://www.w3.org/1999/xlink"
                      cpfRelationType="associative"
                      xlink:href="FRAN_NP_010716"
                      xlink:type="simple">
            <relationEntry>Rohart</relationEntry>
            <dateRange>
               <fromDate standardDate="1509-11-17">17 novembre 1509</fromDate>
               <toDate standardDate="1510-03-19">19 mars 1510</toDate>
            </dateRange>
         </cpfRelation>
         <cpfRelation xmlns:xlink="http://www.w3.org/1999/xlink"
                      cpfRelationType="associative"
                      xlink:href="FRAN_NP_013318"
                      xlink:type="simple">
            <relationEntry>Vié, Bruno</relationEntry>
            <dateRange>
               <fromDate standardDate="2007-01-11">11 janvier 2007</fromDate>
            </dateRange>
         </cpfRelation>
         <cpfRelation xmlns:xlink="http://www.w3.org/1999/xlink"
                      cpfRelationType="associative"
                      xlink:href="FRAN_NP_010459"
                      xlink:type="simple">
            <relationEntry>Thuret, Pierre</relationEntry>
            <dateRange>
               <fromDate standardDate="1540-01-01">1540</fromDate>
               <toDate standardDate="1568-12-31">1568</toDate>
            </dateRange>
         </cpfRelation>
         <cpfRelation xmlns:xlink="http://www.w3.org/1999/xlink"
                      cpfRelationType="associative"
                      xlink:href="FRAN_NP_010449"
                      xlink:type="simple">
            <relationEntry>Thireul, Jean</relationEntry>
            <dateRange>
               <fromDate standardDate="1568-08-23">23 août 1568</fromDate>
               <toDate standardDate="1588-01-01">1er janvier 1588</toDate>
            </dateRange>
         </cpfRelation>
         <cpfRelation xmlns:xlink="http://www.w3.org/1999/xlink"
                      cpfRelationType="associative"
                      xlink:href="FRAN_NP_013296"
                      xlink:type="simple">
            <relationEntry>Brion, Jacques de</relationEntry>
            <dateRange>
               <fromDate standardDate="1518-01-01">1518</fromDate>
               <toDate standardDate="1529-12-31">1529</toDate>
            </dateRange>
         </cpfRelation>
         <cpfRelation xmlns:xlink="http://www.w3.org/1999/xlink"
                      cpfRelationType="associative"
                      xlink:href="FRAN_NP_012456"
                      xlink:type="simple">
            <relationEntry>Chardeau, Dominique</relationEntry>
            <dateRange>
               <fromDate standardDate="1982-03-03">3 mars 1982</fromDate>
               <toDate standardDate="2007-01-11">11 janvier 2007</toDate>
            </dateRange>
         </cpfRelation>
         <cpfRelation xmlns:xlink="http://www.w3.org/1999/xlink"
                      cpfRelationType="associative"
                      xlink:href="FRAN_NP_012454"
                      xlink:type="simple">
            <relationEntry>Chandru, Marcel</relationEntry>
            <dateRange>
               <fromDate standardDate="1828-11-28">28 novembre 1828</fromDate>
               <toDate standardDate="1862-08-05">5 août 1862</toDate>
            </dateRange>
         </cpfRelation>
         <cpfRelation xmlns:xlink="http://www.w3.org/1999/xlink"
                      cpfRelationType="associative"
                      xlink:href="FRAN_NP_012457"
                      xlink:type="simple">
            <relationEntry>Chenu, Simon</relationEntry>
            <dateRange>
               <fromDate standardDate="1520-01-01">1520</fromDate>
               <toDate standardDate="1565-12-31">1565</toDate>
            </dateRange>
         </cpfRelation>
         <cpfRelation xmlns:xlink="http://www.w3.org/1999/xlink"
                      cpfRelationType="associative"
                      xlink:href="FRAN_NP_013483"
                      xlink:type="simple">
            <relationEntry>Duverneuil, Pénélope</relationEntry>
            <dateRange>
               <fromDate standardDate="2010-10-01">1er octobre 2010</fromDate>
            </dateRange>
         </cpfRelation>
         <cpfRelation xmlns:xlink="http://www.w3.org/1999/xlink"
                      cpfRelationType="associative"
                      xlink:href="FRAN_NP_010334"
                      xlink:type="simple">
            <relationEntry>Vallon, Arnault</relationEntry>
            <dateRange>
               <fromDate standardDate="1663-04-05">5 avril 1663</fromDate>
               <toDate standardDate="1669-05-31">mai 1669</toDate>
            </dateRange>
         </cpfRelation>
         <cpfRelation xmlns:xlink="http://www.w3.org/1999/xlink"
                      cpfRelationType="associative"
                      xlink:href="FRAN_NP_011525"
                      xlink:type="simple">
            <relationEntry>Lemoine, Athanase</relationEntry>
            <dateRange>
               <fromDate standardDate="1775-02-11">11 février 1775</fromDate>
               <toDate standardDate="1801-06-16">16 juin 1801</toDate>
            </dateRange>
         </cpfRelation>
         <cpfRelation xmlns:xlink="http://www.w3.org/1999/xlink"
                      cpfRelationType="associative"
                      xlink:href="FRAN_NP_012146"
                      xlink:type="simple">
            <relationEntry>Dionis, François I</relationEntry>
            <dateRange>
               <fromDate standardDate="1669-05-27">27 mai 1669</fromDate>
               <toDate standardDate="1699-10-16">16 octobre 1699</toDate>
            </dateRange>
         </cpfRelation>
         <cpfRelation xmlns:xlink="http://www.w3.org/1999/xlink"
                      cpfRelationType="associative"
                      xlink:href="FRAN_NP_012100"
                      xlink:type="simple">
            <relationEntry>Fournier, Adrien</relationEntry>
            <dateRange>
               <fromDate standardDate="1547-01-04">4 janvier 1547</fromDate>
               <toDate standardDate="1570-12-31">1570</toDate>
            </dateRange>
         </cpfRelation>
         <cpfRelation xmlns:xlink="http://www.w3.org/1999/xlink"
                      cpfRelationType="associative"
                      xlink:href="FRAN_NP_012104"
                      xlink:type="simple">
            <relationEntry>Fournier, Mathurin</relationEntry>
            <dateRange>
               <fromDate standardDate="1630-03-01">1er mars 1630</fromDate>
               <toDate standardDate="1643-07-09">9 juillet 1643</toDate>
            </dateRange>
         </cpfRelation>
         <resourceRelation xmlns:xlink="http://www.w3.org/1999/xlink"
                           resourceRelationType="subjectOf"
                           xlink:href="FRAN_IR_051724"
                           xlink:type="simple">
            <relationEntry localType="archival">Images des répertoires du notaire Guillaume Herbin I pour l'étude III</relationEntry>
         </resourceRelation>
         <resourceRelation xmlns:xlink="http://www.w3.org/1999/xlink"
                           resourceRelationType="subjectOf"
                           xlink:href="FRAN_IR_051725"
                           xlink:type="simple">
            <relationEntry localType="archival">Images des répertoires du notaire Antoine Gaultier pour l'étude III</relationEntry>
         </resourceRelation>
         <resourceRelation xmlns:xlink="http://www.w3.org/1999/xlink"
                           resourceRelationType="subjectOf"
                           xlink:href="FRAN_IR_051727"
                           xlink:type="simple">
            <relationEntry localType="archival">Images des répertoires du notaire Adrien Fournier pour l'étude III</relationEntry>
         </resourceRelation>
         <resourceRelation xmlns:xlink="http://www.w3.org/1999/xlink"
                           resourceRelationType="subjectOf"
                           xlink:href="FRAN_IR_051728"
                           xlink:type="simple">
            <relationEntry localType="archival">Images des répertoires du notaire Mathurin Fournier pour l'étude III</relationEntry>
         </resourceRelation>
         <resourceRelation xmlns:xlink="http://www.w3.org/1999/xlink"
                           resourceRelationType="subjectOf"
                           xlink:href="FRAN_IR_051729"
                           xlink:type="simple">
            <relationEntry localType="archival">Images des répertoires du notaire Simon Fournier pour l'étude III</relationEntry>
         </resourceRelation>
         <resourceRelation xmlns:xlink="http://www.w3.org/1999/xlink"
                           resourceRelationType="subjectOf"
                           xlink:href="FRAN_IR_051732"
                           xlink:type="simple">
            <relationEntry localType="archival">Images des répertoires du notaire Marcel Chandru pour l'étude III</relationEntry>
         </resourceRelation>
         <resourceRelation xmlns:xlink="http://www.w3.org/1999/xlink"
                           resourceRelationType="subjectOf"
                           xlink:href="FRAN_IR_051733"
                           xlink:type="simple">
            <relationEntry localType="archival">Images des répertoires du notaire Antoine Motel pour l'étude III</relationEntry>
         </resourceRelation>
         <resourceRelation xmlns:xlink="http://www.w3.org/1999/xlink"
                           resourceRelationType="subjectOf"
                           xlink:href="FRAN_IR_051737"
                           xlink:type="simple">
            <relationEntry localType="archival">Images du répertoire du notaire Henri Contesse pour l'étude III</relationEntry>
         </resourceRelation>
         <resourceRelation xmlns:xlink="http://www.w3.org/1999/xlink"
                           resourceRelationType="subjectOf"
                           xlink:href="FRAN_IR_052951"
                           xlink:type="simple">
            <relationEntry localType="archival"> Images des répertoires du notaire Arnault Vallon pour l'étude III (illustré des images numériques) </relationEntry>
         </resourceRelation>
         <resourceRelation xmlns:xlink="http://www.w3.org/1999/xlink"
                           resourceRelationType="subjectOf"
                           xlink:href="FRAN_IR_052968"
                           xlink:type="simple">
            <relationEntry localType="archival">Images des répertoires du notaire Ambroise Leroy pour l'étude III (illustré des images numériques)</relationEntry>
         </resourceRelation>
         <resourceRelation xmlns:xlink="http://www.w3.org/1999/xlink"
                           resourceRelationType="subjectOf"
                           xlink:href="FRAN_IR_053543"
                           xlink:type="simple">
            <relationEntry localType="archival"> Images des répertoires du notaire Antoine Philippe Riollet pour l'étude III (illustré des images numériques) </relationEntry>
         </resourceRelation>
         <resourceRelation xmlns:xlink="http://www.w3.org/1999/xlink"
                           resourceRelationType="subjectOf"
                           xlink:href="FRAN_IR_053553"
                           xlink:type="simple">
            <relationEntry localType="archival"> Images du répertoire du notaire François I Dionis pour l'étude III</relationEntry>
         </resourceRelation>
         <resourceRelation xmlns:xlink="http://www.w3.org/1999/xlink"
                           resourceRelationType="creatorOf"
                           xlink:href="FRAN_IR_041141"
                           xlink:type="simple">
            <relationEntry localType="archival">Minutes et répertoires du notaire notaires divers, 1511 - 1600 (étude III)</relationEntry>
         </resourceRelation>
         <resourceRelation xmlns:xlink="http://www.w3.org/1999/xlink"
                           resourceRelationType="creatorOf"
                           xlink:href="FRAN_IR_041140"
                           xlink:type="simple">
            <relationEntry localType="archival">Minutes et répertoires du notaire HERVY, 17 novembre 1509 - 19 mars 1510 (étude III)</relationEntry>
         </resourceRelation>
         <resourceRelation xmlns:xlink="http://www.w3.org/1999/xlink"
                           resourceRelationType="creatorOf"
                           xlink:href="FRAN_IR_041139"
                           xlink:type="simple">
            <relationEntry localType="archival">Minutes et répertoires du notaire Roger ROHART, 17 novembre 1509 - 19 mars 1510 (étude III)</relationEntry>
         </resourceRelation>
         <resourceRelation xmlns:xlink="http://www.w3.org/1999/xlink"
                           resourceRelationType="creatorOf"
                           xlink:href="FRAN_IR_041144"
                           xlink:type="simple">
            <relationEntry localType="archival">Minutes et répertoires du notaire Michel de FELIN, 8 mai 1527 - 1554 (étude III)</relationEntry>
         </resourceRelation>
         <resourceRelation xmlns:xlink="http://www.w3.org/1999/xlink"
                           resourceRelationType="creatorOf"
                           xlink:href="FRAN_IR_041143"
                           xlink:type="simple">
            <relationEntry localType="archival">Minutes et répertoires du notaire Simon CHENU, 22 janvier 1520 - 29 octobre 1548 (étude III)</relationEntry>
         </resourceRelation>
         <resourceRelation xmlns:xlink="http://www.w3.org/1999/xlink"
                           resourceRelationType="creatorOf"
                           xlink:href="FRAN_IR_041142"
                           xlink:type="simple">
            <relationEntry localType="archival">Minutes et répertoires du notaire Pierre THURET, 1540 - 7 septembre 1568 (étude III)</relationEntry>
         </resourceRelation>
         <resourceRelation xmlns:xlink="http://www.w3.org/1999/xlink"
                           resourceRelationType="creatorOf"
                           xlink:href="FRAN_IR_041147"
                           xlink:type="simple">
            <relationEntry localType="archival">Minutes et répertoires du notaire Guillaume I HERBIN, novembre 1572 - décembre  1589 (étude III)</relationEntry>
         </resourceRelation>
         <resourceRelation xmlns:xlink="http://www.w3.org/1999/xlink"
                           resourceRelationType="creatorOf"
                           xlink:href="FRAN_IR_041149"
                           xlink:type="simple">
            <relationEntry localType="archival">Minutes et répertoires du notaire Jean BENARD, janvier 1580 - juillet 1580 (étude III)</relationEntry>
         </resourceRelation>
         <resourceRelation xmlns:xlink="http://www.w3.org/1999/xlink"
                           resourceRelationType="creatorOf"
                           xlink:href="FRAN_IR_041138"
                           xlink:type="simple">
            <relationEntry localType="archival">Minutes et répertoires du notaire Adrien FOURNIER, 24 juillet 1545 - 1570 (étude III)</relationEntry>
         </resourceRelation>
         <resourceRelation xmlns:xlink="http://www.w3.org/1999/xlink"
                           resourceRelationType="creatorOf"
                           xlink:href="FRAN_IR_041145"
                           xlink:type="simple">
            <relationEntry localType="archival">Minutes et répertoires du notaire Henri CONTESSE, juillet 1568 - septembre 1572 (étude III)</relationEntry>
         </resourceRelation>
         <resourceRelation xmlns:xlink="http://www.w3.org/1999/xlink"
                           resourceRelationType="creatorOf"
                           xlink:href="FRAN_IR_041150"
                           xlink:type="simple">
            <relationEntry localType="archival">Minutes et répertoires du notaire Jean CHANTEMERLE, octobre 1580 - 1587 (étude III)</relationEntry>
         </resourceRelation>
         <resourceRelation xmlns:xlink="http://www.w3.org/1999/xlink"
                           resourceRelationType="creatorOf"
                           xlink:href="FRAN_IR_041151"
                           xlink:type="simple">
            <relationEntry localType="archival">Minutes et répertoires du notaire François AYMERAY, 17 décembre 1584 - 1594 (étude III)</relationEntry>
         </resourceRelation>
         <resourceRelation xmlns:xlink="http://www.w3.org/1999/xlink"
                           resourceRelationType="creatorOf"
                           xlink:href="FRAN_IR_041146"
                           xlink:type="simple">
            <relationEntry localType="archival">Minutes et répertoires du notaire Jean THIREUL, 23 août 1568 - décembre 1587 (étude III)</relationEntry>
         </resourceRelation>
         <resourceRelation xmlns:xlink="http://www.w3.org/1999/xlink"
                           resourceRelationType="creatorOf"
                           xlink:href="FRAN_IR_041148"
                           xlink:type="simple">
            <relationEntry localType="archival">Minutes et répertoires du notaire Étienne BRUSLÉ, 1580 - 1580 (étude III)</relationEntry>
         </resourceRelation>
         <resourceRelation xmlns:xlink="http://www.w3.org/1999/xlink"
                           resourceRelationType="creatorOf"
                           xlink:href="FRAN_IR_041152"
                           xlink:type="simple">
            <relationEntry localType="archival">Minutes et répertoires du notaire Simon FOURNIER, 1588 - 1er mars 1630 (étude III)</relationEntry>
         </resourceRelation>
         <resourceRelation xmlns:xlink="http://www.w3.org/1999/xlink"
                           resourceRelationType="creatorOf"
                           xlink:href="FRAN_IR_041153"
                           xlink:type="simple">
            <relationEntry localType="archival">Minutes et répertoires du notaire Mathurin FOURNIER, 1er mars 1630 - 8 juillet 1643 (étude III)</relationEntry>
         </resourceRelation>
         <resourceRelation xmlns:xlink="http://www.w3.org/1999/xlink"
                           resourceRelationType="creatorOf"
                           xlink:href="FRAN_IR_041154"
                           xlink:type="simple">
            <relationEntry localType="archival">Minutes et répertoires du notaire Antoine GAULTIER, 9 juillet 1643 - 4 avril 1663 (étude III)</relationEntry>
         </resourceRelation>
         <resourceRelation xmlns:xlink="http://www.w3.org/1999/xlink"
                           resourceRelationType="creatorOf"
                           xlink:href="FRAN_IR_041155"
                           xlink:type="simple">
            <relationEntry localType="archival">Minutes et répertoires du notaire Arnault VALLON, 5 avril 1663 - 24 mai 1669 (étude III)</relationEntry>
         </resourceRelation>
         <resourceRelation xmlns:xlink="http://www.w3.org/1999/xlink"
                           resourceRelationType="creatorOf"
                           xlink:href="FRAN_IR_041156"
                           xlink:type="simple">
            <relationEntry localType="archival">Minutes et répertoires du notaire François I DIONIS, 27 mai 1669 - 16 octobre 1699 (étude III)</relationEntry>
         </resourceRelation>
         <resourceRelation xmlns:xlink="http://www.w3.org/1999/xlink"
                           resourceRelationType="creatorOf"
                           xlink:href="FRAN_IR_041157"
                           xlink:type="simple">
            <relationEntry localType="archival">Minutes et répertoires du notaire François II DIONIS, 16 octobre 1699 - 30 octobre 1744 (étude III)</relationEntry>
         </resourceRelation>
         <resourceRelation xmlns:xlink="http://www.w3.org/1999/xlink"
                           resourceRelationType="creatorOf"
                           xlink:href="FRAN_IR_041158"
                           xlink:type="simple">
            <relationEntry localType="archival">Minutes et répertoires du notaire Simon GIRAULT, 3 novembre 1744 - 10 février 1775 (étude III)</relationEntry>
         </resourceRelation>
         <resourceRelation xmlns:xlink="http://www.w3.org/1999/xlink"
                           resourceRelationType="creatorOf"
                           xlink:href="FRAN_IR_041159"
                           xlink:type="simple">
            <relationEntry localType="archival">Minutes et répertoires du notaire Athanase LEMOINE, 11 février 1775 - 16 juin 1801 (étude III)</relationEntry>
         </resourceRelation>
         <resourceRelation xmlns:xlink="http://www.w3.org/1999/xlink"
                           resourceRelationType="creatorOf"
                           xlink:href="FRAN_IR_041161"
                           xlink:type="simple">
            <relationEntry localType="archival">Minutes et répertoires du notaire Antoine RIOLLET, 17 juin 1801 - 9 avril 1807 (étude III)</relationEntry>
         </resourceRelation>
         <resourceRelation xmlns:xlink="http://www.w3.org/1999/xlink"
                           resourceRelationType="creatorOf"
                           xlink:href="FRAN_IR_041160"
                           xlink:type="simple">
            <relationEntry localType="archival">Minutes et répertoires du notaire Benjamin VERNOIS, 9 avril 1807 - 27 novembre 1828 (étude III)</relationEntry>
         </resourceRelation>
         <resourceRelation xmlns:xlink="http://www.w3.org/1999/xlink"
                           resourceRelationType="creatorOf"
                           xlink:href="FRAN_IR_041162"
                           xlink:type="simple">
            <relationEntry localType="archival">Minutes et répertoires du notaire Marcel CHANDRU, 28 novembre 1828 - 4 août 1862 (étude III)</relationEntry>
         </resourceRelation>
         <resourceRelation xmlns:xlink="http://www.w3.org/1999/xlink"
                           resourceRelationType="creatorOf"
                           xlink:href="FRAN_IR_041163"
                           xlink:type="simple">
            <relationEntry localType="archival">Minutes et répertoires du notaire Ambroise LEROY, 5 août 1862 - 4 novembre 1891 (étude III)</relationEntry>
         </resourceRelation>
         <resourceRelation xmlns:xlink="http://www.w3.org/1999/xlink"
                           resourceRelationType="creatorOf"
                           xlink:href="FRAN_IR_041164"
                           xlink:type="simple">
            <relationEntry localType="archival">Minutes et répertoires du notaire Antoine MOTEL, 4 novembre 1891 - 8 juillet 1898 (étude III)</relationEntry>
         </resourceRelation>
         <resourceRelation xmlns:xlink="http://www.w3.org/1999/xlink"
                           resourceRelationType="creatorOf"
                           xlink:href="FRAN_IR_041137"
                           xlink:type="simple">
            <relationEntry localType="archival">Archives de l'étude III</relationEntry>
         </resourceRelation>
         <resourceRelation xmlns:xlink="http://www.w3.org/1999/xlink"
                           resourceRelationType="creatorOf"
                           xlink:href="FRAN_IR_051731"
                           xlink:type="simple">
            <relationEntry localType="archival">Images des répertoires du notaire Benjamin Vernois pour l'étude III</relationEntry>
         </resourceRelation>
      </relations>
   </cpfDescription>
</eac-cpf>
