<eac-cpf xmlns="urn:isbn:1-931666-33-4"
         xmlns:xsi="http://www.w3.org/2001/XMLSchema-instance"
         xsi:schemaLocation="urn:isbn:1-931666-33-4 cpf.xsd">
   <control>
      <recordId>FRAN_NP_010249</recordId>
      <otherRecordId localType="Ancien_identifiant">FRDAFANCH00MC_NAETUDE_122</otherRecordId>
      <maintenanceStatus>derived</maintenanceStatus>
      <maintenanceAgency>
         <agencyName>Archives nationales de France</agencyName>
      </maintenanceAgency>
      <languageDeclaration>
         <language languageCode="fre">Français</language>
         <script scriptCode="Latn"/>
      </languageDeclaration>
      <conventionDeclaration>
         <citation>Notice établie conformément à la norme ICA-ISAAR (CPF) 2004, aux normes ISO 8601 pour le système de normalisation des dates utilisé, ainsi que AFNOR NF Z 44-061, juin 1986. Catalogage : forme et structure des vedettes noms de personne, des vedettes titres, des rubriques de classement et des titres forgés.</citation>
      </conventionDeclaration>
      <localControl localType="niveau_de_detail">
         <term>Moyenne</term>
      </localControl>
      <maintenanceHistory>
         <maintenanceEvent>
            <eventType>derived</eventType>
            <eventDateTime>2013-04-23</eventDateTime>
            <agentType>machine</agentType>
            <agent>Migration ETANOT</agent>
         </maintenanceEvent>
      </maintenanceHistory>
   </control>
   <cpfDescription>
      <identity>
         <entityType>corporateBody</entityType>
         <nameEntry localType="autorisée" scriptCode="Latn" xml:lang="fre">
            <part>Etude CXXII</part>
         </nameEntry>
         <nameEntry>
            <part>75044</part>
         </nameEntry>
      </identity>
      <description>
         <existDates>
            <dateRange>
               <fromDate standardDate="1500-01-01">1500</fromDate>
            </dateRange>
         </existDates>
         <functions>
            <function>
               <term vocabularySource="d3nyui3o8w--11y7jgy8q3wnt">notaire à paris</term>
               <dateRange>
                  <fromDate standardDate="1500-01-01">1500</fromDate>
                  <toDate/>
               </dateRange>
            </function>
         </functions>
         <biogHist>
            <p>De 1584 à 1704, cette étude est installée rue Saint-André-des-Arts, au bout du Pont Saint-Michel. Elle se transporte alors dans la Cité et y demeure (rue de la Vieille-Draperie) jusqu'en 1844. Elle passe alors à nouveau le Pont Saint-Michel pour s'établir rue de l'École-de-Médecine, avant de regagner son lieu d'origine, la place Saint-Michel, en 1869. Cette étude rassemble les fonds de 48 notaires du XVIème siècle. Leur localisation n'est pas toujours aisée car les minutes sont conservées de façon fragmentaire (une dizaine de liasses par notaires en moyenne). La clientèle recouvre néanmoins les principaux quartiers du Paris de l'époque.</p>
         </biogHist>
      </description>
      <relations>
         <cpfRelation xmlns:xlink="http://www.w3.org/1999/xlink"
                      cpfRelationType="associative"
                      xlink:href="FRAN_NP_010325"
                      xlink:type="simple">
            <relationEntry>Valet, Pierre I</relationEntry>
            <dateRange>
               <fromDate standardDate="1539-07-24">24 juillet 1539</fromDate>
               <toDate standardDate="1568-12-31">1568</toDate>
            </dateRange>
         </cpfRelation>
         <cpfRelation xmlns:xlink="http://www.w3.org/1999/xlink"
                      cpfRelationType="associative"
                      xlink:href="FRAN_NP_010326"
                      xlink:type="simple">
            <relationEntry>Valet, Pierre II</relationEntry>
            <dateRange>
               <fromDate standardDate="1571-10-15">15 octobre 1571</fromDate>
               <toDate standardDate="1572-10-27">27 octobre 1572</toDate>
            </dateRange>
         </cpfRelation>
         <cpfRelation xmlns:xlink="http://www.w3.org/1999/xlink"
                      cpfRelationType="associative"
                      xlink:href="FRAN_NP_010364"
                      xlink:type="simple">
            <relationEntry>Viau, Mathurin</relationEntry>
            <dateRange>
               <fromDate standardDate="1539-09-08">8 septembre 1539</fromDate>
               <toDate standardDate="1546-02-11">11 février 1546</toDate>
            </dateRange>
         </cpfRelation>
         <cpfRelation xmlns:xlink="http://www.w3.org/1999/xlink"
                      cpfRelationType="associative"
                      xlink:href="FRAN_NP_010800"
                      xlink:type="simple">
            <relationEntry>Nicolas, Guillaume I</relationEntry>
            <dateRange>
               <fromDate standardDate="1526-11-08">8 novembre 1526</fromDate>
               <toDate standardDate="1562-11-27">27 novembre 1562</toDate>
            </dateRange>
         </cpfRelation>
         <cpfRelation xmlns:xlink="http://www.w3.org/1999/xlink"
                      cpfRelationType="associative"
                      xlink:href="FRAN_NP_010801"
                      xlink:type="simple">
            <relationEntry>Nicolas, Guillaume II</relationEntry>
            <dateRange>
               <fromDate standardDate="1552-05-02">2 mai 1552</fromDate>
               <toDate standardDate="1554-07-30">30 juillet 1554</toDate>
            </dateRange>
         </cpfRelation>
         <cpfRelation xmlns:xlink="http://www.w3.org/1999/xlink"
                      cpfRelationType="associative"
                      xlink:href="FRAN_NP_010828"
                      xlink:type="simple">
            <relationEntry>Palanquin, Philippe</relationEntry>
            <dateRange>
               <fromDate standardDate="1524-05-21">21 mai 1524</fromDate>
               <toDate standardDate="1559-04-09">9 avril 1559</toDate>
            </dateRange>
         </cpfRelation>
         <cpfRelation xmlns:xlink="http://www.w3.org/1999/xlink"
                      cpfRelationType="associative"
                      xlink:href="FRAN_NP_010854"
                      xlink:type="simple">
            <relationEntry>Patu, Mathurin</relationEntry>
            <dateRange>
               <fromDate standardDate="1541-01-01">1541</fromDate>
               <toDate standardDate="1562-12-31">1562</toDate>
            </dateRange>
         </cpfRelation>
         <cpfRelation xmlns:xlink="http://www.w3.org/1999/xlink"
                      cpfRelationType="associative"
                      xlink:href="FRAN_NP_010862"
                      xlink:type="simple">
            <relationEntry>Payen, Pierre</relationEntry>
            <dateRange>
               <fromDate standardDate="1561-05-17">17 mai 1561</fromDate>
               <toDate standardDate="1567-09-30">septembre 1567</toDate>
            </dateRange>
         </cpfRelation>
         <cpfRelation xmlns:xlink="http://www.w3.org/1999/xlink"
                      cpfRelationType="associative"
                      xlink:href="FRAN_NP_011398"
                      xlink:type="simple">
            <relationEntry>Le charron, Germain</relationEntry>
            <dateRange>
               <fromDate standardDate="1533-06-05">5 juin 1533</fromDate>
               <toDate standardDate="1560-04-20">20 avril 1560</toDate>
            </dateRange>
         </cpfRelation>
         <cpfRelation xmlns:xlink="http://www.w3.org/1999/xlink"
                      cpfRelationType="associative"
                      xlink:href="FRAN_NP_011399"
                      xlink:type="simple">
            <relationEntry>Le charron, Jérôme</relationEntry>
            <dateRange>
               <fromDate standardDate="1544-12-10">10 décembre 1544</fromDate>
               <toDate standardDate="1566-05-12">12 mai 1566</toDate>
            </dateRange>
         </cpfRelation>
         <cpfRelation xmlns:xlink="http://www.w3.org/1999/xlink"
                      cpfRelationType="associative"
                      xlink:href="FRAN_NP_011429"
                      xlink:type="simple">
            <relationEntry>Le tavernier, Alphonse-André</relationEntry>
            <dateRange>
               <fromDate standardDate="1833-04-18">18 avril 1833</fromDate>
               <toDate standardDate="1853-05-11">11 mai 1853</toDate>
            </dateRange>
         </cpfRelation>
         <cpfRelation xmlns:xlink="http://www.w3.org/1999/xlink"
                      cpfRelationType="associative"
                      xlink:href="FRAN_NP_011430"
                      xlink:type="simple">
            <relationEntry>Le tellier, Michel</relationEntry>
            <dateRange>
               <fromDate standardDate="1541-01-05">5 janvier 1541</fromDate>
               <toDate standardDate="1560-04-02">2 avril 1560</toDate>
            </dateRange>
         </cpfRelation>
         <cpfRelation xmlns:xlink="http://www.w3.org/1999/xlink"
                      cpfRelationType="associative"
                      xlink:href="FRAN_NP_011431"
                      xlink:type="simple">
            <relationEntry>Léal, Antoine</relationEntry>
            <dateRange>
               <fromDate standardDate="1548-04-09">9 avril 1548</fromDate>
               <toDate standardDate="1572-03-07">7 mars 1572</toDate>
            </dateRange>
         </cpfRelation>
         <cpfRelation xmlns:xlink="http://www.w3.org/1999/xlink"
                      cpfRelationType="associative"
                      xlink:href="FRAN_NP_011447"
                      xlink:type="simple">
            <relationEntry>Leclerc, Jacques</relationEntry>
            <dateRange>
               <fromDate standardDate="1532-01-01">1532</fromDate>
               <toDate standardDate="1565-12-28">28 décembre 1565</toDate>
            </dateRange>
         </cpfRelation>
         <cpfRelation xmlns:xlink="http://www.w3.org/1999/xlink"
                      cpfRelationType="associative"
                      xlink:href="FRAN_NP_011463"
                      xlink:type="simple">
            <relationEntry>Ledoys, Léon</relationEntry>
            <dateRange>
               <fromDate standardDate="1550-04-02">2 avril 1550</fromDate>
               <toDate standardDate="1573-03-26">26 mars 1573</toDate>
            </dateRange>
         </cpfRelation>
         <cpfRelation xmlns:xlink="http://www.w3.org/1999/xlink"
                      cpfRelationType="associative"
                      xlink:href="FRAN_NP_011496"
                      xlink:type="simple">
            <relationEntry>Legendre, Simon</relationEntry>
            <dateRange>
               <fromDate standardDate="1517-07-08">8 juillet 1517</fromDate>
               <toDate standardDate="1543-02-14">14 février 1543</toDate>
            </dateRange>
         </cpfRelation>
         <cpfRelation xmlns:xlink="http://www.w3.org/1999/xlink"
                      cpfRelationType="associative"
                      xlink:href="FRAN_NP_011326"
                      xlink:type="simple">
            <relationEntry>Lambert, Alban-Jules</relationEntry>
            <dateRange>
               <fromDate standardDate="1853-05-11">11 mai 1853</fromDate>
               <toDate standardDate="1861-10-26">26 octobre 1861</toDate>
            </dateRange>
         </cpfRelation>
         <cpfRelation xmlns:xlink="http://www.w3.org/1999/xlink"
                      cpfRelationType="associative"
                      xlink:href="FRAN_NP_012514"
                      xlink:type="simple">
            <relationEntry>Contesse, Jean</relationEntry>
            <dateRange>
               <fromDate standardDate="1541-01-01">1541</fromDate>
               <toDate standardDate="1548-12-31">1548</toDate>
            </dateRange>
         </cpfRelation>
         <cpfRelation xmlns:xlink="http://www.w3.org/1999/xlink"
                      cpfRelationType="associative"
                      xlink:href="FRAN_NP_012444"
                      xlink:type="simple">
            <relationEntry>Dupont, Thibaud</relationEntry>
            <dateRange>
               <fromDate standardDate="1543-03-28">28 mars 1543</fromDate>
               <toDate standardDate="1568-12-04">4 décembre 1568</toDate>
            </dateRange>
         </cpfRelation>
         <cpfRelation xmlns:xlink="http://www.w3.org/1999/xlink"
                      cpfRelationType="associative"
                      xlink:href="FRAN_NP_012443"
                      xlink:type="simple">
            <relationEntry>Du haulsois, Claude</relationEntry>
            <dateRange>
               <fromDate standardDate="1555-11-17">17 novembre 1555</fromDate>
               <toDate standardDate="1559-01-30">30 janvier 1559</toDate>
            </dateRange>
         </cpfRelation>
         <cpfRelation xmlns:xlink="http://www.w3.org/1999/xlink"
                      cpfRelationType="associative"
                      xlink:href="FRAN_NP_012590"
                      xlink:type="simple">
            <relationEntry>Contesse, René I</relationEntry>
            <dateRange>
               <fromDate standardDate="1563-01-01">1er janvier 1563</fromDate>
               <toDate standardDate="1563-12-31">31 décembre 1563</toDate>
            </dateRange>
         </cpfRelation>
         <cpfRelation xmlns:xlink="http://www.w3.org/1999/xlink"
                      cpfRelationType="associative"
                      xlink:href="FRAN_NP_011117"
                      xlink:type="simple">
            <relationEntry>Maultrot, Jean-François</relationEntry>
            <dateRange>
               <fromDate standardDate="1705-02-10">10 février 1705</fromDate>
               <toDate standardDate="1735-01-19">19 janvier 1735</toDate>
            </dateRange>
         </cpfRelation>
         <cpfRelation xmlns:xlink="http://www.w3.org/1999/xlink"
                      cpfRelationType="associative"
                      xlink:href="FRAN_NP_010407"
                      xlink:type="simple">
            <relationEntry>Tardif, Jean</relationEntry>
            <dateRange>
               <fromDate standardDate="1799-10-25">25 octobre 1799</fromDate>
               <toDate standardDate="1819-11-06">6 novembre 1819</toDate>
            </dateRange>
         </cpfRelation>
         <cpfRelation xmlns:xlink="http://www.w3.org/1999/xlink"
                      cpfRelationType="associative"
                      xlink:href="FRAN_NP_010497"
                      xlink:type="simple">
            <relationEntry>Troyes, Hector de</relationEntry>
            <dateRange>
               <fromDate standardDate="1625-06-18">18 juin 1625</fromDate>
               <toDate standardDate="1631-05-13">13 mai 1631</toDate>
            </dateRange>
         </cpfRelation>
         <cpfRelation xmlns:xlink="http://www.w3.org/1999/xlink"
                      cpfRelationType="associative"
                      xlink:href="FRAN_NP_010496"
                      xlink:type="simple">
            <relationEntry>Troyes, Claude IV de</relationEntry>
            <dateRange>
               <fromDate standardDate="1668-03-12">12 mars 1668</fromDate>
               <toDate standardDate="1683-08-02">02 août 1683</toDate>
            </dateRange>
         </cpfRelation>
         <cpfRelation xmlns:xlink="http://www.w3.org/1999/xlink"
                      cpfRelationType="associative"
                      xlink:href="FRAN_NP_011934"
                      xlink:type="simple">
            <relationEntry>Goguier, Henri I</relationEntry>
            <dateRange>
               <fromDate standardDate="1523-01-01">1523</fromDate>
               <toDate standardDate="1533-12-31">1533</toDate>
            </dateRange>
         </cpfRelation>
         <cpfRelation xmlns:xlink="http://www.w3.org/1999/xlink"
                      cpfRelationType="associative"
                      xlink:href="FRAN_NP_012725"
                      xlink:type="simple">
            <relationEntry>Chrestien, Alexandre-Pierre</relationEntry>
            <dateRange>
               <fromDate standardDate="1819-11-06">6 novembre 1819</fromDate>
               <toDate standardDate="1833-04-18">18 avril 1833</toDate>
            </dateRange>
         </cpfRelation>
         <cpfRelation xmlns:xlink="http://www.w3.org/1999/xlink"
                      cpfRelationType="associative"
                      xlink:href="FRAN_NP_012727"
                      xlink:type="simple">
            <relationEntry>Contesse, Nicolas</relationEntry>
            <dateRange>
               <fromDate standardDate="1521-07-21">21 juillet 1521</fromDate>
               <toDate standardDate="1557-12-31">1557</toDate>
            </dateRange>
         </cpfRelation>
         <cpfRelation xmlns:xlink="http://www.w3.org/1999/xlink"
                      cpfRelationType="associative"
                      xlink:href="FRAN_NP_012729"
                      xlink:type="simple">
            <relationEntry>Cousin, Paul-Marie-Frédéric</relationEntry>
            <dateRange>
               <fromDate standardDate="1889-12-18">18 décembre 1889</fromDate>
               <toDate standardDate="1936-03-18">18 mars 1936</toDate>
            </dateRange>
         </cpfRelation>
         <cpfRelation xmlns:xlink="http://www.w3.org/1999/xlink"
                      cpfRelationType="associative"
                      xlink:href="FRAN_NP_013369"
                      xlink:type="simple">
            <relationEntry>Symon, Germain</relationEntry>
            <dateRange>
               <fromDate standardDate="1581-01-01">1581</fromDate>
               <toDate standardDate="1584-12-31">1584</toDate>
            </dateRange>
         </cpfRelation>
         <cpfRelation xmlns:xlink="http://www.w3.org/1999/xlink"
                      cpfRelationType="associative"
                      xlink:href="FRAN_NP_012723"
                      xlink:type="simple">
            <relationEntry>Charles, Jacques</relationEntry>
            <dateRange>
               <fromDate standardDate="1545-02-18">18 février 1545</fromDate>
               <toDate standardDate="1552-04-15">15 avril 1552</toDate>
            </dateRange>
         </cpfRelation>
         <cpfRelation xmlns:xlink="http://www.w3.org/1999/xlink"
                      cpfRelationType="associative"
                      xlink:href="FRAN_NP_012721"
                      xlink:type="simple">
            <relationEntry>Cadier, Guillaume</relationEntry>
            <dateRange>
               <fromDate standardDate="1546-12-22">22 décembre 1546</fromDate>
               <toDate standardDate="1586-12-31">décembre 1586</toDate>
            </dateRange>
         </cpfRelation>
         <cpfRelation xmlns:xlink="http://www.w3.org/1999/xlink"
                      cpfRelationType="associative"
                      xlink:href="FRAN_NP_010702"
                      xlink:type="simple">
            <relationEntry>Robineau, Claude-Louis</relationEntry>
            <dateRange>
               <fromDate standardDate="1735-01-19">19 janvier 1735</fromDate>
               <toDate standardDate="1749-04-18">18 avril 1749</toDate>
            </dateRange>
         </cpfRelation>
         <cpfRelation xmlns:xlink="http://www.w3.org/1999/xlink"
                      cpfRelationType="associative"
                      xlink:href="FRAN_NP_011826"
                      xlink:type="simple">
            <relationEntry>Gaillard, Thomas</relationEntry>
            <dateRange>
               <fromDate standardDate="1771-08-13">13 août 1771</fromDate>
               <toDate standardDate="1799-10-25">25 octobre 1799</toDate>
            </dateRange>
         </cpfRelation>
         <cpfRelation xmlns:xlink="http://www.w3.org/1999/xlink"
                      cpfRelationType="associative"
                      xlink:href="FRAN_NP_013002"
                      xlink:type="simple">
            <relationEntry>Bourgery, Gilles</relationEntry>
            <dateRange>
               <fromDate standardDate="1556-08-06">6 août 1556</fromDate>
               <toDate standardDate="1573-06-18">18 juin 1573</toDate>
            </dateRange>
         </cpfRelation>
         <cpfRelation xmlns:xlink="http://www.w3.org/1999/xlink"
                      cpfRelationType="associative"
                      xlink:href="FRAN_NP_013078"
                      xlink:type="simple">
            <relationEntry>Bruyère, Marc</relationEntry>
            <dateRange>
               <fromDate standardDate="1583-07-01">juillet 1583</fromDate>
               <toDate standardDate="1591-10-21">21 octobre 1591</toDate>
            </dateRange>
         </cpfRelation>
         <cpfRelation xmlns:xlink="http://www.w3.org/1999/xlink"
                      cpfRelationType="associative"
                      xlink:href="FRAN_NP_011762"
                      xlink:type="simple">
            <relationEntry>Henry, Mathieu</relationEntry>
            <dateRange>
               <fromDate standardDate="1551-04-15">15 avril 1551</fromDate>
               <toDate standardDate="1573-12-30">30 décembre 1573</toDate>
            </dateRange>
         </cpfRelation>
         <cpfRelation xmlns:xlink="http://www.w3.org/1999/xlink"
                      cpfRelationType="associative"
                      xlink:href="FRAN_NP_010636"
                      xlink:type="simple">
            <relationEntry>Reme, Patrick</relationEntry>
            <dateRange>
               <fromDate standardDate="1980-07-09">9 juillet 1980</fromDate>
               <toDate standardDate="1991-07-03">3 juillet 1991</toDate>
            </dateRange>
         </cpfRelation>
         <cpfRelation xmlns:xlink="http://www.w3.org/1999/xlink"
                      cpfRelationType="associative"
                      xlink:href="FRAN_NP_012040"
                      xlink:type="simple">
            <relationEntry>Felize, Jacques</relationEntry>
            <dateRange>
               <fromDate standardDate="1749-04-18">18 avril 1749</fromDate>
               <toDate standardDate="1771-08-10">10 août 1771</toDate>
            </dateRange>
         </cpfRelation>
         <cpfRelation xmlns:xlink="http://www.w3.org/1999/xlink"
                      cpfRelationType="associative"
                      xlink:href="FRAN_NP_012987"
                      xlink:type="simple">
            <relationEntry>Boulle, Michel</relationEntry>
            <dateRange>
               <fromDate standardDate="1520-08-11">11 août 1520</fromDate>
               <toDate standardDate="1544-10-25">25 octobre 1544</toDate>
            </dateRange>
         </cpfRelation>
         <cpfRelation xmlns:xlink="http://www.w3.org/1999/xlink"
                      cpfRelationType="associative"
                      xlink:href="FRAN_NP_012973"
                      xlink:type="simple">
            <relationEntry>Boucher, Etienne-Michel</relationEntry>
            <dateRange>
               <fromDate standardDate="1683-08-02">2 août 1683</fromDate>
               <toDate standardDate="1704-03-11">11 mars 1704</toDate>
            </dateRange>
         </cpfRelation>
         <cpfRelation xmlns:xlink="http://www.w3.org/1999/xlink"
                      cpfRelationType="associative"
                      xlink:href="FRAN_NP_012076"
                      xlink:type="simple">
            <relationEntry>Forget, Léonard</relationEntry>
            <dateRange>
               <fromDate standardDate="1523-01-01">1523</fromDate>
               <toDate standardDate="1541-12-31">1541</toDate>
            </dateRange>
         </cpfRelation>
         <cpfRelation xmlns:xlink="http://www.w3.org/1999/xlink"
                      cpfRelationType="associative"
                      xlink:href="FRAN_NP_012967"
                      xlink:type="simple">
            <relationEntry>Boreau, Jean</relationEntry>
            <dateRange>
               <fromDate standardDate="1531-01-01">1er janvier 1531</fromDate>
               <toDate standardDate="1531-12-31">31 décembre 1531</toDate>
            </dateRange>
         </cpfRelation>
         <cpfRelation xmlns:xlink="http://www.w3.org/1999/xlink"
                      cpfRelationType="associative"
                      xlink:href="FRAN_NP_013108"
                      xlink:type="simple">
            <relationEntry>Alart, Jean</relationEntry>
            <dateRange>
               <fromDate standardDate="1545-01-01">1545</fromDate>
               <toDate standardDate="1573-12-31">1573</toDate>
            </dateRange>
         </cpfRelation>
         <cpfRelation xmlns:xlink="http://www.w3.org/1999/xlink"
                      cpfRelationType="associative"
                      xlink:href="FRAN_NP_012988"
                      xlink:type="simple">
            <relationEntry>Boulle, Pierre</relationEntry>
            <dateRange>
               <fromDate standardDate="1539-09-29">29 septembre 1539</fromDate>
               <toDate standardDate="1548-07-04">4 juillet 1548</toDate>
            </dateRange>
         </cpfRelation>
         <cpfRelation xmlns:xlink="http://www.w3.org/1999/xlink"
                      cpfRelationType="associative"
                      xlink:href="FRAN_NP_011737"
                      xlink:type="simple">
            <relationEntry>Hamelin, François</relationEntry>
            <dateRange>
               <fromDate standardDate="1542-04-11">11 avril 1542</fromDate>
               <toDate standardDate="1544-04-11">11 avril 1544</toDate>
            </dateRange>
         </cpfRelation>
         <cpfRelation xmlns:xlink="http://www.w3.org/1999/xlink"
                      cpfRelationType="associative"
                      xlink:href="FRAN_NP_011781"
                      xlink:type="simple">
            <relationEntry>Hinselin, Jean</relationEntry>
            <dateRange>
               <fromDate standardDate="1527-07-20">20 juillet 1527</fromDate>
               <toDate standardDate="1557-05-05">5 mai 1557</toDate>
            </dateRange>
         </cpfRelation>
         <cpfRelation xmlns:xlink="http://www.w3.org/1999/xlink"
                      cpfRelationType="associative"
                      xlink:href="FRAN_NP_013059"
                      xlink:type="simple">
            <relationEntry>Brisseau, René</relationEntry>
            <dateRange>
               <fromDate standardDate="1768-01-01">1768</fromDate>
               <toDate standardDate="1774-08-17">17 août 1774</toDate>
            </dateRange>
         </cpfRelation>
         <cpfRelation xmlns:xlink="http://www.w3.org/1999/xlink"
                      cpfRelationType="associative"
                      xlink:href="FRAN_NP_012826"
                      xlink:type="simple">
            <relationEntry>Becquet, Jean</relationEntry>
            <dateRange>
               <fromDate standardDate="1585-06-22">22 juin 1585</fromDate>
               <toDate standardDate="1590-08-09">9 août 1590</toDate>
            </dateRange>
         </cpfRelation>
         <cpfRelation xmlns:xlink="http://www.w3.org/1999/xlink"
                      cpfRelationType="associative"
                      xlink:href="FRAN_NP_012890"
                      xlink:type="simple">
            <relationEntry>Besson, Philippe</relationEntry>
            <dateRange>
               <fromDate standardDate="1998-04-29">29 avril 1998</fromDate>
            </dateRange>
         </cpfRelation>
         <cpfRelation xmlns:xlink="http://www.w3.org/1999/xlink"
                      cpfRelationType="associative"
                      xlink:href="FRAN_NP_010798"
                      xlink:type="simple">
            <relationEntry>Nevers, Jean de</relationEntry>
            <dateRange>
               <fromDate standardDate="1526-04-18">18 avril 1526</fromDate>
               <toDate standardDate="1532-11-20">20 novembre 1532</toDate>
            </dateRange>
         </cpfRelation>
         <cpfRelation xmlns:xlink="http://www.w3.org/1999/xlink"
                      cpfRelationType="associative"
                      xlink:href="FRAN_NP_010724"
                      xlink:type="simple">
            <relationEntry>Rossignol, Pierre</relationEntry>
            <dateRange>
               <fromDate standardDate="1575-10-28">28 octobre 1575</fromDate>
               <toDate standardDate="1583-08-30">30 août 1583</toDate>
            </dateRange>
         </cpfRelation>
         <cpfRelation xmlns:xlink="http://www.w3.org/1999/xlink"
                      cpfRelationType="associative"
                      xlink:href="FRAN_NP_012722"
                      xlink:type="simple">
            <relationEntry>Champin, Nicolas</relationEntry>
            <dateRange>
               <fromDate standardDate="1530-10-26">26 octobre 1530</fromDate>
               <toDate standardDate="1544-06-21">21 juin 1544</toDate>
            </dateRange>
         </cpfRelation>
         <cpfRelation xmlns:xlink="http://www.w3.org/1999/xlink"
                      cpfRelationType="associative"
                      xlink:href="FRAN_NP_012724"
                      xlink:type="simple">
            <relationEntry>Charlet, Pierre</relationEntry>
            <dateRange>
               <fromDate standardDate="1528-07-18">18 juillet 1528</fromDate>
               <toDate standardDate="1554-04-13">13 avril 1554</toDate>
            </dateRange>
         </cpfRelation>
         <cpfRelation xmlns:xlink="http://www.w3.org/1999/xlink"
                      cpfRelationType="associative"
                      xlink:href="FRAN_NP_013368"
                      xlink:type="simple">
            <relationEntry>Barrière rené</relationEntry>
            <dateRange>
               <fromDate standardDate="1547-01-01">1547</fromDate>
               <toDate standardDate="1584-11-19">19 novembre 1584</toDate>
            </dateRange>
         </cpfRelation>
         <cpfRelation xmlns:xlink="http://www.w3.org/1999/xlink"
                      cpfRelationType="associative"
                      xlink:href="FRAN_NP_012728"
                      xlink:type="simple">
            <relationEntry>Courot, Edme-Augustin</relationEntry>
            <dateRange>
               <fromDate standardDate="1861-10-26">26 octobre 1861</fromDate>
               <toDate standardDate="1889-12-18">18 décembre 1889</toDate>
            </dateRange>
         </cpfRelation>
         <cpfRelation xmlns:xlink="http://www.w3.org/1999/xlink"
                      cpfRelationType="associative"
                      xlink:href="FRAN_NP_012726"
                      xlink:type="simple">
            <relationEntry>Contesse, Dreux</relationEntry>
            <dateRange>
               <fromDate standardDate="1508-01-01">1508</fromDate>
               <toDate standardDate="1517-04-10">10 avril 1517</toDate>
            </dateRange>
         </cpfRelation>
         <cpfRelation xmlns:xlink="http://www.w3.org/1999/xlink"
                      cpfRelationType="associative"
                      xlink:href="FRAN_NP_012750"
                      xlink:type="simple">
            <relationEntry>Bailly, Jean</relationEntry>
            <dateRange>
               <fromDate standardDate="1528-01-01">1528</fromDate>
               <toDate standardDate="1531-12-31">1531</toDate>
            </dateRange>
         </cpfRelation>
         <cpfRelation xmlns:xlink="http://www.w3.org/1999/xlink"
                      cpfRelationType="associative"
                      xlink:href="FRAN_NP_011933"
                      xlink:type="simple">
            <relationEntry>Goguier, Eustache</relationEntry>
            <dateRange>
               <fromDate standardDate="1556-03-13">13 mars 1556</fromDate>
               <toDate standardDate="1572-08-22">22 août 1572</toDate>
            </dateRange>
         </cpfRelation>
         <cpfRelation xmlns:xlink="http://www.w3.org/1999/xlink"
                      cpfRelationType="associative"
                      xlink:href="FRAN_NP_010495"
                      xlink:type="simple">
            <relationEntry>Troyes, Claude III de</relationEntry>
            <dateRange>
               <fromDate standardDate="1631-05-13">13 mai 1631</fromDate>
               <toDate standardDate="1668-03-12">12 mars 1668</toDate>
            </dateRange>
         </cpfRelation>
         <cpfRelation xmlns:xlink="http://www.w3.org/1999/xlink"
                      cpfRelationType="associative"
                      xlink:href="FRAN_NP_010494"
                      xlink:type="simple">
            <relationEntry>Troyes, Claude I de</relationEntry>
            <dateRange>
               <fromDate standardDate="1583-09-28">28 septembre 1583</fromDate>
               <toDate standardDate="1625-06-30">juin 1625</toDate>
            </dateRange>
         </cpfRelation>
         <cpfRelation xmlns:xlink="http://www.w3.org/1999/xlink"
                      cpfRelationType="associative"
                      xlink:href="FRAN_NP_011143"
                      xlink:type="simple">
            <relationEntry>Mérault, Michel</relationEntry>
            <dateRange>
               <fromDate standardDate="1539-09-20">20 septembre 1539</fromDate>
               <toDate standardDate="1547-07-19">19 juillet 1547</toDate>
            </dateRange>
         </cpfRelation>
         <cpfRelation xmlns:xlink="http://www.w3.org/1999/xlink"
                      cpfRelationType="associative"
                      xlink:href="FRAN_NP_010536"
                      xlink:type="simple">
            <relationEntry>Sainct-Yon, Adrien de</relationEntry>
            <dateRange>
               <fromDate standardDate="1539-09-27">27 septembre 1539</fromDate>
               <toDate standardDate="1548-04-17">17 avril 1548</toDate>
            </dateRange>
         </cpfRelation>
         <cpfRelation xmlns:xlink="http://www.w3.org/1999/xlink"
                      cpfRelationType="associative"
                      xlink:href="FRAN_NP_010550"
                      xlink:type="simple">
            <relationEntry>Sauvegrain, Thomas</relationEntry>
            <dateRange>
               <fromDate standardDate="1542-07-01">1er juillet 1542</fromDate>
               <toDate standardDate="1549-04-11">11 avril 1549</toDate>
            </dateRange>
         </cpfRelation>
         <cpfRelation xmlns:xlink="http://www.w3.org/1999/xlink"
                      cpfRelationType="associative"
                      xlink:href="FRAN_NP_012442"
                      xlink:type="simple">
            <relationEntry>Detroye, Jean Gustave</relationEntry>
            <dateRange>
               <fromDate standardDate="1936-03-18">18 mars 1936</fromDate>
               <toDate standardDate="1962-08-22">22 août 1962</toDate>
            </dateRange>
         </cpfRelation>
         <cpfRelation xmlns:xlink="http://www.w3.org/1999/xlink"
                      cpfRelationType="associative"
                      xlink:href="FRAN_NP_012441"
                      xlink:type="simple">
            <relationEntry>Delaby, Christophe</relationEntry>
            <dateRange>
               <fromDate standardDate="1991-07-03">3 juillet 1991</fromDate>
               <toDate standardDate="1998-12-31">1998</toDate>
            </dateRange>
         </cpfRelation>
         <cpfRelation xmlns:xlink="http://www.w3.org/1999/xlink"
                      cpfRelationType="associative"
                      xlink:href="FRAN_NP_012504"
                      xlink:type="simple">
            <relationEntry>Calais, Jean de</relationEntry>
            <dateRange>
               <fromDate standardDate="1500-01-01">1500</fromDate>
               <toDate standardDate="1530-12-31">1530</toDate>
            </dateRange>
         </cpfRelation>
         <cpfRelation xmlns:xlink="http://www.w3.org/1999/xlink"
                      cpfRelationType="associative"
                      xlink:href="FRAN_NP_011527"
                      xlink:type="simple">
            <relationEntry>Lemoine, Jacques Henri</relationEntry>
            <dateRange>
               <fromDate standardDate="1962-08-22">22 août 1962</fromDate>
               <toDate standardDate="1980-07-09">9 juillet 1980</toDate>
            </dateRange>
         </cpfRelation>
         <cpfRelation xmlns:xlink="http://www.w3.org/1999/xlink"
                      cpfRelationType="associative"
                      xlink:href="FRAN_NP_011533"
                      xlink:type="simple">
            <relationEntry>Lenain, Mathurin</relationEntry>
            <dateRange>
               <fromDate standardDate="1576-11-20">20 novembre 1576</fromDate>
               <toDate standardDate="1585-07-31">juillet 1585</toDate>
            </dateRange>
         </cpfRelation>
         <cpfRelation xmlns:xlink="http://www.w3.org/1999/xlink"
                      cpfRelationType="associative"
                      xlink:href="FRAN_NP_011569"
                      xlink:type="simple">
            <relationEntry>Leroy, Pierre I</relationEntry>
            <dateRange>
               <fromDate standardDate="1516-01-01">1516</fromDate>
               <toDate standardDate="1548-01-31">janvier 1548</toDate>
            </dateRange>
         </cpfRelation>
         <cpfRelation xmlns:xlink="http://www.w3.org/1999/xlink"
                      cpfRelationType="associative"
                      xlink:href="FRAN_NP_011571"
                      xlink:type="simple">
            <relationEntry>Lesaige, Jacques</relationEntry>
            <dateRange>
               <fromDate standardDate="1547-05-20">20 mai 1547</fromDate>
               <toDate standardDate="1558-06-04">4 juin 1558</toDate>
            </dateRange>
         </cpfRelation>
         <cpfRelation xmlns:xlink="http://www.w3.org/1999/xlink"
                      cpfRelationType="associative"
                      xlink:href="FRAN_NP_011572"
                      xlink:type="simple">
            <relationEntry>Lescuier, Hector</relationEntry>
            <dateRange>
               <fromDate standardDate="1520-01-01">1520</fromDate>
               <toDate standardDate="1557-12-02">2 décembre 1557</toDate>
            </dateRange>
         </cpfRelation>
         <cpfRelation xmlns:xlink="http://www.w3.org/1999/xlink"
                      cpfRelationType="associative"
                      xlink:href="FRAN_NP_011573"
                      xlink:type="simple">
            <relationEntry>Lescuier, Nicolas</relationEntry>
            <dateRange>
               <fromDate standardDate="1557-12-03">3 décembre 1557</fromDate>
               <toDate standardDate="1568-08-07">7 août 1568</toDate>
            </dateRange>
         </cpfRelation>
         <cpfRelation xmlns:xlink="http://www.w3.org/1999/xlink"
                      cpfRelationType="associative"
                      xlink:href="FRAN_NP_011625"
                      xlink:type="simple">
            <relationEntry>L'olive, Mathieu de</relationEntry>
            <dateRange>
               <fromDate standardDate="1539-09-18">18 septembre 1539</fromDate>
               <toDate standardDate="1543-04-12">12 avril 1543</toDate>
            </dateRange>
         </cpfRelation>
         <cpfRelation xmlns:xlink="http://www.w3.org/1999/xlink"
                      cpfRelationType="associative"
                      xlink:href="FRAN_NP_011643"
                      xlink:type="simple">
            <relationEntry>Lozeman, Firmin</relationEntry>
            <dateRange>
               <fromDate standardDate="1549-10-31">31 octobre 1549</fromDate>
               <toDate standardDate="1563-04-06">6 avril 1563</toDate>
            </dateRange>
         </cpfRelation>
         <cpfRelation xmlns:xlink="http://www.w3.org/1999/xlink"
                      cpfRelationType="associative"
                      xlink:href="FRAN_NP_011676"
                      xlink:type="simple">
            <relationEntry>Jacquesson, Dominique</relationEntry>
            <dateRange>
               <fromDate standardDate="1541-12-14">14 décembre 1541</fromDate>
               <toDate standardDate="1552-09-01">1er septembre 1552</toDate>
            </dateRange>
         </cpfRelation>
         <cpfRelation xmlns:xlink="http://www.w3.org/1999/xlink"
                      cpfRelationType="associative"
                      xlink:href="FRAN_NP_012117"
                      xlink:type="simple">
            <relationEntry>Frenicle, François</relationEntry>
            <dateRange>
               <fromDate standardDate="1538-09-25">25 septembre 1538</fromDate>
               <toDate standardDate="1568-10-16">16 octobre 1568</toDate>
            </dateRange>
         </cpfRelation>
         <cpfRelation xmlns:xlink="http://www.w3.org/1999/xlink"
                      cpfRelationType="associative"
                      xlink:href="FRAN_NP_012130"
                      xlink:type="simple">
            <relationEntry>Esgret, Guillaume</relationEntry>
            <dateRange>
               <fromDate standardDate="1525-04-16">16 avril 1525</fromDate>
               <toDate standardDate="1533-04-07">7 avril 1533</toDate>
            </dateRange>
         </cpfRelation>
         <cpfRelation xmlns:xlink="http://www.w3.org/1999/xlink"
                      cpfRelationType="associative"
                      xlink:href="FRAN_NP_012239"
                      xlink:type="simple">
            <relationEntry>Dugué, Charles</relationEntry>
            <dateRange>
               <fromDate standardDate="1540-03-30">30 mars 1540</fromDate>
               <toDate standardDate="1556-12-31">1556</toDate>
            </dateRange>
         </cpfRelation>
         <cpfRelation xmlns:xlink="http://www.w3.org/1999/xlink"
                      cpfRelationType="associative"
                      xlink:href="FRAN_NP_013474"
                      xlink:type="simple">
            <relationEntry>Damptan, Maurice</relationEntry>
            <dateRange>
               <fromDate standardDate="1517-01-01">1517</fromDate>
               <toDate standardDate="1526-12-31">1526</toDate>
            </dateRange>
         </cpfRelation>
         <cpfRelation xmlns:xlink="http://www.w3.org/1999/xlink"
                      cpfRelationType="associative"
                      xlink:href="FRAN_NP_013475"
                      xlink:type="simple">
            <relationEntry>Despoigny, Gilles</relationEntry>
            <dateRange>
               <fromDate standardDate="1532-01-01">1532</fromDate>
               <toDate standardDate="1561-05-10">10 mai 1561</toDate>
            </dateRange>
         </cpfRelation>
         <cpfRelation xmlns:xlink="http://www.w3.org/1999/xlink"
                      cpfRelationType="associative"
                      xlink:href="FRAN_NP_013476"
                      xlink:type="simple">
            <relationEntry>Dustang, Alain</relationEntry>
            <dateRange>
               <fromDate standardDate="1532-07-03">3 juillet 1532</fromDate>
               <toDate standardDate="1534-02-06">6 février 1534</toDate>
            </dateRange>
         </cpfRelation>
         <cpfRelation xmlns:xlink="http://www.w3.org/1999/xlink"
                      cpfRelationType="associative"
                      xlink:href="FRAN_NP_013477"
                      xlink:type="simple">
            <relationEntry>Raouville, Charles de</relationEntry>
            <dateRange>
               <fromDate standardDate="1523-01-01">1523</fromDate>
               <toDate standardDate="1532-12-05">5 décembre 1532</toDate>
            </dateRange>
         </cpfRelation>
         <cpfRelation xmlns:xlink="http://www.w3.org/1999/xlink"
                      cpfRelationType="associative"
                      xlink:href="FRAN_NP_013501"
                      xlink:type="simple">
            <relationEntry>Aubert, Étienne</relationEntry>
            <dateRange>
               <fromDate standardDate="1531-07-06">6 juillet 1531</fromDate>
               <toDate standardDate="1547-12-31">1547</toDate>
            </dateRange>
         </cpfRelation>
         <resourceRelation xmlns:xlink="http://www.w3.org/1999/xlink"
                           resourceRelationType="subjectOf"
                           xlink:href="FRAN_IR_043569"
                           xlink:type="simple">
            <relationEntry localType="archival">Minutes et répertoires du notaire Claude I de TROYES, octobre 1583 - 1625 (étude CXXII)</relationEntry>
         </resourceRelation>
         <resourceRelation xmlns:xlink="http://www.w3.org/1999/xlink"
                           resourceRelationType="subjectOf"
                           xlink:href="FRAN_IR_043570"
                           xlink:type="simple">
            <relationEntry localType="archival">Minutes et répertoires du notaire Claude I de TROYES, février 1593 - décembre 1602 (étude CXXII)</relationEntry>
         </resourceRelation>
         <resourceRelation xmlns:xlink="http://www.w3.org/1999/xlink"
                           resourceRelationType="subjectOf"
                           xlink:href="FRAN_IR_043573"
                           xlink:type="simple">
            <relationEntry localType="archival">Minutes et répertoires du notaire Claude I de TROYES, janvier 1623 - 1625 (étude CXXII)</relationEntry>
         </resourceRelation>
         <resourceRelation xmlns:xlink="http://www.w3.org/1999/xlink"
                           resourceRelationType="subjectOf"
                           xlink:href="FRAN_IR_043572"
                           xlink:type="simple">
            <relationEntry localType="archival">Minutes et répertoires du notaire Claude I de TROYES, janvier 1613 - 1624 (étude CXXII)</relationEntry>
         </resourceRelation>
         <resourceRelation xmlns:xlink="http://www.w3.org/1999/xlink"
                           resourceRelationType="subjectOf"
                           xlink:href="FRAN_IR_043568"
                           xlink:type="simple">
            <relationEntry localType="archival">Minutes et répertoires du notaire Claude I de TROYES, 1er octobre 1583 - 1625 (étude CXXII)</relationEntry>
         </resourceRelation>
         <resourceRelation xmlns:xlink="http://www.w3.org/1999/xlink"
                           resourceRelationType="subjectOf"
                           xlink:href="FRAN_IR_043579"
                           xlink:type="simple">
            <relationEntry localType="archival">Minutes et répertoires du notaire Jean François MAULTROT, 13 janvier 1705 - mars 1735 (étude CXXII)</relationEntry>
         </resourceRelation>
         <resourceRelation xmlns:xlink="http://www.w3.org/1999/xlink"
                           resourceRelationType="subjectOf"
                           xlink:href="FRAN_IR_043582"
                           xlink:type="simple">
            <relationEntry localType="archival">Minutes et répertoires du notaire Thomas GAILLARD, 13 août 1771 - 25 octobre 1799 (étude CXXII)</relationEntry>
         </resourceRelation>
         <resourceRelation xmlns:xlink="http://www.w3.org/1999/xlink"
                           resourceRelationType="subjectOf"
                           xlink:href="FRAN_IR_043585"
                           xlink:type="simple">
            <relationEntry localType="archival">Minutes et répertoires du notaire Alexandre Pierre CHRESTIEN, 6 novembre 1819 - 18 avril 1833 (étude CXXII)</relationEntry>
         </resourceRelation>
         <resourceRelation xmlns:xlink="http://www.w3.org/1999/xlink"
                           resourceRelationType="subjectOf"
                           xlink:href="FRAN_IR_043586"
                           xlink:type="simple">
            <relationEntry localType="archival">Minutes et répertoires du notaire Alphonse André LE TAVERNIER, 18 avril 1833 - 11 mai 1853 (étude CXXII)</relationEntry>
         </resourceRelation>
         <resourceRelation xmlns:xlink="http://www.w3.org/1999/xlink"
                           resourceRelationType="subjectOf"
                           xlink:href="FRAN_IR_043587"
                           xlink:type="simple">
            <relationEntry localType="archival">Minutes et répertoires du notaire Alban Jules LAMBERT, 11 mai 1853 - 26 octrobre 1861 (étude CXXII)</relationEntry>
         </resourceRelation>
         <resourceRelation xmlns:xlink="http://www.w3.org/1999/xlink"
                           resourceRelationType="subjectOf"
                           xlink:href="FRAN_IR_043584"
                           xlink:type="simple">
            <relationEntry localType="archival">Minutes et répertoires du notaire Jean TARDIF, 25 octobre 1799 - 6 novembre 1819 (étude CXXII)</relationEntry>
         </resourceRelation>
         <resourceRelation xmlns:xlink="http://www.w3.org/1999/xlink"
                           resourceRelationType="subjectOf"
                           xlink:href="FRAN_IR_043577"
                           xlink:type="simple">
            <relationEntry localType="archival">Minutes et répertoires du notaire Claude IV de TROYES, 12 mars 1668 - 2 août 1683 (étude CXXII)</relationEntry>
         </resourceRelation>
         <resourceRelation xmlns:xlink="http://www.w3.org/1999/xlink"
                           resourceRelationType="creatorOf"
                           xlink:href="FRAN_IR_054692"
                           xlink:type="simple">
            <relationEntry localType="archival">«Mélanges» (dossiers de clients) de l’étude CXXII. MC/ET/CXXII/984-MC/ET/CXXII/1018, MC/ET/CXXII/1799, MC/ET/CXXII/2222-MC/ET/CXXII/2227 (1224-1925)</relationEntry>
         </resourceRelation>
         <resourceRelation xmlns:xlink="http://www.w3.org/1999/xlink"
                           resourceRelationType="creatorOf"
                           xlink:href="FRAN_IR_043581"
                           xlink:type="simple">
            <relationEntry localType="archival">Minutes et répertoires du notaire Jacques FELIZE, 18 avril 1749 - 10 août 1771 (étude CXXII)</relationEntry>
         </resourceRelation>
         <resourceRelation xmlns:xlink="http://www.w3.org/1999/xlink"
                           resourceRelationType="creatorOf"
                           xlink:href="FRAN_IR_043553"
                           xlink:type="simple">
            <relationEntry localType="archival">Minutes et répertoires du notaire Thomas SAUVEGRAIN, juillet 1542 - 1549 (étude CXXII)</relationEntry>
         </resourceRelation>
         <resourceRelation xmlns:xlink="http://www.w3.org/1999/xlink"
                           resourceRelationType="creatorOf"
                           xlink:href="FRAN_IR_043565"
                           xlink:type="simple">
            <relationEntry localType="archival">Minutes et répertoires du notaire Pierre ROSSIGNOL, 27 octobre 1575 -30 août 1583 (étude CXXII)</relationEntry>
         </resourceRelation>
         <resourceRelation xmlns:xlink="http://www.w3.org/1999/xlink"
                           resourceRelationType="creatorOf"
                           xlink:href="FRAN_IR_043556"
                           xlink:type="simple">
            <relationEntry localType="archival">Minutes et répertoires du notaire Jacques CHARLES, février 1546 - 8 février 1559 (étude CXXII)</relationEntry>
         </resourceRelation>
         <resourceRelation xmlns:xlink="http://www.w3.org/1999/xlink"
                           resourceRelationType="creatorOf"
                           xlink:href="FRAN_IR_055286"
                           xlink:type="simple">
            <relationEntry localType="archival">Images des répertoires du notaire Jean Tardif pour l'étude CXXII</relationEntry>
         </resourceRelation>
         <resourceRelation xmlns:xlink="http://www.w3.org/1999/xlink"
                           resourceRelationType="creatorOf"
                           xlink:href="FRAN_IR_053141"
                           xlink:type="simple">
            <relationEntry localType="archival">Images du répertoire du notaire Claude I de Troyes pour l'étude CXXII</relationEntry>
         </resourceRelation>
         <resourceRelation xmlns:xlink="http://www.w3.org/1999/xlink"
                           resourceRelationType="creatorOf"
                           xlink:href="FRAN_IR_053144"
                           xlink:type="simple">
            <relationEntry localType="archival">Images du répertoire du notaire Claude III de Troyes pour l'étude CXXII</relationEntry>
         </resourceRelation>
         <resourceRelation xmlns:xlink="http://www.w3.org/1999/xlink"
                           resourceRelationType="creatorOf"
                           xlink:href="FRAN_IR_053145"
                           xlink:type="simple">
            <relationEntry localType="archival">Images du répertoire du notaire Claude IV de Troyes pour l'étude CXXII</relationEntry>
         </resourceRelation>
         <resourceRelation xmlns:xlink="http://www.w3.org/1999/xlink"
                           resourceRelationType="creatorOf"
                           xlink:href="FRAN_IR_053653"
                           xlink:type="simple">
            <relationEntry localType="archival">Images du répertoire du notaire Etienne Michel Boucher pour l'étude CXXII</relationEntry>
         </resourceRelation>
         <resourceRelation xmlns:xlink="http://www.w3.org/1999/xlink"
                           resourceRelationType="creatorOf"
                           xlink:href="FRAN_IR_053200"
                           xlink:type="simple">
            <relationEntry localType="archival">Images du répertoire du notaire Jean François Maultrot pour l'étude CXXII</relationEntry>
         </resourceRelation>
         <resourceRelation xmlns:xlink="http://www.w3.org/1999/xlink"
                           resourceRelationType="creatorOf"
                           xlink:href="FRAN_IR_053168"
                           xlink:type="simple">
            <relationEntry localType="archival">Images du répertoire du notaire Claude Louis Robineau pour l'étude CXXII</relationEntry>
         </resourceRelation>
         <resourceRelation xmlns:xlink="http://www.w3.org/1999/xlink"
                           resourceRelationType="creatorOf"
                           xlink:href="FRAN_IR_053315"
                           xlink:type="simple">
            <relationEntry localType="archival">Images du répertoire du notaire Jacques Felize pour l'étude CXXII</relationEntry>
         </resourceRelation>
         <resourceRelation xmlns:xlink="http://www.w3.org/1999/xlink"
                           resourceRelationType="creatorOf"
                           xlink:href="FRAN_IR_053292"
                           xlink:type="simple">
            <relationEntry localType="archival">Images des répertoires du notaire Thomas Gaillard pour l'étude CXXII</relationEntry>
         </resourceRelation>
         <resourceRelation xmlns:xlink="http://www.w3.org/1999/xlink"
                           resourceRelationType="creatorOf"
                           xlink:href="FRAN_IR_053446"
                           xlink:type="simple">
            <relationEntry localType="archival">Images des répertoires du notaire Alexandre Pierre Chrestien pour l'étude CXXII</relationEntry>
         </resourceRelation>
         <resourceRelation xmlns:xlink="http://www.w3.org/1999/xlink"
                           resourceRelationType="creatorOf"
                           xlink:href="FRAN_IR_053243"
                           xlink:type="simple">
            <relationEntry localType="archival">Images des répertoires du notaire Alphonse André Le Tavernier pour l'étude CXXII</relationEntry>
         </resourceRelation>
         <resourceRelation xmlns:xlink="http://www.w3.org/1999/xlink"
                           resourceRelationType="creatorOf"
                           xlink:href="FRAN_IR_053230"
                           xlink:type="simple">
            <relationEntry localType="archival">Images des répertoires du notaire Alban Jules Lambert pour l'étude CXXII</relationEntry>
         </resourceRelation>
         <resourceRelation xmlns:xlink="http://www.w3.org/1999/xlink"
                           resourceRelationType="creatorOf"
                           xlink:href="FRAN_IR_053358"
                           xlink:type="simple">
            <relationEntry localType="archival">Images des répertoires du notaire Edme Augustin Courot pour l'étude CXXII</relationEntry>
         </resourceRelation>
         <resourceRelation xmlns:xlink="http://www.w3.org/1999/xlink"
                           resourceRelationType="creatorOf"
                           xlink:href="FRAN_IR_043588"
                           xlink:type="simple">
            <relationEntry localType="archival">Minutes et répertoires du notaire Edme Augustin COUROT, 26 octobre 1861 - 18 décembre 1889 (étude CXXII)</relationEntry>
         </resourceRelation>
         <resourceRelation xmlns:xlink="http://www.w3.org/1999/xlink"
                           resourceRelationType="creatorOf"
                           xlink:href="FRAN_IR_053448"
                           xlink:type="simple">
            <relationEntry localType="archival">Images des répertoires du notaire Paul Marie Frédéric Cousin pour l'étude CXXII</relationEntry>
         </resourceRelation>
         <resourceRelation xmlns:xlink="http://www.w3.org/1999/xlink"
                           resourceRelationType="creatorOf"
                           xlink:href="FRAN_IR_043589"
                           xlink:type="simple">
            <relationEntry localType="archival">Minutes et répertoires du notaire Paul Marie Frédéric COUSIN, 18 décembre 1889 - 27 juin 1902 (étude CXXII)</relationEntry>
         </resourceRelation>
         <resourceRelation xmlns:xlink="http://www.w3.org/1999/xlink"
                           resourceRelationType="creatorOf"
                           xlink:href="FRAN_IR_043513"
                           xlink:type="simple">
            <relationEntry localType="archival">Minutes et répertoires du notaire Jean de CALAIS, mai 1500 - 1530 (étude CXXII)</relationEntry>
         </resourceRelation>
         <resourceRelation xmlns:xlink="http://www.w3.org/1999/xlink"
                           resourceRelationType="creatorOf"
                           xlink:href="FRAN_IR_043514"
                           xlink:type="simple">
            <relationEntry localType="archival">Minutes et répertoires du notaire Charles DUGUÉ, 30 mars 1540 - 20 septembre 1559 (étude CXXII)</relationEntry>
         </resourceRelation>
         <resourceRelation xmlns:xlink="http://www.w3.org/1999/xlink"
                           resourceRelationType="creatorOf"
                           xlink:href="FRAN_IR_043515"
                           xlink:type="simple">
            <relationEntry localType="archival">Minutes et répertoires du notaire Claude DU HAULSOIS, 17 novembre 1555 - 19 avril 1563 (étude CXXII)</relationEntry>
         </resourceRelation>
         <resourceRelation xmlns:xlink="http://www.w3.org/1999/xlink"
                           resourceRelationType="creatorOf"
                           xlink:href="FRAN_IR_043516"
                           xlink:type="simple">
            <relationEntry localType="archival">Minutes et répertoires du notaire Dreux CONTESSE, 1508 - 10 avril 1517 (étude CXXII)</relationEntry>
         </resourceRelation>
         <resourceRelation xmlns:xlink="http://www.w3.org/1999/xlink"
                           resourceRelationType="creatorOf"
                           xlink:href="FRAN_IR_043518"
                           xlink:type="simple">
            <relationEntry localType="archival">Minutes et répertoires du notaire Simon LEGENDRE, 8 juillet 1517 - 14 février 1543 (étude CXXII)</relationEntry>
         </resourceRelation>
         <resourceRelation xmlns:xlink="http://www.w3.org/1999/xlink"
                           resourceRelationType="creatorOf"
                           xlink:href="FRAN_IR_043519"
                           xlink:type="simple">
            <relationEntry localType="archival">Minutes et répertoires du notaire Nicolas CONTESSE, 21 juillet 1517 - 1547 (étude CXXII)</relationEntry>
         </resourceRelation>
         <resourceRelation xmlns:xlink="http://www.w3.org/1999/xlink"
                           resourceRelationType="creatorOf"
                           xlink:href="FRAN_IR_043520"
                           xlink:type="simple">
            <relationEntry localType="archival">Minutes et répertoires du notaire Hector LESCUIER, 1520 - 28 décembre 1557 (étude CXXII)</relationEntry>
         </resourceRelation>
         <resourceRelation xmlns:xlink="http://www.w3.org/1999/xlink"
                           resourceRelationType="creatorOf"
                           xlink:href="FRAN_IR_043521"
                           xlink:type="simple">
            <relationEntry localType="archival">Minutes et répertoires du notaire Léonard FORGET, 16 octobre 1521 - 27 août 1547 (étude CXXII)</relationEntry>
         </resourceRelation>
         <resourceRelation xmlns:xlink="http://www.w3.org/1999/xlink"
                           resourceRelationType="creatorOf"
                           xlink:href="FRAN_IR_043522"
                           xlink:type="simple">
            <relationEntry localType="archival">Minutes et répertoires du notaire Michel LE TELLIER, 5 janvier 1541 -3 juillet 1561 (étude CXXII)</relationEntry>
         </resourceRelation>
         <resourceRelation xmlns:xlink="http://www.w3.org/1999/xlink"
                           resourceRelationType="creatorOf"
                           xlink:href="FRAN_IR_043523"
                           xlink:type="simple">
            <relationEntry localType="archival">Minutes et répertoires du notaire Firmin LOZEMAN, 31 octobre 1549 - 6 avril 1563 (étude CXXII)</relationEntry>
         </resourceRelation>
         <resourceRelation xmlns:xlink="http://www.w3.org/1999/xlink"
                           resourceRelationType="creatorOf"
                           xlink:href="FRAN_IR_043524"
                           xlink:type="simple">
            <relationEntry localType="archival">Minutes et répertoires du notaire Jacques LESAIGE, 20 mai 1547 - 4 juin 1558 (étude CXXII)</relationEntry>
         </resourceRelation>
         <resourceRelation xmlns:xlink="http://www.w3.org/1999/xlink"
                           resourceRelationType="creatorOf"
                           xlink:href="FRAN_IR_043525"
                           xlink:type="simple">
            <relationEntry localType="archival">Minutes et répertoires du notaire Michel BOULLE, 1522 - 1554 (étude CXXII)</relationEntry>
         </resourceRelation>
         <resourceRelation xmlns:xlink="http://www.w3.org/1999/xlink"
                           resourceRelationType="creatorOf"
                           xlink:href="FRAN_IR_043526"
                           xlink:type="simple">
            <relationEntry localType="archival">Minutes et répertoires du notaire Nicolas LESCUIER, 31 décembre 1557 - 7 août 1568 (étude CXXII)</relationEntry>
         </resourceRelation>
         <resourceRelation xmlns:xlink="http://www.w3.org/1999/xlink"
                           resourceRelationType="creatorOf"
                           xlink:href="FRAN_IR_043527"
                           xlink:type="simple">
            <relationEntry localType="archival">Minutes et répertoires du notaire Charles de RAOUVILLE, 1523 - 1533(étude CXXII)</relationEntry>
         </resourceRelation>
         <resourceRelation xmlns:xlink="http://www.w3.org/1999/xlink"
                           resourceRelationType="creatorOf"
                           xlink:href="FRAN_IR_043528"
                           xlink:type="simple">
            <relationEntry localType="archival">Minutes et répertoires du notaire Philippe PALANQUIN, 4 décembre 1540 - 9 avril 1559 (étude CXXII)</relationEntry>
         </resourceRelation>
         <resourceRelation xmlns:xlink="http://www.w3.org/1999/xlink"
                           resourceRelationType="creatorOf"
                           xlink:href="FRAN_IR_043529"
                           xlink:type="simple">
            <relationEntry localType="archival">Minutes et répertoires du notaire Mathurin PATU, 1541 - 1562 (étude CXXII)</relationEntry>
         </resourceRelation>
         <resourceRelation xmlns:xlink="http://www.w3.org/1999/xlink"
                           resourceRelationType="creatorOf"
                           xlink:href="FRAN_IR_043531"
                           xlink:type="simple">
            <relationEntry localType="archival">Minutes et répertoires du notaire Guillaume ESGRET, 16 avril 1525 - 7 avril 1533 (étude CXXII)</relationEntry>
         </resourceRelation>
         <resourceRelation xmlns:xlink="http://www.w3.org/1999/xlink"
                           resourceRelationType="creatorOf"
                           xlink:href="FRAN_IR_043532"
                           xlink:type="simple">
            <relationEntry localType="archival">Minutes et répertoires du notaire Gilles BOURGERY, 6 août 1556 - 18 juin 1573 (étude CXXII)</relationEntry>
         </resourceRelation>
         <resourceRelation xmlns:xlink="http://www.w3.org/1999/xlink"
                           resourceRelationType="creatorOf"
                           xlink:href="FRAN_IR_043533"
                           xlink:type="simple">
            <relationEntry localType="archival">Minutes et répertoires du notaire Jean BAILLY, 1528 - 1531 (étude CXXII)</relationEntry>
         </resourceRelation>
         <resourceRelation xmlns:xlink="http://www.w3.org/1999/xlink"
                           resourceRelationType="creatorOf"
                           xlink:href="FRAN_IR_043534"
                           xlink:type="simple">
            <relationEntry localType="archival">Minutes et répertoires du notaire Guillaume I NICOLAS, 1530 - 27 novembre 1562 (étude CXXII)</relationEntry>
         </resourceRelation>
         <resourceRelation xmlns:xlink="http://www.w3.org/1999/xlink"
                           resourceRelationType="creatorOf"
                           xlink:href="FRAN_IR_043535"
                           xlink:type="simple">
            <relationEntry localType="archival">Minutes et répertoires du notaire Antoine LÉAL, 9 avril 1548 - 7 mars 1572 (étude CXXII)</relationEntry>
         </resourceRelation>
         <resourceRelation xmlns:xlink="http://www.w3.org/1999/xlink"
                           resourceRelationType="creatorOf"
                           xlink:href="FRAN_IR_043536"
                           xlink:type="simple">
            <relationEntry localType="archival">Minutes et répertoires du notaire Jean HINSELIN, 20 juillet 1527 - 5 mai 1557 (étude CXXII)</relationEntry>
         </resourceRelation>
         <resourceRelation xmlns:xlink="http://www.w3.org/1999/xlink"
                           resourceRelationType="creatorOf"
                           xlink:href="FRAN_IR_043537"
                           xlink:type="simple">
            <relationEntry localType="archival">Minutes et répertoires du notaire Eustache GOGUIER, 11 juillet 1548-22 aout 1572 (étude CXXII)</relationEntry>
         </resourceRelation>
         <resourceRelation xmlns:xlink="http://www.w3.org/1999/xlink"
                           resourceRelationType="creatorOf"
                           xlink:href="FRAN_IR_043538"
                           xlink:type="simple">
            <relationEntry localType="archival">Minutes et répertoires du notaire Henri I GOGUIER, 1531 - 21 octobre 1544 (étude CXXII)</relationEntry>
         </resourceRelation>
         <resourceRelation xmlns:xlink="http://www.w3.org/1999/xlink"
                           resourceRelationType="creatorOf"
                           xlink:href="FRAN_IR_043539"
                           xlink:type="simple">
            <relationEntry localType="archival">Minutes et répertoires du notaire Jacques LECLERC, 1531 - 28 décembre 1565 (étude CXXII)</relationEntry>
         </resourceRelation>
         <resourceRelation xmlns:xlink="http://www.w3.org/1999/xlink"
                           resourceRelationType="creatorOf"
                           xlink:href="FRAN_IR_043540"
                           xlink:type="simple">
            <relationEntry localType="archival">Minutes et répertoires du notaire Michel MÉRAULT, 1531 - 1568 (étude CXXII)</relationEntry>
         </resourceRelation>
         <resourceRelation xmlns:xlink="http://www.w3.org/1999/xlink"
                           resourceRelationType="creatorOf"
                           xlink:href="FRAN_IR_043541"
                           xlink:type="simple">
            <relationEntry localType="archival">Minutes et répertoires du notaire Nicolas CHAMPIN, 1531 - 21 juin 1544 (étude CXXII)</relationEntry>
         </resourceRelation>
         <resourceRelation xmlns:xlink="http://www.w3.org/1999/xlink"
                           resourceRelationType="creatorOf"
                           xlink:href="FRAN_IR_043542"
                           xlink:type="simple">
            <relationEntry localType="archival">Minutes et répertoires du notaire Jean BOREAU, 28 avril 1531 - 28 avril 1531 (étude CXXII)</relationEntry>
         </resourceRelation>
         <resourceRelation xmlns:xlink="http://www.w3.org/1999/xlink"
                           resourceRelationType="creatorOf"
                           xlink:href="FRAN_IR_043543"
                           xlink:type="simple">
            <relationEntry localType="archival">Minutes et répertoires du notaire Thibaud DUPONT, 28 mars 1544 - 16 décembre 1571 (étude CXXII)</relationEntry>
         </resourceRelation>
         <resourceRelation xmlns:xlink="http://www.w3.org/1999/xlink"
                           resourceRelationType="creatorOf"
                           xlink:href="FRAN_IR_043544"
                           xlink:type="simple">
            <relationEntry localType="archival">Minutes et répertoires du notaire Pierre CHARLET, 1533 - 1555 (étude CXXII)</relationEntry>
         </resourceRelation>
         <resourceRelation xmlns:xlink="http://www.w3.org/1999/xlink"
                           resourceRelationType="creatorOf"
                           xlink:href="FRAN_IR_043546"
                           xlink:type="simple">
            <relationEntry localType="archival">Minutes et répertoires du notaire Adrien de SAINCT-YON, 1536 - 17 avril 1549 (étude CXXII)</relationEntry>
         </resourceRelation>
         <resourceRelation xmlns:xlink="http://www.w3.org/1999/xlink"
                           resourceRelationType="creatorOf"
                           xlink:href="FRAN_IR_043547"
                           xlink:type="simple">
            <relationEntry localType="archival">Minutes et répertoires du notaire Dominique JACQUESSON, 14 décembre 1541 - 1er septembre 1552 (étude CXXII)</relationEntry>
         </resourceRelation>
         <resourceRelation xmlns:xlink="http://www.w3.org/1999/xlink"
                           resourceRelationType="creatorOf"
                           xlink:href="FRAN_IR_043548"
                           xlink:type="simple">
            <relationEntry localType="archival">Minutes et répertoires du notaire François FRENICLE, 1538 - 1568 (étude CXXII)</relationEntry>
         </resourceRelation>
         <resourceRelation xmlns:xlink="http://www.w3.org/1999/xlink"
                           resourceRelationType="creatorOf"
                           xlink:href="FRAN_IR_043549"
                           xlink:type="simple">
            <relationEntry localType="archival">Minutes et répertoires du notaire Mathurin VIAU, 8 septembre 1539 - 11 février 1546 (étude CXXII)</relationEntry>
         </resourceRelation>
         <resourceRelation xmlns:xlink="http://www.w3.org/1999/xlink"
                           resourceRelationType="creatorOf"
                           xlink:href="FRAN_IR_043550"
                           xlink:type="simple">
            <relationEntry localType="archival">Minutes et répertoires du notaire Mathieu de L'OLIVE, 18 septembre 1539 - 12 avril 1544 (étude CXXII)</relationEntry>
         </resourceRelation>
         <resourceRelation xmlns:xlink="http://www.w3.org/1999/xlink"
                           resourceRelationType="creatorOf"
                           xlink:href="FRAN_IR_043551"
                           xlink:type="simple">
            <relationEntry localType="archival">Minutes et répertoires du notaire Pierre BOULLE, 29 septembre 1539 - 4 juillet 1548 (étude CXXII)</relationEntry>
         </resourceRelation>
         <resourceRelation xmlns:xlink="http://www.w3.org/1999/xlink"
                           resourceRelationType="creatorOf"
                           xlink:href="FRAN_IR_043552"
                           xlink:type="simple">
            <relationEntry localType="archival">Minutes et répertoires du notaire Pierre I VALET, 10 avril 1540 - 1568 (étude CXXII)</relationEntry>
         </resourceRelation>
         <resourceRelation xmlns:xlink="http://www.w3.org/1999/xlink"
                           resourceRelationType="creatorOf"
                           xlink:href="FRAN_IR_043554"
                           xlink:type="simple">
            <relationEntry localType="archival">Minutes et répertoires du notaire Mathieu HENRY, 15 avril 1551 - 30 décembre 1573 (étude CXXII)</relationEntry>
         </resourceRelation>
         <resourceRelation xmlns:xlink="http://www.w3.org/1999/xlink"
                           resourceRelationType="creatorOf"
                           xlink:href="FRAN_IR_043555"
                           xlink:type="simple">
            <relationEntry localType="archival">Minutes et répertoires du notaire Jean ALART, 15 avril 1545 - 1573 (étude CXXII)</relationEntry>
         </resourceRelation>
         <resourceRelation xmlns:xlink="http://www.w3.org/1999/xlink"
                           resourceRelationType="creatorOf"
                           xlink:href="FRAN_IR_043558"
                           xlink:type="simple">
            <relationEntry localType="archival">Minutes et répertoires du notaire Léon LEDOYS, 12 avril 1550 - 1573 (étude CXXII)</relationEntry>
         </resourceRelation>
         <resourceRelation xmlns:xlink="http://www.w3.org/1999/xlink"
                           resourceRelationType="creatorOf"
                           xlink:href="FRAN_IR_043559"
                           xlink:type="simple">
            <relationEntry localType="archival">Minutes et répertoires du notaire Guillaume II NICOLAS, 2 mai 1552 - 30 juillet 1554 (étude CXXII)</relationEntry>
         </resourceRelation>
         <resourceRelation xmlns:xlink="http://www.w3.org/1999/xlink"
                           resourceRelationType="creatorOf"
                           xlink:href="FRAN_IR_043560"
                           xlink:type="simple">
            <relationEntry localType="archival">Minutes et répertoires du notaire Louis LEGENDRE, 20 mars 1555 - 20 mars 1555 (étude CXXII)</relationEntry>
         </resourceRelation>
         <resourceRelation xmlns:xlink="http://www.w3.org/1999/xlink"
                           resourceRelationType="creatorOf"
                           xlink:href="FRAN_IR_043562"
                           xlink:type="simple">
            <relationEntry localType="archival">Minutes et répertoires du notaire Pierre PAYEN, 17 mai 1561 - septembre 1567 (étude CXXII)</relationEntry>
         </resourceRelation>
         <resourceRelation xmlns:xlink="http://www.w3.org/1999/xlink"
                           resourceRelationType="creatorOf"
                           xlink:href="FRAN_IR_043563"
                           xlink:type="simple">
            <relationEntry localType="archival">Minutes et répertoires du notaire René I CONTESSE, mars 1563 - mars 1563 (étude CXXII)</relationEntry>
         </resourceRelation>
         <resourceRelation xmlns:xlink="http://www.w3.org/1999/xlink"
                           resourceRelationType="creatorOf"
                           xlink:href="FRAN_IR_043564"
                           xlink:type="simple">
            <relationEntry localType="archival">Minutes et répertoires du notaire Pierre II VALET, 15 octobre 1571 - novembre 1572 (étude CXXII)</relationEntry>
         </resourceRelation>
         <resourceRelation xmlns:xlink="http://www.w3.org/1999/xlink"
                           resourceRelationType="creatorOf"
                           xlink:href="FRAN_IR_043567"
                           xlink:type="simple">
            <relationEntry localType="archival">Minutes et répertoires du notaire Marc BRUYÈRE, juillet 1583 - 21 octobre 1591 (étude CXXII)</relationEntry>
         </resourceRelation>
         <resourceRelation xmlns:xlink="http://www.w3.org/1999/xlink"
                           resourceRelationType="creatorOf"
                           xlink:href="FRAN_IR_043574"
                           xlink:type="simple">
            <relationEntry localType="archival">Minutes et répertoires du notaire Jean BECQUET, juillet 1585 - 9 août 1590 (étude CXXII)</relationEntry>
         </resourceRelation>
         <resourceRelation xmlns:xlink="http://www.w3.org/1999/xlink"
                           resourceRelationType="creatorOf"
                           xlink:href="FRAN_IR_043575"
                           xlink:type="simple">
            <relationEntry localType="archival">Minutes et répertoires du notaire Hector de TROYES, 18 juin 1625 - 13 mai 1631 (étude CXXII)</relationEntry>
         </resourceRelation>
         <resourceRelation xmlns:xlink="http://www.w3.org/1999/xlink"
                           resourceRelationType="creatorOf"
                           xlink:href="FRAN_IR_043583"
                           xlink:type="simple">
            <relationEntry localType="archival">Minutes et répertoires du notaire René BRISSEAU, 1768 - 1774 (étude CXXII)</relationEntry>
         </resourceRelation>
         <resourceRelation xmlns:xlink="http://www.w3.org/1999/xlink"
                           resourceRelationType="creatorOf"
                           xlink:href="FRAN_IR_053570"
                           xlink:type="simple">
            <relationEntry localType="archival">Images des répertoires du notaire Thomas Sauvegrain pour l'étude CXXII</relationEntry>
         </resourceRelation>
         <resourceRelation xmlns:xlink="http://www.w3.org/1999/xlink"
                           resourceRelationType="creatorOf"
                           xlink:href="FRAN_IR_053574"
                           xlink:type="simple">
            <relationEntry localType="archival">Images des répertoires du notaire Michel Boulle pour l'étude CXXII</relationEntry>
         </resourceRelation>
         <resourceRelation xmlns:xlink="http://www.w3.org/1999/xlink"
                           resourceRelationType="creatorOf"
                           xlink:href="FRAN_IR_053571"
                           xlink:type="simple">
            <relationEntry localType="archival">Images du répertoire du notaire Adrien de Sainct-Yon pour l'étude CXXII</relationEntry>
         </resourceRelation>
         <resourceRelation xmlns:xlink="http://www.w3.org/1999/xlink"
                           resourceRelationType="creatorOf"
                           xlink:href="FRAN_IR_053576"
                           xlink:type="simple">
            <relationEntry localType="archival">Images du répertoire du notaire Pierre Boulle pour l'étude CXXII</relationEntry>
         </resourceRelation>
         <resourceRelation xmlns:xlink="http://www.w3.org/1999/xlink"
                           resourceRelationType="creatorOf"
                           xlink:href="FRAN_IR_053575"
                           xlink:type="simple">
            <relationEntry localType="archival">Images des répertoires du notaire Mathieu Henry pour l'étude CXXII</relationEntry>
         </resourceRelation>
         <resourceRelation xmlns:xlink="http://www.w3.org/1999/xlink"
                           resourceRelationType="creatorOf"
                           xlink:href="FRAN_IR_043512"
                           xlink:type="simple">
            <relationEntry localType="archival">Minutes et répertoires de notaires divers, 19 juillet 1499 - 1599 (étude CXXII)</relationEntry>
         </resourceRelation>
      </relations>
   </cpfDescription>
</eac-cpf>
