<eac-cpf xmlns="urn:isbn:1-931666-33-4"
         xmlns:xsi="http://www.w3.org/2001/XMLSchema-instance"
         xsi:schemaLocation="urn:isbn:1-931666-33-4 cpf.xsd">
   <control>
      <recordId>FRAN_NP_010307</recordId>
      <otherRecordId localType="Ancien_identifiant">FRDAFANCH00MC_NANOTAIRE00003</otherRecordId>
      <maintenanceStatus>derived</maintenanceStatus>
      <maintenanceAgency>
         <agencyName>Archives nationales de France</agencyName>
      </maintenanceAgency>
      <languageDeclaration>
         <language languageCode="fre">Français</language>
         <script scriptCode="Latn"/>
      </languageDeclaration>
      <conventionDeclaration>
         <citation>Notice établie conformément à la norme ICA-ISAAR (CPF) 2004, aux normes ISO 8601 pour le système de normalisation des dates utilisé, ainsi que AFNOR NF Z 44-061, juin 1986. Catalogage : forme et structure des vedettes noms de personne, des vedettes titres, des rubriques de classement et des titres forgés.</citation>
      </conventionDeclaration>
      <localControl localType="niveau_de_detail">
         <term>Moyenne</term>
      </localControl>
      <maintenanceHistory>
         <maintenanceEvent>
            <eventType>derived</eventType>
            <eventDateTime>2013-04-23</eventDateTime>
            <agentType>machine</agentType>
            <agent>Migration ETANOT</agent>
         </maintenanceEvent>
      </maintenanceHistory>
   </control>
   <cpfDescription>
      <identity>
         <entityType>person</entityType>
         <nameEntry localType="autorisée" scriptCode="Latn" xml:lang="fre">
            <part>Ymbert, François</part>
         </nameEntry>
      </identity>
      <description>
         <existDates>
            <dateRange>
               <fromDate standardDate="1541-01-05">5 janvier 1541</fromDate>
               <toDate standardDate="1579-10-13">13 octobre 1579</toDate>
            </dateRange>
            <descriptiveNote>
               <p>Les dates d'existence de la personne ne sont pas connues et sont évaluées d'après les dates d'exercice en tant que notaire</p>
            </descriptiveNote>
         </existDates>
         <places>
            <place>
               <placeRole>Lieu de Paris</placeRole>
               <placeEntry localType="nomLieu">étude XX : rue Saint-Jacques-de-la-Boucherie, à la Chaise</placeEntry>
               <placeEntry localType="paroisse" vocabularySource="d3nyvozckb-wk5djyktth83">saint-jacques-de-la-boucherie (paroisse)</placeEntry>
               <placeEntry localType="voie" vocabularySource="d3nzd3gcnv-x81q62dbdp9h">saint-jacques (rue)</placeEntry>
            </place>
            <place>
               <placeRole>Lieu de Paris</placeRole>
               <placeEntry localType="nomLieu">étude LXI : rue Saint-Jacques-de-la-Boucherie, à la Chaise</placeEntry>
               <placeEntry localType="paroisse" vocabularySource="d3nyvozckb-wk5djyktth83">saint-jacques-de-la-boucherie (paroisse)</placeEntry>
               <placeEntry localType="voie" vocabularySource="d3nzd3gcnv-x81q62dbdp9h">saint-jacques (rue)</placeEntry>
            </place>
         </places>
         <functions>
            <function>
               <term vocabularySource="d3nyui3o8w--11y7jgy8q3wnt">notaire à paris</term>
               <dateRange>
                  <fromDate standardDate="1541-01-05">5 janvier 1541</fromDate>
                  <toDate standardDate="1579-10-13">13 octobre 1579</toDate>
               </dateRange>
            </function>
         </functions>
         <biogHist>
            <p>marié à Catherine Payen (voir ET/CXXII/170, 6 juillet 1564, contrat de mariage)</p>
            <p>notaire de la Ville de Paris</p>
         </biogHist>
      </description>
      <relations>
         <cpfRelation xmlns:xlink="http://www.w3.org/1999/xlink"
                      cpfRelationType="associative"
                      xlink:href="FRAN_NP_010147"
                      xlink:type="simple">
            <relationEntry>Etude notariale XX</relationEntry>
            <dateRange>
               <fromDate standardDate="1541-01-05">5 janvier 1541</fromDate>
               <toDate standardDate="1579-10-13">13 octobre 1579</toDate>
            </dateRange>
         </cpfRelation>
         <cpfRelation xmlns:xlink="http://www.w3.org/1999/xlink"
                      cpfRelationType="associative"
                      xlink:href="FRAN_NP_010188"
                      xlink:type="simple">
            <relationEntry>Etude notariale LXI</relationEntry>
            <dateRange>
               <fromDate standardDate="1576-01-01">1er janvier 1576</fromDate>
               <toDate standardDate="1579-06-06">6 juin 1579</toDate>
            </dateRange>
         </cpfRelation>
         <resourceRelation resourceRelationType="other">
            <relationEntry localType="archival">ET/XIX/145, 20 octobre 1579, inventaire après décès</relationEntry>
         </resourceRelation>
         <resourceRelation xmlns:xlink="http://www.w3.org/1999/xlink"
                           resourceRelationType="creatorOf"
                           xlink:href="FRAN_IR_041614"
                           xlink:type="simple">
            <relationEntry localType="archival">Minutes et répertoires du notaire François YMBERT, 5 janvier 1541 - 1575 (étude XX)</relationEntry>
         </resourceRelation>
         <resourceRelation xmlns:xlink="http://www.w3.org/1999/xlink"
                           resourceRelationType="creatorOf"
                           xlink:href="FRAN_IR_042407"
                           xlink:type="simple">
            <relationEntry localType="archival">Minutes et répertoires du notaire François YMBERT, juillet 1575 - 2 juin 1579 (étude LXI)</relationEntry>
         </resourceRelation>
      </relations>
   </cpfDescription>
</eac-cpf>
