<eac-cpf xmlns="urn:isbn:1-931666-33-4"
         xmlns:xsi="http://www.w3.org/2001/XMLSchema-instance"
         xsi:schemaLocation="urn:isbn:1-931666-33-4 cpf.xsd">
   <control>
      <recordId>FRAN_NP_010345</recordId>
      <otherRecordId localType="Ancien_identifiant">FRDAFANCH00MC_NANOTAIRE00047</otherRecordId>
      <maintenanceStatus>derived</maintenanceStatus>
      <maintenanceAgency>
         <agencyName>Archives nationales de France</agencyName>
      </maintenanceAgency>
      <languageDeclaration>
         <language languageCode="fre">Français</language>
         <script scriptCode="Latn"/>
      </languageDeclaration>
      <conventionDeclaration>
         <citation>Notice établie conformément à la norme ICA-ISAAR (CPF) 2004, aux normes ISO 8601 pour le système de normalisation des dates utilisé, ainsi que AFNOR NF Z 44-061, juin 1986. Catalogage : forme et structure des vedettes noms de personne, des vedettes titres, des rubriques de classement et des titres forgés.</citation>
      </conventionDeclaration>
      <localControl localType="niveau_de_detail">
         <term>Moyenne</term>
      </localControl>
      <maintenanceHistory>
         <maintenanceEvent>
            <eventType>derived</eventType>
            <eventDateTime>2013-04-23</eventDateTime>
            <agentType>machine</agentType>
            <agent>Migration ETANOT</agent>
         </maintenanceEvent>
      </maintenanceHistory>
      <sources>
         <source>
            <descriptiveNote>
               <p>Noémie SANTACANA Les notaires au Châtelet de Paris à l'époque du Cardinal de Fleury, mémoire de maîtrise 2003-2004, dact., p. 306</p>
            </descriptiveNote>
         </source>
      </sources>
   </control>
   <cpfDescription>
      <identity>
         <entityType>person</entityType>
         <nameEntry localType="autorisée" scriptCode="Latn" xml:lang="fre">
            <part>Vatry, Louis</part>
         </nameEntry>
      </identity>
      <description>
         <existDates>
            <dateRange>
               <fromDate standardDate="1740-08-03">3 août 1740</fromDate>
               <toDate standardDate="1758-04-08">8 avril 1758</toDate>
            </dateRange>
            <descriptiveNote>
               <p>Les dates d'existence de la personne ne sont pas connues et sont évaluées d'après les dates d'exercice en tant que notaire</p>
            </descriptiveNote>
         </existDates>
         <places>
            <place>
               <placeRole>Lieu de Paris</placeRole>
               <placeEntry localType="paroisse" vocabularySource="d3nyvovxws-1r3061wzh7bqc">saint-etienne-du-mont (paroisse)</placeEntry>
               <placeEntry localType="quartier" vocabularySource="d3nyvgkuxg-xwxqi5i0uhjf">place maubert (quartier)</placeEntry>
               <placeEntry localType="voie" vocabularySource="d3nzd77dba-b9msu4ebt9ur">saint-victor (rue)</placeEntry>
               <placeEntry localType="nomLieu">rue Saint-Victor, près la place Maubert</placeEntry>
            </place>
         </places>
         <functions>
            <function>
               <term vocabularySource="d3nyui3o8w--11y7jgy8q3wnt">notaire à paris</term>
               <dateRange>
                  <fromDate standardDate="1740-08-03">3 août 1740</fromDate>
                  <toDate standardDate="1758-04-08">8 avril 1758</toDate>
               </dateRange>
            </function>
         </functions>
         <biogHist>
            <p>Baptisé le 25 septembre 1710 à Paris</p>
            <p>fils et successeur de Philippe Vatry</p>
            <p>marié à Geneviève Françoise Prévost</p>
            <p>secrétaire du Roi en la Grande Chancellerie de 1752 à 1758</p>
            <p>décédé en 1758</p>
         </biogHist>
      </description>
      <relations>
         <cpfRelation xmlns:xlink="http://www.w3.org/1999/xlink"
                      cpfRelationType="associative"
                      xlink:href="FRAN_NP_010174"
                      xlink:type="simple">
            <relationEntry>Etude notariale XLVII</relationEntry>
            <dateRange>
               <fromDate standardDate="1740-08-03">3 août 1740</fromDate>
               <toDate standardDate="1758-04-08">8 avril 1758</toDate>
            </dateRange>
         </cpfRelation>
         <resourceRelation resourceRelationType="other">
            <relationEntry localType="archival">ET/XXIX/449, 13 juillet 1740, vente par Philippe Vatry de son office à Louis Vatry, son fils</relationEntry>
         </resourceRelation>
         <resourceRelation resourceRelationType="other">
            <relationEntry localType="archival">V/1/324 pièce 436, 29 juillet 1740, lettre de provision d'office</relationEntry>
         </resourceRelation>
         <resourceRelation xmlns:xlink="http://www.w3.org/1999/xlink"
                           resourceRelationType="creatorOf"
                           xlink:href="FRAN_IR_042157"
                           xlink:type="simple">
            <relationEntry localType="archival">Minutes et répertoires du notaire Louis VATRY, 3 août 1740 - 3 mai 1758 (étude XLVII)</relationEntry>
         </resourceRelation>
         <resourceRelation xmlns:xlink="http://www.w3.org/1999/xlink"
                           resourceRelationType="creatorOf"
                           xlink:href="FRAN_IR_052064"
                           xlink:type="simple">
            <relationEntry localType="archival">Images du répertoire du notaire Louis Vatry pour l'étude XLVII</relationEntry>
         </resourceRelation>
      </relations>
   </cpfDescription>
</eac-cpf>
