<eac-cpf xmlns="urn:isbn:1-931666-33-4"
         xmlns:xsi="http://www.w3.org/2001/XMLSchema-instance"
         xsi:schemaLocation="urn:isbn:1-931666-33-4 cpf.xsd">
   <control>
      <recordId>FRAN_NP_010514</recordId>
      <otherRecordId localType="Ancien_identifiant">FRDAFANCH00MC_NANOTAIRE00226</otherRecordId>
      <maintenanceStatus>derived</maintenanceStatus>
      <maintenanceAgency>
         <agencyName>Archives nationales de France</agencyName>
      </maintenanceAgency>
      <languageDeclaration>
         <language languageCode="fre">Français</language>
         <script scriptCode="Latn"/>
      </languageDeclaration>
      <conventionDeclaration>
         <citation>Notice établie conformément à la norme ICA-ISAAR (CPF) 2004, aux normes ISO 8601 pour le système de normalisation des dates utilisé, ainsi que AFNOR NF Z 44-061, juin 1986. Catalogage : forme et structure des vedettes noms de personne, des vedettes titres, des rubriques de classement et des titres forgés.</citation>
      </conventionDeclaration>
      <localControl localType="niveau_de_detail">
         <term>Moyenne</term>
      </localControl>
      <maintenanceHistory>
         <maintenanceEvent>
            <eventType>derived</eventType>
            <eventDateTime>2013-04-23</eventDateTime>
            <agentType>machine</agentType>
            <agent>Migration ETANOT</agent>
         </maintenanceEvent>
      </maintenanceHistory>
      <sources>
         <source>
            <descriptiveNote>
               <p>Philippe BERTHOLET, Etudes et notaires parisiens en 1803, au moment de la loi du 25 ventôse an XI (16 mars 1803), Paris, 2004, p. 254-255</p>
            </descriptiveNote>
         </source>
      </sources>
   </control>
   <cpfDescription>
      <identity>
         <entityType>person</entityType>
         <nameEntry localType="autorisée" scriptCode="Latn" xml:lang="fre">
            <part>Turrel, Joseph-André</part>
         </nameEntry>
      </identity>
      <description>
         <existDates>
            <dateRange>
               <fromDate standardDate="1794-08-13">13 août 1794</fromDate>
               <toDate standardDate="1813-04-17">17 avril 1813</toDate>
            </dateRange>
            <descriptiveNote>
               <p>Les dates d'existence de la personne ne sont pas connues et sont évaluées d'après les dates d'exercice en tant que notaire</p>
            </descriptiveNote>
         </existDates>
         <places>
            <place>
               <placeRole>Lieu de Paris</placeRole>
               <placeEntry localType="paroisse" vocabularySource="d3nyvow9c3--1ln2rhczl581f">saint-eustache (paroisse)</placeEntry>
               <placeEntry localType="quartier" vocabularySource="d3nyvgrw7m-1ulx41q7n6nbj">saint-eustache (quartier)</placeEntry>
               <placeEntry localType="voie" vocabularySource="d3nz9px21h--vv5gzjwzroxg">croix-des-petits-champs (rue)</placeEntry>
               <placeEntry localType="voie" vocabularySource="d3nzcqca60--15myx6rt2iwr">prouvaires (rue des)</placeEntry>
               <placeEntry localType="nomLieu">rue Croix-des-Petits-Champs, au coin de la rue du Bouloi (de l'an III l'an VI), 38 rue des Prouvaires (de l'an VII à 1813)</placeEntry>
            </place>
         </places>
         <functions>
            <function>
               <term vocabularySource="d3nyui3o8w--11y7jgy8q3wnt">notaire à paris</term>
               <dateRange>
                  <fromDate standardDate="1794-08-13">13 août 1794</fromDate>
                  <toDate standardDate="1813-04-17">17 avril 1813</toDate>
               </dateRange>
            </function>
         </functions>
         <biogHist>
            <p>né le 29 juillet 1755 à Toulon (Var)</p>
            <p>d'abord principal clerc de maître Pierre Le Clerc (étude LXXII), il est reçu au concours du 25 thermidor an II (12 août 1794) et remplace en théorie Denis Rouen, démissionnaire. En fait, il ne put jamais entrer en possession des minutes ni de l'étude de Rouen, et il succéda à Charles Garcerand, décédé le 23 pluviôse III (23 février 1795)</p>
            <p>dans son testament il abjure le catholicisme et demande à être enterré selon le rite protestant</p>
            <p>décédé, sans avoir été marié, le 12 février 1818</p>
         </biogHist>
      </description>
      <relations>
         <cpfRelation xmlns:xlink="http://www.w3.org/1999/xlink"
                      cpfRelationType="associative"
                      xlink:href="FRAN_NP_010217"
                      xlink:type="simple">
            <relationEntry>Etude notariale XC</relationEntry>
            <dateRange>
               <fromDate standardDate="1794-08-13">13 août 1794</fromDate>
               <toDate standardDate="1813-04-17">17 avril 1813</toDate>
            </dateRange>
         </cpfRelation>
         <resourceRelation resourceRelationType="other">
            <relationEntry localType="archival">ET/XC/584, 13 février 1818, dépôt de testament</relationEntry>
         </resourceRelation>
         <resourceRelation resourceRelationType="other">
            <relationEntry localType="archival">ET/XC/584, 21 février 1818, inventaire après décès</relationEntry>
         </resourceRelation>
         <resourceRelation xmlns:xlink="http://www.w3.org/1999/xlink"
                           resourceRelationType="subjectOf"
                           xlink:href="FRAN_IR_042927"
                           xlink:type="simple">
            <relationEntry localType="archival">Minutes et répertoires du notaire Joseph André TURREL, 13 août 1794 - 16 avril 1813 (étude XC)</relationEntry>
         </resourceRelation>
         <resourceRelation xmlns:xlink="http://www.w3.org/1999/xlink"
                           resourceRelationType="creatorOf"
                           xlink:href="FRAN_IR_051229"
                           xlink:type="simple">
            <relationEntry localType="archival">Images du répertoire du notaire Joseph André Turrel pour l'étude XC</relationEntry>
         </resourceRelation>
      </relations>
   </cpfDescription>
</eac-cpf>
