<eac-cpf xmlns="urn:isbn:1-931666-33-4"
         xmlns:xsi="http://www.w3.org/2001/XMLSchema-instance"
         xsi:schemaLocation="urn:isbn:1-931666-33-4 cpf.xsd">
   <control>
      <recordId>FRAN_NP_010213</recordId>
      <otherRecordId localType="Ancien_identifiant">FRDAFANCH00MC_NAETUDE_086</otherRecordId>
      <maintenanceStatus>derived</maintenanceStatus>
      <maintenanceAgency>
         <agencyName>Archives nationales de France</agencyName>
      </maintenanceAgency>
      <languageDeclaration>
         <language languageCode="fre">Français</language>
         <script scriptCode="Latn"/>
      </languageDeclaration>
      <conventionDeclaration>
         <citation>Notice établie conformément à la norme ICA-ISAAR (CPF) 2004, aux normes ISO 8601 pour le système de normalisation des dates utilisé, ainsi que AFNOR NF Z 44-061, juin 1986. Catalogage : forme et structure des vedettes noms de personne, des vedettes titres, des rubriques de classement et des titres forgés.</citation>
      </conventionDeclaration>
      <localControl localType="niveau_de_detail">
         <term>Moyenne</term>
      </localControl>
      <maintenanceHistory>
         <maintenanceEvent>
            <eventType>derived</eventType>
            <eventDateTime>2013-04-23</eventDateTime>
            <agentType>machine</agentType>
            <agent>Migration ETANOT</agent>
         </maintenanceEvent>
      </maintenanceHistory>
   </control>
   <cpfDescription>
      <identity>
         <entityType>corporateBody</entityType>
         <nameEntry localType="autorisée" scriptCode="Latn" xml:lang="fre">
            <part>Etude LXXXVI</part>
         </nameEntry>
         <nameEntry>
            <part>75113</part>
         </nameEntry>
      </identity>
      <description>
         <existDates>
            <dateRange>
               <fromDate standardDate="1530-01-01">1530</fromDate>
            </dateRange>
         </existDates>
         <functions>
            <function>
               <term vocabularySource="d3nyui3o8w--11y7jgy8q3wnt">notaire à paris</term>
               <dateRange>
                  <fromDate standardDate="1530-01-01">1530</fromDate>
                  <toDate/>
               </dateRange>
            </function>
         </functions>
         <biogHist>
            <p>Étude du voisinage des Halles : installée rue de la Ferronnerie dès 1581, elle y est encore en 1782. Elle déménage alors rue Croix-des-Petits-Champs, puis rue de la Chaussée d'Antin (1847). Elle revient finalement boulevard Sébastopol en 1860. Son transfert du 4è au 6è arrondissement (66 boulevard Raspail) est autorisée par arrêté du ministre de la Justice du 11 janvier 2007 (JORF du 19 janvier 2007, p. 1160)</p>
         </biogHist>
      </description>
      <relations>
         <cpfRelation xmlns:xlink="http://www.w3.org/1999/xlink"
                      cpfRelationType="associative"
                      xlink:href="FRAN_NP_010835"
                      xlink:type="simple">
            <relationEntry>Parque, Edmé</relationEntry>
            <dateRange>
               <fromDate standardDate="1564-02-21">21 février 1564</fromDate>
               <toDate standardDate="1603-12-29">29 décembre 1603</toDate>
            </dateRange>
         </cpfRelation>
         <cpfRelation xmlns:xlink="http://www.w3.org/1999/xlink"
                      cpfRelationType="associative"
                      xlink:href="FRAN_NP_010839"
                      xlink:type="simple">
            <relationEntry>Parque, Pierre I</relationEntry>
            <dateRange>
               <fromDate standardDate="1612-10-17">17 octobre 1612</fromDate>
               <toDate standardDate="1663-03-01">01 mars 1663</toDate>
            </dateRange>
         </cpfRelation>
         <cpfRelation xmlns:xlink="http://www.w3.org/1999/xlink"
                      cpfRelationType="associative"
                      xlink:href="FRAN_NP_010840"
                      xlink:type="simple">
            <relationEntry>Parque, Pierre II</relationEntry>
            <dateRange>
               <fromDate standardDate="1638-12-16">16 décembre 1638</fromDate>
               <toDate standardDate="1697-06-17">17 juin 1697</toDate>
            </dateRange>
         </cpfRelation>
         <cpfRelation xmlns:xlink="http://www.w3.org/1999/xlink"
                      cpfRelationType="associative"
                      xlink:href="FRAN_NP_011329"
                      xlink:type="simple">
            <relationEntry>Lambon, François-César de</relationEntry>
            <dateRange>
               <fromDate standardDate="1697-06-18">18 juin 1697</fromDate>
               <toDate standardDate="1715-12-13">13 décembre 1715</toDate>
            </dateRange>
         </cpfRelation>
         <cpfRelation xmlns:xlink="http://www.w3.org/1999/xlink"
                      cpfRelationType="associative"
                      xlink:href="FRAN_NP_013251"
                      xlink:type="simple">
            <relationEntry>Jannin, Philippe</relationEntry>
            <dateRange>
               <fromDate standardDate="2004-05-12">12 mai 2004</fromDate>
               <toDate standardDate="2008-02-05">5 février 2008</toDate>
            </dateRange>
         </cpfRelation>
         <cpfRelation xmlns:xlink="http://www.w3.org/1999/xlink"
                      cpfRelationType="associative"
                      xlink:href="FRAN_NP_011984"
                      xlink:type="simple">
            <relationEntry>Guerreau, Gabriel</relationEntry>
            <dateRange>
               <fromDate standardDate="1631-02-23">23 février 1631</fromDate>
               <toDate standardDate="1638-12-31">1638</toDate>
            </dateRange>
         </cpfRelation>
         <cpfRelation xmlns:xlink="http://www.w3.org/1999/xlink"
                      cpfRelationType="associative"
                      xlink:href="FRAN_NP_011985"
                      xlink:type="simple">
            <relationEntry>Guerreau, Pierre</relationEntry>
            <dateRange>
               <fromDate standardDate="1599-04-01">1er avril 1599</fromDate>
               <toDate standardDate="1636-12-31">1636</toDate>
            </dateRange>
         </cpfRelation>
         <cpfRelation xmlns:xlink="http://www.w3.org/1999/xlink"
                      cpfRelationType="associative"
                      xlink:href="FRAN_NP_010447"
                      xlink:type="simple">
            <relationEntry>Thion de la chaume, Jean</relationEntry>
            <dateRange>
               <fromDate standardDate="1946-04-30">30 avril 1946</fromDate>
               <toDate standardDate="1969-10-10">10 octobre 1969</toDate>
            </dateRange>
         </cpfRelation>
         <cpfRelation xmlns:xlink="http://www.w3.org/1999/xlink"
                      cpfRelationType="associative"
                      xlink:href="FRAN_NP_013395"
                      xlink:type="simple">
            <relationEntry>Hey, Jean-Fabrice</relationEntry>
            <dateRange>
               <fromDate standardDate="2007-01-01">2007</fromDate>
            </dateRange>
         </cpfRelation>
         <cpfRelation xmlns:xlink="http://www.w3.org/1999/xlink"
                      cpfRelationType="associative"
                      xlink:href="FRAN_NP_010732"
                      xlink:type="simple">
            <relationEntry>Rousse, Marie-Joseph</relationEntry>
            <dateRange>
               <fromDate standardDate="1813-10-28">28 octobre 1813</fromDate>
               <toDate standardDate="1845-06-28">28 juin 1845</toDate>
            </dateRange>
         </cpfRelation>
         <cpfRelation xmlns:xlink="http://www.w3.org/1999/xlink"
                      cpfRelationType="associative"
                      xlink:href="FRAN_NP_013018"
                      xlink:type="simple">
            <relationEntry>Bousquet, Eloi-Jacques</relationEntry>
            <dateRange>
               <fromDate standardDate="1715-12-14">14 décembre 1715</fromDate>
               <toDate standardDate="1738-03-10">10 mars 1738</toDate>
            </dateRange>
         </cpfRelation>
         <cpfRelation xmlns:xlink="http://www.w3.org/1999/xlink"
                      cpfRelationType="associative"
                      xlink:href="FRAN_NP_013103"
                      xlink:type="simple">
            <relationEntry>Aleaume, Auguste</relationEntry>
            <dateRange>
               <fromDate standardDate="1776-12-10">10 décembre 1776</fromDate>
               <toDate standardDate="1794-08-25">25 août 1794</toDate>
            </dateRange>
         </cpfRelation>
         <cpfRelation xmlns:xlink="http://www.w3.org/1999/xlink"
                      cpfRelationType="associative"
                      xlink:href="FRAN_NP_010676"
                      xlink:type="simple">
            <relationEntry>Rigault, Paul-Jean-Louis</relationEntry>
            <dateRange>
               <fromDate standardDate="1872-01-05">5 janvier 1872</fromDate>
               <toDate standardDate="1909-05-06">6 mai 1909</toDate>
            </dateRange>
         </cpfRelation>
         <cpfRelation xmlns:xlink="http://www.w3.org/1999/xlink"
                      cpfRelationType="associative"
                      xlink:href="FRAN_NP_011812"
                      xlink:type="simple">
            <relationEntry>Huguet, Pierre</relationEntry>
            <dateRange>
               <fromDate standardDate="1794-08-25">25 août 1794</fromDate>
               <toDate standardDate="1813-10-28">28 octobre 1813</toDate>
            </dateRange>
         </cpfRelation>
         <cpfRelation xmlns:xlink="http://www.w3.org/1999/xlink"
                      cpfRelationType="associative"
                      xlink:href="FRAN_NP_010731"
                      xlink:type="simple">
            <relationEntry>Rousse, Charles-Louis</relationEntry>
            <dateRange>
               <fromDate standardDate="1845-06-28">28 juin 1845</fromDate>
               <toDate standardDate="1856-12-06">6 décembre 1856</toDate>
            </dateRange>
         </cpfRelation>
         <cpfRelation xmlns:xlink="http://www.w3.org/1999/xlink"
                      cpfRelationType="associative"
                      xlink:href="FRAN_NP_011000"
                      xlink:type="simple">
            <relationEntry>Poutrain, Pierre</relationEntry>
            <dateRange>
               <fromDate standardDate="1530-10-22">22 octobre 1530</fromDate>
               <toDate standardDate="1575-03-10">10 mars 1575</toDate>
            </dateRange>
         </cpfRelation>
         <cpfRelation xmlns:xlink="http://www.w3.org/1999/xlink"
                      cpfRelationType="associative"
                      xlink:href="FRAN_NP_010445"
                      xlink:type="simple">
            <relationEntry>Thion de la chaume, Georges Auguste</relationEntry>
            <dateRange>
               <fromDate standardDate="1909-05-06">6 mai 1909</fromDate>
               <toDate standardDate="1946-04-30">30 avril 1946</toDate>
            </dateRange>
         </cpfRelation>
         <cpfRelation xmlns:xlink="http://www.w3.org/1999/xlink"
                      cpfRelationType="associative"
                      xlink:href="FRAN_NP_011038"
                      xlink:type="simple">
            <relationEntry>Magnier, Louis-Philippe</relationEntry>
            <dateRange>
               <fromDate standardDate="1738-03-12">12 mars 1738</fromDate>
               <toDate standardDate="1776-12-04">4 décembre 1776</toDate>
            </dateRange>
         </cpfRelation>
         <cpfRelation xmlns:xlink="http://www.w3.org/1999/xlink"
                      cpfRelationType="associative"
                      xlink:href="FRAN_NP_013250"
                      xlink:type="simple">
            <relationEntry>Frémont, Élodie</relationEntry>
            <dateRange>
               <fromDate standardDate="2004-04-15">15 avril 2004</fromDate>
            </dateRange>
         </cpfRelation>
         <cpfRelation xmlns:xlink="http://www.w3.org/1999/xlink"
                      cpfRelationType="associative"
                      xlink:href="FRAN_NP_012661"
                      xlink:type="simple">
            <relationEntry>Charlot, Léon-Alexandre</relationEntry>
            <dateRange>
               <fromDate standardDate="1856-12-06">6 décembre 1856</fromDate>
               <toDate standardDate="1872-01-05">5 janvier 1872</toDate>
            </dateRange>
         </cpfRelation>
         <cpfRelation xmlns:xlink="http://www.w3.org/1999/xlink"
                      cpfRelationType="associative"
                      xlink:href="FRAN_NP_010922"
                      xlink:type="simple">
            <relationEntry>Pichon, Gérard</relationEntry>
            <dateRange>
               <fromDate standardDate="1979-07-11">11 juillet 1979</fromDate>
               <toDate standardDate="2002-06-24">24 juin 2002</toDate>
            </dateRange>
         </cpfRelation>
         <cpfRelation xmlns:xlink="http://www.w3.org/1999/xlink"
                      cpfRelationType="associative"
                      xlink:href="FRAN_NP_010923"
                      xlink:type="simple">
            <relationEntry>Pichon, Michel</relationEntry>
            <dateRange>
               <fromDate standardDate="1969-10-01">1er octobre 1969</fromDate>
               <toDate standardDate="1994-12-07">7 décembre 1994</toDate>
            </dateRange>
         </cpfRelation>
         <cpfRelation xmlns:xlink="http://www.w3.org/1999/xlink"
                      cpfRelationType="associative"
                      xlink:href="FRAN_NP_012344"
                      xlink:type="simple">
            <relationEntry>Deis, Jean Pierre</relationEntry>
            <dateRange>
               <fromDate standardDate="1994-12-07">7 décembre 1994</fromDate>
               <toDate standardDate="2011-05-19">19 mai 2011</toDate>
            </dateRange>
         </cpfRelation>
         <cpfRelation xmlns:xlink="http://www.w3.org/1999/xlink"
                      cpfRelationType="associative"
                      xlink:href="FRAN_NP_013504"
                      xlink:type="simple">
            <relationEntry>Dineur-Pointel, Isabelle</relationEntry>
            <dateRange>
               <fromDate standardDate="2011-04-22">22 avril 2011</fromDate>
            </dateRange>
         </cpfRelation>
         <resourceRelation xmlns:xlink="http://www.w3.org/1999/xlink"
                           resourceRelationType="subjectOf"
                           xlink:href="FRAN_IR_042845"
                           xlink:type="simple">
            <relationEntry localType="archival">Minutes et répertoires du notaire Gabriel GUERREAU, 23 février 1631 - 1638 (étude LXXXVI)</relationEntry>
         </resourceRelation>
         <resourceRelation xmlns:xlink="http://www.w3.org/1999/xlink"
                           resourceRelationType="subjectOf"
                           xlink:href="FRAN_IR_042854"
                           xlink:type="simple">
            <relationEntry localType="archival">Minutes et répertoires du notaire Léon Alexandre CHARLOT, 6 décembre 1856 - 5 janvier 1872 (étude LXXXVI)</relationEntry>
         </resourceRelation>
         <resourceRelation xmlns:xlink="http://www.w3.org/1999/xlink"
                           resourceRelationType="subjectOf"
                           xlink:href="FRAN_IR_042851"
                           xlink:type="simple">
            <relationEntry localType="archival">Minutes et répertoires du notaire Pierre HUGUET, 25 août 1794 - 27 octobre 1813 (étude LXXXVI)</relationEntry>
         </resourceRelation>
         <resourceRelation xmlns:xlink="http://www.w3.org/1999/xlink"
                           resourceRelationType="creatorOf"
                           xlink:href="FRAN_IR_053979"
                           xlink:type="simple">
            <relationEntry localType="archival">«Mélanges» (dossiers de clients) de l’étude LXXXVI. MC/ET/LXXXVI/951-MC/ET/LXXXVI/976 (1630-1855)</relationEntry>
         </resourceRelation>
         <resourceRelation xmlns:xlink="http://www.w3.org/1999/xlink"
                           resourceRelationType="creatorOf"
                           xlink:href="FRAN_IR_052761"
                           xlink:type="simple">
            <relationEntry localType="archival">Images des répertoires du notaire Pierre I Parque pour l'étude LXXXVI</relationEntry>
         </resourceRelation>
         <resourceRelation xmlns:xlink="http://www.w3.org/1999/xlink"
                           resourceRelationType="creatorOf"
                           xlink:href="FRAN_IR_042846"
                           xlink:type="simple">
            <relationEntry localType="archival">Minutes et répertoires du notaire Pierre II PARQUE, 16 décembre 1638 - 17 décembre 1696 (étude LXXXVI)</relationEntry>
         </resourceRelation>
         <resourceRelation xmlns:xlink="http://www.w3.org/1999/xlink"
                           resourceRelationType="creatorOf"
                           xlink:href="FRAN_IR_051273"
                           xlink:type="simple">
            <relationEntry localType="archival">Images des répertoires du notaire Pierre II Parque pour l'étude LXXXVI</relationEntry>
         </resourceRelation>
         <resourceRelation xmlns:xlink="http://www.w3.org/1999/xlink"
                           resourceRelationType="creatorOf"
                           xlink:href="FRAN_IR_051561"
                           xlink:type="simple">
            <relationEntry localType="archival">Images des répertoires du notaire Léon Alexandre Charlot pour l'étude LXXXVI</relationEntry>
         </resourceRelation>
         <resourceRelation xmlns:xlink="http://www.w3.org/1999/xlink"
                           resourceRelationType="creatorOf"
                           xlink:href="FRAN_IR_051257"
                           xlink:type="simple">
            <relationEntry localType="archival">Images du répertoire du notaire Charles Louis Rousse pour l'étude LXXXVI</relationEntry>
         </resourceRelation>
         <resourceRelation xmlns:xlink="http://www.w3.org/1999/xlink"
                           resourceRelationType="creatorOf"
                           xlink:href="FRAN_IR_051345"
                           xlink:type="simple">
            <relationEntry localType="archival">Images des répertoires du notaire François César de Lambon pour l'étude LXXXVI</relationEntry>
         </resourceRelation>
         <resourceRelation xmlns:xlink="http://www.w3.org/1999/xlink"
                           resourceRelationType="creatorOf"
                           xlink:href="FRAN_IR_051258"
                           xlink:type="simple">
            <relationEntry localType="archival">Images des répertoires du notaire Marie Joseph Rousse pour l'étude LXXXVI</relationEntry>
         </resourceRelation>
         <resourceRelation xmlns:xlink="http://www.w3.org/1999/xlink"
                           resourceRelationType="creatorOf"
                           xlink:href="FRAN_IR_051617"
                           xlink:type="simple">
            <relationEntry localType="archival">Images des répertoires du notaire Eloi Jacques Bousquet pour l'étude LXXXVI</relationEntry>
         </resourceRelation>
         <resourceRelation xmlns:xlink="http://www.w3.org/1999/xlink"
                           resourceRelationType="creatorOf"
                           xlink:href="FRAN_IR_051429"
                           xlink:type="simple">
            <relationEntry localType="archival">Images des répertoires du notaire Pierre Huguet pour l'étude LXXXVI</relationEntry>
         </resourceRelation>
         <resourceRelation xmlns:xlink="http://www.w3.org/1999/xlink"
                           resourceRelationType="creatorOf"
                           xlink:href="FRAN_IR_051631"
                           xlink:type="simple">
            <relationEntry localType="archival">Images des répertoires du notaire Auguste Aleaume pour l'étude LXXXVI</relationEntry>
         </resourceRelation>
         <resourceRelation xmlns:xlink="http://www.w3.org/1999/xlink"
                           resourceRelationType="creatorOf"
                           xlink:href="FRAN_IR_051251"
                           xlink:type="simple">
            <relationEntry localType="archival">Images des répertoires du notaire Paul Jean Louis Rigault pour l'étude LXXXVI</relationEntry>
         </resourceRelation>
         <resourceRelation xmlns:xlink="http://www.w3.org/1999/xlink"
                           resourceRelationType="creatorOf"
                           xlink:href="FRAN_IR_051304"
                           xlink:type="simple">
            <relationEntry localType="archival">Images des répertoires du notaire Louis Philippe Magnier pour l'étude LXXXVI</relationEntry>
         </resourceRelation>
         <resourceRelation xmlns:xlink="http://www.w3.org/1999/xlink"
                           resourceRelationType="creatorOf"
                           xlink:href="FRAN_IR_050263"
                           xlink:type="simple">
            <relationEntry localType="archival">Minutes et répertoires du notaire Georges Auguste THION DE LA CHAUME, 6 mai 1909 - 31 décembre 1944 (étude LXXXVI)</relationEntry>
         </resourceRelation>
         <resourceRelation xmlns:xlink="http://www.w3.org/1999/xlink"
                           resourceRelationType="creatorOf"
                           xlink:href="FRAN_IR_052806"
                           xlink:type="simple">
            <relationEntry localType="archival">Images du répertoire du notaire Gabriel Guerreau pour l'étude LXXXVI</relationEntry>
         </resourceRelation>
         <resourceRelation xmlns:xlink="http://www.w3.org/1999/xlink"
                           resourceRelationType="creatorOf"
                           xlink:href="FRAN_IR_055678"
                           xlink:type="simple">
            <relationEntry localType="archival">Images du répertoire du notaire Pierre Guerreau pour l'étude LXXXVI</relationEntry>
         </resourceRelation>
         <resourceRelation xmlns:xlink="http://www.w3.org/1999/xlink"
                           resourceRelationType="creatorOf"
                           xlink:href="FRAN_IR_042847"
                           xlink:type="simple">
            <relationEntry localType="archival">Minutes et répertoires du notaire François César de LAMBON, 1er janvier 1697 - 13 décembre 1715 (étude LXXXVI)</relationEntry>
         </resourceRelation>
         <resourceRelation xmlns:xlink="http://www.w3.org/1999/xlink"
                           resourceRelationType="creatorOf"
                           xlink:href="FRAN_IR_042850"
                           xlink:type="simple">
            <relationEntry localType="archival">Minutes et répertoires du notaire Auguste ALEAUME, 11 décembre 1776 - 24 août 1794 (étude LXXXVI)</relationEntry>
         </resourceRelation>
         <resourceRelation xmlns:xlink="http://www.w3.org/1999/xlink"
                           resourceRelationType="creatorOf"
                           xlink:href="FRAN_IR_056158"
                           xlink:type="simple">
            <relationEntry localType="archival">Archives de l'office notarial LXXXVI</relationEntry>
         </resourceRelation>
      </relations>
   </cpfDescription>
</eac-cpf>
