<eac-cpf xmlns="urn:isbn:1-931666-33-4"
         xmlns:xsi="http://www.w3.org/2001/XMLSchema-instance"
         xsi:schemaLocation="urn:isbn:1-931666-33-4 cpf.xsd">
   <control>
      <recordId>FRAN_NP_010223</recordId>
      <otherRecordId localType="Ancien_identifiant">FRDAFANCH00MC_NAETUDE_096</otherRecordId>
      <maintenanceStatus>derived</maintenanceStatus>
      <maintenanceAgency>
         <agencyName>Archives nationales de France</agencyName>
      </maintenanceAgency>
      <languageDeclaration>
         <language languageCode="fre">Français</language>
         <script scriptCode="Latn"/>
      </languageDeclaration>
      <conventionDeclaration>
         <citation>Notice établie conformément à la norme ICA-ISAAR (CPF) 2004, aux normes ISO 8601 pour le système de normalisation des dates utilisé, ainsi que AFNOR NF Z 44-061, juin 1986. Catalogage : forme et structure des vedettes noms de personne, des vedettes titres, des rubriques de classement et des titres forgés.</citation>
      </conventionDeclaration>
      <localControl localType="niveau_de_detail">
         <term>Moyenne</term>
      </localControl>
      <maintenanceHistory>
         <maintenanceEvent>
            <eventType>derived</eventType>
            <eventDateTime>2015-09-30</eventDateTime>
            <agentType>machine</agentType>
            <agent>Migration ETANOT</agent>
         </maintenanceEvent>
      </maintenanceHistory>
   </control>
   <cpfDescription>
      <identity>
         <entityType>corporateBody</entityType>
         <nameEntry localType="autorisée" scriptCode="Latn" xml:lang="fre">
            <part>Etude XCVI</part>
         </nameEntry>
         <nameEntry>
            <part>75021</part>
         </nameEntry>
      </identity>
      <description>
         <existDates>
            <dateRange>
               <fromDate standardDate="1575-01-01">1575</fromDate>
            </dateRange>
         </existDates>
         <places>
            <place>
               <placeRole>Lieu de Paris</placeRole>
               <placeEntry localType="nomLieu">22, rue Bayen, BP 316, 75823 PARIS Cedex 17</placeEntry>
            </place>
         </places>
         <functions>
            <function>
               <term vocabularySource="d3nyui3o8w--11y7jgy8q3wnt">notaire à paris</term>
               <dateRange>
                  <fromDate standardDate="1575-01-01">1575</fromDate>
                  <toDate/>
               </dateRange>
            </function>
         </functions>
         <biogHist>
            <p>En 1595, l'étude est établie rue Saint-Honoré près de la barrière aux Sergents. Au cours des siècles, elle glisse vers l'Ouest à la faveur de quatre déménagements : rue des Petits-Champs (1665) ; rue Saint-Thomas-du-Louvre (1755) ; rue Coquillère (an V) ; rue Saint-Honoré - paroisse Saint-Roch - (1873)</p>
         </biogHist>
      </description>
      <relations>
         <cpfRelation xmlns:xlink="http://www.w3.org/1999/xlink"
                      cpfRelationType="associative"
                      xlink:href="FRAN_NP_012364"
                      xlink:type="simple">
            <relationEntry>Delestre, René Louis</relationEntry>
            <dateRange>
               <fromDate standardDate="1911-10-18">18 octobre 1911</fromDate>
               <toDate standardDate="1932-12-30">30 décembre 1932</toDate>
            </dateRange>
         </cpfRelation>
         <cpfRelation xmlns:xlink="http://www.w3.org/1999/xlink"
                      cpfRelationType="associative"
                      xlink:href="FRAN_NP_012365"
                      xlink:type="simple">
            <relationEntry>Doillot, Bernard</relationEntry>
            <dateRange>
               <fromDate standardDate="1764-02-04">4 février 1764</fromDate>
               <toDate standardDate="1795-09-23">23 septembre 1795</toDate>
            </dateRange>
         </cpfRelation>
         <cpfRelation xmlns:xlink="http://www.w3.org/1999/xlink"
                      cpfRelationType="associative"
                      xlink:href="FRAN_NP_011240"
                      xlink:type="simple">
            <relationEntry>Morisse, Charles-Philippe</relationEntry>
            <dateRange>
               <fromDate standardDate="1755-08-06">6 août 1755</fromDate>
               <toDate standardDate="1764-02-04">4 février 1764</toDate>
            </dateRange>
         </cpfRelation>
         <cpfRelation xmlns:xlink="http://www.w3.org/1999/xlink"
                      cpfRelationType="associative"
                      xlink:href="FRAN_NP_011166"
                      xlink:type="simple">
            <relationEntry>Meunier, Jean-Auguste</relationEntry>
            <dateRange>
               <fromDate standardDate="1823-04-22">22 avril 1823</fromDate>
               <toDate standardDate="1857-12-26">26 décembre 1857</toDate>
            </dateRange>
         </cpfRelation>
         <cpfRelation xmlns:xlink="http://www.w3.org/1999/xlink"
                      cpfRelationType="associative"
                      xlink:href="FRAN_NP_013231"
                      xlink:type="simple">
            <relationEntry>Grandin, Christelle</relationEntry>
            <dateRange>
               <fromDate standardDate="2003-06-11">11 juin 2003</fromDate>
               <toDate standardDate="2007-09-28">28 septembre 2007</toDate>
            </dateRange>
         </cpfRelation>
         <cpfRelation xmlns:xlink="http://www.w3.org/1999/xlink"
                      cpfRelationType="associative"
                      xlink:href="FRAN_NP_012673"
                      xlink:type="simple">
            <relationEntry>Chevillard, Georges Fernand</relationEntry>
            <dateRange>
               <fromDate standardDate="1883-05-23">23 mai 1883</fromDate>
               <toDate standardDate="1911-10-18">18 octobre 1911</toDate>
            </dateRange>
         </cpfRelation>
         <cpfRelation xmlns:xlink="http://www.w3.org/1999/xlink"
                      cpfRelationType="associative"
                      xlink:href="FRAN_NP_013400"
                      xlink:type="simple">
            <relationEntry>Bechu, Anne</relationEntry>
            <dateRange>
               <fromDate standardDate="2008-09-17">17 septembre 2008</fromDate>
            </dateRange>
         </cpfRelation>
         <cpfRelation xmlns:xlink="http://www.w3.org/1999/xlink"
                      cpfRelationType="associative"
                      xlink:href="FRAN_NP_013398"
                      xlink:type="simple">
            <relationEntry>Mignard, Muriel</relationEntry>
            <dateRange>
               <fromDate standardDate="2008-09-17">17 septembre 2008</fromDate>
            </dateRange>
         </cpfRelation>
         <cpfRelation xmlns:xlink="http://www.w3.org/1999/xlink"
                      cpfRelationType="associative"
                      xlink:href="FRAN_NP_013098"
                      xlink:type="simple">
            <relationEntry>Agier, Jean Marie</relationEntry>
            <dateRange>
               <fromDate standardDate="1963-02-06">6 février 1963</fromDate>
               <toDate standardDate="1987-07-01">1er juillet 1987</toDate>
            </dateRange>
         </cpfRelation>
         <cpfRelation xmlns:xlink="http://www.w3.org/1999/xlink"
                      cpfRelationType="associative"
                      xlink:href="FRAN_NP_012886"
                      xlink:type="simple">
            <relationEntry>Besins, Marie Caroline</relationEntry>
            <dateRange>
               <fromDate standardDate="1991-11-27">27 novembre 1991</fromDate>
            </dateRange>
         </cpfRelation>
         <cpfRelation xmlns:xlink="http://www.w3.org/1999/xlink"
                      cpfRelationType="associative"
                      xlink:href="FRAN_NP_012817"
                      xlink:type="simple">
            <relationEntry>Beauvais, Michel de</relationEntry>
            <dateRange>
               <fromDate standardDate="1618-08-28">28 août 1618</fromDate>
               <toDate standardDate="1664-11-21">21 novembre 1664</toDate>
            </dateRange>
         </cpfRelation>
         <cpfRelation xmlns:xlink="http://www.w3.org/1999/xlink"
                      cpfRelationType="associative"
                      xlink:href="FRAN_NP_011712"
                      xlink:type="simple">
            <relationEntry>Jozon, Emile-Alexandre</relationEntry>
            <dateRange>
               <fromDate standardDate="1857-12-26">26 décembre 1857</fromDate>
               <toDate standardDate="1883-05-23">23 mai 1883</toDate>
            </dateRange>
         </cpfRelation>
         <cpfRelation xmlns:xlink="http://www.w3.org/1999/xlink"
                      cpfRelationType="associative"
                      xlink:href="FRAN_NP_013135"
                      xlink:type="simple">
            <relationEntry>Aoust, Pierre-Nicolas d'</relationEntry>
            <dateRange>
               <fromDate standardDate="1730-11-09">9 novembre 1730</fromDate>
               <toDate standardDate="1755-08-02">2 août 1755</toDate>
            </dateRange>
         </cpfRelation>
         <cpfRelation xmlns:xlink="http://www.w3.org/1999/xlink"
                      cpfRelationType="associative"
                      xlink:href="FRAN_NP_012065"
                      xlink:type="simple">
            <relationEntry>Fleury, Philippe François</relationEntry>
            <dateRange>
               <fromDate standardDate="1794-08-15">15 août 1794</fromDate>
               <toDate standardDate="1823-04-22">22 avril 1823</toDate>
            </dateRange>
         </cpfRelation>
         <cpfRelation xmlns:xlink="http://www.w3.org/1999/xlink"
                      cpfRelationType="associative"
                      xlink:href="FRAN_NP_013058"
                      xlink:type="simple">
            <relationEntry>Briquet, Pierre de</relationEntry>
            <dateRange>
               <fromDate standardDate="1575-11-13">13 novembre 1575</fromDate>
               <toDate standardDate="1625-02-17">17 février 1625</toDate>
            </dateRange>
         </cpfRelation>
         <cpfRelation xmlns:xlink="http://www.w3.org/1999/xlink"
                      cpfRelationType="associative"
                      xlink:href="FRAN_NP_012856"
                      xlink:type="simple">
            <relationEntry>Benoit, Chantal</relationEntry>
            <dateRange>
               <fromDate standardDate="1999-03-31">31 mars 1999</fromDate>
            </dateRange>
         </cpfRelation>
         <cpfRelation xmlns:xlink="http://www.w3.org/1999/xlink"
                      cpfRelationType="associative"
                      xlink:href="FRAN_NP_010712"
                      xlink:type="simple">
            <relationEntry>Rochelois, Pierre</relationEntry>
            <dateRange>
               <fromDate standardDate="1987-07-01">1er juillet 1987</fromDate>
               <toDate standardDate="2010-09-30">30 septembre 2010</toDate>
            </dateRange>
         </cpfRelation>
         <cpfRelation xmlns:xlink="http://www.w3.org/1999/xlink"
                      cpfRelationType="associative"
                      xlink:href="FRAN_NP_013397"
                      xlink:type="simple">
            <relationEntry>Rochelois, Silke</relationEntry>
            <dateRange>
               <fromDate standardDate="2009-01-06"> 6 janvier 2009</fromDate>
               <toDate standardDate="2011-04-27">27 avril 2011</toDate>
            </dateRange>
         </cpfRelation>
         <cpfRelation xmlns:xlink="http://www.w3.org/1999/xlink"
                      cpfRelationType="associative"
                      xlink:href="FRAN_NP_013399"
                      xlink:type="simple">
            <relationEntry>Delrez-Graux, Marie-Laure</relationEntry>
            <dateRange>
               <fromDate standardDate="2008-09-17">17 septembre 2008</fromDate>
               <toDate standardDate="2010-10-07">7 octobre 2010</toDate>
            </dateRange>
         </cpfRelation>
         <cpfRelation xmlns:xlink="http://www.w3.org/1999/xlink"
                      cpfRelationType="associative"
                      xlink:href="FRAN_NP_011944"
                      xlink:type="simple">
            <relationEntry>Gouguenheim, Sylvie</relationEntry>
            <dateRange>
               <fromDate standardDate="1999-03-31">31 mars 1999</fromDate>
            </dateRange>
         </cpfRelation>
         <cpfRelation xmlns:xlink="http://www.w3.org/1999/xlink"
                      cpfRelationType="associative"
                      xlink:href="FRAN_NP_012672"
                      xlink:type="simple">
            <relationEntry>Chardon, Robert Paul</relationEntry>
            <dateRange>
               <fromDate standardDate="1932-12-30">30 décembre 1932</fromDate>
               <toDate standardDate="1963-02-06">6 février 1963</toDate>
            </dateRange>
         </cpfRelation>
         <cpfRelation xmlns:xlink="http://www.w3.org/1999/xlink"
                      cpfRelationType="associative"
                      xlink:href="FRAN_NP_013237"
                      xlink:type="simple">
            <relationEntry>Leduc, Marie-Françoise</relationEntry>
            <dateRange>
               <fromDate standardDate="2003-05-23">23 mai 2003</fromDate>
            </dateRange>
         </cpfRelation>
         <cpfRelation xmlns:xlink="http://www.w3.org/1999/xlink"
                      cpfRelationType="associative"
                      xlink:href="FRAN_NP_011260"
                      xlink:type="simple">
            <relationEntry>Moufle, Simon III</relationEntry>
            <dateRange>
               <fromDate standardDate="1664-11-21">21 novembre 1664</fromDate>
               <toDate standardDate="1706-03-08">8 mars 1706</toDate>
            </dateRange>
         </cpfRelation>
         <cpfRelation xmlns:xlink="http://www.w3.org/1999/xlink"
                      cpfRelationType="associative"
                      xlink:href="FRAN_NP_012366"
                      xlink:type="simple">
            <relationEntry>Durant, Louis</relationEntry>
            <dateRange>
               <fromDate standardDate="1706-03-31">31 mars 1706</fromDate>
               <toDate standardDate="1730-11-09">9 novembre 1730</toDate>
            </dateRange>
         </cpfRelation>
         <cpfRelation xmlns:xlink="http://www.w3.org/1999/xlink"
                      cpfRelationType="associative"
                      xlink:href="FRAN_NP_013415"
                      xlink:type="simple">
            <relationEntry>Lauter, Julien</relationEntry>
            <dateRange>
               <fromDate standardDate="2009-01-06">6 janvier 2009</fromDate>
            </dateRange>
         </cpfRelation>
         <cpfRelation xmlns:xlink="http://www.w3.org/1999/xlink"
                      cpfRelationType="associative"
                      xlink:href="FRAN_NP_013448"
                      xlink:type="simple">
            <relationEntry>Paoli, Laurent</relationEntry>
            <dateRange>
               <fromDate standardDate="2010-01-14">14 janvier 2010</fromDate>
            </dateRange>
         </cpfRelation>
         <resourceRelation xmlns:xlink="http://www.w3.org/1999/xlink"
                           resourceRelationType="subjectOf"
                           xlink:href="FRAN_IR_043012"
                           xlink:type="simple">
            <relationEntry localType="archival">Minutes et répertoires du notaire Émile Alexandre JOZON, 26 décembre 1857 - 23 mai 1883 (étude XCVI)</relationEntry>
         </resourceRelation>
         <resourceRelation xmlns:xlink="http://www.w3.org/1999/xlink"
                           resourceRelationType="subjectOf"
                           xlink:href="FRAN_IR_043013"
                           xlink:type="simple">
            <relationEntry localType="archival">Minutes et répertoires du notaire Georges Fernand CHEVILLARD, 23 mai 1883 - décembre 1903 (étude XCVI)</relationEntry>
         </resourceRelation>
         <resourceRelation xmlns:xlink="http://www.w3.org/1999/xlink"
                           resourceRelationType="subjectOf"
                           xlink:href="FRAN_IR_043008"
                           xlink:type="simple">
            <relationEntry localType="archival">Minutes et répertoires du notaire Charles Philippe MORISSE, 6 août 1755 - 24 janvier 1764 (étude XCVI)</relationEntry>
         </resourceRelation>
         <resourceRelation xmlns:xlink="http://www.w3.org/1999/xlink"
                           resourceRelationType="creatorOf"
                           xlink:href="FRAN_IR_054133"
                           xlink:type="simple">
            <relationEntry localType="archival">«Mélanges» (dossiers de clients) de l’étude XCVI. MC/ET/XCVI/285/A-MC/ET/XCVI/285/B (1517-1723)</relationEntry>
         </resourceRelation>
         <resourceRelation xmlns:xlink="http://www.w3.org/1999/xlink"
                           resourceRelationType="creatorOf"
                           xlink:href="FRAN_IR_043006"
                           xlink:type="simple">
            <relationEntry localType="archival">Minutes et répertoires du notaire Louis DURANT, 31 mars 1706 - 9 novembre 1730 (étude XCVI)</relationEntry>
         </resourceRelation>
         <resourceRelation xmlns:xlink="http://www.w3.org/1999/xlink"
                           resourceRelationType="creatorOf"
                           xlink:href="FRAN_IR_043007"
                           xlink:type="simple">
            <relationEntry localType="archival">Minutes et répertoires du notaire Pierre Nicolas d' AOUST, 9 novembre 1730 - 2 août 1755 (étude XCVI)</relationEntry>
         </resourceRelation>
         <resourceRelation xmlns:xlink="http://www.w3.org/1999/xlink"
                           resourceRelationType="creatorOf"
                           xlink:href="FRAN_IR_051407"
                           xlink:type="simple">
            <relationEntry localType="archival">Images des répertoires du notaire Emile Alexandre Jozon pour l'étude XCVI</relationEntry>
         </resourceRelation>
         <resourceRelation xmlns:xlink="http://www.w3.org/1999/xlink"
                           resourceRelationType="creatorOf"
                           xlink:href="FRAN_IR_051564"
                           xlink:type="simple">
            <relationEntry localType="archival">Images des répertoires du notaire Georges Fernand Chevillard pour l'étude XCVI</relationEntry>
         </resourceRelation>
         <resourceRelation xmlns:xlink="http://www.w3.org/1999/xlink"
                           resourceRelationType="creatorOf"
                           xlink:href="FRAN_IR_051623"
                           xlink:type="simple">
            <relationEntry localType="archival">Images des répertoires du notaire Pierre de Briquet pour l'étude XCVI</relationEntry>
         </resourceRelation>
         <resourceRelation xmlns:xlink="http://www.w3.org/1999/xlink"
                           resourceRelationType="creatorOf"
                           xlink:href="FRAN_IR_051586"
                           xlink:type="simple">
            <relationEntry localType="archival">Images des répertoires du notaire Michel de Beauvais pour l'étude XCVI</relationEntry>
         </resourceRelation>
         <resourceRelation xmlns:xlink="http://www.w3.org/1999/xlink"
                           resourceRelationType="creatorOf"
                           xlink:href="FRAN_IR_051634"
                           xlink:type="simple">
            <relationEntry localType="archival">Images des répertoires du notaire Pierre Nicolas d'Aoust pour l'étude XCVI</relationEntry>
         </resourceRelation>
         <resourceRelation xmlns:xlink="http://www.w3.org/1999/xlink"
                           resourceRelationType="creatorOf"
                           xlink:href="FRAN_IR_051458"
                           xlink:type="simple">
            <relationEntry localType="archival">Images des répertoires du notaire Philippe François Fleury pour l'étude XCVI</relationEntry>
         </resourceRelation>
         <resourceRelation xmlns:xlink="http://www.w3.org/1999/xlink"
                           resourceRelationType="creatorOf"
                           xlink:href="FRAN_IR_043010"
                           xlink:type="simple">
            <relationEntry localType="archival">Minutes et répertoires du notaire Philippe François FLEURY, 18 août 1794 - 22 avril 1823 (étude XCVI)</relationEntry>
         </resourceRelation>
         <resourceRelation xmlns:xlink="http://www.w3.org/1999/xlink"
                           resourceRelationType="creatorOf"
                           xlink:href="FRAN_IR_051324"
                           xlink:type="simple">
            <relationEntry localType="archival">Images des répertoires du notaire Jean Auguste Meunier pour l'étude XCVI</relationEntry>
         </resourceRelation>
         <resourceRelation xmlns:xlink="http://www.w3.org/1999/xlink"
                           resourceRelationType="creatorOf"
                           xlink:href="FRAN_IR_043009"
                           xlink:type="simple">
            <relationEntry localType="archival">Minutes et répertoires du notaire Bernard DOILLOT, 4 février 1764 - 22 septembre 1795 (étude XCVI)</relationEntry>
         </resourceRelation>
         <resourceRelation xmlns:xlink="http://www.w3.org/1999/xlink"
                           resourceRelationType="creatorOf"
                           xlink:href="FRAN_IR_043004"
                           xlink:type="simple">
            <relationEntry localType="archival">Minutes et répertoires du notaire Michel de BEAUVAIS, 28 août 1618 - 21 novembre 1664 (étude XCVI)</relationEntry>
         </resourceRelation>
         <resourceRelation xmlns:xlink="http://www.w3.org/1999/xlink"
                           resourceRelationType="creatorOf"
                           xlink:href="FRAN_IR_052777"
                           xlink:type="simple">
            <relationEntry localType="archival">Images des répertoires du notaire Simon III Moufle pour l'étude XCVI</relationEntry>
         </resourceRelation>
         <resourceRelation xmlns:xlink="http://www.w3.org/1999/xlink"
                           resourceRelationType="creatorOf"
                           xlink:href="FRAN_IR_052830"
                           xlink:type="simple">
            <relationEntry localType="archival">Images des répertoires du notaire Louis Durant pour l'étude XCVI</relationEntry>
         </resourceRelation>
         <resourceRelation xmlns:xlink="http://www.w3.org/1999/xlink"
                           resourceRelationType="creatorOf"
                           xlink:href="FRAN_IR_052829"
                           xlink:type="simple">
            <relationEntry localType="archival">Images des répertoires du notaire Bernard Doillot pour l'étude XCVI</relationEntry>
         </resourceRelation>
         <resourceRelation xmlns:xlink="http://www.w3.org/1999/xlink"
                           resourceRelationType="creatorOf"
                           xlink:href="FRAN_IR_055497"
                           xlink:type="simple">
            <relationEntry localType="archival">Images du répertoire du notaire Charles Philippe Morisse pour l'étude XCVI</relationEntry>
         </resourceRelation>
         <resourceRelation xmlns:xlink="http://www.w3.org/1999/xlink"
                           resourceRelationType="creatorOf"
                           xlink:href="FRAN_IR_043011"
                           xlink:type="simple">
            <relationEntry localType="archival">Minutes et répertoires du notaire Jean Auguste MEUNIER, 22 avril 1823 - 26 décembre 1857 (étude XCVI)</relationEntry>
         </resourceRelation>
         <resourceRelation xmlns:xlink="http://www.w3.org/1999/xlink"
                           resourceRelationType="creatorOf"
                           xlink:href="FRAN_IR_043003"
                           xlink:type="simple">
            <relationEntry localType="archival">Minutes et répertoires du notaire Pierre de BRIQUET, 1577 - 17 février 1625 (étude XCVI)</relationEntry>
         </resourceRelation>
         <resourceRelation xmlns:xlink="http://www.w3.org/1999/xlink"
                           resourceRelationType="creatorOf"
                           xlink:href="FRAN_IR_043002"
                           xlink:type="simple">
            <relationEntry localType="archival">Archives de l'étude XCVI</relationEntry>
         </resourceRelation>
         <resourceRelation xmlns:xlink="http://www.w3.org/1999/xlink"
                           resourceRelationType="creatorOf"
                           xlink:href="FRAN_IR_043005"
                           xlink:type="simple">
            <relationEntry localType="archival">Minutes et répertoires du notaire Simon III MOUFLE, 21 novembre 1664 - mars 1706 (étude XCVI)</relationEntry>
         </resourceRelation>
      </relations>
   </cpfDescription>
</eac-cpf>
