<eac-cpf xmlns="urn:isbn:1-931666-33-4"
         xmlns:xsi="http://www.w3.org/2001/XMLSchema-instance"
         xsi:schemaLocation="urn:isbn:1-931666-33-4 cpf.xsd">
   <control>
      <recordId>FRAN_NP_010144</recordId>
      <otherRecordId localType="Ancien_identifiant">FRDAFANCH00MC_NAETUDE_017</otherRecordId>
      <maintenanceStatus>derived</maintenanceStatus>
      <maintenanceAgency>
         <agencyName>Archives nationales de France</agencyName>
      </maintenanceAgency>
      <languageDeclaration>
         <language languageCode="fre">Français</language>
         <script scriptCode="Latn"/>
      </languageDeclaration>
      <conventionDeclaration>
         <citation>Notice établie conformément à la norme ICA-ISAAR (CPF) 2004, aux normes ISO 8601 pour le système de normalisation des dates utilisé, ainsi que AFNOR NF Z 44-061, juin 1986. Catalogage : forme et structure des vedettes noms de personne, des vedettes titres, des rubriques de classement et des titres forgés.</citation>
      </conventionDeclaration>
      <localControl localType="niveau_de_detail">
         <term>Moyenne</term>
      </localControl>
      <maintenanceHistory>
         <maintenanceEvent>
            <eventType>derived</eventType>
            <eventDateTime>2015-09-30</eventDateTime>
            <agentType>machine</agentType>
            <agent>Migration ETANOT</agent>
         </maintenanceEvent>
      </maintenanceHistory>
   </control>
   <cpfDescription>
      <identity>
         <entityType>corporateBody</entityType>
         <nameEntry localType="autorisée" scriptCode="Latn" xml:lang="fre">
            <part>Etude XVII</part>
         </nameEntry>
         <nameEntry>
            <part>75008</part>
         </nameEntry>
      </identity>
      <description>
         <existDates>
            <dateRange>
               <fromDate standardDate="1558-01-01">1558</fromDate>
            </dateRange>
         </existDates>
         <places>
            <place>
               <placeRole>Lieu de Paris</placeRole>
               <placeEntry localType="nomLieu">3, rue Rossini, 75009 PARIS</placeEntry>
            </place>
         </places>
         <functions>
            <function>
               <term vocabularySource="d3nyui3o8w--11y7jgy8q3wnt">notaire à paris</term>
               <dateRange>
                  <fromDate standardDate="1558-01-01">1558</fromDate>
                  <toDate/>
               </dateRange>
            </function>
         </functions>
         <biogHist>
            <p>Installée depuis le XVIème siècle au bas de la rue de la Montagne Sainte-Geneviève, près de la place Maubert, cette étude passe la Seine en 1772. Elle demeure rue de la Monnaie, près du Pont-Neuf, jusqu'en 1810, puis gagne le quartier du Palais-Royal. Elle est rue de Richelieu, rue Sainte-Anne, rue Saint-Augustin de 1810 à 1870 et s'installe alors rue de Châteaudun.</p>
         </biogHist>
      </description>
      <relations>
         <cpfRelation xmlns:xlink="http://www.w3.org/1999/xlink"
                      cpfRelationType="associative"
                      xlink:href="FRAN_NP_010309"
                      xlink:type="simple">
            <relationEntry>Yver, Albert Henri</relationEntry>
            <dateRange>
               <fromDate standardDate="1868-08-14">14 août 1868</fromDate>
               <toDate standardDate="1904-05-04">4 mai 1904</toDate>
            </dateRange>
         </cpfRelation>
         <cpfRelation xmlns:xlink="http://www.w3.org/1999/xlink"
                      cpfRelationType="associative"
                      xlink:href="FRAN_NP_010310"
                      xlink:type="simple">
            <relationEntry>Yver, Henri-Joseph</relationEntry>
            <dateRange>
               <fromDate standardDate="1837-08-05">5 août 1837</fromDate>
               <toDate standardDate="1868-08-14">14 août 1868</toDate>
            </dateRange>
         </cpfRelation>
         <cpfRelation xmlns:xlink="http://www.w3.org/1999/xlink"
                      cpfRelationType="associative"
                      xlink:href="FRAN_NP_010817"
                      xlink:type="simple">
            <relationEntry>Nourry, Jacques</relationEntry>
            <dateRange>
               <fromDate standardDate="1644-08-11">11 août 1644</fromDate>
               <toDate standardDate="1660-10-07">7 octobre 1660</toDate>
            </dateRange>
         </cpfRelation>
         <cpfRelation xmlns:xlink="http://www.w3.org/1999/xlink"
                      cpfRelationType="associative"
                      xlink:href="FRAN_NP_010818"
                      xlink:type="simple">
            <relationEntry>Nourry, Nicolas</relationEntry>
            <dateRange>
               <fromDate standardDate="1592-06-06">6 juin 1592</fromDate>
               <toDate standardDate="1644-08-10">10 août 1644</toDate>
            </dateRange>
         </cpfRelation>
         <cpfRelation xmlns:xlink="http://www.w3.org/1999/xlink"
                      cpfRelationType="associative"
                      xlink:href="FRAN_NP_011252"
                      xlink:type="simple">
            <relationEntry>Mouchet, André Henri</relationEntry>
            <dateRange>
               <fromDate standardDate="1904-05-04">4 mai 1904</fromDate>
               <toDate standardDate="1931-04-27">27 avril 1931</toDate>
            </dateRange>
         </cpfRelation>
         <cpfRelation xmlns:xlink="http://www.w3.org/1999/xlink"
                      cpfRelationType="associative"
                      xlink:href="FRAN_NP_011347"
                      xlink:type="simple">
            <relationEntry>Langlois, Pierre-Louis</relationEntry>
            <dateRange>
               <fromDate standardDate="1787-06-16">16 juin 1787</fromDate>
               <toDate standardDate="1799-09-27">27 septembre 1799</toDate>
            </dateRange>
         </cpfRelation>
         <cpfRelation xmlns:xlink="http://www.w3.org/1999/xlink"
                      cpfRelationType="associative"
                      xlink:href="FRAN_NP_011390"
                      xlink:type="simple">
            <relationEntry>Le brun, Charles</relationEntry>
            <dateRange>
               <fromDate standardDate="1761-03-07">7 mars 1761</fromDate>
               <toDate standardDate="1787-06-16">16 juin 1787</toDate>
            </dateRange>
         </cpfRelation>
         <cpfRelation xmlns:xlink="http://www.w3.org/1999/xlink"
                      cpfRelationType="associative"
                      xlink:href="FRAN_NP_011174"
                      xlink:type="simple">
            <relationEntry>Michelin, Jean</relationEntry>
            <dateRange>
               <fromDate standardDate="1730-01-25">25 janvier 1730</fromDate>
               <toDate standardDate="1751-02-12">12 février 1751</toDate>
            </dateRange>
         </cpfRelation>
         <cpfRelation xmlns:xlink="http://www.w3.org/1999/xlink"
                      cpfRelationType="associative"
                      xlink:href="FRAN_NP_012767"
                      xlink:type="simple">
            <relationEntry>Barbereau, Pierre</relationEntry>
            <dateRange>
               <fromDate standardDate="1588-01-02">2 janvier 1588</fromDate>
               <toDate standardDate="1589-12-28">28 décembre 1589</toDate>
            </dateRange>
         </cpfRelation>
         <cpfRelation xmlns:xlink="http://www.w3.org/1999/xlink"
                      cpfRelationType="associative"
                      xlink:href="FRAN_NP_012839"
                      xlink:type="simple">
            <relationEntry>Bellet, André Etienne Henri</relationEntry>
            <dateRange>
               <fromDate standardDate="1931-04-27">27 avril 1931</fromDate>
               <toDate standardDate="1963-09-25">25 septembre 1963</toDate>
            </dateRange>
         </cpfRelation>
         <cpfRelation xmlns:xlink="http://www.w3.org/1999/xlink"
                      cpfRelationType="associative"
                      xlink:href="FRAN_NP_012954"
                      xlink:type="simple">
            <relationEntry>Bonodat, Gilbert</relationEntry>
            <dateRange>
               <fromDate standardDate="1660-10-08">8 octobre 1660</fromDate>
               <toDate standardDate="1670-10-28">28 octobre 1670</toDate>
            </dateRange>
         </cpfRelation>
         <cpfRelation xmlns:xlink="http://www.w3.org/1999/xlink"
                      cpfRelationType="associative"
                      xlink:href="FRAN_NP_013164"
                      xlink:type="simple">
            <relationEntry>Aumont, Adrien</relationEntry>
            <dateRange>
               <fromDate standardDate="1671-01-09">9 janvier 1671</fromDate>
               <toDate standardDate="1701-04-30">avril 1701</toDate>
            </dateRange>
         </cpfRelation>
         <cpfRelation xmlns:xlink="http://www.w3.org/1999/xlink"
                      cpfRelationType="associative"
                      xlink:href="FRAN_NP_012006"
                      xlink:type="simple">
            <relationEntry>Guneau, Philippe</relationEntry>
            <dateRange>
               <fromDate standardDate="1653-11-28">28 novembre 1653</fromDate>
               <toDate standardDate="1663-06-02">2 juin 1663</toDate>
            </dateRange>
         </cpfRelation>
         <cpfRelation xmlns:xlink="http://www.w3.org/1999/xlink"
                      cpfRelationType="associative"
                      xlink:href="FRAN_NP_013106"
                      xlink:type="simple">
            <relationEntry>Alexandre, Jean-Marc</relationEntry>
            <dateRange>
               <fromDate standardDate="1992-07-08">8 juillet 1992</fromDate>
            </dateRange>
         </cpfRelation>
         <cpfRelation xmlns:xlink="http://www.w3.org/1999/xlink"
                      cpfRelationType="associative"
                      xlink:href="FRAN_NP_012841"
                      xlink:type="simple">
            <relationEntry>Bellet, Jean Marie</relationEntry>
            <dateRange>
               <fromDate standardDate="1963-09-25">25 septembre 1963</fromDate>
               <toDate standardDate="1997-12-31">1997</toDate>
            </dateRange>
         </cpfRelation>
         <cpfRelation xmlns:xlink="http://www.w3.org/1999/xlink"
                      cpfRelationType="associative"
                      xlink:href="FRAN_NP_013332"
                      xlink:type="simple">
            <relationEntry>Hoang, France</relationEntry>
            <dateRange>
               <fromDate standardDate="2007-03-14">14 mars 2007</fromDate>
            </dateRange>
         </cpfRelation>
         <cpfRelation xmlns:xlink="http://www.w3.org/1999/xlink"
                      cpfRelationType="associative"
                      xlink:href="FRAN_NP_011498"
                      xlink:type="simple">
            <relationEntry>Léger, Prosper-Louis</relationEntry>
            <dateRange>
               <fromDate standardDate="1799-09-27">27 septembre 1799</fromDate>
               <toDate standardDate="1813-11-06">6 novembre 1813</toDate>
            </dateRange>
         </cpfRelation>
         <cpfRelation xmlns:xlink="http://www.w3.org/1999/xlink"
                      cpfRelationType="associative"
                      xlink:href="FRAN_NP_011558"
                      xlink:type="simple">
            <relationEntry>Leroy, Auguste-Pierre</relationEntry>
            <dateRange>
               <fromDate standardDate="1813-11-06">6 novembre 1813</fromDate>
               <toDate standardDate="1826-10-04">4 octobre 1826</toDate>
            </dateRange>
         </cpfRelation>
         <cpfRelation xmlns:xlink="http://www.w3.org/1999/xlink"
                      cpfRelationType="associative"
                      xlink:href="FRAN_NP_012114"
                      xlink:type="simple">
            <relationEntry>Fremyn, Nicolas</relationEntry>
            <dateRange>
               <fromDate standardDate="1751-02-12">12 février 1751</fromDate>
               <toDate standardDate="1761-03-05">5 mars 1761</toDate>
            </dateRange>
         </cpfRelation>
         <cpfRelation xmlns:xlink="http://www.w3.org/1999/xlink"
                      cpfRelationType="associative"
                      xlink:href="FRAN_NP_012121"
                      xlink:type="simple">
            <relationEntry>Fromont, Jean</relationEntry>
            <dateRange>
               <fromDate standardDate="1701-05-20">20 mai 1701</fromDate>
               <toDate standardDate="1730-01-17">17 janvier 1730</toDate>
            </dateRange>
         </cpfRelation>
         <cpfRelation xmlns:xlink="http://www.w3.org/1999/xlink"
                      cpfRelationType="associative"
                      xlink:href="FRAN_NP_012175"
                      xlink:type="simple">
            <relationEntry>Dechin, Olaf</relationEntry>
            <dateRange>
               <fromDate standardDate="1994-06-15">15 juin 1994</fromDate>
            </dateRange>
         </cpfRelation>
         <cpfRelation xmlns:xlink="http://www.w3.org/1999/xlink"
                      cpfRelationType="associative"
                      xlink:href="FRAN_NP_012176"
                      xlink:type="simple">
            <relationEntry>Delafons, François</relationEntry>
            <dateRange>
               <fromDate standardDate="1558-10-26">26 octobre 1558</fromDate>
               <toDate standardDate="1592-05-12">12 mai 1592</toDate>
            </dateRange>
         </cpfRelation>
         <cpfRelation xmlns:xlink="http://www.w3.org/1999/xlink"
                      cpfRelationType="associative"
                      xlink:href="FRAN_NP_012177"
                      xlink:type="simple">
            <relationEntry>Devriendt, Alexandre</relationEntry>
            <dateRange>
               <fromDate standardDate="1999-11-03">3 novembre 1999</fromDate>
            </dateRange>
         </cpfRelation>
         <cpfRelation xmlns:xlink="http://www.w3.org/1999/xlink"
                      cpfRelationType="associative"
                      xlink:href="FRAN_NP_012496"
                      xlink:type="simple">
            <relationEntry>Clausse, Charles-Georges</relationEntry>
            <dateRange>
               <fromDate standardDate="1826-10-04">4 octobre 1826</fromDate>
               <toDate standardDate="1837-08-05">5 août 1837</toDate>
            </dateRange>
         </cpfRelation>
         <resourceRelation xmlns:xlink="http://www.w3.org/1999/xlink"
                           resourceRelationType="creatorOf"
                           xlink:href="FRAN_IR_041484"
                           xlink:type="simple">
            <relationEntry localType="archival">Minutes et répertoires du notaire Pierre BARBEREAU, 2 janvier 1588 - 8 décembre 1589 (étude XVII)</relationEntry>
         </resourceRelation>
         <resourceRelation xmlns:xlink="http://www.w3.org/1999/xlink"
                           resourceRelationType="creatorOf"
                           xlink:href="FRAN_IR_041487"
                           xlink:type="simple">
            <relationEntry localType="archival">Minutes et répertoires du notaire Philippe GUNEAU, 28 novembre 1653 - mai 1663 (étude XVII)</relationEntry>
         </resourceRelation>
         <resourceRelation xmlns:xlink="http://www.w3.org/1999/xlink"
                           resourceRelationType="creatorOf"
                           xlink:href="FRAN_IR_041483"
                           xlink:type="simple">
            <relationEntry localType="archival">Minutes et répertoires du notaire François DELAFONS, 28 juin 1555 - 1er mai 1592 (étude XVII)</relationEntry>
         </resourceRelation>
         <resourceRelation xmlns:xlink="http://www.w3.org/1999/xlink"
                           resourceRelationType="creatorOf"
                           xlink:href="FRAN_IR_041485"
                           xlink:type="simple">
            <relationEntry localType="archival">Minutes et répertoires du notaire Nicolas NOURRY, 6 juin 1592 - 21 juillet 1644 (étude XVII)</relationEntry>
         </resourceRelation>
         <resourceRelation xmlns:xlink="http://www.w3.org/1999/xlink"
                           resourceRelationType="creatorOf"
                           xlink:href="FRAN_IR_041488"
                           xlink:type="simple">
            <relationEntry localType="archival">Minutes et répertoires du notaire Gilbert BONODAT, 8 octobre 1660 - 28 octobre 1670 (étude XVII)</relationEntry>
         </resourceRelation>
         <resourceRelation xmlns:xlink="http://www.w3.org/1999/xlink"
                           resourceRelationType="creatorOf"
                           xlink:href="FRAN_IR_041489"
                           xlink:type="simple">
            <relationEntry localType="archival">Minutes et répertoires du notaire Adrien AUMONT, 9 janvier 1671 - 20 avril 1701 (étude XVII)</relationEntry>
         </resourceRelation>
         <resourceRelation xmlns:xlink="http://www.w3.org/1999/xlink"
                           resourceRelationType="creatorOf"
                           xlink:href="FRAN_IR_041490"
                           xlink:type="simple">
            <relationEntry localType="archival">Minutes et répertoires du notaire Jean FROMONT, 20 mai 1701 - 24 janvier 1730 (étude XVII)</relationEntry>
         </resourceRelation>
         <resourceRelation xmlns:xlink="http://www.w3.org/1999/xlink"
                           resourceRelationType="creatorOf"
                           xlink:href="FRAN_IR_041491"
                           xlink:type="simple">
            <relationEntry localType="archival">Minutes et répertoires du notaire Jean MICHELIN, 25 janvier 1730 - 11 février 1751 (étude XVII)</relationEntry>
         </resourceRelation>
         <resourceRelation xmlns:xlink="http://www.w3.org/1999/xlink"
                           resourceRelationType="creatorOf"
                           xlink:href="FRAN_IR_041492"
                           xlink:type="simple">
            <relationEntry localType="archival">Minutes et répertoires du notaire Nicolas FREMYN, 12 février 1751 - 3 mars 1761 (étude XVII)</relationEntry>
         </resourceRelation>
         <resourceRelation xmlns:xlink="http://www.w3.org/1999/xlink"
                           resourceRelationType="creatorOf"
                           xlink:href="FRAN_IR_041493"
                           xlink:type="simple">
            <relationEntry localType="archival">Minutes et répertoires du notaire Charles LE BRUN, 7 mars 1761 - 15 juin 1787 (étude XVII)</relationEntry>
         </resourceRelation>
         <resourceRelation xmlns:xlink="http://www.w3.org/1999/xlink"
                           resourceRelationType="creatorOf"
                           xlink:href="FRAN_IR_041495"
                           xlink:type="simple">
            <relationEntry localType="archival">Minutes et répertoires du notaire Pierre Louis LANGLOIS, 16 juin 1787 - 19 septembre 1799 (étude XVII)</relationEntry>
         </resourceRelation>
         <resourceRelation xmlns:xlink="http://www.w3.org/1999/xlink"
                           resourceRelationType="creatorOf"
                           xlink:href="FRAN_IR_041494"
                           xlink:type="simple">
            <relationEntry localType="archival">Minutes et répertoires du notaire Prosper Louis LÉGER, 28 septembre 1799 - 5 novembre 1813 (étude XVII)</relationEntry>
         </resourceRelation>
         <resourceRelation xmlns:xlink="http://www.w3.org/1999/xlink"
                           resourceRelationType="creatorOf"
                           xlink:href="FRAN_IR_041496"
                           xlink:type="simple">
            <relationEntry localType="archival">Minutes et répertoires du notaire Auguste Pierre LEROY, 6 novembre 1813 - 3 octobre 1826 (étude XVII)</relationEntry>
         </resourceRelation>
         <resourceRelation xmlns:xlink="http://www.w3.org/1999/xlink"
                           resourceRelationType="creatorOf"
                           xlink:href="FRAN_IR_041497"
                           xlink:type="simple">
            <relationEntry localType="archival">Minutes et répertoires du notaire Charles Georges CLAUSSE, 4 octobre 1826 - 4 août 1837 (étude XVII)</relationEntry>
         </resourceRelation>
         <resourceRelation xmlns:xlink="http://www.w3.org/1999/xlink"
                           resourceRelationType="creatorOf"
                           xlink:href="FRAN_IR_041498"
                           xlink:type="simple">
            <relationEntry localType="archival">Minutes et répertoires du notaire Henri Joseph YVER, 5 août 1837 - 14 août 1868 (étude XVII)</relationEntry>
         </resourceRelation>
         <resourceRelation xmlns:xlink="http://www.w3.org/1999/xlink"
                           resourceRelationType="creatorOf"
                           xlink:href="FRAN_IR_041499"
                           xlink:type="simple">
            <relationEntry localType="archival">Minutes et répertoires du notaire Albert Henri YVER, 14 août 1868 - 19 novembre 1902 (étude XVII)</relationEntry>
         </resourceRelation>
         <resourceRelation xmlns:xlink="http://www.w3.org/1999/xlink"
                           resourceRelationType="creatorOf"
                           xlink:href="FRAN_IR_041482"
                           xlink:type="simple">
            <relationEntry localType="archival">Archives de l'étude XVII</relationEntry>
         </resourceRelation>
         <resourceRelation xmlns:xlink="http://www.w3.org/1999/xlink"
                           resourceRelationType="creatorOf"
                           xlink:href="FRAN_IR_041486"
                           xlink:type="simple">
            <relationEntry localType="archival">Minutes et répertoires du notaire Jacques NOURRY, 11 août 1644 - 7 octobre 1660 (étude XVII)</relationEntry>
         </resourceRelation>
         <resourceRelation xmlns:xlink="http://www.w3.org/1999/xlink"
                           resourceRelationType="creatorOf"
                           xlink:href="FRAN_IR_051837"
                           xlink:type="simple">
            <relationEntry localType="archival">Images des répertoires du notaire Auguste Pierre Leroy pour l'étude XVII</relationEntry>
         </resourceRelation>
         <resourceRelation xmlns:xlink="http://www.w3.org/1999/xlink"
                           resourceRelationType="creatorOf"
                           xlink:href="FRAN_IR_052965"
                           xlink:type="simple">
            <relationEntry localType="archival">Images des répertoires du notaire Etienne Regnault pour l'étude XVIII</relationEntry>
         </resourceRelation>
         <resourceRelation xmlns:xlink="http://www.w3.org/1999/xlink"
                           resourceRelationType="creatorOf"
                           xlink:href="FRAN_IR_053554"
                           xlink:type="simple">
            <relationEntry localType="archival">Images du répertoire du notaire Jean Michelin pour l'étude XVII</relationEntry>
         </resourceRelation>
         <resourceRelation xmlns:xlink="http://www.w3.org/1999/xlink"
                           resourceRelationType="creatorOf"
                           xlink:href="FRAN_IR_051836"
                           xlink:type="simple">
            <relationEntry localType="archival">Images du répertoire du notaire Nicolas Fremyn pour l'étude XVII</relationEntry>
         </resourceRelation>
         <resourceRelation xmlns:xlink="http://www.w3.org/1999/xlink"
                           resourceRelationType="creatorOf"
                           xlink:href="FRAN_IR_051834"
                           xlink:type="simple">
            <relationEntry localType="archival">Images des répertoires du notaire Charles Le Brun pour l'étude XVII</relationEntry>
         </resourceRelation>
         <resourceRelation xmlns:xlink="http://www.w3.org/1999/xlink"
                           resourceRelationType="creatorOf"
                           xlink:href="FRAN_IR_051831"
                           xlink:type="simple">
            <relationEntry localType="archival">Images du répertoire du notaire Pierre Louis Langlois pour l'étude XVII</relationEntry>
         </resourceRelation>
         <resourceRelation xmlns:xlink="http://www.w3.org/1999/xlink"
                           resourceRelationType="creatorOf"
                           xlink:href="FRAN_IR_051835"
                           xlink:type="simple">
            <relationEntry localType="archival">Images des répertoires du notaire Prosper Louis Léger pour l'étude XVII</relationEntry>
         </resourceRelation>
         <resourceRelation xmlns:xlink="http://www.w3.org/1999/xlink"
                           resourceRelationType="creatorOf"
                           xlink:href="FRAN_IR_051839"
                           xlink:type="simple">
            <relationEntry localType="archival">Images des répertoires du notaire Charles Georges Clausse pour l'étude XVII</relationEntry>
         </resourceRelation>
         <resourceRelation xmlns:xlink="http://www.w3.org/1999/xlink"
                           resourceRelationType="creatorOf"
                           xlink:href="FRAN_IR_051833"
                           xlink:type="simple">
            <relationEntry localType="archival">Images des répertoires du notaire Henri Joseph Yver pour l'étude XVII</relationEntry>
         </resourceRelation>
         <resourceRelation xmlns:xlink="http://www.w3.org/1999/xlink"
                           resourceRelationType="creatorOf"
                           xlink:href="FRAN_IR_051830"
                           xlink:type="simple">
            <relationEntry localType="archival">Images des répertoires du notaire Albert Henri Yver pour l'étude XVII</relationEntry>
         </resourceRelation>
      </relations>
   </cpfDescription>
</eac-cpf>
