<eac-cpf xmlns="urn:isbn:1-931666-33-4"
         xmlns:xsi="http://www.w3.org/2001/XMLSchema-instance"
         xsi:schemaLocation="urn:isbn:1-931666-33-4 cpf.xsd">
   <control>
      <recordId>FRAN_NP_010537</recordId>
      <otherRecordId localType="Ancien_identifiant">FRDAFANCH00MC_NANOTAIRE00251</otherRecordId>
      <maintenanceStatus>derived</maintenanceStatus>
      <maintenanceAgency>
         <agencyName>Archives nationales de France</agencyName>
      </maintenanceAgency>
      <languageDeclaration>
         <language languageCode="fre">Français</language>
         <script scriptCode="Latn"/>
      </languageDeclaration>
      <conventionDeclaration>
         <citation>Notice établie conformément à la norme ICA-ISAAR (CPF) 2004, aux normes ISO 8601 pour le système de normalisation des dates utilisé, ainsi que AFNOR NF Z 44-061, juin 1986. Catalogage : forme et structure des vedettes noms de personne, des vedettes titres, des rubriques de classement et des titres forgés.</citation>
      </conventionDeclaration>
      <localControl localType="niveau_de_detail">
         <term>Moyenne</term>
      </localControl>
      <maintenanceHistory>
         <maintenanceEvent>
            <eventType>derived</eventType>
            <eventDateTime>2013-04-23</eventDateTime>
            <agentType>machine</agentType>
            <agent>Migration ETANOT</agent>
         </maintenanceEvent>
      </maintenanceHistory>
   </control>
   <cpfDescription>
      <identity>
         <entityType>person</entityType>
         <nameEntry localType="autorisée" scriptCode="Latn" xml:lang="fre">
            <part>Sainxot, René</part>
         </nameEntry>
         <nameEntry>
            <part>Sainctot, René</part>
         </nameEntry>
      </identity>
      <description>
         <existDates>
            <dateRange>
               <fromDate standardDate="1584-08-18">18 août 1584</fromDate>
               <toDate standardDate="1604-12-31">1604</toDate>
            </dateRange>
            <descriptiveNote>
               <p>Les dates d'existence de la personne ne sont pas connues et sont évaluées d'après les dates d'exercice en tant que notaire</p>
            </descriptiveNote>
         </existDates>
         <places>
            <place>
               <placeRole>Lieu de Paris</placeRole>
               <placeEntry localType="paroisse" vocabularySource="d3nyvpbvqa-1q7k75sdt2gwp">saint-séverin (paroisse)</placeEntry>
               <placeEntry localType="paroisse" vocabularySource="d3nyvot58t--198f1uuwdsl99">saint-benoît (paroisse)</placeEntry>
               <placeEntry localType="voie" vocabularySource="d3nzbc5kjb--uuj5xhibjpf4">harpe (rue de la)</placeEntry>
               <placeEntry localType="nomLieu">rue de la Harpe</placeEntry>
            </place>
         </places>
         <functions>
            <function>
               <term vocabularySource="d3nyui3o8w--11y7jgy8q3wnt">notaire à paris</term>
               <dateRange>
                  <fromDate standardDate="1584-08-18">18 août 1584</fromDate>
                  <toDate standardDate="1604-12-31">1604</toDate>
               </dateRange>
            </function>
         </functions>
         <biogHist>
            <p>Marié à Hortense Lardière, de cette union sont issus, notamment :</p>
            <p>Hélie, apothicaire né en 1589</p>
            <p>Michel, principal clerc de Nicolas Le Boucher I, notaire de l'étude LXXVIII</p>
            <p>Geneviève, qui épouse Pierre Guillard, qui succède à son beau-père en 1605</p>
            <p>La soeur d'Hortense, Marie Lardière, épouse en 1594, Mathieu Bontemps, notaire de l'étude LXXIII, ce qui fait de René Sainxot le beau-frère (par alliance) de Mathieu Bontemps.</p>
            <p>Après la mort de René Sainxot, Hortense Lardière se remarie avec Pierre Legay, notaire de l'étude XCII</p>
         </biogHist>
      </description>
      <relations>
         <cpfRelation xmlns:xlink="http://www.w3.org/1999/xlink"
                      cpfRelationType="associative"
                      xlink:href="FRAN_NP_010150"
                      xlink:type="simple">
            <relationEntry>Etude notariale XXIII</relationEntry>
            <dateRange>
               <fromDate standardDate="1584-08-18">18 août 1584</fromDate>
               <toDate standardDate="1604-12-31">1604</toDate>
            </dateRange>
         </cpfRelation>
         <resourceRelation resourceRelationType="other">
            <relationEntry localType="archival">ET/CIX/14, 23 novembre 1584, contrat de mariage</relationEntry>
         </resourceRelation>
         <resourceRelation resourceRelationType="other">
            <relationEntry localType="archival">ET/C/164, 28 février 1605, inventaire après décès</relationEntry>
         </resourceRelation>
         <resourceRelation resourceRelationType="other">
            <relationEntry localType="archival">ET/LXXIII/286, 6 octobre 1614, inventaire après décès d'Hortense Lardière, sa veuve</relationEntry>
         </resourceRelation>
         <resourceRelation xmlns:xlink="http://www.w3.org/1999/xlink"
                           resourceRelationType="creatorOf"
                           xlink:href="FRAN_IR_041680"
                           xlink:type="simple">
            <relationEntry localType="archival">Minutes et répertoires du notaire René SAINXOT, 18 août 1584 - 1604 (étude XXIII)</relationEntry>
         </resourceRelation>
         <resourceRelation xmlns:xlink="http://www.w3.org/1999/xlink"
                           resourceRelationType="creatorOf"
                           xlink:href="FRAN_IR_042461"
                           xlink:type="simple">
            <relationEntry localType="archival">Minutes et répertoires du notaire Louis GARNON, 26 avril 1601 - 29 octobre 1605 (étude LXIV)</relationEntry>
         </resourceRelation>
      </relations>
   </cpfDescription>
</eac-cpf>
