<eac-cpf xmlns="urn:isbn:1-931666-33-4"
         xmlns:xsi="http://www.w3.org/2001/XMLSchema-instance"
         xsi:schemaLocation="urn:isbn:1-931666-33-4 cpf.xsd">
   <control>
      <recordId>FRAN_NP_010363</recordId>
      <otherRecordId localType="Ancien_identifiant">FRDAFANCH00MC_NANOTAIRE00065</otherRecordId>
      <maintenanceStatus>derived</maintenanceStatus>
      <maintenanceAgency>
         <agencyName>Archives nationales de France</agencyName>
      </maintenanceAgency>
      <languageDeclaration>
         <language languageCode="fre">Français</language>
         <script scriptCode="Latn"/>
      </languageDeclaration>
      <conventionDeclaration>
         <citation>Notice établie conformément à la norme ICA-ISAAR (CPF) 2004, aux normes ISO 8601 pour le système de normalisation des dates utilisé, ainsi que AFNOR NF Z 44-061, juin 1986. Catalogage : forme et structure des vedettes noms de personne, des vedettes titres, des rubriques de classement et des titres forgés.</citation>
      </conventionDeclaration>
      <localControl localType="niveau_de_detail">
         <term>Moyenne</term>
      </localControl>
      <maintenanceHistory>
         <maintenanceEvent>
            <eventType>derived</eventType>
            <eventDateTime>2013-04-23</eventDateTime>
            <agentType>machine</agentType>
            <agent>Migration ETANOT</agent>
         </maintenanceEvent>
      </maintenanceHistory>
   </control>
   <cpfDescription>
      <identity>
         <entityType>person</entityType>
         <nameEntry localType="autorisée" scriptCode="Latn" xml:lang="fre">
            <part>Viard, Pierre II</part>
         </nameEntry>
      </identity>
      <description>
         <existDates>
            <dateRange>
               <fromDate standardDate="1588-07-01">1er juillet 1588</fromDate>
               <toDate standardDate="1623-06-30">juin 1623</toDate>
            </dateRange>
            <descriptiveNote>
               <p>Les dates d'existence de la personne ne sont pas connues et sont évaluées d'après les dates d'exercice en tant que notaire</p>
            </descriptiveNote>
         </existDates>
         <places>
            <place>
               <placeRole>Lieu de Paris</placeRole>
               <placeEntry localType="paroisse" vocabularySource="d3nyvp8zed--rdzkw0dkb1pg">saint-paul (paroisse)</placeEntry>
               <placeEntry localType="voie" vocabularySource="d3nzd15vbw-k0h1w454w4f8">saint-antoine (rue)</placeEntry>
               <placeEntry localType="nomLieu">rue Saint-Antoine</placeEntry>
            </place>
         </places>
         <functions>
            <function>
               <term vocabularySource="d3nyui3o8w--11y7jgy8q3wnt">notaire à paris</term>
               <dateRange>
                  <fromDate standardDate="1588-07-01">1er juillet 1588</fromDate>
                  <toDate standardDate="1623-06-30">juin 1623</toDate>
               </dateRange>
            </function>
         </functions>
         <biogHist>
            <p>Né vers 1564</p>
            <p>Fils de Pierre Viard I, notaire de l'étude XXVIII, et Charlotte Sarrazin ; orphelin, il fut placé sous la tutelle de Nicolas Choquillot, notaire de l'étude XIII (voir ET/XXIV/69, 12 septembre 1589, approbation par Pierre Viard II du compte de tutelle à lui rendu par Nicolas Choquillot)</p>
            <p>Marié à Marie Sagot (voir ET/XVIII/145 folio 16, 4 juillet 1607, transport de rentes par Marie Sagot, femme de Pierre Viard)</p>
         </biogHist>
      </description>
      <relations>
         <cpfRelation xmlns:xlink="http://www.w3.org/1999/xlink"
                      cpfRelationType="associative"
                      xlink:href="FRAN_NP_010232"
                      xlink:type="simple">
            <relationEntry>Etude notariale CV</relationEntry>
            <dateRange>
               <fromDate standardDate="1588-07-01">1er juillet 1588</fromDate>
               <toDate standardDate="1623-06-30">juin 1623</toDate>
            </dateRange>
         </cpfRelation>
      </relations>
   </cpfDescription>
</eac-cpf>
