<eac-cpf xmlns="urn:isbn:1-931666-33-4"
         xmlns:xsi="http://www.w3.org/2001/XMLSchema-instance"
         xsi:schemaLocation="urn:isbn:1-931666-33-4 cpf.xsd">
   <control>
      <recordId>FRAN_NP_010549</recordId>
      <otherRecordId localType="Ancien_identifiant">FRDAFANCH00MC_NANOTAIRE00264</otherRecordId>
      <maintenanceStatus>revised</maintenanceStatus>
      <maintenanceAgency>
         <agencyName>Archives nationales de France</agencyName>
      </maintenanceAgency>
      <languageDeclaration>
         <language languageCode="fre">Français</language>
         <script scriptCode="Latn"/>
      </languageDeclaration>
      <conventionDeclaration>
         <citation>Notice établie conformément à la norme ICA-ISAAR (CPF) 2004, aux normes ISO 8601 pour le système de normalisation des dates utilisé, ainsi que AFNOR NF Z 44-061, juin 1986. Catalogage : forme et structure des vedettes noms de personne, des vedettes titres, des rubriques de classement et des titres forgés.</citation>
      </conventionDeclaration>
      <localControl localType="niveau_de_detail">
         <term>Moyenne</term>
      </localControl>
      <maintenanceHistory>
         <maintenanceEvent>
            <eventType>derived</eventType>
            <eventDateTime>2013-04-23</eventDateTime>
            <agentType>machine</agentType>
            <agent>Migration ETANOT</agent>
         </maintenanceEvent>
         <maintenanceEvent>
            <eventType>revised</eventType>
            <eventDateTime>2017-03-13</eventDateTime>
            <agentType>human</agentType>
            <agent>Marie-Françoise LIMON-BONNET</agent>
         </maintenanceEvent>
         <maintenanceEvent>
            <eventType>updated</eventType>
            <eventDateTime>2017-10-25</eventDateTime>
            <agentType>human</agentType>
            <agent>Marie-Françoise LIMON-BONNET</agent>
         </maintenanceEvent>
      </maintenanceHistory>
      <sources>
         <source>
            <sourceEntry>Noémie SANTACANA Les notaires au Châtelet de Paris à l'époque du Cardinal de Fleury, mémoire de maîtrise 2003-2004, dact., p. 299-300</sourceEntry>
         </source>
      </sources>
   </control>
   <cpfDescription>
      <identity>
         <entityType>person</entityType>
         <nameEntry localType="autorisée" scriptCode="Latn" xml:lang="fre">
            <part>Sauvaige, Charles (169.-1773)</part>
         </nameEntry>
      </identity>
      <description>
         <existDates>
            <dateRange>
               <fromDate standardDate="1738-11-12">12 novembre 1738</fromDate>
               <toDate standardDate="1771-12-31">31 décembre 1771</toDate>
            </dateRange>
            <descriptiveNote>
               <p>Les dates d'existence de la personne ne sont pas connues ; les dates indiquées sont ses dates d'exercice en tant que notaire.</p>
            </descriptiveNote>
         </existDates>
         <places>
            <place>
               <placeRole>Lieu de Paris</placeRole>
               <placeEntry localType="nomLieu">rue de Buci</placeEntry>
               <placeEntry localType="paroisse" vocabularySource="d3nyvpcbgs-1cppi2iacclig">Saint-Sulpice (paroisse)</placeEntry>
               <placeEntry localType="quartier" vocabularySource="d3nyvgazoq--1c50yrnvnvk9s">Luxembourg (quartier)</placeEntry>
               <placeEntry localType="voie" vocabularySource="d3nz91dko1--1xtxzj891nbs9">Buci (rue de)</placeEntry>
            </place>
         </places>
         <functions>
            <function>
               <term vocabularySource="d3nyui3o8w--11y7jgy8q3wnt">notaire à Paris</term>
               <dateRange>
                  <fromDate standardDate="1738-11-12">12 novembre 1738</fromDate>
                  <toDate standardDate="1771-12-31">31 décembre 1771</toDate>
               </dateRange>
            </function>
         </functions>
         <occupations>
            <occupation>
               <term vocabularySource="d3nyu9x713-9kcjiv44l4wh">notaire</term>
               <dateRange>
                  <fromDate standardDate="1738-11-12">12 novembre 1738</fromDate>
                  <toDate standardDate="1771-12-31">31 décembre 1771</toDate>
               </dateRange>
               <descriptiveNote>
                  <p>notaire à Paris</p>
               </descriptiveNote>
            </occupation>
         </occupations>
         <mandates>
            <mandate>
               <descriptiveNote>
                  <p>V/1/316, pièce 178, 7 novembre 1738 : lettres de provision d'office.</p>
               </descriptiveNote>
            </mandate>
         </mandates>
         <biogHist>
            <p>Charles Sauvaige est baptisé le 22 février 1699 à Soissons.</p>
            <p>Il obtient des lettres de provision d'office de notaire au Châtelet le 7 novembre 1738 (V/1/316, pièce 178).</p>
            <p>Il épouse Anne Madeleine Desplasses, fille du notaire Pierre Desplasses, auquel il succède.</p>
            <p>Ils ont deux fils, Alexandre Philippe, écuyer, qui lui succède comme notaire, et Auguste Robert, écuyer, sieur de Buzancy.</p>
            <p>A partir de 1752 il est notaire et secrétaire du roi en la Grande Chancellerie. Il est également marguillier de Saint-Sulpice, sa paroisse.</p>
            <p>Il meurt à son domicile, rue de Buci, et est inhumé le 6 mars 1773 à Saint-Sulpice, comme l'atteste un placard après décès (MC/PL//19 n°2817) et l'acte de notoriété du 5 juin 1773 (MC/ET/XXVI/365). Sa femme, elle, est morte quatre ans plus tôt, le 21 juin 1769 (MC/PL//19 n°2816 et MC/PL//43 n° 6420). Elle avait deux frères : Auguste Réné, payeur des rentes, et Jean-Baptiste, docteur en théologie, chanoine de Paris (MC/ET/XXVII/347, 4 juin 1770 : notoriété après décès d'Anne Madeleine Desplasses). Charles Sauvaige passe trois constitutions de rente les 12, 15 et 16 juin 1770 (MC/ET/XXVII/347).</p>
         </biogHist>
      </description>
      <relations>
         <cpfRelation xmlns:xlink="http://www.w3.org/1999/xlink"
                      cpfRelationType="associative"
                      xlink:href="FRAN_NP_010135"
                      xlink:type="simple">
            <relationEntry>Etude notariale VIII</relationEntry>
            <dateRange>
               <fromDate standardDate="1738-11-12">12 novembre 1738</fromDate>
               <toDate standardDate="1771-12-31">31 décembre 1771</toDate>
            </dateRange>
         </cpfRelation>
         <resourceRelation xmlns:xlink="http://www.w3.org/1999/xlink"
                           resourceRelationType="creatorOf"
                           xlink:href="FRAN_IR_041313"
                           xlink:type="simple">
            <relationEntry localType="archival">Minutes et répertoires du notaire Charles SAUVAIGE, 13 novembre 1738 - décembre 1771 (étude VIII)</relationEntry>
         </resourceRelation>
         <resourceRelation xmlns:xlink="http://www.w3.org/1999/xlink"
                           resourceRelationType="creatorOf"
                           xlink:href="FRAN_IR_056701"
                           xlink:type="simple">
            <relationEntry localType="archival">Images des répertoires du notaire Charles Sauvaige pour l'étude VIII</relationEntry>
         </resourceRelation>
      </relations>
   </cpfDescription>
</eac-cpf>
