<eac-cpf xmlns="urn:isbn:1-931666-33-4"
         xmlns:xsi="http://www.w3.org/2001/XMLSchema-instance"
         xsi:schemaLocation="urn:isbn:1-931666-33-4 cpf.xsd">
   <control>
      <recordId>FRAN_NP_010167</recordId>
      <otherRecordId localType="Ancien_identifiant">FRDAFANCH00MC_NAETUDE_040</otherRecordId>
      <maintenanceStatus>revised</maintenanceStatus>
      <maintenanceAgency>
         <agencyName>Archives nationales de France</agencyName>
      </maintenanceAgency>
      <languageDeclaration>
         <language languageCode="fre">Français</language>
         <script scriptCode="Latn"/>
      </languageDeclaration>
      <conventionDeclaration>
         <citation>Notice établie conformément à la norme ICA-ISAAR (CPF) 2004, aux normes ISO 8601 pour le système de normalisation des dates utilisé, ainsi que AFNOR NF Z 44-061, juin 1986. Catalogage : forme et structure des vedettes noms de personne, des vedettes titres, des rubriques de classement et des titres forgés.</citation>
      </conventionDeclaration>
      <localControl localType="niveau_de_detail">
         <term>Moyenne</term>
      </localControl>
      <maintenanceHistory>
         <maintenanceEvent>
            <eventType>derived</eventType>
            <eventDateTime>2013-04-23</eventDateTime>
            <agentType>machine</agentType>
            <agent>Migration ETANOT</agent>
         </maintenanceEvent>
         <maintenanceEvent>
            <eventType>revised</eventType>
            <eventDateTime>2015-09-30</eventDateTime>
            <agentType>human</agentType>
            <agent>Marie-Françoise LIMON-BONNET</agent>
            <eventDescription>F. Clavaud, 3 octobre 2014 : revu tous les liens IR, ajouté lien chronologique avec étude XV</eventDescription>
         </maintenanceEvent>
      </maintenanceHistory>
      <sources>
         <source>
            <descriptiveNote>
               <p>
                  <span style="bold">Voir : </span>
               </p>
               <p>Limon-Bonnet (M.-F.) [dir.], 
      <span style="italic">122 minutes d'histoire. Actes des notaires de Paris, XVIe-XXe siècle</span>, Paris, 2012, pp. 84-85. 
     </p>
            </descriptiveNote>
         </source>
      </sources>
   </control>
   <cpfDescription>
      <identity>
         <entityType>corporateBody</entityType>
         <nameEntry localType="autorisée" scriptCode="Latn" xml:lang="fre">
            <part>Etude XL</part>
         </nameEntry>
      </identity>
      <description>
         <existDates>
            <dateRange>
               <fromDate standardDate="1639-01-01">1639</fromDate>
               <toDate standardDate="1973-12-31">1973</toDate>
            </dateRange>
            <descriptiveNote>
               <p>En 1973, l'étude a fusionné avec l'étude LIII pour se fondre dans l'étude XV (75194).</p>
            </descriptiveNote>
         </existDates>
         <places>
            <place>
               <placeRole>Lieu de Paris</placeRole>
               <placeEntry localType="nomLieu">Passy</placeEntry>
               <placeEntry localType="commune_rattachee"
                           vocabularySource="d3nyv27wtc-iflm2unq9zmk">Passy (ancienne commune)</placeEntry>
            </place>
         </places>
         <legalStatuses>
            <legalStatus>
               <term>office notarial</term>
            </legalStatus>
         </legalStatuses>
         <functions>
            <function>
               <term vocabularySource="d3nyui3o8w--11y7jgy8q3wnt">notaire à Paris</term>
               <dateRange>
                  <fromDate standardDate="1639-01-01">1639</fromDate>
                  <toDate standardDate="1973-12-31">1973</toDate>
               </dateRange>
            </function>
         </functions>
         <mandates>
            <mandate/>
         </mandates>
         <generalContext>
            <p>Les minutes de cette étude ont été versées aux Archives nationales (2013) jusqu'au 31 décembre 1938, mais elles ne sont pas encore cotées. Leur communication en salle de lecture n'est donc pas encore possible.</p>
         </generalContext>
         <biogHist>
            <p>L'étude XL était l'ancien notariat de Passy, commune rattachée à Paris en 1859. L'étude fut ensuite installée rue Franklin jusqu'en 1896, puis rue de la Pompe. En 1973, elle a fusionné avec l'étude LIII pour se fondre dans l'étude XV. Sous l'Ancien Régime, l'étude contient les papiers du greffe (requêtes, serments, actes de comparution, sentences), aussi bien que ceux du tabellionage, où se trouvent les actes réglant la vie privée des individus et la marche de leur communauté : nomination de collecteurs, de syndics (1681), de soldats pour la milice (1689), inventaire des titres de Notre-Dame de Passy (1681). Certains actes concernent l'exploitation des terroirs : marchés pour "tirer de la terre à faire tuile", bail de carrière, engagement de travail à la tuilerie, marché de façons de vigne (1663). Au XIXe siècle un échantillonnage professionnel des clients de l'étude pour l'année 1843 donne des blanchisseurs, charrons, cordonniers, cultivateurs, couvreurs, épiciers, jardiniers, marchands de vins, nourrisseurs, serruriers, soldats en garnison à Chaillot et des rentiers. Cette dernière catégorie est avec les "propriétaires" assurément la plus nombreuse en ce siècle. On peut noter qu'est dressé en cette étude, le 28 février 1829, l'inventaire après décès du musicien François Joseph Gossé dit Gossec.</p>
            <p>Le Minutier central conserve les minutes de l'étude XL à partir de l'année 1643, avec quelques actes isolés pour les années 1639, 1641 et 1642.</p>
            <p>Les minutes de cette étude ont été versées aux Archives nationales (2013) jusqu'au 31 décembre 1938, mais elles ne sont pas encore cotées. Leur communication en salle de lecture n'est donc pas encore possible.</p>
         </biogHist>
      </description>
      <relations>
         <cpfRelation xmlns:xlink="http://www.w3.org/1999/xlink"
                      cpfRelationType="associative"
                      xlink:href="FRAN_NP_011235"
                      xlink:type="simple">
            <relationEntry>Morin, Jean I</relationEntry>
            <dateRange>
               <fromDate standardDate="1639-12-06">6 décembre 1639</fromDate>
               <toDate standardDate="1645-09-07">7 septembre 1645</toDate>
            </dateRange>
         </cpfRelation>
         <cpfRelation xmlns:xlink="http://www.w3.org/1999/xlink"
                      cpfRelationType="associative"
                      xlink:href="FRAN_NP_012560"
                      xlink:type="simple">
            <relationEntry>Cosnard, Louis-Felix</relationEntry>
            <dateRange>
               <fromDate standardDate="1822-04-30">30 avril 1822</fromDate>
               <toDate standardDate="1828-02-09">9 février 1828</toDate>
            </dateRange>
         </cpfRelation>
         <cpfRelation xmlns:xlink="http://www.w3.org/1999/xlink"
                      cpfRelationType="associative"
                      xlink:href="FRAN_NP_010590"
                      xlink:type="simple">
            <relationEntry>Siot, Julien</relationEntry>
            <dateRange>
               <fromDate standardDate="1743-05-14">14 mai 1743</fromDate>
               <toDate standardDate="1785-05-02">2 mai 1785</toDate>
            </dateRange>
         </cpfRelation>
         <cpfRelation xmlns:xlink="http://www.w3.org/1999/xlink"
                      cpfRelationType="associative"
                      xlink:href="FRAN_NP_010484"
                      xlink:type="simple">
            <relationEntry>Triboulet, Onésime</relationEntry>
            <dateRange>
               <fromDate standardDate="1828-02-09">9 février 1828</fromDate>
               <toDate standardDate="1847-09-05">5 septembre 1847</toDate>
            </dateRange>
         </cpfRelation>
         <cpfRelation xmlns:xlink="http://www.w3.org/1999/xlink"
                      cpfRelationType="associative"
                      xlink:href="FRAN_NP_011823"
                      xlink:type="simple">
            <relationEntry>Huvé, Marie-Jean-Charles</relationEntry>
            <dateRange>
               <fromDate standardDate="1810-12-08">8 décembre 1810</fromDate>
               <toDate standardDate="1813-02-09">9 février 1813</toDate>
            </dateRange>
         </cpfRelation>
         <cpfRelation xmlns:xlink="http://www.w3.org/1999/xlink"
                      cpfRelationType="associative"
                      xlink:href="FRAN_NP_012860"
                      xlink:type="simple">
            <relationEntry>Bercy, Raymond</relationEntry>
            <dateRange>
               <fromDate standardDate="1951-06-06">6 juin 1951</fromDate>
               <toDate standardDate="1973-04-18">18 avril 1973</toDate>
            </dateRange>
         </cpfRelation>
         <cpfRelation xmlns:xlink="http://www.w3.org/1999/xlink"
                      cpfRelationType="associative"
                      xlink:href="FRAN_NP_013116"
                      xlink:type="simple">
            <relationEntry>Amy, Charles Victor</relationEntry>
            <dateRange>
               <fromDate standardDate="1847-09-05">5 septembre 1847</fromDate>
               <toDate standardDate="1895-04-24">24 avril 1895</toDate>
            </dateRange>
         </cpfRelation>
         <cpfRelation xmlns:xlink="http://www.w3.org/1999/xlink"
                      cpfRelationType="associative"
                      xlink:href="FRAN_NP_013118"
                      xlink:type="simple">
            <relationEntry>Amy, Marie Charles Victor</relationEntry>
            <dateRange>
               <fromDate standardDate="1895-04-24">24 avril 1895</fromDate>
               <toDate standardDate="1921-01-10">10 janvier 1921</toDate>
            </dateRange>
         </cpfRelation>
         <cpfRelation xmlns:xlink="http://www.w3.org/1999/xlink"
                      cpfRelationType="associative"
                      xlink:href="FRAN_NP_013162"
                      xlink:type="simple">
            <relationEntry>Augé de fleury, Josué-Alexis</relationEntry>
            <dateRange>
               <fromDate standardDate="1813-02-09">9 février 1813</fromDate>
               <toDate standardDate="1822-04-29">29 avril 1822</toDate>
            </dateRange>
         </cpfRelation>
         <cpfRelation xmlns:xlink="http://www.w3.org/1999/xlink"
                      cpfRelationType="associative"
                      xlink:href="FRAN_NP_013117"
                      xlink:type="simple">
            <relationEntry>Amy, Ferdinand Charles Henry</relationEntry>
            <dateRange>
               <fromDate standardDate="1921-01-10">10 janvier 1921</fromDate>
               <toDate standardDate="1951-06-06">6 juin 1951</toDate>
            </dateRange>
         </cpfRelation>
         <cpfRelation xmlns:xlink="http://www.w3.org/1999/xlink"
                      cpfRelationType="associative"
                      xlink:href="FRAN_NP_013068"
                      xlink:type="simple">
            <relationEntry>Brouart, Louis</relationEntry>
            <dateRange>
               <fromDate standardDate="1681-06-04">4 juin 1681</fromDate>
               <toDate standardDate="1722-12-31">31 décembre 1722</toDate>
            </dateRange>
         </cpfRelation>
         <cpfRelation xmlns:xlink="http://www.w3.org/1999/xlink"
                      cpfRelationType="associative"
                      xlink:href="FRAN_NP_013005"
                      xlink:type="simple">
            <relationEntry>Bourget, Anne-Urbain</relationEntry>
            <dateRange>
               <fromDate standardDate="1785-05-02">2 mai 1785</fromDate>
               <toDate standardDate="1810-02-22">22 février 1810</toDate>
            </dateRange>
         </cpfRelation>
         <cpfRelation xmlns:xlink="http://www.w3.org/1999/xlink"
                      cpfRelationType="associative"
                      xlink:href="FRAN_NP_010760"
                      xlink:type="simple">
            <relationEntry>Rozy, Charles</relationEntry>
            <dateRange>
               <fromDate standardDate="1666-05-12">12 mai 1666</fromDate>
               <toDate standardDate="1673-03-28">28 mars 1673</toDate>
            </dateRange>
         </cpfRelation>
         <cpfRelation xmlns:xlink="http://www.w3.org/1999/xlink"
                      cpfRelationType="associative"
                      xlink:href="FRAN_NP_012638"
                      xlink:type="simple">
            <relationEntry>Choin</relationEntry>
            <dateRange>
               <fromDate standardDate="1723-11-08">8 novembre 1723</fromDate>
               <toDate standardDate="1735-11-03">3 novembre 1735</toDate>
            </dateRange>
         </cpfRelation>
         <cpfRelation xmlns:xlink="http://www.w3.org/1999/xlink"
                      cpfRelationType="associative"
                      xlink:href="FRAN_NP_012561"
                      xlink:type="simple">
            <relationEntry>Cotelle, Christophe</relationEntry>
            <dateRange>
               <fromDate standardDate="1738-06-14">14 juin 1738</fromDate>
               <toDate standardDate="1743-03-28">28 mars 1743</toDate>
            </dateRange>
         </cpfRelation>
         <cpfRelation xmlns:xlink="http://www.w3.org/1999/xlink"
                      cpfRelationType="associative"
                      xlink:href="FRAN_NP_011453"
                      xlink:type="simple">
            <relationEntry>Lecompte, Pierre</relationEntry>
            <dateRange>
               <fromDate standardDate="1673-04-13">13 avril 1673</fromDate>
               <toDate standardDate="1681-05-20">20 mai 1681</toDate>
            </dateRange>
         </cpfRelation>
         <cpfRelation xmlns:xlink="http://www.w3.org/1999/xlink"
                      cpfRelationType="associative"
                      xlink:href="FRAN_NP_012244"
                      xlink:type="simple">
            <relationEntry>Delisle, Martin</relationEntry>
            <dateRange>
               <fromDate standardDate="1641-03-12">12 mars 1641</fromDate>
               <toDate standardDate="1666-03-30">30 mars 1666</toDate>
            </dateRange>
         </cpfRelation>
         <cpfRelation xmlns:xlink="http://www.w3.org/1999/xlink"
                      cpfRelationType="temporal-later"
                      xlink:href="FRAN_NP_010142"
                      xlink:type="simple">
            <relationEntry>Etude XV</relationEntry>
            <dateRange>
               <fromDate standardDate="1973-01-01">1973</fromDate>
            </dateRange>
         </cpfRelation>
         <resourceRelation xmlns:xlink="http://www.w3.org/1999/xlink"
                           resourceRelationType="creatorOf"
                           xlink:href="FRAN_IR_051987"
                           xlink:type="simple">
            <relationEntry localType="archival">Images des répertoires du notaire Charles Victor Amy pour l'étude XL</relationEntry>
         </resourceRelation>
         <resourceRelation xmlns:xlink="http://www.w3.org/1999/xlink"
                           resourceRelationType="creatorOf"
                           xlink:href="FRAN_IR_051989"
                           xlink:type="simple">
            <relationEntry localType="archival">Images des répertoires du notaire Josué Alexis Augé de Fleury pour l'étude XL</relationEntry>
         </resourceRelation>
         <resourceRelation xmlns:xlink="http://www.w3.org/1999/xlink"
                           resourceRelationType="creatorOf"
                           xlink:href="FRAN_IR_051984"
                           xlink:type="simple">
            <relationEntry localType="archival">Images des répertoires du notaire Louis Félix Cosnard pour l'étude XL</relationEntry>
         </resourceRelation>
         <resourceRelation xmlns:xlink="http://www.w3.org/1999/xlink"
                           resourceRelationType="creatorOf"
                           xlink:href="FRAN_IR_051980"
                           xlink:type="simple">
            <relationEntry localType="archival">Images des répertoires du notaire Onésime Triboulet pour l'étude XL</relationEntry>
         </resourceRelation>
         <resourceRelation xmlns:xlink="http://www.w3.org/1999/xlink"
                           resourceRelationType="creatorOf"
                           xlink:href="FRAN_IR_051988"
                           xlink:type="simple">
            <relationEntry localType="archival">Images du répertoire du notaire Marie Charles Victor Amy pour l'étude XL</relationEntry>
         </resourceRelation>
         <resourceRelation xmlns:xlink="http://www.w3.org/1999/xlink"
                           resourceRelationType="creatorOf"
                           xlink:href="FRAN_IR_042049"
                           xlink:type="simple">
            <relationEntry localType="archival">Minutes et répertoires du notaire Charles Victor AMY, 16 septembre 1847 - 24 avril 1895 (étude XL)</relationEntry>
         </resourceRelation>
         <resourceRelation xmlns:xlink="http://www.w3.org/1999/xlink"
                           resourceRelationType="subjectOf"
                           xlink:href="FRAN_IR_042038"
                           xlink:type="simple">
            <relationEntry localType="archival">Minutes et répertoires du notaire Louis BROUART, 4 juin 1681 - 31 décembre 1722 (étude XL)</relationEntry>
         </resourceRelation>
         <resourceRelation xmlns:xlink="http://www.w3.org/1999/xlink"
                           resourceRelationType="subjectOf"
                           xlink:href="FRAN_IR_042042"
                           xlink:type="simple">
            <relationEntry localType="archival">Minutes et répertoires du notaire CHOIN, 8 novembre 1723 - 3 novembre 1733 (étude XL)</relationEntry>
         </resourceRelation>
         <resourceRelation xmlns:xlink="http://www.w3.org/1999/xlink"
                           resourceRelationType="subjectOf"
                           xlink:href="FRAN_IR_042040"
                           xlink:type="simple">
            <relationEntry localType="archival">Minutes et répertoires du notaire Jean GUIGNEBESCHE, 3 mai 1723 - 20 octobre 1723 (étude XL)</relationEntry>
         </resourceRelation>
         <resourceRelation xmlns:xlink="http://www.w3.org/1999/xlink"
                           resourceRelationType="subjectOf"
                           xlink:href="FRAN_IR_042041"
                           xlink:type="simple">
            <relationEntry localType="archival">Minutes et répertoires du notaire Julien SIOT, 13 mai 1743 - 2 mai 1785 (étude XL)</relationEntry>
         </resourceRelation>
         <resourceRelation xmlns:xlink="http://www.w3.org/1999/xlink"
                           resourceRelationType="subjectOf"
                           xlink:href="FRAN_IR_042044"
                           xlink:type="simple">
            <relationEntry localType="archival">Minutes et répertoires du notaire Anne Urbain BOURGET, 6 juin 1785 - 22 février 1810 (étude XL)</relationEntry>
         </resourceRelation>
         <resourceRelation xmlns:xlink="http://www.w3.org/1999/xlink"
                           resourceRelationType="subjectOf"
                           xlink:href="FRAN_IR_042045"
                           xlink:type="simple">
            <relationEntry localType="archival">Minutes et répertoires du notaire Marie Jean Charles HUVÉ, 12 décembre 1810 - 7 février 1813 (étude XL)</relationEntry>
         </resourceRelation>
         <resourceRelation xmlns:xlink="http://www.w3.org/1999/xlink"
                           resourceRelationType="subjectOf"
                           xlink:href="FRAN_IR_042047"
                           xlink:type="simple">
            <relationEntry localType="archival">Minutes et répertoires du notaire Josué Alexis AUGÉ de FLEURY, 9 février 1813 - 27 avril 1822 (étude XL)</relationEntry>
         </resourceRelation>
         <resourceRelation xmlns:xlink="http://www.w3.org/1999/xlink"
                           resourceRelationType="subjectOf"
                           xlink:href="FRAN_IR_042046"
                           xlink:type="simple">
            <relationEntry localType="archival">Minutes et répertoires du notaire Louis Félix COSNARD, 2 mai 1822 - 7 février 1828 (étude XL)</relationEntry>
         </resourceRelation>
         <resourceRelation xmlns:xlink="http://www.w3.org/1999/xlink"
                           resourceRelationType="creatorOf"
                           xlink:href="FRAN_IR_042036"
                           xlink:type="simple">
            <relationEntry localType="archival">Minutes et répertoires du notaire Charles ROZY, 12 mai 1666 - 28 mars 1673 (étude XL)</relationEntry>
         </resourceRelation>
         <resourceRelation xmlns:xlink="http://www.w3.org/1999/xlink"
                           resourceRelationType="creatorOf"
                           xlink:href="FRAN_IR_042050"
                           xlink:type="simple">
            <relationEntry localType="archival">Minutes et répertoires du notaire Marie Charles Victor AMY, 24 avril 1895 - 10 janvier 1921 (étude XL)</relationEntry>
         </resourceRelation>
         <resourceRelation xmlns:xlink="http://www.w3.org/1999/xlink"
                           resourceRelationType="creatorOf"
                           xlink:href="FRAN_IR_042039"
                           xlink:type="simple">
            <relationEntry localType="archival">Minutes et répertoires du notaire Louis BROUART, 1682 - 1713 (étude XL)</relationEntry>
         </resourceRelation>
         <resourceRelation xmlns:xlink="http://www.w3.org/1999/xlink"
                           resourceRelationType="creatorOf"
                           xlink:href="FRAN_IR_042035"
                           xlink:type="simple">
            <relationEntry localType="archival">Minutes et répertoires du notaire Jean I MORIN, 6 décembre 1639 - 7 septembre 1645 (étude XL)</relationEntry>
         </resourceRelation>
         <resourceRelation xmlns:xlink="http://www.w3.org/1999/xlink"
                           resourceRelationType="creatorOf"
                           xlink:href="FRAN_IR_042034"
                           xlink:type="simple">
            <relationEntry localType="archival">Minutes et répertoires du notaire Martin DELISLE, 12 mars 1641 - 30 mars 1666 (étude XL)</relationEntry>
         </resourceRelation>
         <resourceRelation xmlns:xlink="http://www.w3.org/1999/xlink"
                           resourceRelationType="creatorOf"
                           xlink:href="FRAN_IR_042037"
                           xlink:type="simple">
            <relationEntry localType="archival">Minutes et répertoires du notaire Pierre LECOMPTE, 13 avril 1673 - 20 mai 1681 (étude XL)</relationEntry>
         </resourceRelation>
         <resourceRelation xmlns:xlink="http://www.w3.org/1999/xlink"
                           resourceRelationType="creatorOf"
                           xlink:href="FRAN_IR_042043"
                           xlink:type="simple">
            <relationEntry localType="archival">Minutes et répertoires du notaire Christophe COTELLE, 1739 - 28 mars 1743 (étude XL)</relationEntry>
         </resourceRelation>
         <resourceRelation xmlns:xlink="http://www.w3.org/1999/xlink"
                           resourceRelationType="creatorOf"
                           xlink:href="FRAN_IR_054333"
                           xlink:type="simple">
            <relationEntry localType="archival">Images du répertoire du notaire Louis Brouart pour l'étude XL</relationEntry>
         </resourceRelation>
         <resourceRelation xmlns:xlink="http://www.w3.org/1999/xlink"
                           resourceRelationType="creatorOf"
                           xlink:href="FRAN_IR_054317"
                           xlink:type="simple">
            <relationEntry localType="archival">Images du répertoire du notaire Choin pour l'étude XL</relationEntry>
         </resourceRelation>
         <resourceRelation xmlns:xlink="http://www.w3.org/1999/xlink"
                           resourceRelationType="creatorOf"
                           xlink:href="FRAN_IR_056082"
                           xlink:type="simple">
            <relationEntry localType="archival">Images du répertoire du notaire Jean Guignebesche pour l'étude XL</relationEntry>
         </resourceRelation>
         <resourceRelation xmlns:xlink="http://www.w3.org/1999/xlink"
                           resourceRelationType="creatorOf"
                           xlink:href="FRAN_IR_054271"
                           xlink:type="simple">
            <relationEntry localType="archival">Images des répertoires du notaire Julien Siot pour l'étude XL</relationEntry>
         </resourceRelation>
         <resourceRelation xmlns:xlink="http://www.w3.org/1999/xlink"
                           resourceRelationType="creatorOf"
                           xlink:href="FRAN_IR_054332"
                           xlink:type="simple">
            <relationEntry localType="archival">Images des répertoires du notaire Anne Urbain Bourget pour l'étude XL</relationEntry>
         </resourceRelation>
         <resourceRelation xmlns:xlink="http://www.w3.org/1999/xlink"
                           resourceRelationType="creatorOf"
                           xlink:href="FRAN_IR_054299"
                           xlink:type="simple">
            <relationEntry localType="archival">Images du répertoire du notaire Marie Jean Charles Huvé pour l'étude XL</relationEntry>
         </resourceRelation>
         <resourceRelation xmlns:xlink="http://www.w3.org/1999/xlink"
                           resourceRelationType="creatorOf"
                           xlink:href="FRAN_IR_042033"
                           xlink:type="simple">
            <relationEntry localType="archival">Archives de l'étude XL</relationEntry>
         </resourceRelation>
      </relations>
   </cpfDescription>
</eac-cpf>
