<eac-cpf xmlns="urn:isbn:1-931666-33-4"
         xmlns:xsi="http://www.w3.org/2001/XMLSchema-instance"
         xsi:schemaLocation="urn:isbn:1-931666-33-4 cpf.xsd">
   <control>
      <recordId>FRAN_NP_010237</recordId>
      <otherRecordId localType="Ancien_identifiant">FRDAFANCH00MC_NAETUDE_110</otherRecordId>
      <maintenanceStatus>derived</maintenanceStatus>
      <maintenanceAgency>
         <agencyName>Archives nationales de France</agencyName>
      </maintenanceAgency>
      <languageDeclaration>
         <language languageCode="fre">Français</language>
         <script scriptCode="Latn"/>
      </languageDeclaration>
      <conventionDeclaration>
         <citation>Notice établie conformément à la norme ICA-ISAAR (CPF) 2004, aux normes ISO 8601 pour le système de normalisation des dates utilisé, ainsi que AFNOR NF Z 44-061, juin 1986. Catalogage : forme et structure des vedettes noms de personne, des vedettes titres, des rubriques de classement et des titres forgés.</citation>
      </conventionDeclaration>
      <localControl localType="niveau_de_detail">
         <term>Moyenne</term>
      </localControl>
      <maintenanceHistory>
         <maintenanceEvent>
            <eventType>derived</eventType>
            <eventDateTime>2015-09-30</eventDateTime>
            <agentType>machine</agentType>
            <agent>Migration ETANOT</agent>
         </maintenanceEvent>
      </maintenanceHistory>
   </control>
   <cpfDescription>
      <identity>
         <entityType>corporateBody</entityType>
         <nameEntry localType="autorisée" scriptCode="Latn" xml:lang="fre">
            <part>Etude CX</part>
         </nameEntry>
         <nameEntry>
            <part>75092</part>
         </nameEntry>
      </identity>
      <description>
         <existDates>
            <dateRange>
               <fromDate standardDate="1537-01-01">1537</fromDate>
            </dateRange>
         </existDates>
         <functions>
            <function>
               <term vocabularySource="d3nyui3o8w--11y7jgy8q3wnt">notaire à paris</term>
               <dateRange>
                  <fromDate standardDate="1537-01-01">1537</fromDate>
                  <toDate/>
               </dateRange>
            </function>
         </functions>
         <biogHist>
            <p>Cette étude rassemble des minutes de plusieurs notaires du XVIème siècle ayant exercé à Petit-Pont, rue Saint-Séverin, rue Saint-Jacques et rue Montorgueil. L'étude se trouve rue Saint-Séverin de 1608 à 1676, puis elle s'installe pour un siècle et demi rue Saint-Martin. En 1840, elle déménage boulevard Bonne-Nouvelle, puis faubourg Poissonnière (1855).</p>
         </biogHist>
      </description>
      <relations>
         <cpfRelation xmlns:xlink="http://www.w3.org/1999/xlink"
                      cpfRelationType="associative"
                      xlink:href="FRAN_NP_010899"
                      xlink:type="simple">
            <relationEntry>Peschard, Jean-Michel</relationEntry>
            <dateRange>
               <fromDate standardDate="1983-04-06">6 avril 1983</fromDate>
            </dateRange>
         </cpfRelation>
         <cpfRelation xmlns:xlink="http://www.w3.org/1999/xlink"
                      cpfRelationType="associative"
                      xlink:href="FRAN_NP_010904"
                      xlink:type="simple">
            <relationEntry>Petit, Jean</relationEntry>
            <dateRange>
               <fromDate standardDate="1778-09-26">26 septembre 1778</fromDate>
               <toDate standardDate="1805-10-10">10 octobre 1805</toDate>
            </dateRange>
         </cpfRelation>
         <cpfRelation xmlns:xlink="http://www.w3.org/1999/xlink"
                      cpfRelationType="associative"
                      xlink:href="FRAN_NP_010935"
                      xlink:type="simple">
            <relationEntry>Pineau, Alain Léon Marie</relationEntry>
            <dateRange>
               <fromDate standardDate="1953-02-25">25 février 1953</fromDate>
               <toDate standardDate="1987-12-26">26 décembre 1987</toDate>
            </dateRange>
         </cpfRelation>
         <cpfRelation xmlns:xlink="http://www.w3.org/1999/xlink"
                      cpfRelationType="associative"
                      xlink:href="FRAN_NP_010936"
                      xlink:type="simple">
            <relationEntry>Pineau, Henri Raymond Pierre</relationEntry>
            <dateRange>
               <fromDate standardDate="1919-12-11">11 décembre 1919</fromDate>
               <toDate standardDate="1953-02-25">25 février 1953</toDate>
            </dateRange>
         </cpfRelation>
         <cpfRelation xmlns:xlink="http://www.w3.org/1999/xlink"
                      cpfRelationType="associative"
                      xlink:href="FRAN_NP_010937"
                      xlink:type="simple">
            <relationEntry>Pineau, Marc Henri</relationEntry>
            <dateRange>
               <fromDate standardDate="1983-04-06">6 avril 1983</fromDate>
            </dateRange>
         </cpfRelation>
         <cpfRelation xmlns:xlink="http://www.w3.org/1999/xlink"
                      cpfRelationType="associative"
                      xlink:href="FRAN_NP_011415"
                      xlink:type="simple">
            <relationEntry>Le maistre, Alexandre</relationEntry>
            <dateRange>
               <fromDate standardDate="1693-04-14">14 avril 1693</fromDate>
               <toDate standardDate="1712-05-24">24 mai 1712</toDate>
            </dateRange>
         </cpfRelation>
         <cpfRelation xmlns:xlink="http://www.w3.org/1999/xlink"
                      cpfRelationType="associative"
                      xlink:href="FRAN_NP_011524"
                      xlink:type="simple">
            <relationEntry>Lemoine, Athanase-Marie</relationEntry>
            <dateRange>
               <fromDate standardDate="1811-01-29">29 janvier 1811</fromDate>
               <toDate standardDate="1840-12-12">12 décembre 1840</toDate>
            </dateRange>
         </cpfRelation>
         <cpfRelation xmlns:xlink="http://www.w3.org/1999/xlink"
                      cpfRelationType="associative"
                      xlink:href="FRAN_NP_013215"
                      xlink:type="simple">
            <relationEntry>Corneillau, Rémi</relationEntry>
            <dateRange>
               <fromDate standardDate="1564-09-07">7 septembre 1564</fromDate>
               <toDate standardDate="1585-05-11">11 mai 1585</toDate>
            </dateRange>
         </cpfRelation>
         <cpfRelation xmlns:xlink="http://www.w3.org/1999/xlink"
                      cpfRelationType="associative"
                      xlink:href="FRAN_NP_011226"
                      xlink:type="simple">
            <relationEntry>Morel d'arleux, Félix-Louis</relationEntry>
            <dateRange>
               <fromDate standardDate="1860-03-31">31 mars 1860</fromDate>
               <toDate standardDate="1902-08-13">13 août 1902</toDate>
            </dateRange>
         </cpfRelation>
         <cpfRelation xmlns:xlink="http://www.w3.org/1999/xlink"
                      cpfRelationType="associative"
                      xlink:href="FRAN_NP_012740"
                      xlink:type="simple">
            <relationEntry>Babinet, Hugues</relationEntry>
            <dateRange>
               <fromDate standardDate="1590-03-01">1er mars 1590</fromDate>
               <toDate standardDate="1605-12-30">30 décembre 1605</toDate>
            </dateRange>
         </cpfRelation>
         <cpfRelation xmlns:xlink="http://www.w3.org/1999/xlink"
                      cpfRelationType="associative"
                      xlink:href="FRAN_NP_013329"
                      xlink:type="simple">
            <relationEntry>Guyader, Daniel</relationEntry>
            <dateRange>
               <fromDate standardDate="2007-05-29">29 mai 2007</fromDate>
            </dateRange>
         </cpfRelation>
         <cpfRelation xmlns:xlink="http://www.w3.org/1999/xlink"
                      cpfRelationType="associative"
                      xlink:href="FRAN_NP_010715"
                      xlink:type="simple">
            <relationEntry>Roger, Olivier</relationEntry>
            <dateRange>
               <fromDate standardDate="1539-08-12">12 août 1539</fromDate>
               <toDate standardDate="1575-06-26">26 juin 1575</toDate>
            </dateRange>
         </cpfRelation>
         <cpfRelation xmlns:xlink="http://www.w3.org/1999/xlink"
                      cpfRelationType="associative"
                      xlink:href="FRAN_NP_011716"
                      xlink:type="simple">
            <relationEntry>Jullien, François</relationEntry>
            <dateRange>
               <fromDate standardDate="1676-10-16">16 octobre 1676</fromDate>
               <toDate standardDate="1693-04-13">13 avril 1693</toDate>
            </dateRange>
         </cpfRelation>
         <cpfRelation xmlns:xlink="http://www.w3.org/1999/xlink"
                      cpfRelationType="associative"
                      xlink:href="FRAN_NP_011710"
                      xlink:type="simple">
            <relationEntry>Joyeux, Jacques</relationEntry>
            <dateRange>
               <fromDate standardDate="1544-06-02">2 juin 1544</fromDate>
               <toDate standardDate="1586-08-13">13 août 1586</toDate>
            </dateRange>
         </cpfRelation>
         <cpfRelation xmlns:xlink="http://www.w3.org/1999/xlink"
                      cpfRelationType="associative"
                      xlink:href="FRAN_NP_012067"
                      xlink:type="simple">
            <relationEntry>Flury-Précharles, Pierre-Claude</relationEntry>
            <dateRange>
               <fromDate standardDate="1805-10-10">10 octobre 1805</fromDate>
               <toDate standardDate="1811-01-29">29 janvier 1811</toDate>
            </dateRange>
         </cpfRelation>
         <cpfRelation xmlns:xlink="http://www.w3.org/1999/xlink"
                      cpfRelationType="associative"
                      xlink:href="FRAN_NP_011709"
                      xlink:type="simple">
            <relationEntry>Joyeux, Gilles</relationEntry>
            <dateRange>
               <fromDate standardDate="1586-08-18">18 août 1586</fromDate>
               <toDate standardDate="1601-12-30">30 décembre 1601</toDate>
            </dateRange>
         </cpfRelation>
         <cpfRelation xmlns:xlink="http://www.w3.org/1999/xlink"
                      cpfRelationType="associative"
                      xlink:href="FRAN_NP_012825"
                      xlink:type="simple">
            <relationEntry>Becquerel, Antoine</relationEntry>
            <dateRange>
               <fromDate standardDate="1556-06-19">19 juin 1556</fromDate>
               <toDate standardDate="1564-09-02">2 septembre 1564</toDate>
            </dateRange>
         </cpfRelation>
         <cpfRelation xmlns:xlink="http://www.w3.org/1999/xlink"
                      cpfRelationType="associative"
                      xlink:href="FRAN_NP_013328"
                      xlink:type="simple">
            <relationEntry>Bitouzé, Laurence</relationEntry>
            <dateRange>
               <fromDate standardDate="2007-05-29">29 mai 2007</fromDate>
            </dateRange>
         </cpfRelation>
         <cpfRelation xmlns:xlink="http://www.w3.org/1999/xlink"
                      cpfRelationType="associative"
                      xlink:href="FRAN_NP_012775"
                      xlink:type="simple">
            <relationEntry>Baron, Jean-Louis</relationEntry>
            <dateRange>
               <fromDate standardDate="1756-02-05">5 février 1756</fromDate>
               <toDate standardDate="1778-09-26">26 septembre 1778</toDate>
            </dateRange>
         </cpfRelation>
         <cpfRelation xmlns:xlink="http://www.w3.org/1999/xlink"
                      cpfRelationType="associative"
                      xlink:href="FRAN_NP_010454"
                      xlink:type="simple">
            <relationEntry>Thomassin, Cyprien-Saint-Hubert</relationEntry>
            <dateRange>
               <fromDate standardDate="1840-12-12">12 décembre 1840</fromDate>
               <toDate standardDate="1855-02-21">21 février 1855</toDate>
            </dateRange>
         </cpfRelation>
         <cpfRelation xmlns:xlink="http://www.w3.org/1999/xlink"
                      cpfRelationType="associative"
                      xlink:href="FRAN_NP_011225"
                      xlink:type="simple">
            <relationEntry>Morel d'arleux, Félix-Henri</relationEntry>
            <dateRange>
               <fromDate standardDate="1902-08-13">13 août 1902</fromDate>
               <toDate standardDate="1919-12-11">11 décembre 1919</toDate>
            </dateRange>
         </cpfRelation>
         <cpfRelation xmlns:xlink="http://www.w3.org/1999/xlink"
                      cpfRelationType="associative"
                      xlink:href="FRAN_NP_011529"
                      xlink:type="simple">
            <relationEntry>Lemoyne, Antoine</relationEntry>
            <dateRange>
               <fromDate standardDate="1605-10-10">10 octobre 1605</fromDate>
               <toDate standardDate="1614-08-01">1er août 1614</toDate>
            </dateRange>
         </cpfRelation>
         <cpfRelation xmlns:xlink="http://www.w3.org/1999/xlink"
                      cpfRelationType="associative"
                      xlink:href="FRAN_NP_011530"
                      xlink:type="simple">
            <relationEntry>Lemoyne, François</relationEntry>
            <dateRange>
               <fromDate standardDate="1609-07-01">1er juillet 1609</fromDate>
               <toDate standardDate="1640-07-28">28 juillet 1640</toDate>
            </dateRange>
         </cpfRelation>
         <cpfRelation xmlns:xlink="http://www.w3.org/1999/xlink"
                      cpfRelationType="associative"
                      xlink:href="FRAN_NP_011531"
                      xlink:type="simple">
            <relationEntry>Lemoyne, Olivier</relationEntry>
            <dateRange>
               <fromDate standardDate="1575-11-08">8 novembre 1575</fromDate>
               <toDate standardDate="1590-02-28">28 février 1590</toDate>
            </dateRange>
         </cpfRelation>
         <cpfRelation xmlns:xlink="http://www.w3.org/1999/xlink"
                      cpfRelationType="associative"
                      xlink:href="FRAN_NP_011532"
                      xlink:type="simple">
            <relationEntry>Lemoyne, Philippe</relationEntry>
            <dateRange>
               <fromDate standardDate="1640-07-07">7 juillet 1640</fromDate>
               <toDate standardDate="1676-10-15">15 octobre 1676</toDate>
            </dateRange>
         </cpfRelation>
         <cpfRelation xmlns:xlink="http://www.w3.org/1999/xlink"
                      cpfRelationType="associative"
                      xlink:href="FRAN_NP_011537"
                      xlink:type="simple">
            <relationEntry>Lenormand, Claude</relationEntry>
            <dateRange>
               <fromDate standardDate="1539-09-07">7 septembre 1539</fromDate>
               <toDate standardDate="1560-11-09">9 novembre 1560</toDate>
            </dateRange>
         </cpfRelation>
         <cpfRelation xmlns:xlink="http://www.w3.org/1999/xlink"
                      cpfRelationType="associative"
                      xlink:href="FRAN_NP_011670"
                      xlink:type="simple">
            <relationEntry>Jame, Guillaume</relationEntry>
            <dateRange>
               <fromDate standardDate="1718-01-05">5 janvier 1718</fromDate>
               <toDate standardDate="1756-02-04">4 février 1756</toDate>
            </dateRange>
         </cpfRelation>
         <cpfRelation xmlns:xlink="http://www.w3.org/1999/xlink"
                      cpfRelationType="associative"
                      xlink:href="FRAN_NP_012403"
                      xlink:type="simple">
            <relationEntry>Delahaye, Émile</relationEntry>
            <dateRange>
               <fromDate standardDate="1855-02-21">21 février 1855</fromDate>
               <toDate standardDate="1860-03-31">31 mars 1860</toDate>
            </dateRange>
         </cpfRelation>
         <cpfRelation xmlns:xlink="http://www.w3.org/1999/xlink"
                      cpfRelationType="associative"
                      xlink:href="FRAN_NP_012404"
                      xlink:type="simple">
            <relationEntry>Dusart, François</relationEntry>
            <dateRange>
               <fromDate standardDate="1712-04-26">26 avril 1712</fromDate>
               <toDate standardDate="1718-01-04">4 janvier 1718</toDate>
            </dateRange>
         </cpfRelation>
         <resourceRelation xmlns:xlink="http://www.w3.org/1999/xlink"
                           resourceRelationType="subjectOf"
                           xlink:href="FRAN_IR_043291"
                           xlink:type="simple">
            <relationEntry localType="archival">Minutes et répertoires du notaire François JULLIEN, 16 octobre 1676 - 13 avril 1693 (étude CX)</relationEntry>
         </resourceRelation>
         <resourceRelation xmlns:xlink="http://www.w3.org/1999/xlink"
                           resourceRelationType="subjectOf"
                           xlink:href="FRAN_IR_043292"
                           xlink:type="simple">
            <relationEntry localType="archival">Minutes et répertoires du notaire François DUSART, 26 avril 1712 - 4 janvier 1718 (étude CX)</relationEntry>
         </resourceRelation>
         <resourceRelation xmlns:xlink="http://www.w3.org/1999/xlink"
                           resourceRelationType="subjectOf"
                           xlink:href="FRAN_IR_043296"
                           xlink:type="simple">
            <relationEntry localType="archival">Minutes et répertoires du notaire Jean PETIT, 26 septembre 1778 - 10 octobre 1805 (étude CX)</relationEntry>
         </resourceRelation>
         <resourceRelation xmlns:xlink="http://www.w3.org/1999/xlink"
                           resourceRelationType="subjectOf"
                           xlink:href="FRAN_IR_043293"
                           xlink:type="simple">
            <relationEntry localType="archival">Minutes et répertoires du notaire Alexandre LE MAISTRE, 14 avril 1693 - 26 avril 1712 (étude CX)</relationEntry>
         </resourceRelation>
         <resourceRelation xmlns:xlink="http://www.w3.org/1999/xlink"
                           resourceRelationType="subjectOf"
                           xlink:href="FRAN_IR_043297"
                           xlink:type="simple">
            <relationEntry localType="archival">Minutes et répertoires du notaire Pierre Claude FLURY-PRÉCHARLES, 21 décembre 1798 - 25 août 1813 (étude CX)</relationEntry>
         </resourceRelation>
         <resourceRelation xmlns:xlink="http://www.w3.org/1999/xlink"
                           resourceRelationType="subjectOf"
                           xlink:href="FRAN_IR_043295"
                           xlink:type="simple">
            <relationEntry localType="archival">Minutes et répertoires du notaire Jean Louis BARON, 5 février 1756 - 26 septembre 1778 (étude CX)</relationEntry>
         </resourceRelation>
         <resourceRelation xmlns:xlink="http://www.w3.org/1999/xlink"
                           resourceRelationType="creatorOf"
                           xlink:href="FRAN_IR_054417"
                           xlink:type="simple">
            <relationEntry localType="archival">«Mélanges» (dossiers de clients) de l’étude CX. MC/ET/CX/620-MC/ET/CX/627, MC/ET/CX/832-MC/ET/CX/835 (1698-1819)</relationEntry>
         </resourceRelation>
         <resourceRelation xmlns:xlink="http://www.w3.org/1999/xlink"
                           resourceRelationType="creatorOf"
                           xlink:href="FRAN_IR_043290"
                           xlink:type="simple">
            <relationEntry localType="archival">Minutes et répertoires du notaire Philippe LEMOYNE, 3 juillet 1640 - 15 octobre 1676 (étude CX)</relationEntry>
         </resourceRelation>
         <resourceRelation xmlns:xlink="http://www.w3.org/1999/xlink"
                           resourceRelationType="creatorOf"
                           xlink:href="FRAN_IR_043289"
                           xlink:type="simple">
            <relationEntry localType="archival">Minutes et répertoires du notaire François LEMOYNE, juillet 1609 - 28 juillet 1640 (étude CX)</relationEntry>
         </resourceRelation>
         <resourceRelation xmlns:xlink="http://www.w3.org/1999/xlink"
                           resourceRelationType="creatorOf"
                           xlink:href="FRAN_IR_043298"
                           xlink:type="simple">
            <relationEntry localType="archival">Minutes et répertoires du notaire Athanase Marie LEMOINE, 29 janvier 1811 - 12 décembre 1840 (étude CX)</relationEntry>
         </resourceRelation>
         <resourceRelation xmlns:xlink="http://www.w3.org/1999/xlink"
                           resourceRelationType="creatorOf"
                           xlink:href="FRAN_IR_043294"
                           xlink:type="simple">
            <relationEntry localType="archival">Minutes et répertoires du notaire Guillaume JAME, 5 janvier 1718 - 4 février 1756 (étude CX)</relationEntry>
         </resourceRelation>
         <resourceRelation xmlns:xlink="http://www.w3.org/1999/xlink"
                           resourceRelationType="creatorOf"
                           xlink:href="FRAN_IR_043280"
                           xlink:type="simple">
            <relationEntry localType="archival">Minutes et répertoires du notaire Olivier ROGER, 12 août 1539 - 26 juin 1575 (étude CX)</relationEntry>
         </resourceRelation>
         <resourceRelation xmlns:xlink="http://www.w3.org/1999/xlink"
                           resourceRelationType="creatorOf"
                           xlink:href="FRAN_IR_043281"
                           xlink:type="simple">
            <relationEntry localType="archival">Minutes et répertoires du notaire Claude LENORMAND, 7 septembre 1539 - 9 novembre 1560 (étude CX)</relationEntry>
         </resourceRelation>
         <resourceRelation xmlns:xlink="http://www.w3.org/1999/xlink"
                           resourceRelationType="creatorOf"
                           xlink:href="FRAN_IR_043282"
                           xlink:type="simple">
            <relationEntry localType="archival">Minutes et répertoires du notaire Jacques JOYEUX, 3 avril 1548 - 20 juin 1601 (étude CX)</relationEntry>
         </resourceRelation>
         <resourceRelation xmlns:xlink="http://www.w3.org/1999/xlink"
                           resourceRelationType="creatorOf"
                           xlink:href="FRAN_IR_043283"
                           xlink:type="simple">
            <relationEntry localType="archival">Minutes et répertoires du notaire Antoine BECQUEREL, 27 avril 1557 - 9 avril 1563 (étude CX)</relationEntry>
         </resourceRelation>
         <resourceRelation xmlns:xlink="http://www.w3.org/1999/xlink"
                           resourceRelationType="creatorOf"
                           xlink:href="FRAN_IR_043284"
                           xlink:type="simple">
            <relationEntry localType="archival">Minutes et répertoires du notaire Rémi CORNEILLAU, 1569 - 12 mai 1585 (étude CX)</relationEntry>
         </resourceRelation>
         <resourceRelation xmlns:xlink="http://www.w3.org/1999/xlink"
                           resourceRelationType="creatorOf"
                           xlink:href="FRAN_IR_043285"
                           xlink:type="simple">
            <relationEntry localType="archival">Minutes et répertoires du notaire Olivier LEMOYNE, 1580 - 19 février 1590 (étude CX)</relationEntry>
         </resourceRelation>
         <resourceRelation xmlns:xlink="http://www.w3.org/1999/xlink"
                           resourceRelationType="creatorOf"
                           xlink:href="FRAN_IR_043286"
                           xlink:type="simple">
            <relationEntry localType="archival">Minutes et répertoires du notaire Gilles JOYEUX, 14 août 1586 - 20 juin 1601 (étude CX)</relationEntry>
         </resourceRelation>
         <resourceRelation xmlns:xlink="http://www.w3.org/1999/xlink"
                           resourceRelationType="creatorOf"
                           xlink:href="FRAN_IR_043287"
                           xlink:type="simple">
            <relationEntry localType="archival">Minutes et répertoires du notaire Hugues BABINET, 1er mars 1590 - décembre 1590 (étude CX)</relationEntry>
         </resourceRelation>
         <resourceRelation xmlns:xlink="http://www.w3.org/1999/xlink"
                           resourceRelationType="creatorOf"
                           xlink:href="FRAN_IR_043288"
                           xlink:type="simple">
            <relationEntry localType="archival">Minutes et répertoires du notaire Antoine LEMOYNE, janvier 1608 - 4 juin 1614 (étude CX)</relationEntry>
         </resourceRelation>
         <resourceRelation xmlns:xlink="http://www.w3.org/1999/xlink"
                           resourceRelationType="creatorOf"
                           xlink:href="FRAN_IR_053253"
                           xlink:type="simple">
            <relationEntry localType="archival">Images du répertoire du notaire Philippe Lemoyne pour l'étude CX</relationEntry>
         </resourceRelation>
         <resourceRelation xmlns:xlink="http://www.w3.org/1999/xlink"
                           resourceRelationType="creatorOf"
                           xlink:href="FRAN_IR_053279"
                           xlink:type="simple">
            <relationEntry localType="archival">Images du répertoire du notaire François Jullien pour l'étude CX</relationEntry>
         </resourceRelation>
         <resourceRelation xmlns:xlink="http://www.w3.org/1999/xlink"
                           resourceRelationType="creatorOf"
                           xlink:href="FRAN_IR_053240"
                           xlink:type="simple">
            <relationEntry localType="archival">Images du répertoire du notaire Alexandre Le Maistre pour l'étude CX</relationEntry>
         </resourceRelation>
         <resourceRelation xmlns:xlink="http://www.w3.org/1999/xlink"
                           resourceRelationType="creatorOf"
                           xlink:href="FRAN_IR_053418"
                           xlink:type="simple">
            <relationEntry localType="archival">Images du répertoire du notaire François Dusart pour l'étude CX</relationEntry>
         </resourceRelation>
         <resourceRelation xmlns:xlink="http://www.w3.org/1999/xlink"
                           resourceRelationType="creatorOf"
                           xlink:href="FRAN_IR_053272"
                           xlink:type="simple">
            <relationEntry localType="archival">Images du répertoire du notaire Guillaume Jame pour l'étude CX</relationEntry>
         </resourceRelation>
         <resourceRelation xmlns:xlink="http://www.w3.org/1999/xlink"
                           resourceRelationType="creatorOf"
                           xlink:href="FRAN_IR_053455"
                           xlink:type="simple">
            <relationEntry localType="archival">Images des répertoires du notaire Jean Louis Baron pour l'étude CX</relationEntry>
         </resourceRelation>
         <resourceRelation xmlns:xlink="http://www.w3.org/1999/xlink"
                           resourceRelationType="creatorOf"
                           xlink:href="FRAN_IR_053181"
                           xlink:type="simple">
            <relationEntry localType="archival">Images des répertoires du notaire Jean Petit pour l'étude CX</relationEntry>
         </resourceRelation>
         <resourceRelation xmlns:xlink="http://www.w3.org/1999/xlink"
                           resourceRelationType="creatorOf"
                           xlink:href="FRAN_IR_053316"
                           xlink:type="simple">
            <relationEntry localType="archival">Images des répertoires du notaire Pierre Claude Flury-Précharles pour l'étude CX</relationEntry>
         </resourceRelation>
         <resourceRelation xmlns:xlink="http://www.w3.org/1999/xlink"
                           resourceRelationType="creatorOf"
                           xlink:href="FRAN_IR_053250"
                           xlink:type="simple">
            <relationEntry localType="archival">Images des répertoires du notaire Athanase Marie Lemoine pour l'étude CX</relationEntry>
         </resourceRelation>
         <resourceRelation xmlns:xlink="http://www.w3.org/1999/xlink"
                           resourceRelationType="creatorOf"
                           xlink:href="FRAN_IR_053142"
                           xlink:type="simple">
            <relationEntry localType="archival">Images des répertoires du notaire Cyprien Saint-Hubert Thomassin pour l'étude CX</relationEntry>
         </resourceRelation>
         <resourceRelation xmlns:xlink="http://www.w3.org/1999/xlink"
                           resourceRelationType="creatorOf"
                           xlink:href="FRAN_IR_043299"
                           xlink:type="simple">
            <relationEntry localType="archival">Minutes et répertoires du notaire Cyprien Saint-Hubert THOMASSIN, 12 décembre 1840 - 21 février 1855 (étude CX)</relationEntry>
         </resourceRelation>
         <resourceRelation xmlns:xlink="http://www.w3.org/1999/xlink"
                           resourceRelationType="creatorOf"
                           xlink:href="FRAN_IR_053344"
                           xlink:type="simple">
            <relationEntry localType="archival">Images des répertoires du notaire Émile Delahaye pour l'étude CX</relationEntry>
         </resourceRelation>
         <resourceRelation xmlns:xlink="http://www.w3.org/1999/xlink"
                           resourceRelationType="creatorOf"
                           xlink:href="FRAN_IR_043300"
                           xlink:type="simple">
            <relationEntry localType="archival">Minutes et répertoires du notaire Émile DELAHAYE, 21 février 1855 - 31 mars 1860 (étude CX)</relationEntry>
         </resourceRelation>
         <resourceRelation xmlns:xlink="http://www.w3.org/1999/xlink"
                           resourceRelationType="creatorOf"
                           xlink:href="FRAN_IR_053587"
                           xlink:type="simple">
            <relationEntry localType="archival">Images des répertoires du notaire Félix Louis Morel d'Arleux pour l'étude CX</relationEntry>
         </resourceRelation>
         <resourceRelation xmlns:xlink="http://www.w3.org/1999/xlink"
                           resourceRelationType="creatorOf"
                           xlink:href="FRAN_IR_043301"
                           xlink:type="simple">
            <relationEntry localType="archival">Minutes et répertoires du notaire Félix Louis MOREL d'ARLEUX, 31 mars 1860 - 13 août 1902 (étude CX)</relationEntry>
         </resourceRelation>
         <resourceRelation xmlns:xlink="http://www.w3.org/1999/xlink"
                           resourceRelationType="creatorOf"
                           xlink:href="FRAN_IR_053216"
                           xlink:type="simple">
            <relationEntry localType="archival">Images du répertoire du notaire Félix Henri Morel d'Arleux pour l'étude CX</relationEntry>
         </resourceRelation>
         <resourceRelation xmlns:xlink="http://www.w3.org/1999/xlink"
                           resourceRelationType="creatorOf"
                           xlink:href="FRAN_IR_053567"
                           xlink:type="simple">
            <relationEntry localType="archival">Images des répertoires du notaire Jacques Joyeux pour l'étude CX</relationEntry>
         </resourceRelation>
         <resourceRelation xmlns:xlink="http://www.w3.org/1999/xlink"
                           resourceRelationType="creatorOf"
                           xlink:href="FRAN_IR_053566"
                           xlink:type="simple">
            <relationEntry localType="archival">Images des répertoires du notaire Rémi Corneillau pour l'étude CX</relationEntry>
         </resourceRelation>
         <resourceRelation xmlns:xlink="http://www.w3.org/1999/xlink"
                           resourceRelationType="creatorOf"
                           xlink:href="FRAN_IR_053564"
                           xlink:type="simple">
            <relationEntry localType="archival">Images du répertoire du notaire Olivier Lemoyne pour l'étude CX</relationEntry>
         </resourceRelation>
         <resourceRelation xmlns:xlink="http://www.w3.org/1999/xlink"
                           resourceRelationType="creatorOf"
                           xlink:href="FRAN_IR_053568"
                           xlink:type="simple">
            <relationEntry localType="archival">Images du répertoire du notaire Hugues Babinet pour l'étude CX</relationEntry>
         </resourceRelation>
         <resourceRelation xmlns:xlink="http://www.w3.org/1999/xlink"
                           resourceRelationType="creatorOf"
                           xlink:href="FRAN_IR_043279"
                           xlink:type="simple">
            <relationEntry localType="archival">Archives de l'étude CX</relationEntry>
         </resourceRelation>
         <resourceRelation xmlns:xlink="http://www.w3.org/1999/xlink"
                           resourceRelationType="creatorOf"
                           xlink:href="FRAN_IR_043302"
                           xlink:type="simple">
            <relationEntry localType="archival">Minutes et répertoires du notaire Félix Henri MOREL d'ARLEUX, 13 août 1902 - 11 décembre 1919 (étude CX)</relationEntry>
         </resourceRelation>
      </relations>
   </cpfDescription>
</eac-cpf>
