<eac-cpf xmlns="urn:isbn:1-931666-33-4"
         xmlns:xsi="http://www.w3.org/2001/XMLSchema-instance"
         xsi:schemaLocation="urn:isbn:1-931666-33-4 cpf.xsd">
   <control>
      <recordId>FRAN_NP_010566</recordId>
      <otherRecordId localType="Ancien_identifiant">FRDAFANCH00MC_NANOTAIRE00283</otherRecordId>
      <maintenanceStatus>derived</maintenanceStatus>
      <maintenanceAgency>
         <agencyName>Archives nationales de France</agencyName>
      </maintenanceAgency>
      <languageDeclaration>
         <language languageCode="fre">Français</language>
         <script scriptCode="Latn"/>
      </languageDeclaration>
      <conventionDeclaration>
         <citation>Notice établie conformément à la norme ICA-ISAAR (CPF) 2004, aux normes ISO 8601 pour le système de normalisation des dates utilisé, ainsi que AFNOR NF Z 44-061, juin 1986. Catalogage : forme et structure des vedettes noms de personne, des vedettes titres, des rubriques de classement et des titres forgés.</citation>
      </conventionDeclaration>
      <localControl localType="niveau_de_detail">
         <term>Moyenne</term>
      </localControl>
      <maintenanceHistory>
         <maintenanceEvent>
            <eventType>derived</eventType>
            <eventDateTime>2013-04-23</eventDateTime>
            <agentType>machine</agentType>
            <agent>Migration ETANOT</agent>
         </maintenanceEvent>
      </maintenanceHistory>
   </control>
   <cpfDescription>
      <identity>
         <entityType>person</entityType>
         <nameEntry localType="autorisée" scriptCode="Latn" xml:lang="fre">
            <part>Segond, Louis-Ernest</part>
         </nameEntry>
      </identity>
      <description>
         <existDates>
            <dateRange>
               <fromDate standardDate="1865-07-08">8 juillet 1865</fromDate>
               <toDate standardDate="1897-12-16">16 décembre 1897</toDate>
            </dateRange>
            <descriptiveNote>
               <p>Les dates d'existence de la personne ne sont pas connues et sont évaluées d'après les dates d'exercice en tant que notaire</p>
            </descriptiveNote>
         </existDates>
         <places>
            <place>
               <placeRole>Lieu de Paris</placeRole>
               <placeEntry localType="arrondissement_actuel"
                           vocabularySource="d3nyv5mvjm--gvfz3ej8yx8n">09e arrondissement</placeEntry>
               <placeEntry localType="voie" vocabularySource="d3nzcqe3p3-ckrkvtcyv9pg">provence (rue de)</placeEntry>
               <placeEntry localType="voie" vocabularySource="d3nzbno763-kssdrlmb1ms5">laffitte (rue)</placeEntry>
               <placeEntry localType="nomLieu">56 rue de Provence (de 1865 à 1867), puis 44 (de 1868 à 1873), 7 rue Laffitte (de 1874 à 1890)</placeEntry>
            </place>
         </places>
         <functions>
            <function>
               <term vocabularySource="d3nyui3o8w--11y7jgy8q3wnt">notaire à paris</term>
               <dateRange>
                  <fromDate standardDate="1865-07-08">8 juillet 1865</fromDate>
                  <toDate standardDate="1897-12-16">16 décembre 1897</toDate>
               </dateRange>
            </function>
         </functions>
         <biogHist>
            <p>Marié à Marie Renard (voir ET/LXXVII/714, 23 avril 1866, contrat de mariage)</p>
         </biogHist>
      </description>
      <relations>
         <cpfRelation xmlns:xlink="http://www.w3.org/1999/xlink"
                      cpfRelationType="associative"
                      xlink:href="FRAN_NP_010140"
                      xlink:type="simple">
            <relationEntry>Etude notariale XIII</relationEntry>
            <dateRange>
               <fromDate standardDate="1865-07-08">8 juillet 1865</fromDate>
               <toDate standardDate="1897-12-16">16 décembre 1897</toDate>
            </dateRange>
         </cpfRelation>
         <resourceRelation xmlns:xlink="http://www.w3.org/1999/xlink"
                           resourceRelationType="creatorOf"
                           xlink:href="FRAN_IR_041417"
                           xlink:type="simple">
            <relationEntry localType="archival">Minutes et répertoires du notaire Louis Ernest SEGOND, 8 juillet 1865 - décembre 1890 (étude XIII)</relationEntry>
         </resourceRelation>
         <resourceRelation xmlns:xlink="http://www.w3.org/1999/xlink"
                           resourceRelationType="creatorOf"
                           xlink:href="FRAN_IR_051772"
                           xlink:type="simple">
            <relationEntry localType="archival">Images des répertoires du notaire Louis Ernest Segond pour l'étude XIII</relationEntry>
         </resourceRelation>
      </relations>
   </cpfDescription>
</eac-cpf>
