<eac-cpf xmlns="urn:isbn:1-931666-33-4"
         xmlns:xsi="http://www.w3.org/2001/XMLSchema-instance"
         xsi:schemaLocation="urn:isbn:1-931666-33-4 cpf.xsd">
   <control>
      <recordId>FRAN_NP_010405</recordId>
      <otherRecordId localType="Ancien_identifiant">FRDAFANCH00MC_NANOTAIRE00109</otherRecordId>
      <maintenanceStatus>revised</maintenanceStatus>
      <maintenanceAgency>
         <agencyName>Archives nationales de France</agencyName>
      </maintenanceAgency>
      <languageDeclaration>
         <language languageCode="fre">Français</language>
         <script scriptCode="Latn"/>
      </languageDeclaration>
      <conventionDeclaration>
         <citation>Notice établie conformément à la norme ICA-ISAAR (CPF) 2004, aux normes ISO 8601 pour le système de normalisation des dates utilisé, ainsi que AFNOR NF Z 44-061, juin 1986. Catalogage : forme et structure des vedettes noms de personne, des vedettes titres, des rubriques de classement et des titres forgés.</citation>
      </conventionDeclaration>
      <localControl localType="niveau_de_detail">
         <term>Moyenne</term>
      </localControl>
      <maintenanceHistory>
         <maintenanceEvent>
            <eventType>derived</eventType>
            <eventDateTime>2013-04-23</eventDateTime>
            <agentType>machine</agentType>
            <agent>Migration ETANOT</agent>
         </maintenanceEvent>
         <maintenanceEvent>
            <eventType>revised</eventType>
            <eventDateTime>2016-01-11</eventDateTime>
            <agentType>human</agentType>
            <agent>Marie-Françoise LIMON-BONNET</agent>
            <eventDescription>F. Clavaud, 11 janvier 2016 : ajouté activité et lien familial</eventDescription>
         </maintenanceEvent>
      </maintenanceHistory>
   </control>
   <cpfDescription>
      <identity>
         <entityType>person</entityType>
         <nameEntry localType="autorisée" scriptCode="Latn" xml:lang="fre">
            <part>Tansard, René</part>
         </nameEntry>
      </identity>
      <description>
         <existDates>
            <dateRange>
               <fromDate standardDate="1901-12-11">11 décembre 1901</fromDate>
               <toDate standardDate="1934-01-24">24 janvier 1934</toDate>
            </dateRange>
            <descriptiveNote>
               <p>Les dates d'existence de la personne ne sont pas connues et sont évaluées d'après les dates d'exercice en tant que notaire</p>
            </descriptiveNote>
         </existDates>
         <places>
            <place>
               <placeRole>Lieu de Paris</placeRole>
               <placeEntry localType="nomLieu">65, rue de Turbigo</placeEntry>
               <placeEntry localType="arrondissement_actuel"
                           vocabularySource="d3nyv8gloo-1mqax06e8pe1d">03e arrondissement</placeEntry>
               <placeEntry localType="voie" vocabularySource="d3nzdln8u4--1628swume55kq">Turbigo (rue de)</placeEntry>
            </place>
         </places>
         <functions>
            <function>
               <term vocabularySource="d3nyui3o8w--11y7jgy8q3wnt">notaire à Paris</term>
               <dateRange>
                  <fromDate standardDate="1901-12-11">11 décembre 1901</fromDate>
                  <toDate standardDate="1934-01-24">24 janvier 1934</toDate>
               </dateRange>
            </function>
         </functions>
         <occupations>
            <occupation>
               <term vocabularySource="d3nyu9x713-9kcjiv44l4wh">notaire</term>
               <dateRange>
                  <fromDate standardDate="1901-12-11">11 décembre 1901</fromDate>
                  <toDate standardDate="1934-01-24">24 janvier 1934</toDate>
               </dateRange>
            </occupation>
         </occupations>
         <biogHist>
            <p>René Tansard succède à Eugène Tansard, son père, en décembre 1901. Il a, au moment du décès de son père le 29 avril 1902, une soeur et deux frères :</p>
            <p>Marie Tansard, mariée</p>
            <p>André Tansard, docteur en médecine</p>
            <p>Henri Tansard, étudiant en droit</p>
         </biogHist>
      </description>
      <relations>
         <cpfRelation xmlns:xlink="http://www.w3.org/1999/xlink"
                      cpfRelationType="associative"
                      xlink:href="FRAN_NP_010221"
                      xlink:type="simple">
            <relationEntry>Etude notariale XCIV</relationEntry>
            <dateRange>
               <fromDate standardDate="1901-12-11">11 décembre 1901</fromDate>
               <toDate standardDate="1934-01-24">24 janvier 1934</toDate>
            </dateRange>
         </cpfRelation>
         <cpfRelation xmlns:xlink="http://www.w3.org/1999/xlink"
                      cpfRelationType="family"
                      xlink:href="FRAN_NP_010403"
                      xlink:type="simple">
            <relationEntry>Tansard, Eugène (18..-1902)</relationEntry>
            <descriptiveNote>
               <p>
      René Tansard, fils d'Eugène Tansard. 
    </p>
            </descriptiveNote>
         </cpfRelation>
         <resourceRelation xmlns:xlink="http://www.w3.org/1999/xlink"
                           resourceRelationType="creatorOf"
                           xlink:href="FRAN_IR_054713"
                           xlink:type="simple">
            <relationEntry localType="archival">Images des répertoires du notaire René Tansard pour l'étude XCIV</relationEntry>
         </resourceRelation>
         <resourceRelation xmlns:xlink="http://www.w3.org/1999/xlink"
                           resourceRelationType="creatorOf"
                           xlink:href="FRAN_IR_042987"
                           xlink:type="simple">
            <relationEntry localType="archival">Minutes et répertoires du notaire René TANSARD, 11 décembre 1901 - 9 juillet 1906 (étude XCIV)</relationEntry>
         </resourceRelation>
      </relations>
   </cpfDescription>
</eac-cpf>
