<eac-cpf xmlns="urn:isbn:1-931666-33-4"
         xmlns:xsi="http://www.w3.org/2001/XMLSchema-instance"
         xsi:schemaLocation="urn:isbn:1-931666-33-4 cpf.xsd">
   <control>
      <recordId>FRAN_NP_010407</recordId>
      <otherRecordId localType="Ancien_identifiant">FRDAFANCH00MC_NANOTAIRE00111</otherRecordId>
      <maintenanceStatus>derived</maintenanceStatus>
      <maintenanceAgency>
         <agencyName>Archives nationales de France</agencyName>
      </maintenanceAgency>
      <languageDeclaration>
         <language languageCode="fre">Français</language>
         <script scriptCode="Latn"/>
      </languageDeclaration>
      <conventionDeclaration>
         <citation>Notice établie conformément à la norme ICA-ISAAR (CPF) 2004, aux normes ISO 8601 pour le système de normalisation des dates utilisé, ainsi que AFNOR NF Z 44-061, juin 1986. Catalogage : forme et structure des vedettes noms de personne, des vedettes titres, des rubriques de classement et des titres forgés.</citation>
      </conventionDeclaration>
      <localControl localType="niveau_de_detail">
         <term>Moyenne</term>
      </localControl>
      <maintenanceHistory>
         <maintenanceEvent>
            <eventType>derived</eventType>
            <eventDateTime>2013-04-23</eventDateTime>
            <agentType>machine</agentType>
            <agent>Migration ETANOT</agent>
         </maintenanceEvent>
      </maintenanceHistory>
      <sources>
         <source>
            <descriptiveNote>
               <p>Philippe BERTHOLET, Etudes et notaires parisiens en 1803, au moment de la loi du 25 ventôse an XI (16 mars 1803), Paris, 2004, p. 480-481</p>
            </descriptiveNote>
         </source>
      </sources>
   </control>
   <cpfDescription>
      <identity>
         <entityType>person</entityType>
         <nameEntry localType="autorisée" scriptCode="Latn" xml:lang="fre">
            <part>Tardif, Jean</part>
         </nameEntry>
      </identity>
      <description>
         <existDates>
            <dateRange>
               <fromDate standardDate="1799-10-25">25 octobre 1799</fromDate>
               <toDate standardDate="1819-11-06">6 novembre 1819</toDate>
            </dateRange>
            <descriptiveNote>
               <p>Les dates d'existence de la personne ne sont pas connues et sont évaluées d'après les dates d'exercice en tant que notaire</p>
            </descriptiveNote>
         </existDates>
         <places>
            <place>
               <placeRole>Lieu de Paris</placeRole>
               <placeEntry localType="paroisse" vocabularySource="d3nyvpacz7--zttlckuuf95o">saint-pierre-des-arcis (paroisse)</placeEntry>
               <placeEntry localType="paroisse" vocabularySource="d3nyvoumx3--dule5xfq6gcz">sainte-croix (paroisse)</placeEntry>
               <placeEntry localType="paroisse" vocabularySource="d3nyvp4mh0-mwz7xtnntve9">sainte-madeleine (paroisse)</placeEntry>
               <placeEntry localType="quartier" vocabularySource="d3nyvfvigs--1prphc6bemlqa">cité (quartier)</placeEntry>
               <placeEntry localType="voie" vocabularySource="d3nzdptw3j-lqbnz5b04un7">vieille-draperie (rue de la)</placeEntry>
               <placeEntry localType="nomLieu">25 rue de la Vieille-Draperie</placeEntry>
            </place>
         </places>
         <functions>
            <function>
               <term vocabularySource="d3nyui3o8w--11y7jgy8q3wnt">notaire à paris</term>
               <dateRange>
                  <fromDate standardDate="1799-10-25">25 octobre 1799</fromDate>
                  <toDate standardDate="1819-11-06">6 novembre 1819</toDate>
               </dateRange>
            </function>
         </functions>
         <biogHist>
            <p>Né le 10 février 1766 à Paris</p>
            <p>marié à Anne Moreau (voir ET/VII/554, 18 pluviôse an IX [7 février 1801], contrat de mariage)</p>
            <p>d'abord principal clerc de Pierre-Louis Langlois (étude XVII)</p>
            <p>décédé le 19 mai 1832 à Paris</p>
         </biogHist>
      </description>
      <relations>
         <cpfRelation xmlns:xlink="http://www.w3.org/1999/xlink"
                      cpfRelationType="associative"
                      xlink:href="FRAN_NP_010249"
                      xlink:type="simple">
            <relationEntry>Etude notariale CXXII</relationEntry>
            <dateRange>
               <fromDate standardDate="1799-10-25">25 octobre 1799</fromDate>
               <toDate standardDate="1819-11-06">6 novembre 1819</toDate>
            </dateRange>
         </cpfRelation>
         <resourceRelation xmlns:xlink="http://www.w3.org/1999/xlink"
                           resourceRelationType="subjectOf"
                           xlink:href="FRAN_IR_043584"
                           xlink:type="simple">
            <relationEntry localType="archival">Minutes et répertoires du notaire Jean TARDIF, 25 octobre 1799 - 6 novembre 1819 (étude CXXII)</relationEntry>
         </resourceRelation>
         <resourceRelation xmlns:xlink="http://www.w3.org/1999/xlink"
                           resourceRelationType="creatorOf"
                           xlink:href="FRAN_IR_054692"
                           xlink:type="simple">
            <relationEntry localType="archival">«Mélanges» (dossiers de clients) de l’étude CXXII. MC/ET/CXXII/984-MC/ET/CXXII/1018, MC/ET/CXXII/1799, MC/ET/CXXII/2222-MC/ET/CXXII/2227 (1224-1925)</relationEntry>
         </resourceRelation>
         <resourceRelation xmlns:xlink="http://www.w3.org/1999/xlink"
                           resourceRelationType="creatorOf"
                           xlink:href="FRAN_IR_055286"
                           xlink:type="simple">
            <relationEntry localType="archival">Images des répertoires du notaire Jean Tardif pour l'étude CXXII</relationEntry>
         </resourceRelation>
      </relations>
   </cpfDescription>
</eac-cpf>
