<eac-cpf xmlns="urn:isbn:1-931666-33-4"
         xmlns:xsi="http://www.w3.org/2001/XMLSchema-instance"
         xsi:schemaLocation="urn:isbn:1-931666-33-4 cpf.xsd">
   <control>
      <recordId>FRAN_NP_010246</recordId>
      <otherRecordId localType="Ancien_identifiant">FRDAFANCH00MC_NAETUDE_119</otherRecordId>
      <maintenanceStatus>derived</maintenanceStatus>
      <maintenanceAgency>
         <agencyName>Archives nationales de France</agencyName>
      </maintenanceAgency>
      <languageDeclaration>
         <language languageCode="fre">Français</language>
         <script scriptCode="Latn"/>
      </languageDeclaration>
      <conventionDeclaration>
         <citation>Notice établie conformément à la norme ICA-ISAAR (CPF) 2004, aux normes ISO 8601 pour le système de normalisation des dates utilisé, ainsi que AFNOR NF Z 44-061, juin 1986. Catalogage : forme et structure des vedettes noms de personne, des vedettes titres, des rubriques de classement et des titres forgés.</citation>
      </conventionDeclaration>
      <localControl localType="niveau_de_detail">
         <term>Moyenne</term>
      </localControl>
      <maintenanceHistory>
         <maintenanceEvent>
            <eventType>derived</eventType>
            <eventDateTime>2015-09-30</eventDateTime>
            <agentType>machine</agentType>
            <agent>Migration ETANOT</agent>
         </maintenanceEvent>
      </maintenanceHistory>
   </control>
   <cpfDescription>
      <identity>
         <entityType>corporateBody</entityType>
         <nameEntry localType="autorisée" scriptCode="Latn" xml:lang="fre">
            <part>Etude CXIX</part>
         </nameEntry>
         <nameEntry>
            <part>75050</part>
         </nameEntry>
      </identity>
      <description>
         <existDates>
            <dateRange>
               <fromDate standardDate="1665-01-01">1665</fromDate>
            </dateRange>
         </existDates>
         <places>
            <place>
               <placeRole>Lieu de Paris</placeRole>
               <placeEntry localType="nomLieu">43, avenue Hoche, BP 487, 75366 PARIS cedex 08</placeEntry>
            </place>
         </places>
         <functions>
            <function>
               <term vocabularySource="d3nyui3o8w--11y7jgy8q3wnt">notaire à paris</term>
               <dateRange>
                  <fromDate standardDate="1665-01-01">1665</fromDate>
                  <toDate/>
               </dateRange>
            </function>
         </functions>
         <biogHist>
            <p>Étude de la rive gauche. Depuis 1665, elle est installée rue Dauphine. En 1808, elle part place des Victoires et, par étapes (rue du Coq-Héron, 1841 ; rue Montmartre, 1853), gagne les faubourgs en 1865, avant de s'installer rue Florentin en 1884.</p>
         </biogHist>
      </description>
      <relations>
         <cpfRelation xmlns:xlink="http://www.w3.org/1999/xlink"
                      cpfRelationType="associative"
                      xlink:href="FRAN_NP_011665"
                      xlink:type="simple">
            <relationEntry>Jacquin, Louis-Marc</relationEntry>
            <dateRange>
               <fromDate standardDate="1994-09-28">28 septembre 1994</fromDate>
            </dateRange>
         </cpfRelation>
         <cpfRelation xmlns:xlink="http://www.w3.org/1999/xlink"
                      cpfRelationType="associative"
                      xlink:href="FRAN_NP_012432"
                      xlink:type="simple">
            <relationEntry>Dautrive, Albert-Aimé</relationEntry>
            <dateRange>
               <fromDate standardDate="1844-06-05">5 juin 1844</fromDate>
               <toDate standardDate="1849-07-25">25 juillet 1849</toDate>
            </dateRange>
         </cpfRelation>
         <cpfRelation xmlns:xlink="http://www.w3.org/1999/xlink"
                      cpfRelationType="associative"
                      xlink:href="FRAN_NP_012433"
                      xlink:type="simple">
            <relationEntry>Delamotte, Alexandre-Marie</relationEntry>
            <dateRange>
               <fromDate standardDate="1826-09-13">13 septembre 1826</fromDate>
               <toDate standardDate="1844-06-05">5 juin 1844</toDate>
            </dateRange>
         </cpfRelation>
         <cpfRelation xmlns:xlink="http://www.w3.org/1999/xlink"
                      cpfRelationType="associative"
                      xlink:href="FRAN_NP_013528"
                      xlink:type="simple">
            <relationEntry>Jacquin-Kalfa, Rebecca</relationEntry>
            <dateRange>
               <fromDate standardDate="2011-11-08">8 novembre 2011</fromDate>
            </dateRange>
         </cpfRelation>
         <cpfRelation xmlns:xlink="http://www.w3.org/1999/xlink"
                      cpfRelationType="associative"
                      xlink:href="FRAN_NP_011189"
                      xlink:type="simple">
            <relationEntry>Moet, Jean</relationEntry>
            <dateRange>
               <fromDate standardDate="1692-01-31">31 janvier 1692</fromDate>
               <toDate standardDate="1721-08-18">18 août 1721</toDate>
            </dateRange>
         </cpfRelation>
         <cpfRelation xmlns:xlink="http://www.w3.org/1999/xlink"
                      cpfRelationType="associative"
                      xlink:href="FRAN_NP_010408"
                      xlink:type="simple">
            <relationEntry>Tardiveau, Guillaume</relationEntry>
            <dateRange>
               <fromDate standardDate="1681-04-12">12 avril 1681</fromDate>
               <toDate standardDate="1691-12-22">22 décembre 1691</toDate>
            </dateRange>
         </cpfRelation>
         <cpfRelation xmlns:xlink="http://www.w3.org/1999/xlink"
                      cpfRelationType="associative"
                      xlink:href="FRAN_NP_012719"
                      xlink:type="simple">
            <relationEntry>Colmet, Armand-François</relationEntry>
            <dateRange>
               <fromDate standardDate="1849-07-25">25 juillet 1849</fromDate>
               <toDate standardDate="1861-05-04">4 mai 1861</toDate>
            </dateRange>
         </cpfRelation>
         <cpfRelation xmlns:xlink="http://www.w3.org/1999/xlink"
                      cpfRelationType="associative"
                      xlink:href="FRAN_NP_013325"
                      xlink:type="simple">
            <relationEntry>Bonne, Pascal</relationEntry>
            <dateRange>
               <fromDate standardDate="2007-01-11">11 janvier 2007</fromDate>
            </dateRange>
         </cpfRelation>
         <cpfRelation xmlns:xlink="http://www.w3.org/1999/xlink"
                      cpfRelationType="associative"
                      xlink:href="FRAN_NP_012036"
                      xlink:type="simple">
            <relationEntry>Fay, Eugène Henri</relationEntry>
            <dateRange>
               <fromDate standardDate="1886-08-06">6 août 1886</fromDate>
               <toDate standardDate="1920-10-08">8 octobre 1920</toDate>
            </dateRange>
         </cpfRelation>
         <cpfRelation xmlns:xlink="http://www.w3.org/1999/xlink"
                      cpfRelationType="associative"
                      xlink:href="FRAN_NP_012038"
                      xlink:type="simple">
            <relationEntry>Fay, Georges Marie Emmanuel</relationEntry>
            <dateRange>
               <fromDate standardDate="1920-10-08">8 octobre 1920</fromDate>
               <toDate standardDate="1964-12-16">16 décembre 1964</toDate>
            </dateRange>
         </cpfRelation>
         <cpfRelation xmlns:xlink="http://www.w3.org/1999/xlink"
                      cpfRelationType="associative"
                      xlink:href="FRAN_NP_012037"
                      xlink:type="simple">
            <relationEntry>Fay, François Dominique Maurice Marie</relationEntry>
            <dateRange>
               <fromDate standardDate="1964-12-16">16 décembre 1964</fromDate>
               <toDate standardDate="1999-12-31">1999</toDate>
            </dateRange>
         </cpfRelation>
         <cpfRelation xmlns:xlink="http://www.w3.org/1999/xlink"
                      cpfRelationType="associative"
                      xlink:href="FRAN_NP_010786"
                      xlink:type="simple">
            <relationEntry>Nafilyan, Alain</relationEntry>
            <dateRange>
               <fromDate standardDate="1990-01-17">17 janvier 1990</fromDate>
               <toDate standardDate="1995-01-17">17 janvier 1995</toDate>
            </dateRange>
         </cpfRelation>
         <cpfRelation xmlns:xlink="http://www.w3.org/1999/xlink"
                      cpfRelationType="associative"
                      xlink:href="FRAN_NP_013361"
                      xlink:type="simple">
            <relationEntry>Ichou, Pascal</relationEntry>
            <dateRange>
               <fromDate standardDate="2008-03-28">28 mars 2008</fromDate>
            </dateRange>
         </cpfRelation>
         <cpfRelation xmlns:xlink="http://www.w3.org/1999/xlink"
                      cpfRelationType="associative"
                      xlink:href="FRAN_NP_012718"
                      xlink:type="simple">
            <relationEntry>Chambette, Benoît</relationEntry>
            <dateRange>
               <fromDate standardDate="1798-08-03">3 août 1798</fromDate>
               <toDate standardDate="1826-09-13">13 septembre 1826</toDate>
            </dateRange>
         </cpfRelation>
         <cpfRelation xmlns:xlink="http://www.w3.org/1999/xlink"
                      cpfRelationType="associative"
                      xlink:href="FRAN_NP_010593"
                      xlink:type="simple">
            <relationEntry>Sorbet, Paul-Edouard</relationEntry>
            <dateRange>
               <fromDate standardDate="1861-05-04">4 mai 1861</fromDate>
               <toDate standardDate="1886-08-06">6 août 1886</toDate>
            </dateRange>
         </cpfRelation>
         <cpfRelation xmlns:xlink="http://www.w3.org/1999/xlink"
                      cpfRelationType="associative"
                      xlink:href="FRAN_NP_010535"
                      xlink:type="simple">
            <relationEntry>Saint-Vaast, Charles de</relationEntry>
            <dateRange>
               <fromDate standardDate="1665-01-12">12 janvier 1665</fromDate>
               <toDate standardDate="1671-05-30">30 mai 1671</toDate>
            </dateRange>
         </cpfRelation>
         <cpfRelation xmlns:xlink="http://www.w3.org/1999/xlink"
                      cpfRelationType="associative"
                      xlink:href="FRAN_NP_012434"
                      xlink:type="simple">
            <relationEntry>Dulion, André</relationEntry>
            <dateRange>
               <fromDate standardDate="1721-10-25">25 octobre 1721</fromDate>
               <toDate standardDate="1762-10-05">5 octobre 1762</toDate>
            </dateRange>
         </cpfRelation>
         <cpfRelation xmlns:xlink="http://www.w3.org/1999/xlink"
                      cpfRelationType="associative"
                      xlink:href="FRAN_NP_012435"
                      xlink:type="simple">
            <relationEntry>Dulion, Louis-Denis</relationEntry>
            <dateRange>
               <fromDate standardDate="1762-10-08">8 octobre 1762</fromDate>
               <toDate standardDate="1798-08-03">3 août 1798</toDate>
            </dateRange>
         </cpfRelation>
         <cpfRelation xmlns:xlink="http://www.w3.org/1999/xlink"
                      cpfRelationType="associative"
                      xlink:href="FRAN_NP_012436"
                      xlink:type="simple">
            <relationEntry>Duparc, Noël</relationEntry>
            <dateRange>
               <fromDate standardDate="1670-10-21">21 octobre 1670</fromDate>
               <toDate standardDate="1681-04-12">12 avril 1681</toDate>
            </dateRange>
         </cpfRelation>
         <cpfRelation xmlns:xlink="http://www.w3.org/1999/xlink"
                      cpfRelationType="associative"
                      xlink:href="FRAN_NP_013527"
                      xlink:type="simple">
            <relationEntry>Jacquin, Lucien</relationEntry>
            <dateRange>
               <fromDate standardDate="2011-11-08">8 novembre 2011</fromDate>
            </dateRange>
         </cpfRelation>
         <resourceRelation xmlns:xlink="http://www.w3.org/1999/xlink"
                           resourceRelationType="subjectOf"
                           xlink:href="FRAN_IR_043472"
                           xlink:type="simple">
            <relationEntry localType="archival">Minutes et répertoires du notaire Guillaume TARDIVEAU, 14 avril 1681 - 22 décembre 1691 (étude CXIX)</relationEntry>
         </resourceRelation>
         <resourceRelation xmlns:xlink="http://www.w3.org/1999/xlink"
                           resourceRelationType="subjectOf"
                           xlink:href="FRAN_IR_043477"
                           xlink:type="simple">
            <relationEntry localType="archival">Minutes et répertoires du notaire Alexandre Marie DELAMOTTE, 13 septembre 1826 - 5 juin 1844 (étude CXIX)</relationEntry>
         </resourceRelation>
         <resourceRelation xmlns:xlink="http://www.w3.org/1999/xlink"
                           resourceRelationType="subjectOf"
                           xlink:href="FRAN_IR_043478"
                           xlink:type="simple">
            <relationEntry localType="archival">Minutes et répertoires du notaire Armand François COLMET, 25 juillet 1849 - 4 mai 1861 (étude CXIX)</relationEntry>
         </resourceRelation>
         <resourceRelation xmlns:xlink="http://www.w3.org/1999/xlink"
                           resourceRelationType="creatorOf"
                           xlink:href="FRAN_IR_043473"
                           xlink:type="simple">
            <relationEntry localType="archival">Minutes et répertoires du notaire Jean MOET, 31 janvier 1692 - 8 octobre 1721 (étude CXIX)</relationEntry>
         </resourceRelation>
         <resourceRelation xmlns:xlink="http://www.w3.org/1999/xlink"
                           resourceRelationType="creatorOf"
                           xlink:href="FRAN_IR_054533"
                           xlink:type="simple">
            <relationEntry localType="archival">«Mélanges» (dossiers de clients) de l’étude CXIX. MC/ET/CXIX/701-MC/ET/CXIX/705 (XVIIIe-XIXe siècle)</relationEntry>
         </resourceRelation>
         <resourceRelation xmlns:xlink="http://www.w3.org/1999/xlink"
                           resourceRelationType="creatorOf"
                           xlink:href="FRAN_IR_052501"
                           xlink:type="simple">
            <relationEntry localType="archival">Images du répertoire du notaire Guillaume Tardiveau pour l'étude CXIX</relationEntry>
         </resourceRelation>
         <resourceRelation xmlns:xlink="http://www.w3.org/1999/xlink"
                           resourceRelationType="creatorOf"
                           xlink:href="FRAN_IR_053020"
                           xlink:type="simple">
            <relationEntry localType="archival">Images des répertoires du notaire Alexandre Marie Delamotte pour l'étude CXIX</relationEntry>
         </resourceRelation>
         <resourceRelation xmlns:xlink="http://www.w3.org/1999/xlink"
                           resourceRelationType="creatorOf"
                           xlink:href="FRAN_IR_052510"
                           xlink:type="simple">
            <relationEntry localType="archival">Images des répertoires du notaire Armand François Colmet pour l'étude CXIX</relationEntry>
         </resourceRelation>
         <resourceRelation xmlns:xlink="http://www.w3.org/1999/xlink"
                           resourceRelationType="creatorOf"
                           xlink:href="FRAN_IR_055159"
                           xlink:type="simple">
            <relationEntry localType="archival">Images des répertoires du notaire Louis Denis Dulion pour l'étude CXIX</relationEntry>
         </resourceRelation>
         <resourceRelation xmlns:xlink="http://www.w3.org/1999/xlink"
                           resourceRelationType="creatorOf"
                           xlink:href="FRAN_IR_043480"
                           xlink:type="simple">
            <relationEntry localType="archival">Minutes et répertoires du notaire Louis Denis DULION, 8 octobre 1762 - 3 août 1798 (étude CXIX)</relationEntry>
         </resourceRelation>
         <resourceRelation xmlns:xlink="http://www.w3.org/1999/xlink"
                           resourceRelationType="creatorOf"
                           xlink:href="FRAN_IR_043479"
                           xlink:type="simple">
            <relationEntry localType="archival">Minutes et répertoires du notaire Albert Aimé DAUTRIVE, 5 juin 1844 - 25 juillet 1849 (étude CXIX)</relationEntry>
         </resourceRelation>
         <resourceRelation xmlns:xlink="http://www.w3.org/1999/xlink"
                           resourceRelationType="creatorOf"
                           xlink:href="FRAN_IR_055243"
                           xlink:type="simple">
            <relationEntry localType="archival">Images des répertoires du notaire Albert Aimé Dautrive pour l'étude CXIX</relationEntry>
         </resourceRelation>
         <resourceRelation xmlns:xlink="http://www.w3.org/1999/xlink"
                           resourceRelationType="creatorOf"
                           xlink:href="FRAN_IR_055301"
                           xlink:type="simple">
            <relationEntry localType="archival">Images du répertoire du notaire Charles de Saint-Vaast pour l'étude CXIX</relationEntry>
         </resourceRelation>
         <resourceRelation xmlns:xlink="http://www.w3.org/1999/xlink"
                           resourceRelationType="creatorOf"
                           xlink:href="FRAN_IR_055315"
                           xlink:type="simple">
            <relationEntry localType="archival">Images des répertoires du notaire Noël Duparc pour l'étude CXIX</relationEntry>
         </resourceRelation>
         <resourceRelation xmlns:xlink="http://www.w3.org/1999/xlink"
                           resourceRelationType="creatorOf"
                           xlink:href="FRAN_IR_055316"
                           xlink:type="simple">
            <relationEntry localType="archival">Images des répertoires du notaire Jean Moet pour l'étude CXIX</relationEntry>
         </resourceRelation>
         <resourceRelation xmlns:xlink="http://www.w3.org/1999/xlink"
                           resourceRelationType="creatorOf"
                           xlink:href="FRAN_IR_055317"
                           xlink:type="simple">
            <relationEntry localType="archival">Images des répertoires du notaire André Dulion pour l'étude CXIX</relationEntry>
         </resourceRelation>
         <resourceRelation xmlns:xlink="http://www.w3.org/1999/xlink"
                           resourceRelationType="creatorOf"
                           xlink:href="FRAN_IR_055318"
                           xlink:type="simple">
            <relationEntry localType="archival">Images des répertoires du notaire Benoît Chambette pour l'étude CXIX</relationEntry>
         </resourceRelation>
         <resourceRelation xmlns:xlink="http://www.w3.org/1999/xlink"
                           resourceRelationType="creatorOf"
                           xlink:href="FRAN_IR_055319"
                           xlink:type="simple">
            <relationEntry localType="archival">Images des répertoires du notaire Paul Edouard Sorbet pour l'étude CXIX</relationEntry>
         </resourceRelation>
         <resourceRelation xmlns:xlink="http://www.w3.org/1999/xlink"
                           resourceRelationType="creatorOf"
                           xlink:href="FRAN_IR_055320"
                           xlink:type="simple">
            <relationEntry localType="archival">Images du répertoire du notaire Eugène Henri Fay pour l'étude CXIX</relationEntry>
         </resourceRelation>
         <resourceRelation xmlns:xlink="http://www.w3.org/1999/xlink"
                           resourceRelationType="creatorOf"
                           xlink:href="FRAN_IR_043481"
                           xlink:type="simple">
            <relationEntry localType="archival">Minutes et répertoires du notaire Paul Edouard SORBET, 4 mai 1861 - 6 août 1886 (étude CXIX)</relationEntry>
         </resourceRelation>
         <resourceRelation xmlns:xlink="http://www.w3.org/1999/xlink"
                           resourceRelationType="creatorOf"
                           xlink:href="FRAN_IR_043482"
                           xlink:type="simple">
            <relationEntry localType="archival">Minutes et répertoires du notaire Eugène Henri FAY, 6 août 1886 - 8 octobre 1920 (étude CXIX)</relationEntry>
         </resourceRelation>
         <resourceRelation xmlns:xlink="http://www.w3.org/1999/xlink"
                           resourceRelationType="creatorOf"
                           xlink:href="FRAN_IR_056166"
                           xlink:type="simple">
            <relationEntry localType="archival">Minutes et répertoires du notaire Georges Marie Emmanuel FAY, 8 octobre 1920 - 31 décembre 1940 (étude CXIX)</relationEntry>
         </resourceRelation>
      </relations>
   </cpfDescription>
</eac-cpf>
