<eac-cpf xmlns="urn:isbn:1-931666-33-4"
         xmlns:xsi="http://www.w3.org/2001/XMLSchema-instance"
         xsi:schemaLocation="urn:isbn:1-931666-33-4 cpf.xsd">
   <control>
      <recordId>FRAN_NP_010216</recordId>
      <otherRecordId localType="Ancien_identifiant">FRDAFANCH00MC_NAETUDE_089</otherRecordId>
      <maintenanceStatus>derived</maintenanceStatus>
      <maintenanceAgency>
         <agencyName>Archives nationales de France</agencyName>
      </maintenanceAgency>
      <languageDeclaration>
         <language languageCode="fre">Français</language>
         <script scriptCode="Latn"/>
      </languageDeclaration>
      <conventionDeclaration>
         <citation>Notice établie conformément à la norme ICA-ISAAR (CPF) 2004, aux normes ISO 8601 pour le système de normalisation des dates utilisé, ainsi que AFNOR NF Z 44-061, juin 1986. Catalogage : forme et structure des vedettes noms de personne, des vedettes titres, des rubriques de classement et des titres forgés.</citation>
      </conventionDeclaration>
      <localControl localType="niveau_de_detail">
         <term>Moyenne</term>
      </localControl>
      <maintenanceHistory>
         <maintenanceEvent>
            <eventType>derived</eventType>
            <eventDateTime>2013-04-23</eventDateTime>
            <agentType>machine</agentType>
            <agent>Migration ETANOT</agent>
         </maintenanceEvent>
      </maintenanceHistory>
   </control>
   <cpfDescription>
      <identity>
         <entityType>corporateBody</entityType>
         <nameEntry localType="autorisée" scriptCode="Latn" xml:lang="fre">
            <part>Etude LXXXIX</part>
         </nameEntry>
         <nameEntry>
            <part>75094</part>
         </nameEntry>
      </identity>
      <description>
         <existDates>
            <dateRange>
               <fromDate standardDate="1671-01-01">1671</fromDate>
            </dateRange>
         </existDates>
         <places>
            <place>
               <placeRole>Lieu de Paris</placeRole>
               <placeEntry localType="nomLieu">25, bd Beaumarchais, 75004 PARIS</placeEntry>
            </place>
         </places>
         <functions>
            <function>
               <term vocabularySource="d3nyui3o8w--11y7jgy8q3wnt">notaire à paris</term>
               <dateRange>
                  <fromDate standardDate="1671-01-01">1671</fromDate>
                  <toDate/>
               </dateRange>
            </function>
         </functions>
         <biogHist>
            <p>Depuis 1871, cette étude se trouve rue Saint-Antoine, au voisinage de la Bastille. Elle y reste jusqu'à son installation boulevard Beaumarchais en 1896.</p>
         </biogHist>
      </description>
      <relations>
         <cpfRelation xmlns:xlink="http://www.w3.org/1999/xlink"
                      cpfRelationType="associative"
                      xlink:href="FRAN_NP_010958"
                      xlink:type="simple">
            <relationEntry>Ploix, Louis Hyacinthe Albert</relationEntry>
            <dateRange>
               <fromDate standardDate="1909-07-22">22 juillet 1909</fromDate>
               <toDate standardDate="1946-01-21">21 janvier 1946</toDate>
            </dateRange>
         </cpfRelation>
         <cpfRelation xmlns:xlink="http://www.w3.org/1999/xlink"
                      cpfRelationType="associative"
                      xlink:href="FRAN_NP_010979"
                      xlink:type="simple">
            <relationEntry>Poret, Grégoire</relationEntry>
            <dateRange>
               <fromDate standardDate="1998-09-16">16 septembre 1998</fromDate>
               <toDate standardDate="2005-07-06">6 juillet 2005</toDate>
            </dateRange>
         </cpfRelation>
         <cpfRelation xmlns:xlink="http://www.w3.org/1999/xlink"
                      cpfRelationType="associative"
                      xlink:href="FRAN_NP_011397"
                      xlink:type="simple">
            <relationEntry>Le chanteur, Jean-Michel</relationEntry>
            <dateRange>
               <fromDate standardDate="1709-04-17">17 avril 1709</fromDate>
               <toDate standardDate="1758-02-01">1er février 1758</toDate>
            </dateRange>
         </cpfRelation>
         <cpfRelation xmlns:xlink="http://www.w3.org/1999/xlink"
                      cpfRelationType="associative"
                      xlink:href="FRAN_NP_011454"
                      xlink:type="simple">
            <relationEntry>Lecomte, Alexandre-Pierre</relationEntry>
            <dateRange>
               <fromDate standardDate="1833-04-17">17 avril 1833</fromDate>
               <toDate standardDate="1857-02-27">27 février 1857</toDate>
            </dateRange>
         </cpfRelation>
         <cpfRelation xmlns:xlink="http://www.w3.org/1999/xlink"
                      cpfRelationType="associative"
                      xlink:href="FRAN_NP_012350"
                      xlink:type="simple">
            <relationEntry>Deyeux, Claude-Didier</relationEntry>
            <dateRange>
               <fromDate standardDate="1778-07-03">3 juillet 1778</fromDate>
               <toDate standardDate="1789-07-03">3 juillet 1789</toDate>
            </dateRange>
         </cpfRelation>
         <cpfRelation xmlns:xlink="http://www.w3.org/1999/xlink"
                      cpfRelationType="associative"
                      xlink:href="FRAN_NP_011181"
                      xlink:type="simple">
            <relationEntry>Milhac, Pierre</relationEntry>
            <dateRange>
               <fromDate standardDate="1974-07-03">3 juillet 1974</fromDate>
               <toDate standardDate="2003-08-06">6 août 2003</toDate>
            </dateRange>
         </cpfRelation>
         <cpfRelation xmlns:xlink="http://www.w3.org/1999/xlink"
                      cpfRelationType="associative"
                      xlink:href="FRAN_NP_012664"
                      xlink:type="simple">
            <relationEntry>Cotelle, Laurent Marie Edouard</relationEntry>
            <dateRange>
               <fromDate standardDate="1883-05-23">23 mai 1883</fromDate>
               <toDate standardDate="1909-07-22">22 juillet 1909</toDate>
            </dateRange>
         </cpfRelation>
         <cpfRelation xmlns:xlink="http://www.w3.org/1999/xlink"
                      cpfRelationType="associative"
                      xlink:href="FRAN_NP_012744"
                      xlink:type="simple">
            <relationEntry>Bacquoy-Guédon, Ernest</relationEntry>
            <dateRange>
               <fromDate standardDate="1857-02-27">27 février 1857</fromDate>
               <toDate standardDate="1883-05-23">23 mai 1883</toDate>
            </dateRange>
         </cpfRelation>
         <cpfRelation xmlns:xlink="http://www.w3.org/1999/xlink"
                      cpfRelationType="associative"
                      xlink:href="FRAN_NP_010656"
                      xlink:type="simple">
            <relationEntry>Reynis, Bernard</relationEntry>
            <dateRange>
               <fromDate standardDate="1979-09-26">26 septembre 1979</fromDate>
            </dateRange>
         </cpfRelation>
         <cpfRelation xmlns:xlink="http://www.w3.org/1999/xlink"
                      cpfRelationType="associative"
                      xlink:href="FRAN_NP_011728"
                      xlink:type="simple">
            <relationEntry>Haguel, Yves</relationEntry>
            <dateRange>
               <fromDate standardDate="1983-07-13">13 juillet 1983</fromDate>
            </dateRange>
         </cpfRelation>
         <cpfRelation xmlns:xlink="http://www.w3.org/1999/xlink"
                      cpfRelationType="associative"
                      xlink:href="FRAN_NP_012855"
                      xlink:type="simple">
            <relationEntry>Benoist, Robert Marc André</relationEntry>
            <dateRange>
               <fromDate standardDate="1946-01-21">21 janvier 1946</fromDate>
               <toDate standardDate="1983-07-13">13 juillet 1983</toDate>
            </dateRange>
         </cpfRelation>
         <cpfRelation xmlns:xlink="http://www.w3.org/1999/xlink"
                      cpfRelationType="associative"
                      xlink:href="FRAN_NP_013334"
                      xlink:type="simple">
            <relationEntry>Milhac, Olivier</relationEntry>
            <dateRange>
               <fromDate standardDate="2003-08-06">6 août 2003</fromDate>
            </dateRange>
         </cpfRelation>
         <cpfRelation xmlns:xlink="http://www.w3.org/1999/xlink"
                      cpfRelationType="associative"
                      xlink:href="FRAN_NP_013245"
                      xlink:type="simple">
            <relationEntry>Sommaire, Vincent</relationEntry>
            <dateRange>
               <fromDate standardDate="2003-09-03">3 septembre 2003</fromDate>
            </dateRange>
         </cpfRelation>
         <cpfRelation xmlns:xlink="http://www.w3.org/1999/xlink"
                      cpfRelationType="associative"
                      xlink:href="FRAN_NP_011341"
                      xlink:type="simple">
            <relationEntry>Lange, Denis-Gabriel</relationEntry>
            <dateRange>
               <fromDate standardDate="1671-06-30">30 juin 1671</fromDate>
               <toDate standardDate="1709-04-16">16 avril 1709</toDate>
            </dateRange>
         </cpfRelation>
         <cpfRelation xmlns:xlink="http://www.w3.org/1999/xlink"
                      cpfRelationType="associative"
                      xlink:href="FRAN_NP_012351"
                      xlink:type="simple">
            <relationEntry>Duchesne, Pierre-Rémy</relationEntry>
            <dateRange>
               <fromDate standardDate="1826-10-25">25 octobre 1826</fromDate>
               <toDate standardDate="1833-04-17">17 avril 1833</toDate>
            </dateRange>
         </cpfRelation>
         <cpfRelation xmlns:xlink="http://www.w3.org/1999/xlink"
                      cpfRelationType="associative"
                      xlink:href="FRAN_NP_012352"
                      xlink:type="simple">
            <relationEntry>Duchesne, Pierre</relationEntry>
            <dateRange>
               <fromDate standardDate="1789-07-04">4 juillet 1789</fromDate>
               <toDate standardDate="1826-10-25">25 octobre 1826</toDate>
            </dateRange>
         </cpfRelation>
         <cpfRelation xmlns:xlink="http://www.w3.org/1999/xlink"
                      cpfRelationType="associative"
                      xlink:href="FRAN_NP_012353"
                      xlink:type="simple">
            <relationEntry>Du moulin, Louis</relationEntry>
            <dateRange>
               <fromDate standardDate="1758-02-03">3 février 1758</fromDate>
               <toDate standardDate="1778-07-01">1er juillet 1778</toDate>
            </dateRange>
         </cpfRelation>
         <cpfRelation xmlns:xlink="http://www.w3.org/1999/xlink"
                      cpfRelationType="associative"
                      xlink:href="FRAN_NP_013490"
                      xlink:type="simple">
            <relationEntry>Devynck, Matthieu</relationEntry>
            <dateRange>
               <fromDate standardDate="2010-11-30">30 novembre 2010</fromDate>
            </dateRange>
         </cpfRelation>
         <cpfRelation xmlns:xlink="http://www.w3.org/1999/xlink"
                      cpfRelationType="associative"
                      xlink:href="FRAN_NP_013491"
                      xlink:type="simple">
            <relationEntry>Reynis, Benoit</relationEntry>
            <dateRange>
               <fromDate standardDate="2010-11-30">30 novembre 2010</fromDate>
            </dateRange>
         </cpfRelation>
         <resourceRelation xmlns:xlink="http://www.w3.org/1999/xlink"
                           resourceRelationType="subjectOf"
                           xlink:href="FRAN_IR_042906"
                           xlink:type="simple">
            <relationEntry localType="archival">Minutes et répertoires du notaire Louis DU MOULIN, 3 février 1758 - juin 1778 (étude LXXXIX)</relationEntry>
         </resourceRelation>
         <resourceRelation xmlns:xlink="http://www.w3.org/1999/xlink"
                           resourceRelationType="subjectOf"
                           xlink:href="FRAN_IR_042910"
                           xlink:type="simple">
            <relationEntry localType="archival">Minutes et répertoires du notaire Alexandre Pierre LECOMTE, 17 avril 1833 - 27 février 1857 (étude LXXXIX)</relationEntry>
         </resourceRelation>
         <resourceRelation xmlns:xlink="http://www.w3.org/1999/xlink"
                           resourceRelationType="subjectOf"
                           xlink:href="FRAN_IR_042909"
                           xlink:type="simple">
            <relationEntry localType="archival">Minutes et répertoires du notaire Pierre Rémy DUCHESNE, 25 octobre 1826 - 17 avril 1833 (étude LXXXIX)</relationEntry>
         </resourceRelation>
         <resourceRelation xmlns:xlink="http://www.w3.org/1999/xlink"
                           resourceRelationType="creatorOf"
                           xlink:href="FRAN_IR_051349"
                           xlink:type="simple">
            <relationEntry localType="archival">Images des répertoires du notaire Denis Gabriel Lange pour l'étude LXXXIX</relationEntry>
         </resourceRelation>
         <resourceRelation xmlns:xlink="http://www.w3.org/1999/xlink"
                           resourceRelationType="creatorOf"
                           xlink:href="FRAN_IR_051513"
                           xlink:type="simple">
            <relationEntry localType="archival">Images du répertoire du notaire Claude Didier Deyeux pour l'étude LXXXIX</relationEntry>
         </resourceRelation>
         <resourceRelation xmlns:xlink="http://www.w3.org/1999/xlink"
                           resourceRelationType="creatorOf"
                           xlink:href="FRAN_IR_051517"
                           xlink:type="simple">
            <relationEntry localType="archival">Images des répertoires du notaire Pierre Duchesne pour l'étude LXXXIX</relationEntry>
         </resourceRelation>
         <resourceRelation xmlns:xlink="http://www.w3.org/1999/xlink"
                           resourceRelationType="creatorOf"
                           xlink:href="FRAN_IR_051515"
                           xlink:type="simple">
            <relationEntry localType="archival">Images des répertoires du notaire Louis du Moulin pour l'étude LXXXIX</relationEntry>
         </resourceRelation>
         <resourceRelation xmlns:xlink="http://www.w3.org/1999/xlink"
                           resourceRelationType="creatorOf"
                           xlink:href="FRAN_IR_051514"
                           xlink:type="simple">
            <relationEntry localType="archival">Images des répertoires du notaire Pierre Rémy Duchesne pour l'étude LXXXIX</relationEntry>
         </resourceRelation>
         <resourceRelation xmlns:xlink="http://www.w3.org/1999/xlink"
                           resourceRelationType="creatorOf"
                           xlink:href="FRAN_IR_051572"
                           xlink:type="simple">
            <relationEntry localType="archival">Images des répertoires du notaire Ernest Bacquoy-Guédon pour l'étude LXXXIX</relationEntry>
         </resourceRelation>
         <resourceRelation xmlns:xlink="http://www.w3.org/1999/xlink"
                           resourceRelationType="creatorOf"
                           xlink:href="FRAN_IR_051560"
                           xlink:type="simple">
            <relationEntry localType="archival">Images des répertoires du notaire Laurent Marie Edouard Cotelle pour l'étude LXXXIX</relationEntry>
         </resourceRelation>
         <resourceRelation xmlns:xlink="http://www.w3.org/1999/xlink"
                           resourceRelationType="creatorOf"
                           xlink:href="FRAN_IR_051359"
                           xlink:type="simple">
            <relationEntry localType="archival">Images des répertoires du notaire Jean Michel Le Chanteur pour l'étude LXXXIX</relationEntry>
         </resourceRelation>
         <resourceRelation xmlns:xlink="http://www.w3.org/1999/xlink"
                           resourceRelationType="creatorOf"
                           xlink:href="FRAN_IR_051372"
                           xlink:type="simple">
            <relationEntry localType="archival">Images des répertoires du notaire Alexandre Pierre Lecomte pour l'étude LXXXIX</relationEntry>
         </resourceRelation>
      </relations>
   </cpfDescription>
</eac-cpf>
