<eac-cpf xmlns="urn:isbn:1-931666-33-4"
         xmlns:xsi="http://www.w3.org/2001/XMLSchema-instance"
         xsi:schemaLocation="urn:isbn:1-931666-33-4 cpf.xsd">
   <control>
      <recordId>FRAN_NP_010555</recordId>
      <otherRecordId localType="Ancien_identifiant">FRDAFANCH00MC_NANOTAIRE00272</otherRecordId>
      <maintenanceStatus>revised</maintenanceStatus>
      <maintenanceAgency>
         <agencyName>Archives nationales de France</agencyName>
      </maintenanceAgency>
      <languageDeclaration>
         <language languageCode="fre">Français</language>
         <script scriptCode="Latn"/>
      </languageDeclaration>
      <conventionDeclaration>
         <citation>Notice établie conformément à la norme ICA-ISAAR (CPF) 2004, aux normes ISO 8601 pour le système de normalisation des dates utilisé, ainsi que AFNOR NF Z 44-061, juin 1986. Catalogage : forme et structure des vedettes noms de personne, des vedettes titres, des rubriques de classement et des titres forgés.</citation>
      </conventionDeclaration>
      <localControl localType="niveau_de_detail">
         <term>Moyenne</term>
      </localControl>
      <maintenanceHistory>
         <maintenanceEvent>
            <eventType>derived</eventType>
            <eventDateTime>2013-04-23</eventDateTime>
            <agentType>machine</agentType>
            <agent>Migration ETANOT</agent>
         </maintenanceEvent>
         <maintenanceEvent>
            <eventType>revised</eventType>
            <eventDateTime>2017-02-27</eventDateTime>
            <agentType>human</agentType>
            <agent>Marie-Françoise LIMON-BONNET</agent>
            <eventDescription>Ajouts biographiques et reprise des liens IR : Marie-Françoise Limon-Bonnet, 27 février 2017.</eventDescription>
         </maintenanceEvent>
         <maintenanceEvent>
            <eventType>updated</eventType>
            <eventDateTime>2017-02-27</eventDateTime>
            <agentType>human</agentType>
            <agent>Marie-Françoise LIMON-BONNET</agent>
            <eventDescription>Urgent (demande d'un lecteur). Merci ! MF</eventDescription>
         </maintenanceEvent>
         <maintenanceEvent>
            <eventType>updated</eventType>
            <eventDateTime>2017-02-27</eventDateTime>
            <agentType>human</agentType>
            <agent>Mission.referentiels MISSION.REFERENTIELS</agent>
            <eventDescription>F. Clavaud, 27 février 2017 : revu la forme du nom, ajouté liens familial et chronologique, revu indexation activité</eventDescription>
         </maintenanceEvent>
      </maintenanceHistory>
   </control>
   <cpfDescription>
      <identity>
         <entityType>person</entityType>
         <nameEntry localType="autorisée" scriptCode="Latn" xml:lang="fre">
            <part>Savigny, Nicolas II de (16..-178.)</part>
         </nameEntry>
      </identity>
      <description>
         <existDates>
            <dateRange>
               <fromDate standardDate="1738-09-13">13 septembre 1738</fromDate>
               <toDate standardDate="1769-08-29">29 août 1769</toDate>
            </dateRange>
            <descriptiveNote>
               <p>Les dates d'existence de la personne ne sont pas connues et sont évaluées d'après les dates d'exercice en tant que notaire</p>
            </descriptiveNote>
         </existDates>
         <places>
            <place>
               <placeRole>Lieu de Paris</placeRole>
               <placeEntry localType="nomLieu">rue des Fossés-Saint-Germain-des-Prés</placeEntry>
               <placeEntry localType="paroisse" vocabularySource="d3nyvpcbgs-1cppi2iacclig">Saint-Sulpice (paroisse)</placeEntry>
               <placeEntry localType="quartier" vocabularySource="d3nyvgazoq--1c50yrnvnvk9s">Luxembourg (quartier)</placeEntry>
               <placeEntry localType="voie" vocabularySource="d3nzai09ii--1tdnegq96iwld">Fossés-Saint-Germain-des-Prés (rue des)</placeEntry>
            </place>
         </places>
         <functions>
            <function>
               <term vocabularySource="d3nyui3o8w--11y7jgy8q3wnt">notaire à Paris</term>
               <dateRange>
                  <fromDate standardDate="1738-09-13">13 septembre 1738</fromDate>
                  <toDate standardDate="1769-08-29">29 août 1769</toDate>
               </dateRange>
            </function>
         </functions>
         <occupations>
            <occupation>
               <term vocabularySource="d3nyu9x713-9kcjiv44l4wh">notaire</term>
               <dateRange>
                  <fromDate standardDate="1738-09-13">13 septembre 1738</fromDate>
                  <toDate standardDate="1769-08-29">29 août 1769</toDate>
               </dateRange>
            </occupation>
         </occupations>
         <mandates>
            <mandate>
               <descriptiveNote>
                  <p>Lettres de provision d'office : V/1/316 pièce 167, 28 août 1738.</p>
               </descriptiveNote>
            </mandate>
         </mandates>
         <biogHist>
            <p>Fils et successeur de Nicolas I de Savigny. Il y a traité d'office entre son père, Nicolas I, et lui le 9 août 1738 (MC/ET/LVII/356). A sa mort, Nicolas I de Savigny laisse 4 enfants cohéritiers qui obtiennent des lettres de bénéfice d'inventaire le 9 décembre 1752, entérinées par sentence du Châtelet du 2 janvier 1753 (Y//4727/A) : Nicolas II a un frère prénommé Pierre qui lui donne procuration depuis Châlons-en-Champagne et renonce à la succession de ses parents pour s'en tenir au douaire (MC/ET/VIII/1144, 10 juillet 1761).</p>
            <p>Ses lettres de provision d'office sont datées du 28 août 1738. Il y a conventions pour acquisition de rentes viagères sur la tête de deux de ses enfants le 31 décembre 1757, acte à l'occasion duquel on apprend qu'il a épousé Jeanne Bergier (MC/ET/VIII/1124, 31 décembre 1757). </p>
            <p>Son inventaire après décès est daté du 31 mars 1789 (MC/ET/XLIV/608).</p>
         </biogHist>
      </description>
      <relations>
         <cpfRelation xmlns:xlink="http://www.w3.org/1999/xlink"
                      cpfRelationType="associative"
                      xlink:href="FRAN_NP_010171"
                      xlink:type="simple">
            <relationEntry>Etude notariale XLIV</relationEntry>
            <dateRange>
               <fromDate standardDate="1738-09-13">13 septembre 1738</fromDate>
               <toDate standardDate="1769-08-29">29 août 1769</toDate>
            </dateRange>
         </cpfRelation>
         <cpfRelation xmlns:xlink="http://www.w3.org/1999/xlink"
                      cpfRelationType="temporal-earlier"
                      xlink:href="FRAN_NP_010554"
                      xlink:type="simple">
            <relationEntry>Savigny, Nicolas I de (16..-1752)</relationEntry>
            <dateRange>
               <fromDate standardDate="1738-09-13">13 septembre 1738</fromDate>
            </dateRange>
            <descriptiveNote>
               <p>Nicolas II de Savigny succède à Nicolas I de Savigny en tant que notaire.</p>
            </descriptiveNote>
         </cpfRelation>
         <cpfRelation xmlns:xlink="http://www.w3.org/1999/xlink"
                      cpfRelationType="family"
                      xlink:href="FRAN_NP_010554"
                      xlink:type="simple">
            <relationEntry>Savigny, Nicolas I de (16..-1752)</relationEntry>
            <descriptiveNote>
               <p>Nicolas II de Savigny est le fils de Nicolas I de Savigny</p>
            </descriptiveNote>
         </cpfRelation>
         <resourceRelation xmlns:xlink="http://www.w3.org/1999/xlink"
                           resourceRelationType="creatorOf"
                           xlink:href="FRAN_IR_042109"
                           xlink:type="simple">
            <relationEntry localType="archival">Minutes et répertoires du notaire Nicolas II de SAVIGNY, 13 septembre 1738 - 28 août 1769 (étude XLIV)</relationEntry>
         </resourceRelation>
         <resourceRelation xmlns:xlink="http://www.w3.org/1999/xlink"
                           resourceRelationType="creatorOf"
                           xlink:href="FRAN_IR_056058"
                           xlink:type="simple">
            <relationEntry localType="archival">Images des répertoires du notaire Nicolas II de Savigny pour l'étude XLIV</relationEntry>
         </resourceRelation>
      </relations>
   </cpfDescription>
</eac-cpf>
