<eac-cpf xmlns="urn:isbn:1-931666-33-4"
         xmlns:xsi="http://www.w3.org/2001/XMLSchema-instance"
         xsi:schemaLocation="urn:isbn:1-931666-33-4 cpf.xsd">
   <control>
      <recordId>FRAN_NP_010534</recordId>
      <otherRecordId localType="Ancien_identifiant">FRDAFANCH00MC_NANOTAIRE00247</otherRecordId>
      <maintenanceStatus>derived</maintenanceStatus>
      <maintenanceAgency>
         <agencyName>Archives nationales de France</agencyName>
      </maintenanceAgency>
      <languageDeclaration>
         <language languageCode="fre">Français</language>
         <script scriptCode="Latn"/>
      </languageDeclaration>
      <conventionDeclaration>
         <citation>Notice établie conformément à la norme ICA-ISAAR (CPF) 2004, aux normes ISO 8601 pour le système de normalisation des dates utilisé, ainsi que AFNOR NF Z 44-061, juin 1986. Catalogage : forme et structure des vedettes noms de personne, des vedettes titres, des rubriques de classement et des titres forgés.</citation>
      </conventionDeclaration>
      <localControl localType="niveau_de_detail">
         <term>Moyenne</term>
      </localControl>
      <maintenanceHistory>
         <maintenanceEvent>
            <eventType>derived</eventType>
            <eventDateTime>2015-09-30</eventDateTime>
            <agentType>machine</agentType>
            <agent>Migration ETANOT</agent>
         </maintenanceEvent>
      </maintenanceHistory>
   </control>
   <cpfDescription>
      <identity>
         <entityType>person</entityType>
         <nameEntry localType="autorisée" scriptCode="Latn" xml:lang="fre">
            <part>Saint-Vaast, Jacques de</part>
         </nameEntry>
      </identity>
      <description>
         <existDates>
            <dateRange>
               <fromDate standardDate="1589-09-19">19 septembre 1589</fromDate>
               <toDate standardDate="1637-07-20">20 juillet 1637</toDate>
            </dateRange>
            <descriptiveNote>
               <p>Les dates d'existence de la personne ne sont pas connues et sont évaluées d'après les dates d'exercice en tant que notaire</p>
            </descriptiveNote>
         </existDates>
         <places>
            <place>
               <placeRole>Lieu de Paris</placeRole>
               <placeEntry localType="paroisse" vocabularySource="d3nyvot58t--198f1uuwdsl99">saint-benoît (paroisse)</placeEntry>
               <placeEntry localType="voie" vocabularySource="d3nzd3gcnv-x81q62dbdp9h">saint-jacques (rue)</placeEntry>
               <placeEntry localType="nomLieu">rue Saint-Jacques</placeEntry>
            </place>
         </places>
         <functions>
            <function>
               <term vocabularySource="d3nyui3o8w--11y7jgy8q3wnt">notaire à paris</term>
               <dateRange>
                  <fromDate standardDate="1589-09-19">19 septembre 1589</fromDate>
                  <toDate standardDate="1637-07-20">20 juillet 1637</toDate>
               </dateRange>
            </function>
         </functions>
         <biogHist>
            <p>marié à Madeleine Chapellain</p>
            <p>père de Charles-François Saint-Vaast, notaire dans la même étude (voir ET/XXVI/64, 7 septembre 1639, Quittance de Charles-François de Saint-Vaast, comme créancier des successions de défunts Jacques de Saint-Vaast et Madeleine Chapellain, sa femme, père et mère dudit Charles-François de Saint-Vaast)</p>
         </biogHist>
      </description>
      <relations>
         <cpfRelation xmlns:xlink="http://www.w3.org/1999/xlink"
                      cpfRelationType="associative"
                      xlink:href="FRAN_NP_010200"
                      xlink:type="simple">
            <relationEntry>Etude notariale LXXIII</relationEntry>
            <dateRange>
               <fromDate standardDate="1589-09-19">19 septembre 1589</fromDate>
               <toDate standardDate="1637-07-20">20 juillet 1637</toDate>
            </dateRange>
         </cpfRelation>
         <resourceRelation resourceRelationType="other">
            <relationEntry localType="archival">ET/XI/110 folio 344, 19 avril 1626, testament de Madeleine Chapellain, sa femme</relationEntry>
         </resourceRelation>
         <resourceRelation xmlns:xlink="http://www.w3.org/1999/xlink"
                           resourceRelationType="creatorOf"
                           xlink:href="FRAN_IR_043254"
                           xlink:type="simple">
            <relationEntry localType="archival">Minutes et répertoires du notaire Pierre BELOT, 1572 - 11 octobre 1610 (étude CIX)</relationEntry>
         </resourceRelation>
         <resourceRelation xmlns:xlink="http://www.w3.org/1999/xlink"
                           resourceRelationType="creatorOf"
                           xlink:href="FRAN_IR_042618"
                           xlink:type="simple">
            <relationEntry localType="archival">Minutes et répertoires du notaire Jacques de SAINT-VAAST, 23 septembre 1589 - 20 juillet 1637 (étude LXXIII)</relationEntry>
         </resourceRelation>
         <resourceRelation xmlns:xlink="http://www.w3.org/1999/xlink"
                           resourceRelationType="creatorOf"
                           xlink:href="FRAN_IR_056371"
                           xlink:type="simple">
            <relationEntry localType="archival">Images des répertoires du notaire Jacques de Saint-Vaast pour l'étude LXXIII</relationEntry>
         </resourceRelation>
      </relations>
   </cpfDescription>
</eac-cpf>
