<eac-cpf xmlns="urn:isbn:1-931666-33-4"
         xmlns:xsi="http://www.w3.org/2001/XMLSchema-instance"
         xsi:schemaLocation="urn:isbn:1-931666-33-4 cpf.xsd">
   <control>
      <recordId>FRAN_NP_010476</recordId>
      <otherRecordId localType="Ancien_identifiant">FRDAFANCH00MC_NANOTAIRE00183</otherRecordId>
      <maintenanceStatus>derived</maintenanceStatus>
      <maintenanceAgency>
         <agencyName>Archives nationales de France</agencyName>
      </maintenanceAgency>
      <languageDeclaration>
         <language languageCode="fre">Français</language>
         <script scriptCode="Latn"/>
      </languageDeclaration>
      <conventionDeclaration>
         <citation>Notice établie conformément à la norme ICA-ISAAR (CPF) 2004, aux normes ISO 8601 pour le système de normalisation des dates utilisé, ainsi que AFNOR NF Z 44-061, juin 1986. Catalogage : forme et structure des vedettes noms de personne, des vedettes titres, des rubriques de classement et des titres forgés.</citation>
      </conventionDeclaration>
      <localControl localType="niveau_de_detail">
         <term>Moyenne</term>
      </localControl>
      <maintenanceHistory>
         <maintenanceEvent>
            <eventType>derived</eventType>
            <eventDateTime>2013-04-23</eventDateTime>
            <agentType>machine</agentType>
            <agent>Migration ETANOT</agent>
         </maintenanceEvent>
      </maintenanceHistory>
   </control>
   <cpfDescription>
      <identity>
         <entityType>person</entityType>
         <nameEntry localType="autorisée" scriptCode="Latn" xml:lang="fre">
            <part>Touvenot, Antoine</part>
         </nameEntry>
         <nameEntry>
            <part>Touvenot, Antoine Charles</part>
         </nameEntry>
      </identity>
      <description>
         <existDates>
            <dateRange>
               <fromDate standardDate="1752-04-29">29 avril 1752</fromDate>
               <toDate standardDate="1771-06-19">19 juin 1771</toDate>
            </dateRange>
            <descriptiveNote>
               <p>Les dates d'existence de la personne ne sont pas connues et sont évaluées d'après les dates d'exercice en tant que notaire</p>
            </descriptiveNote>
         </existDates>
         <places>
            <place>
               <placeRole>Lieu de Paris</placeRole>
               <placeEntry localType="nomLieu">étude XXXII : rue Saint-Denis, au coin de la rue Thévenot</placeEntry>
               <placeEntry localType="paroisse" vocabularySource="d3nyvpbcz5--gbtglbh0f8xm">saint-sauveur (paroisse)</placeEntry>
               <placeEntry localType="quartier" vocabularySource="d3nyvgrksc--1qyg7stzts74f">saint-denis (quartier)</placeEntry>
               <placeEntry localType="paroisse" vocabularySource="d3nyvow9c3--1ln2rhczl581f">saint-eustache (paroisse)</placeEntry>
               <placeEntry localType="quartier" vocabularySource="d3nyvgeuq1--ys2q6qcqeojf">montmartre (quartier)</placeEntry>
               <placeEntry localType="voie" vocabularySource="d3nzd1u57i-1h2qpz5x5m5i3">saint-denis (rue)</placeEntry>
               <placeEntry localType="voie" vocabularySource="d3nzc47wbl-1a2g6xqjbuj5s">montmartre (rue)</placeEntry>
            </place>
            <place>
               <placeRole>Lieu de Paris</placeRole>
               <placeEntry localType="nomLieu">étude XXXVI : rue Montmartre, au coin de la rue Neuve-Saint-Eustache</placeEntry>
               <placeEntry localType="paroisse" vocabularySource="d3nyvpbcz5--gbtglbh0f8xm">saint-sauveur (paroisse)</placeEntry>
               <placeEntry localType="quartier" vocabularySource="d3nyvgrksc--1qyg7stzts74f">saint-denis (quartier)</placeEntry>
               <placeEntry localType="paroisse" vocabularySource="d3nyvow9c3--1ln2rhczl581f">saint-eustache (paroisse)</placeEntry>
               <placeEntry localType="quartier" vocabularySource="d3nyvgeuq1--ys2q6qcqeojf">montmartre (quartier)</placeEntry>
               <placeEntry localType="voie" vocabularySource="d3nzd1u57i-1h2qpz5x5m5i3">saint-denis (rue)</placeEntry>
               <placeEntry localType="voie" vocabularySource="d3nzc47wbl-1a2g6xqjbuj5s">montmartre (rue)</placeEntry>
            </place>
         </places>
         <functions>
            <function>
               <term vocabularySource="d3nyui3o8w--11y7jgy8q3wnt">notaire à paris</term>
               <dateRange>
                  <fromDate standardDate="1752-04-29">29 avril 1752</fromDate>
                  <toDate standardDate="1771-06-19">19 juin 1771</toDate>
               </dateRange>
            </function>
         </functions>
         <biogHist>
            <p>Fils et successeur de François Touvenot</p>
         </biogHist>
      </description>
      <relations>
         <cpfRelation xmlns:xlink="http://www.w3.org/1999/xlink"
                      cpfRelationType="associative"
                      xlink:href="FRAN_NP_010159"
                      xlink:type="simple">
            <relationEntry>Etude notariale XXXII</relationEntry>
            <dateRange>
               <fromDate standardDate="1752-04-29">29 avril 1752</fromDate>
               <toDate standardDate="1754-06-19">19 juin 1754</toDate>
            </dateRange>
         </cpfRelation>
         <cpfRelation xmlns:xlink="http://www.w3.org/1999/xlink"
                      cpfRelationType="associative"
                      xlink:href="FRAN_NP_010163"
                      xlink:type="simple">
            <relationEntry>Etude notariale XXXVI</relationEntry>
            <dateRange>
               <fromDate standardDate="1754-03-19">19 mars 1754</fromDate>
               <toDate standardDate="1771-06-19">19 juin 1771</toDate>
            </dateRange>
         </cpfRelation>
         <resourceRelation resourceRelationType="other">
            <relationEntry localType="archival">V/1/372 pièce 534, 15 mai 1752, lettre de provision d'office</relationEntry>
         </resourceRelation>
         <resourceRelation xmlns:xlink="http://www.w3.org/1999/xlink"
                           resourceRelationType="creatorOf"
                           xlink:href="FRAN_IR_041975"
                           xlink:type="simple">
            <relationEntry localType="archival">Minutes et répertoires du notaire Antoine TOUVENOT, 19 mars 1752 - 20 juin 1771 (étude XXXVI)</relationEntry>
         </resourceRelation>
         <resourceRelation xmlns:xlink="http://www.w3.org/1999/xlink"
                           resourceRelationType="creatorOf"
                           xlink:href="FRAN_IR_041865"
                           xlink:type="simple">
            <relationEntry localType="archival">Minutes et répertoires du notaire Antoine TOUVENOT, mai 1752 - 20 mars 1754 (étude XXXII)</relationEntry>
         </resourceRelation>
         <resourceRelation xmlns:xlink="http://www.w3.org/1999/xlink"
                           resourceRelationType="creatorOf"
                           xlink:href="FRAN_IR_051931"
                           xlink:type="simple">
            <relationEntry localType="archival">Images du répertoire du notaire Antoine Touvenot pour l'étude XXXVI</relationEntry>
         </resourceRelation>
      </relations>
   </cpfDescription>
</eac-cpf>
