<eac-cpf xmlns="urn:isbn:1-931666-33-4"
         xmlns:xsi="http://www.w3.org/2001/XMLSchema-instance"
         xsi:schemaLocation="urn:isbn:1-931666-33-4 cpf.xsd">
   <control>
      <recordId>FRAN_NP_010590</recordId>
      <otherRecordId localType="Ancien_identifiant">FRDAFANCH00MC_NANOTAIRE00312</otherRecordId>
      <maintenanceStatus>derived</maintenanceStatus>
      <maintenanceAgency>
         <agencyName>Archives nationales de France</agencyName>
      </maintenanceAgency>
      <languageDeclaration>
         <language languageCode="fre">Français</language>
         <script scriptCode="Latn"/>
      </languageDeclaration>
      <conventionDeclaration>
         <citation>Notice établie conformément à la norme ICA-ISAAR (CPF) 2004, aux normes ISO 8601 pour le système de normalisation des dates utilisé, ainsi que AFNOR NF Z 44-061, juin 1986. Catalogage : forme et structure des vedettes noms de personne, des vedettes titres, des rubriques de classement et des titres forgés.</citation>
      </conventionDeclaration>
      <localControl localType="niveau_de_detail">
         <term>Moyenne</term>
      </localControl>
      <maintenanceHistory>
         <maintenanceEvent>
            <eventType>derived</eventType>
            <eventDateTime>2015-09-30</eventDateTime>
            <agentType>machine</agentType>
            <agent>Migration ETANOT</agent>
         </maintenanceEvent>
      </maintenanceHistory>
   </control>
   <cpfDescription>
      <identity>
         <entityType>person</entityType>
         <nameEntry localType="autorisée" scriptCode="Latn" xml:lang="fre">
            <part>Siot, Julien</part>
         </nameEntry>
      </identity>
      <description>
         <existDates>
            <dateRange>
               <fromDate standardDate="1743-05-14">14 mai 1743</fromDate>
               <toDate standardDate="1785-05-02">2 mai 1785</toDate>
            </dateRange>
            <descriptiveNote>
               <p>Les dates d'existence de la personne ne sont pas connues et sont évaluées d'après les dates d'exercice en tant que notaire</p>
            </descriptiveNote>
         </existDates>
         <places>
            <place>
               <placeRole>Lieu de Paris</placeRole>
               <placeEntry localType="commune_rattachee"
                           vocabularySource="d3nyv27wtc-iflm2unq9zmk">passy (ancienne commune)</placeEntry>
               <placeEntry localType="commune_rattachee"
                           vocabularySource="d3nyv22tl8-ax6fgbv5uatj">batignolles-monceaux (ancienne commune)</placeEntry>
               <placeEntry localType="nomLieu">adresse indéterminée pour les deux études</placeEntry>
            </place>
         </places>
         <functions>
            <function>
               <term vocabularySource="d3nyui3o8w--11y7jgy8q3wnt">notaire à paris</term>
               <dateRange>
                  <fromDate standardDate="1743-05-14">14 mai 1743</fromDate>
                  <toDate standardDate="1785-05-02">2 mai 1785</toDate>
               </dateRange>
            </function>
         </functions>
         <biogHist>
            <p>Notaire royal en la prévôté de Chaillot, greffier et notaire de la prévôté de Chaillot, et tabellion en la prévôté de Passy</p>
         </biogHist>
      </description>
      <relations>
         <cpfRelation xmlns:xlink="http://www.w3.org/1999/xlink"
                      cpfRelationType="associative"
                      xlink:href="FRAN_NP_010167"
                      xlink:type="simple">
            <relationEntry>Etude notariale XL</relationEntry>
            <dateRange>
               <fromDate standardDate="1743-05-14">14 mai 1743</fromDate>
               <toDate standardDate="1785-05-02">2 mai 1785</toDate>
            </dateRange>
         </cpfRelation>
         <cpfRelation xmlns:xlink="http://www.w3.org/1999/xlink"
                      cpfRelationType="associative"
                      xlink:href="FRAN_NP_010201"
                      xlink:type="simple">
            <relationEntry>Etude notariale LXXIV</relationEntry>
            <dateRange>
               <fromDate standardDate="1748-03-16">16 mars 1748</fromDate>
               <toDate standardDate="1785-04-25">25 avril 1785</toDate>
            </dateRange>
         </cpfRelation>
         <resourceRelation xmlns:xlink="http://www.w3.org/1999/xlink"
                           resourceRelationType="subjectOf"
                           xlink:href="FRAN_IR_042041"
                           xlink:type="simple">
            <relationEntry localType="archival">Minutes et répertoires du notaire Julien SIOT, 13 mai 1743 - 2 mai 1785 (étude XL)</relationEntry>
         </resourceRelation>
         <resourceRelation xmlns:xlink="http://www.w3.org/1999/xlink"
                           resourceRelationType="creatorOf"
                           xlink:href="FRAN_IR_054271"
                           xlink:type="simple">
            <relationEntry localType="archival">Images des répertoires du notaire Julien Siot pour l'étude XL</relationEntry>
         </resourceRelation>
         <resourceRelation xmlns:xlink="http://www.w3.org/1999/xlink"
                           resourceRelationType="creatorOf"
                           xlink:href="FRAN_IR_042652"
                           xlink:type="simple">
            <relationEntry localType="archival">Minutes et répertoires du notaire Julien SIOT, 14 mai 1743 - 2 mai 1785 (étude LXXIV)</relationEntry>
         </resourceRelation>
      </relations>
   </cpfDescription>
</eac-cpf>
