<eac-cpf xmlns="urn:isbn:1-931666-33-4"
         xmlns:xsi="http://www.w3.org/2001/XMLSchema-instance"
         xsi:schemaLocation="urn:isbn:1-931666-33-4 cpf.xsd">
   <control>
      <recordId>FRAN_NP_010609</recordId>
      <otherRecordId localType="Ancien_identifiant">FRDAFANCH00MC_NANOTAIRE00334</otherRecordId>
      <maintenanceStatus>derived</maintenanceStatus>
      <maintenanceAgency>
         <agencyName>Archives nationales de France</agencyName>
      </maintenanceAgency>
      <languageDeclaration>
         <language languageCode="fre">Français</language>
         <script scriptCode="Latn"/>
      </languageDeclaration>
      <conventionDeclaration>
         <citation>Notice établie conformément à la norme ICA-ISAAR (CPF) 2004, aux normes ISO 8601 pour le système de normalisation des dates utilisé, ainsi que AFNOR NF Z 44-061, juin 1986. Catalogage : forme et structure des vedettes noms de personne, des vedettes titres, des rubriques de classement et des titres forgés.</citation>
      </conventionDeclaration>
      <localControl localType="niveau_de_detail">
         <term>Moyenne</term>
      </localControl>
      <maintenanceHistory>
         <maintenanceEvent>
            <eventType>derived</eventType>
            <eventDateTime>2013-04-23</eventDateTime>
            <agentType>machine</agentType>
            <agent>Migration ETANOT</agent>
         </maintenanceEvent>
      </maintenanceHistory>
      <sources>
         <source>
            <descriptiveNote>
               <p>Philippe BERTHOLET, Etudes et notaires parisiens en 1803, au moment de la loi du 25 ventôse an XI (16 mars 1803), Paris, 2004, p. 158-160</p>
            </descriptiveNote>
         </source>
      </sources>
   </control>
   <cpfDescription>
      <identity>
         <entityType>person</entityType>
         <nameEntry localType="autorisée" scriptCode="Latn" xml:lang="fre">
            <part>Raguideau de la fosse, Maurice-Jean</part>
         </nameEntry>
      </identity>
      <description>
         <existDates>
            <dateRange>
               <fromDate standardDate="1788-07-26">26 juillet 1788</fromDate>
               <toDate standardDate="1805-08-27">27 août 1805</toDate>
            </dateRange>
            <descriptiveNote>
               <p>Les dates d'existence de la personne ne sont pas connues et sont évaluées d'après les dates d'exercice en tant que notaire</p>
            </descriptiveNote>
         </existDates>
         <places>
            <place>
               <placeRole>Lieu de Paris</placeRole>
               <placeEntry localType="quartier" vocabularySource="d3nyvgj653-pntrwb37dxqp">palais-royal (quartier)</placeEntry>
               <placeEntry localType="paroisse" vocabularySource="d3nyvpb1c4--1dpne8gngxarf">saint-roch (paroisse)</placeEntry>
               <placeEntry localType="voie" vocabularySource="d3nzd36jkq-2di11qojb16k">saint-honoré (rue)</placeEntry>
               <placeEntry localType="nomLieu">rue Saint-Honoré, près la place Louis-le-Grand, puis Vendôme</placeEntry>
            </place>
         </places>
         <functions>
            <function>
               <term vocabularySource="d3nyui3o8w--11y7jgy8q3wnt">notaire à paris</term>
               <dateRange>
                  <fromDate standardDate="1788-07-26">26 juillet 1788</fromDate>
                  <toDate standardDate="1805-08-27">27 août 1805</toDate>
               </dateRange>
            </function>
         </functions>
         <biogHist>
            <p>né le 30 janvier 1759 à Oisé (Sarthe)</p>
            <p>marié en premières noces à Marie Lagrenée (voir ET/IV/851 : 28 mars 1790, contrat de mariage), fille de Martin Lagrenée, notaire de l'étude IV</p>
            <p>marié en secondes noces à Charlotte Laroche</p>
            <p>membre du conseil général de la Seine (1800-1805)</p>
            <p>notaire de la famille Beauharnais, il devient le notaire officiel de Napoléon Ier et du gouvernement</p>
            <p>décédé le 21 juillet 1805</p>
         </biogHist>
      </description>
      <relations>
         <cpfRelation xmlns:xlink="http://www.w3.org/1999/xlink"
                      cpfRelationType="associative"
                      xlink:href="FRAN_NP_010195"
                      xlink:type="simple">
            <relationEntry>Etude notariale LXVIII</relationEntry>
            <dateRange>
               <fromDate standardDate="1788-07-26">26 juillet 1788</fromDate>
               <toDate standardDate="1805-08-27">27 août 1805</toDate>
            </dateRange>
         </cpfRelation>
         <resourceRelation resourceRelationType="other">
            <relationEntry localType="archival">ET/LXXV/851, 10 juillet 1788, traité d'office de notaire entre Alexandre Rousseau et Maurice Raguideau de Lafosse</relationEntry>
         </resourceRelation>
         <resourceRelation resourceRelationType="other">
            <relationEntry localType="archival">ET/XXXV/980, 3 pluviôse an IV [23 janvier 1796], notoriété après le décès de Marie Lagrenée, sa première épouse</relationEntry>
         </resourceRelation>
         <resourceRelation xmlns:xlink="http://www.w3.org/1999/xlink"
                           resourceRelationType="creatorOf"
                           xlink:href="FRAN_IR_052354"
                           xlink:type="simple">
            <relationEntry localType="archival">Images des répertoires du notaire Maurice Jean Raguideau de La Fosse pour l'étude LXVIII</relationEntry>
         </resourceRelation>
      </relations>
   </cpfDescription>
</eac-cpf>
