<eac-cpf xmlns="urn:isbn:1-931666-33-4"
         xmlns:xsi="http://www.w3.org/2001/XMLSchema-instance"
         xsi:schemaLocation="urn:isbn:1-931666-33-4 cpf.xsd">
   <control>
      <recordId>FRAN_NP_010159</recordId>
      <otherRecordId localType="Ancien_identifiant">FRDAFANCH00MC_NAETUDE_032</otherRecordId>
      <maintenanceStatus>revised</maintenanceStatus>
      <maintenanceAgency>
         <agencyName>Archives nationales de France</agencyName>
      </maintenanceAgency>
      <languageDeclaration>
         <language languageCode="fre">Français</language>
         <script scriptCode="Latn"/>
      </languageDeclaration>
      <conventionDeclaration>
         <citation>Notice établie conformément à la norme ICA-ISAAR (CPF) 2004, aux normes ISO 8601 pour le système de normalisation des dates utilisé, ainsi que AFNOR NF Z 44-061, juin 1986. Catalogage : forme et structure des vedettes noms de personne, des vedettes titres, des rubriques de classement et des titres forgés.</citation>
      </conventionDeclaration>
      <localControl localType="niveau_de_detail">
         <term>Complète</term>
      </localControl>
      <maintenanceHistory>
         <maintenanceEvent>
            <eventType>derived</eventType>
            <eventDateTime>2013-04-23</eventDateTime>
            <agentType>machine</agentType>
            <agent>Migration ETANOT</agent>
         </maintenanceEvent>
         <maintenanceEvent>
            <eventType>revised</eventType>
            <eventDateTime>2013-10-16</eventDateTime>
            <agentType>human</agentType>
            <agent>Marie-Françoise LIMON-BONNET</agent>
         </maintenanceEvent>
         <maintenanceEvent>
            <eventType>revised</eventType>
            <eventDateTime>2013-10-18</eventDateTime>
            <agentType>human</agentType>
            <agent>Florence CLAVAUD</agent>
         </maintenanceEvent>
         <maintenanceEvent>
            <eventType>revised</eventType>
            <eventDateTime>2014-10-10</eventDateTime>
            <agentType>human</agentType>
            <agent>Marie-Françoise LIMON-BONNET</agent>
            <eventDescription>F. Clavaud, 10 octobre 2014 : revu fonction et tous les liens IR</eventDescription>
         </maintenanceEvent>
      </maintenanceHistory>
      <sources>
         <source>
            <descriptiveNote>
               <p>
                  <span style="bold">Voir</span> : 
     </p>
               <p>Limon-Bonnet (M.-F.) [dir.], 
      <span style="italic">122 minutes d'histoire. Actes des notaires de Paris, XVIe-XXe siècle</span>, Paris, 2012, pp. 68-69. 
     </p>
               <p>
                  <span style="italic">Annuaire officiel du notariat 2012</span>, p. 1001. 
     </p>
            </descriptiveNote>
         </source>
      </sources>
   </control>
   <cpfDescription>
      <identity>
         <entityType>corporateBody</entityType>
         <nameEntry localType="autorisée" scriptCode="Latn" xml:lang="fre">
            <part>Etude XXXII</part>
         </nameEntry>
         <nameEntry>
            <part>75103</part>
         </nameEntry>
         <nameEntry>
            <part>BEGON André, HERBERT Philippe, BOUGEARD Cécile, BRULON Jean-Pierre et BONNEAU Bertrand, SCP</part>
         </nameEntry>
      </identity>
      <description>
         <existDates>
            <dateRange>
               <fromDate standardDate="1683-01-01">1683</fromDate>
            </dateRange>
         </existDates>
         <places>
            <place>
               <placeRole>Lieu de Paris</placeRole>
               <placeEntry localType="nomLieu">3, place des Victoires, 75001 Paris</placeEntry>
               <placeEntry localType="voie" vocabularySource="d3nzdp34bx-sj1sa3q4vri7">Victoires (place des)</placeEntry>
               <placeEntry localType="arrondissement_actuel"
                           vocabularySource="d3nyv8f3d4-ok53bz6domv3">01e arrondissement</placeEntry>
            </place>
         </places>
         <legalStatuses>
            <legalStatus>
               <term>office notarial</term>
            </legalStatus>
         </legalStatuses>
         <functions>
            <function>
               <term vocabularySource="d3nyui3o8w--11y7jgy8q3wnt">notaire à Paris</term>
               <dateRange>
                  <fromDate standardDate="1683-01-01">1683</fromDate>
               </dateRange>
            </function>
         </functions>
         <mandates>
            <mandate/>
         </mandates>
         <generalContext>
            <p>Les minutes de cette étude ont été versées aux Archives nationales (2013) jusqu'au 31 décembre 1938, mais elles ne sont pas encore cotées. Leur communication en salle de lecture n'est donc pas encore possible.</p>
         </generalContext>
         <biogHist>
            <p>Cette étude est établie au voisinage de la porte Saint-Denis, au coin de la rue Thévenot, sous l'Ancien Régime. Elle reste ensuite boulevard Bonne-Nouvelle jusqu'en 1866, puis gagne le boulevard Saint-Denis. En 2000, elle s'installe 25, rue du Général-Foy. En 2012, elle déménage au 3 place des Victoires. Son fonds, qui a été terriblement mutilé (les minutes de l'Ancien Régime ont été, dans leur majorité, dispersées au cours du premier quart du XXe siècle, semble-t-il, mais environ 3000 d'entre elles ont pu, jusqu'à ce jour, être récupérées), présente encore de nombreux dépôts de pièces, des quittances du garde du Trésor royal, des tontines et des rentes viagères. Une faillite importante y est réglée en décembre 1789, celle de Millerville-de-Berge. Et citons, au XIXe siècle, la constitution du chemin de fer de Saint-Germain, et celle du chemin de fer Paris-Lille, ou encore l'inventaire après décès de Victor Schoelcher, sénateur, promoteur en 1848 de l'abolition de l'esclavage (2 février 1894).</p>
            <p>Le Minutier central conserve les minutes de l'étude XXXII à partir de l'année 1683.</p>
            <p>Les minutes de cette étude ont été versées aux Archives nationales (2013) jusqu'au 31 décembre 1938, mais elles ne sont pas encore cotées. Leur communication en salle de lecture n'est donc pas encore possible.</p>
         </biogHist>
      </description>
      <relations>
         <cpfRelation xmlns:xlink="http://www.w3.org/1999/xlink"
                      cpfRelationType="associative"
                      xlink:href="FRAN_NP_010975"
                      xlink:type="simple">
            <relationEntry>Ponyer, Hugues-Prudent</relationEntry>
            <dateRange>
               <fromDate standardDate="1683-01-01">1683</fromDate>
               <toDate standardDate="1709-08-21">21 août 1709</toDate>
            </dateRange>
         </cpfRelation>
         <cpfRelation xmlns:xlink="http://www.w3.org/1999/xlink"
                      cpfRelationType="associative"
                      xlink:href="FRAN_NP_011360"
                      xlink:type="simple">
            <relationEntry>Larsonnier, Louis</relationEntry>
            <dateRange>
               <fromDate standardDate="1709-09-11">11 septembre 1709</fromDate>
               <toDate standardDate="1724-06-19">19 juin 1724</toDate>
            </dateRange>
         </cpfRelation>
         <cpfRelation xmlns:xlink="http://www.w3.org/1999/xlink"
                      cpfRelationType="associative"
                      xlink:href="FRAN_NP_011413"
                      xlink:type="simple">
            <relationEntry>Le jay, Honoré</relationEntry>
            <dateRange>
               <fromDate standardDate="1754-09-05">5 septembre 1754</fromDate>
               <toDate standardDate="1772-01-01">1er janvier 1772</toDate>
            </dateRange>
         </cpfRelation>
         <cpfRelation xmlns:xlink="http://www.w3.org/1999/xlink"
                      cpfRelationType="associative"
                      xlink:href="FRAN_NP_012219"
                      xlink:type="simple">
            <relationEntry>Dallot, Michel</relationEntry>
            <dateRange>
               <fromDate standardDate="1969-05-28">28 mai 1969</fromDate>
               <toDate standardDate="1986-09-17">17 septembre 1986</toDate>
            </dateRange>
         </cpfRelation>
         <cpfRelation xmlns:xlink="http://www.w3.org/1999/xlink"
                      cpfRelationType="associative"
                      xlink:href="FRAN_NP_012220"
                      xlink:type="simple">
            <relationEntry>Damaison, Etienne</relationEntry>
            <dateRange>
               <fromDate standardDate="1812-03-28">28 mars 1812</fromDate>
               <toDate standardDate="1844-11-19">19 novembre 1844</toDate>
            </dateRange>
         </cpfRelation>
         <cpfRelation xmlns:xlink="http://www.w3.org/1999/xlink"
                      cpfRelationType="associative"
                      xlink:href="FRAN_NP_013266"
                      xlink:type="simple">
            <relationEntry>Brulon, Jean-Pierre</relationEntry>
            <dateRange>
               <fromDate standardDate="2006-06-20">20 juin 2006</fromDate>
            </dateRange>
         </cpfRelation>
         <cpfRelation xmlns:xlink="http://www.w3.org/1999/xlink"
                      cpfRelationType="associative"
                      xlink:href="FRAN_NP_011010"
                      xlink:type="simple">
            <relationEntry>Prévost, Joseph</relationEntry>
            <dateRange>
               <fromDate standardDate="1724-06-20">20 juin 1724</fromDate>
               <toDate standardDate="1752-04-29">29 avril 1752</toDate>
            </dateRange>
         </cpfRelation>
         <cpfRelation xmlns:xlink="http://www.w3.org/1999/xlink"
                      cpfRelationType="associative"
                      xlink:href="FRAN_NP_010461"
                      xlink:type="simple">
            <relationEntry>Tiron, Pierre</relationEntry>
            <dateRange>
               <fromDate standardDate="1783-10-11">11 octobre 1783</fromDate>
               <toDate standardDate="1812-03-28">28 mars 1812</toDate>
            </dateRange>
         </cpfRelation>
         <cpfRelation xmlns:xlink="http://www.w3.org/1999/xlink"
                      cpfRelationType="associative"
                      xlink:href="FRAN_NP_011765"
                      xlink:type="simple">
            <relationEntry>Herbert, Philippe</relationEntry>
            <dateRange>
               <fromDate standardDate="1986-09-17">17 septembre 1986</fromDate>
            </dateRange>
         </cpfRelation>
         <cpfRelation xmlns:xlink="http://www.w3.org/1999/xlink"
                      cpfRelationType="associative"
                      xlink:href="FRAN_NP_010682"
                      xlink:type="simple">
            <relationEntry>Rivière, Marie Emile Joseph Maurice</relationEntry>
            <dateRange>
               <fromDate standardDate="1920-07-07">7 juillet 1920</fromDate>
               <toDate standardDate="1954-01-07">7 janvier 1954</toDate>
            </dateRange>
         </cpfRelation>
         <cpfRelation xmlns:xlink="http://www.w3.org/1999/xlink"
                      cpfRelationType="associative"
                      xlink:href="FRAN_NP_012949"
                      xlink:type="simple">
            <relationEntry>Bonneau, Robert</relationEntry>
            <dateRange>
               <fromDate standardDate="1986-09-17">17 septembre 1986</fromDate>
               <toDate standardDate="2006-07-05">5 juillet 2006</toDate>
            </dateRange>
         </cpfRelation>
         <cpfRelation xmlns:xlink="http://www.w3.org/1999/xlink"
                      cpfRelationType="associative"
                      xlink:href="FRAN_NP_012980"
                      xlink:type="simple">
            <relationEntry>Bougeard, Cécile</relationEntry>
            <dateRange>
               <fromDate standardDate="1994-03-30">30 mars 1994</fromDate>
            </dateRange>
         </cpfRelation>
         <cpfRelation xmlns:xlink="http://www.w3.org/1999/xlink"
                      cpfRelationType="associative"
                      xlink:href="FRAN_NP_010691"
                      xlink:type="simple">
            <relationEntry>Robert, Nicolas-Eloi</relationEntry>
            <dateRange>
               <fromDate standardDate="1866-01-06">6 janvier 1866</fromDate>
               <toDate standardDate="1879-02-05">5 février 1879</toDate>
            </dateRange>
         </cpfRelation>
         <cpfRelation xmlns:xlink="http://www.w3.org/1999/xlink"
                      cpfRelationType="associative"
                      xlink:href="FRAN_NP_012829"
                      xlink:type="simple">
            <relationEntry>Begon, André</relationEntry>
            <dateRange>
               <fromDate standardDate="1984-02-22">22 février 1984</fromDate>
            </dateRange>
         </cpfRelation>
         <cpfRelation xmlns:xlink="http://www.w3.org/1999/xlink"
                      cpfRelationType="associative"
                      xlink:href="FRAN_NP_010476"
                      xlink:type="simple">
            <relationEntry>Touvenot, Antoine</relationEntry>
            <dateRange>
               <fromDate standardDate="1752-04-29">29 avril 1752</fromDate>
               <toDate standardDate="1754-06-19">19 juin 1754</toDate>
            </dateRange>
         </cpfRelation>
         <cpfRelation xmlns:xlink="http://www.w3.org/1999/xlink"
                      cpfRelationType="associative"
                      xlink:href="FRAN_NP_010421"
                      xlink:type="simple">
            <relationEntry>Théret, Jean Marie Paul Augustin</relationEntry>
            <dateRange>
               <fromDate standardDate="1879-02-05">5 février 1879</fromDate>
               <toDate standardDate="1920-07-07">7 juillet 1920</toDate>
            </dateRange>
         </cpfRelation>
         <cpfRelation xmlns:xlink="http://www.w3.org/1999/xlink"
                      cpfRelationType="associative"
                      xlink:href="FRAN_NP_012221"
                      xlink:type="simple">
            <relationEntry>Dumas, Armand-Vital</relationEntry>
            <dateRange>
               <fromDate standardDate="1844-11-19">19 novembre 1844</fromDate>
               <toDate standardDate="1866-01-06">6 janvier 1866</toDate>
            </dateRange>
         </cpfRelation>
         <cpfRelation xmlns:xlink="http://www.w3.org/1999/xlink"
                      cpfRelationType="associative"
                      xlink:href="FRAN_NP_012538"
                      xlink:type="simple">
            <relationEntry>Cartault, Etienne</relationEntry>
            <dateRange>
               <fromDate standardDate="1772-01-04">4 janvier 1772</fromDate>
               <toDate standardDate="1783-10-10">10 octobre 1783</toDate>
            </dateRange>
         </cpfRelation>
         <cpfRelation xmlns:xlink="http://www.w3.org/1999/xlink"
                      cpfRelationType="associative"
                      xlink:href="FRAN_NP_012539"
                      xlink:type="simple">
            <relationEntry>Chalain, Jacques</relationEntry>
            <dateRange>
               <fromDate standardDate="1969-05-28">28 mai 1969</fromDate>
               <toDate standardDate="1986-09-17">17 septembre 1986</toDate>
            </dateRange>
         </cpfRelation>
         <cpfRelation xmlns:xlink="http://www.w3.org/1999/xlink"
                      cpfRelationType="associative"
                      xlink:href="FRAN_NP_012540"
                      xlink:type="simple">
            <relationEntry>Chalain, Jean Charles Léon</relationEntry>
            <dateRange>
               <fromDate standardDate="1954-01-07">7 janvier 1954</fromDate>
               <toDate standardDate="1984-10-11">11 octobre 1984</toDate>
            </dateRange>
         </cpfRelation>
         <cpfRelation xmlns:xlink="http://www.w3.org/1999/xlink"
                      cpfRelationType="associative"
                      xlink:href="FRAN_NP_013435"
                      xlink:type="simple">
            <relationEntry>Bonneau, Bertrand</relationEntry>
            <dateRange>
               <fromDate standardDate="2009-09-08">8 septembre 2009</fromDate>
            </dateRange>
         </cpfRelation>
         <cpfRelation xmlns:xlink="http://www.w3.org/1999/xlink"
                      cpfRelationType="associative"
                      xlink:href="FRAN_NP_013505"
                      xlink:type="simple">
            <relationEntry>Auger, Samuel</relationEntry>
            <dateRange>
               <fromDate standardDate="2011-06-14">14 juin 2011</fromDate>
            </dateRange>
         </cpfRelation>
         <resourceRelation xmlns:xlink="http://www.w3.org/1999/xlink"
                           resourceRelationType="creatorOf"
                           xlink:href="FRAN_IR_041862"
                           xlink:type="simple">
            <relationEntry localType="archival">Archives de l'étude XXXII</relationEntry>
         </resourceRelation>
         <resourceRelation xmlns:xlink="http://www.w3.org/1999/xlink"
                           resourceRelationType="creatorOf"
                           xlink:href="FRAN_IR_051495"
                           xlink:type="simple">
            <relationEntry localType="archival">Images des répertoires du notaire Armand Vital Dumas pour l'étude XXXII</relationEntry>
         </resourceRelation>
         <resourceRelation xmlns:xlink="http://www.w3.org/1999/xlink"
                           resourceRelationType="creatorOf"
                           xlink:href="FRAN_IR_051494"
                           xlink:type="simple">
            <relationEntry localType="archival">Images des répertoires du notaire Etienne Damaison pour l'étude XXXII</relationEntry>
         </resourceRelation>
         <resourceRelation xmlns:xlink="http://www.w3.org/1999/xlink"
                           resourceRelationType="creatorOf"
                           xlink:href="FRAN_IR_051207"
                           xlink:type="simple">
            <relationEntry localType="archival">Images des répertoires du notaire Jean Marie Paul Augustin Théret pour l'étude XXXII</relationEntry>
         </resourceRelation>
         <resourceRelation xmlns:xlink="http://www.w3.org/1999/xlink"
                           resourceRelationType="creatorOf"
                           xlink:href="FRAN_IR_052757"
                           xlink:type="simple">
            <relationEntry localType="archival">Images des répertoires du notaire Nicolas Eloi Robert pour l'étude XXXII</relationEntry>
         </resourceRelation>
         <resourceRelation xmlns:xlink="http://www.w3.org/1999/xlink"
                           resourceRelationType="creatorOf"
                           xlink:href="FRAN_IR_051220"
                           xlink:type="simple">
            <relationEntry localType="archival">Images des répertoires du notaire Pierre Tiron pour l'étude XXXII</relationEntry>
         </resourceRelation>
         <resourceRelation xmlns:xlink="http://www.w3.org/1999/xlink"
                           resourceRelationType="creatorOf"
                           xlink:href="FRAN_IR_051226"
                           xlink:type="simple">
            <relationEntry localType="archival">Images du répertoire du notaire Antoine Touvenot pour l'étude XXXII</relationEntry>
         </resourceRelation>
         <resourceRelation xmlns:xlink="http://www.w3.org/1999/xlink"
                           resourceRelationType="creatorOf"
                           xlink:href="FRAN_IR_051547"
                           xlink:type="simple">
            <relationEntry localType="archival">Images du répertoire du notaire Etienne Cartault pour l'étude XXXII</relationEntry>
         </resourceRelation>
         <resourceRelation xmlns:xlink="http://www.w3.org/1999/xlink"
                           resourceRelationType="creatorOf"
                           xlink:href="FRAN_IR_052783"
                           xlink:type="simple">
            <relationEntry localType="archival">Images du répertoire du notaire Honoré Le Jay pour l'étude XXXII</relationEntry>
         </resourceRelation>
         <resourceRelation xmlns:xlink="http://www.w3.org/1999/xlink"
                           resourceRelationType="creatorOf"
                           xlink:href="FRAN_IR_051292"
                           xlink:type="simple">
            <relationEntry localType="archival">Images du répertoire du notaire Hugues Prudent Ponyer pour l'étude XXXII</relationEntry>
         </resourceRelation>
         <resourceRelation xmlns:xlink="http://www.w3.org/1999/xlink"
                           resourceRelationType="creatorOf"
                           xlink:href="FRAN_IR_051299"
                           xlink:type="simple">
            <relationEntry localType="archival">Images du répertoire du notaire Joseph Prévost pour l'étude XXXII</relationEntry>
         </resourceRelation>
         <resourceRelation xmlns:xlink="http://www.w3.org/1999/xlink"
                           resourceRelationType="creatorOf"
                           xlink:href="FRAN_IR_051354"
                           xlink:type="simple">
            <relationEntry localType="archival">Images du répertoire du notaire Louis Larsonnier pour l'étude XXXII</relationEntry>
         </resourceRelation>
         <resourceRelation xmlns:xlink="http://www.w3.org/1999/xlink"
                           resourceRelationType="creatorOf"
                           xlink:href="FRAN_IR_050933"
                           xlink:type="simple">
            <relationEntry localType="archival">«Mélanges» (dossiers de clients) de l’étude XXXII. MC/ET/XXXII/223/B (1692-1800)</relationEntry>
         </resourceRelation>
         <resourceRelation xmlns:xlink="http://www.w3.org/1999/xlink"
                           resourceRelationType="creatorOf"
                           xlink:href="FRAN_IR_041863"
                           xlink:type="simple">
            <relationEntry localType="archival">Minutes et répertoires du notaire Hugues Prudent PONYER, 1683 - 21 août 1709 (étude XXXII)</relationEntry>
         </resourceRelation>
         <resourceRelation xmlns:xlink="http://www.w3.org/1999/xlink"
                           resourceRelationType="creatorOf"
                           xlink:href="FRAN_IR_041864"
                           xlink:type="simple">
            <relationEntry localType="archival">Minutes et répertoires du notaire Louis LARSONNIER, 11 juin 1708 - 19 juin 1724 (étude XXXII)</relationEntry>
         </resourceRelation>
         <resourceRelation xmlns:xlink="http://www.w3.org/1999/xlink"
                           resourceRelationType="creatorOf"
                           xlink:href="FRAN_IR_041866"
                           xlink:type="simple">
            <relationEntry localType="archival">Minutes et répertoires du notaire Joseph PRÉVOST, 20 juin 1724 - 20 avril 1752 (étude XXXII)</relationEntry>
         </resourceRelation>
         <resourceRelation xmlns:xlink="http://www.w3.org/1999/xlink"
                           resourceRelationType="creatorOf"
                           xlink:href="FRAN_IR_041865"
                           xlink:type="simple">
            <relationEntry localType="archival">Minutes et répertoires du notaire Antoine TOUVENOT, mai 1752 - 20 mars 1754 (étude XXXII)</relationEntry>
         </resourceRelation>
         <resourceRelation xmlns:xlink="http://www.w3.org/1999/xlink"
                           resourceRelationType="creatorOf"
                           xlink:href="FRAN_IR_041867"
                           xlink:type="simple">
            <relationEntry localType="archival">Minutes et répertoires du notaire Honoré LE JAY, 22 mars 1754 - 1771 (étude XXXII)</relationEntry>
         </resourceRelation>
         <resourceRelation xmlns:xlink="http://www.w3.org/1999/xlink"
                           resourceRelationType="creatorOf"
                           xlink:href="FRAN_IR_041868"
                           xlink:type="simple">
            <relationEntry localType="archival">Minutes et répertoires du notaire Étienne CARTAULT, 4 janvier 1772 - 10 octobre 1783 (étude XXXII)</relationEntry>
         </resourceRelation>
         <resourceRelation xmlns:xlink="http://www.w3.org/1999/xlink"
                           resourceRelationType="creatorOf"
                           xlink:href="FRAN_IR_041869"
                           xlink:type="simple">
            <relationEntry localType="archival">Minutes et répertoires du notaire Pierre TIRON, 11 octobre 1783 - 27 mars 1812 (étude XXXII)</relationEntry>
         </resourceRelation>
         <resourceRelation xmlns:xlink="http://www.w3.org/1999/xlink"
                           resourceRelationType="creatorOf"
                           xlink:href="FRAN_IR_041871"
                           xlink:type="simple">
            <relationEntry localType="archival">Minutes et répertoires du notaire Étienne DAMAISON, 30 mars 1812 - 19 novembre 1844 (étude XXXII)</relationEntry>
         </resourceRelation>
         <resourceRelation xmlns:xlink="http://www.w3.org/1999/xlink"
                           resourceRelationType="creatorOf"
                           xlink:href="FRAN_IR_041872"
                           xlink:type="simple">
            <relationEntry localType="archival">Minutes et répertoires du notaire Armand Vital DUMAS, 19 novembre 1844 - 6 janvier 1866 (étude XXXII)</relationEntry>
         </resourceRelation>
         <resourceRelation xmlns:xlink="http://www.w3.org/1999/xlink"
                           resourceRelationType="creatorOf"
                           xlink:href="FRAN_IR_041873"
                           xlink:type="simple">
            <relationEntry localType="archival">Minutes et répertoires du notaire Nicolas Éloi ROBERT, 6 janvier 1866 - 5 février 1879 (étude XXXII)</relationEntry>
         </resourceRelation>
         <resourceRelation xmlns:xlink="http://www.w3.org/1999/xlink"
                           resourceRelationType="creatorOf"
                           xlink:href="FRAN_IR_041874"
                           xlink:type="simple">
            <relationEntry localType="archival">Minutes et répertoires du notaire Jean Marie Paul Augustin THÉRET, 5 février 1879 - 6 juillet 1920 (étude XXXII)</relationEntry>
         </resourceRelation>
      </relations>
   </cpfDescription>
</eac-cpf>
