<eac-cpf xmlns="urn:isbn:1-931666-33-4"
         xmlns:xsi="http://www.w3.org/2001/XMLSchema-instance"
         xsi:schemaLocation="urn:isbn:1-931666-33-4 cpf.xsd">
   <control>
      <recordId>FRAN_NP_010188</recordId>
      <otherRecordId localType="Ancien_identifiant">FRDAFANCH00MC_NAETUDE_061</otherRecordId>
      <maintenanceStatus>derived</maintenanceStatus>
      <maintenanceAgency>
         <agencyName>Archives nationales de France</agencyName>
      </maintenanceAgency>
      <languageDeclaration>
         <language languageCode="fre">Français</language>
         <script scriptCode="Latn"/>
      </languageDeclaration>
      <conventionDeclaration>
         <citation>Notice établie conformément à la norme ICA-ISAAR (CPF) 2004, aux normes ISO 8601 pour le système de normalisation des dates utilisé, ainsi que AFNOR NF Z 44-061, juin 1986. Catalogage : forme et structure des vedettes noms de personne, des vedettes titres, des rubriques de classement et des titres forgés.</citation>
      </conventionDeclaration>
      <localControl localType="niveau_de_detail">
         <term>Moyenne</term>
      </localControl>
      <maintenanceHistory>
         <maintenanceEvent>
            <eventType>derived</eventType>
            <eventDateTime>2013-04-23</eventDateTime>
            <agentType>machine</agentType>
            <agent>Migration ETANOT</agent>
         </maintenanceEvent>
      </maintenanceHistory>
   </control>
   <cpfDescription>
      <identity>
         <entityType>corporateBody</entityType>
         <nameEntry localType="autorisée" scriptCode="Latn" xml:lang="fre">
            <part>Etude LXI</part>
         </nameEntry>
         <nameEntry>
            <part>75088</part>
         </nameEntry>
      </identity>
      <description>
         <existDates>
            <dateRange>
               <fromDate standardDate="1482-01-01">1482</fromDate>
            </dateRange>
         </existDates>
         <places>
            <place>
               <placeRole>Lieu de Paris</placeRole>
               <placeEntry localType="nomLieu">29, rue François Ier, 75008 PARIS</placeEntry>
            </place>
         </places>
         <functions>
            <function>
               <term vocabularySource="d3nyui3o8w--11y7jgy8q3wnt">notaire à paris</term>
               <dateRange>
                  <fromDate standardDate="1482-01-01">1482</fromDate>
                  <toDate/>
               </dateRange>
            </function>
         </functions>
         <biogHist>
            <p>Étude du quartier des Halles. De 1558 à 1752, elle est rue de la Comtesse d'Artois, puis rue des Prouvaires jusqu'en 1782. Elle déménage ensuite rue Montmartre, puis rue Jean-Jacques Rousseau à partir de l'an VI. En 1882, elle s'installe rue du Louvre.</p>
         </biogHist>
      </description>
      <relations>
         <cpfRelation xmlns:xlink="http://www.w3.org/1999/xlink"
                      cpfRelationType="associative"
                      xlink:href="FRAN_NP_010307"
                      xlink:type="simple">
            <relationEntry>Ymbert, François</relationEntry>
            <dateRange>
               <fromDate standardDate="1576-01-01">1er janvier 1576</fromDate>
               <toDate standardDate="1579-06-06">6 juin 1579</toDate>
            </dateRange>
         </cpfRelation>
         <cpfRelation xmlns:xlink="http://www.w3.org/1999/xlink"
                      cpfRelationType="associative"
                      xlink:href="FRAN_NP_010308"
                      xlink:type="simple">
            <relationEntry>Ymbert, Pierre</relationEntry>
            <dateRange>
               <fromDate standardDate="1573-02-07">7 février 1573</fromDate>
               <toDate standardDate="1595-09-30">30 septembre 1595</toDate>
            </dateRange>
         </cpfRelation>
         <cpfRelation xmlns:xlink="http://www.w3.org/1999/xlink"
                      cpfRelationType="associative"
                      xlink:href="FRAN_NP_010378"
                      xlink:type="simple">
            <relationEntry>Villaine, Simon de</relationEntry>
            <dateRange>
               <fromDate standardDate="1687-01-09">9 janvier 1687</fromDate>
               <toDate standardDate="1707-08-19">19 août 1707</toDate>
            </dateRange>
         </cpfRelation>
         <cpfRelation xmlns:xlink="http://www.w3.org/1999/xlink"
                      cpfRelationType="associative"
                      xlink:href="FRAN_NP_010808"
                      xlink:type="simple">
            <relationEntry>Noël, Jacques-Louis</relationEntry>
            <dateRange>
               <fromDate standardDate="1816-02-17">17 février 1816</fromDate>
               <toDate standardDate="1825-04-27">27 avril 1825</toDate>
            </dateRange>
         </cpfRelation>
         <cpfRelation xmlns:xlink="http://www.w3.org/1999/xlink"
                      cpfRelationType="associative"
                      xlink:href="FRAN_NP_010844"
                      xlink:type="simple">
            <relationEntry>Pascault, Ferdinand Joseph Edmond Roger</relationEntry>
            <dateRange>
               <fromDate standardDate="1924-12-01">1er décembre 1924</fromDate>
               <toDate standardDate="1946-05-07">7 mai 1946</toDate>
            </dateRange>
         </cpfRelation>
         <cpfRelation xmlns:xlink="http://www.w3.org/1999/xlink"
                      cpfRelationType="associative"
                      xlink:href="FRAN_NP_010845"
                      xlink:type="simple">
            <relationEntry>Pascault, Robert James Edmond</relationEntry>
            <dateRange>
               <fromDate standardDate="1946-05-07">7 mai 1946</fromDate>
               <toDate standardDate="1978-11-22">22 novembre 1978</toDate>
            </dateRange>
         </cpfRelation>
         <cpfRelation xmlns:xlink="http://www.w3.org/1999/xlink"
                      cpfRelationType="associative"
                      xlink:href="FRAN_NP_010846"
                      xlink:type="simple">
            <relationEntry>Pascault, Serge</relationEntry>
            <dateRange>
               <fromDate standardDate="1976-07-21">21 juillet 1976</fromDate>
            </dateRange>
         </cpfRelation>
         <cpfRelation xmlns:xlink="http://www.w3.org/1999/xlink"
                      cpfRelationType="associative"
                      xlink:href="FRAN_NP_011257"
                      xlink:type="simple">
            <relationEntry>Moufle, Jacques</relationEntry>
            <dateRange>
               <fromDate standardDate="1673-01-02">2 janvier 1673</fromDate>
               <toDate standardDate="1680-03-31">31 mars 1680</toDate>
            </dateRange>
         </cpfRelation>
         <cpfRelation xmlns:xlink="http://www.w3.org/1999/xlink"
                      cpfRelationType="associative"
                      xlink:href="FRAN_NP_011258"
                      xlink:type="simple">
            <relationEntry>Moufle, Jean</relationEntry>
            <dateRange>
               <fromDate standardDate="1680-04-01">1er avril 1680</fromDate>
               <toDate standardDate="1687-01-09">9 janvier 1687</toDate>
            </dateRange>
         </cpfRelation>
         <cpfRelation xmlns:xlink="http://www.w3.org/1999/xlink"
                      cpfRelationType="associative"
                      xlink:href="FRAN_NP_011261"
                      xlink:type="simple">
            <relationEntry>Moufle, Simon I</relationEntry>
            <dateRange>
               <fromDate standardDate="1604-11-17">17 novembre 1604</fromDate>
               <toDate standardDate="1638-12-22">22 décembre 1638</toDate>
            </dateRange>
         </cpfRelation>
         <cpfRelation xmlns:xlink="http://www.w3.org/1999/xlink"
                      cpfRelationType="associative"
                      xlink:href="FRAN_NP_011262"
                      xlink:type="simple">
            <relationEntry>Moufle, Simon II</relationEntry>
            <dateRange>
               <fromDate standardDate="1638-12-22">22 décembre 1638</fromDate>
               <toDate standardDate="1672-12-09">9 décembre 1672</toDate>
            </dateRange>
         </cpfRelation>
         <cpfRelation xmlns:xlink="http://www.w3.org/1999/xlink"
                      cpfRelationType="associative"
                      xlink:href="FRAN_NP_011114"
                      xlink:type="simple">
            <relationEntry>Mattei, Jean-Luc</relationEntry>
            <dateRange>
               <fromDate standardDate="1978-11-22">22 novembre 1978</fromDate>
               <toDate standardDate="1997-07-16">16 juillet 1997</toDate>
            </dateRange>
         </cpfRelation>
         <cpfRelation xmlns:xlink="http://www.w3.org/1999/xlink"
                      cpfRelationType="associative"
                      xlink:href="FRAN_NP_012608"
                      xlink:type="simple">
            <relationEntry>Caffart-Durvillers, Pierre-Louis</relationEntry>
            <dateRange>
               <fromDate standardDate="1794-08-12">12 août 1794</fromDate>
               <toDate standardDate="1814-11-30">30 novembre 1814</toDate>
            </dateRange>
         </cpfRelation>
         <cpfRelation xmlns:xlink="http://www.w3.org/1999/xlink"
                      cpfRelationType="associative"
                      xlink:href="FRAN_NP_012610"
                      xlink:type="simple">
            <relationEntry>Chaudot, Vivant-Jean-Baptiste</relationEntry>
            <dateRange>
               <fromDate standardDate="1781-05-08">8 mai 1781</fromDate>
               <toDate standardDate="1794-01-12">12 janvier 1794</toDate>
            </dateRange>
         </cpfRelation>
         <cpfRelation xmlns:xlink="http://www.w3.org/1999/xlink"
                      cpfRelationType="associative"
                      xlink:href="FRAN_NP_012611"
                      xlink:type="simple">
            <relationEntry>Chauvin-Coqueux, Marie Dominique</relationEntry>
            <dateRange>
               <fromDate standardDate="1992-03-25">25 mars 1992</fromDate>
               <toDate standardDate="2005-08-08">8 août 2005</toDate>
            </dateRange>
         </cpfRelation>
         <cpfRelation xmlns:xlink="http://www.w3.org/1999/xlink"
                      cpfRelationType="associative"
                      xlink:href="FRAN_NP_012613"
                      xlink:type="simple">
            <relationEntry>Cherrier, Henri</relationEntry>
            <dateRange>
               <fromDate standardDate="1873-10-22">22 octobre 1873</fromDate>
               <toDate standardDate="1902-04-16">16 avril 1902</toDate>
            </dateRange>
         </cpfRelation>
         <cpfRelation xmlns:xlink="http://www.w3.org/1999/xlink"
                      cpfRelationType="associative"
                      xlink:href="FRAN_NP_010440"
                      xlink:type="simple">
            <relationEntry>Thierriot, Jean II</relationEntry>
            <dateRange>
               <fromDate standardDate="1582-06-22">22 juin 1582</fromDate>
               <toDate standardDate="1604-10-04">4 octobre 1604</toDate>
            </dateRange>
         </cpfRelation>
         <cpfRelation xmlns:xlink="http://www.w3.org/1999/xlink"
                      cpfRelationType="associative"
                      xlink:href="FRAN_NP_012749"
                      xlink:type="simple">
            <relationEntry>Bailly, Jean de</relationEntry>
            <dateRange>
               <fromDate standardDate="1500-01-01">1er janvier 1500</fromDate>
               <toDate standardDate="1500-12-31">31 décembre 1500</toDate>
            </dateRange>
         </cpfRelation>
         <cpfRelation xmlns:xlink="http://www.w3.org/1999/xlink"
                      cpfRelationType="associative"
                      xlink:href="FRAN_NP_013373"
                      xlink:type="simple">
            <relationEntry>Godart, Pierre</relationEntry>
            <dateRange>
               <fromDate standardDate="1534-08-05">5 août 1534</fromDate>
               <toDate standardDate="1539-11-14">14 novembre 1539</toDate>
            </dateRange>
         </cpfRelation>
         <cpfRelation xmlns:xlink="http://www.w3.org/1999/xlink"
                      cpfRelationType="associative"
                      xlink:href="FRAN_NP_013090"
                      xlink:type="simple">
            <relationEntry>Buttenville, Jean de</relationEntry>
            <dateRange>
               <fromDate standardDate="1500-01-01">1er janvier 1500</fromDate>
               <toDate standardDate="1500-12-31">31 décembre 1500</toDate>
            </dateRange>
         </cpfRelation>
         <cpfRelation xmlns:xlink="http://www.w3.org/1999/xlink"
                      cpfRelationType="associative"
                      xlink:href="FRAN_NP_012879"
                      xlink:type="simple">
            <relationEntry>Bertrand, Adolphe-Ernest</relationEntry>
            <dateRange>
               <fromDate standardDate="1852-08-11">11 août 1852</fromDate>
               <toDate standardDate="1873-10-22">22 octobre 1873</toDate>
            </dateRange>
         </cpfRelation>
         <cpfRelation xmlns:xlink="http://www.w3.org/1999/xlink"
                      cpfRelationType="associative"
                      xlink:href="FRAN_NP_013054"
                      xlink:type="simple">
            <relationEntry>Brière de mondétour, Isidore-Louis</relationEntry>
            <dateRange>
               <fromDate standardDate="1814-11-30">30 novembre 1814</fromDate>
               <toDate standardDate="1816-02-17">17 février 1816</toDate>
            </dateRange>
         </cpfRelation>
         <cpfRelation xmlns:xlink="http://www.w3.org/1999/xlink"
                      cpfRelationType="associative"
                      xlink:href="FRAN_NP_013105"
                      xlink:type="simple">
            <relationEntry>Aleaume, Toussaint</relationEntry>
            <dateRange>
               <fromDate standardDate="1500-01-01">1er janvier 1500</fromDate>
               <toDate standardDate="1500-12-31">31 décembre 1500</toDate>
            </dateRange>
         </cpfRelation>
         <cpfRelation xmlns:xlink="http://www.w3.org/1999/xlink"
                      cpfRelationType="associative"
                      xlink:href="FRAN_NP_012942"
                      xlink:type="simple">
            <relationEntry>Boivin, Jean</relationEntry>
            <dateRange>
               <fromDate standardDate="1482-01-01">1er janvier 1482</fromDate>
               <toDate standardDate="1482-12-31">31 décembre 1482</toDate>
            </dateRange>
         </cpfRelation>
         <cpfRelation xmlns:xlink="http://www.w3.org/1999/xlink"
                      cpfRelationType="associative"
                      xlink:href="FRAN_NP_012930"
                      xlink:type="simple">
            <relationEntry>Boby, Jules</relationEntry>
            <dateRange>
               <fromDate standardDate="1770-01-12">12 janvier 1770</fromDate>
               <toDate standardDate="1774-07-19">19 juillet 1774</toDate>
            </dateRange>
         </cpfRelation>
         <cpfRelation xmlns:xlink="http://www.w3.org/1999/xlink"
                      cpfRelationType="associative"
                      xlink:href="FRAN_NP_013112"
                      xlink:type="simple">
            <relationEntry>Allix, Jérôme</relationEntry>
            <dateRange>
               <fromDate standardDate="1500-01-01">1er janvier 1500</fromDate>
               <toDate standardDate="1500-12-31">31 décembre 1500</toDate>
            </dateRange>
         </cpfRelation>
         <cpfRelation xmlns:xlink="http://www.w3.org/1999/xlink"
                      cpfRelationType="associative"
                      xlink:href="FRAN_NP_011780"
                      xlink:type="simple">
            <relationEntry>Hinselin</relationEntry>
            <dateRange>
               <fromDate standardDate="1500-01-01">1er janvier 1500</fromDate>
               <toDate standardDate="1500-12-31">31 décembre 1500</toDate>
            </dateRange>
         </cpfRelation>
         <cpfRelation xmlns:xlink="http://www.w3.org/1999/xlink"
                      cpfRelationType="associative"
                      xlink:href="FRAN_NP_012840"
                      xlink:type="simple">
            <relationEntry>Bellet, Charles-Aimé</relationEntry>
            <dateRange>
               <fromDate standardDate="1842-07-16">16 juillet 1842</fromDate>
               <toDate standardDate="1852-08-11">11 août 1852</toDate>
            </dateRange>
         </cpfRelation>
         <cpfRelation xmlns:xlink="http://www.w3.org/1999/xlink"
                      cpfRelationType="associative"
                      xlink:href="FRAN_NP_011810"
                      xlink:type="simple">
            <relationEntry>Hugot, Jean-Baptiste</relationEntry>
            <dateRange>
               <fromDate standardDate="1735-09-17">17 septembre 1735</fromDate>
               <toDate standardDate="1742-07-03">3 juillet 1742</toDate>
            </dateRange>
         </cpfRelation>
         <cpfRelation xmlns:xlink="http://www.w3.org/1999/xlink"
                      cpfRelationType="associative"
                      xlink:href="FRAN_NP_010766"
                      xlink:type="simple">
            <relationEntry>Quetin, Jean</relationEntry>
            <dateRange>
               <fromDate standardDate="1563-12-01">1er décembre 1563</fromDate>
               <toDate standardDate="1563-12-31">31 décembre 1563</toDate>
            </dateRange>
         </cpfRelation>
         <cpfRelation xmlns:xlink="http://www.w3.org/1999/xlink"
                      cpfRelationType="associative"
                      xlink:href="FRAN_NP_013339"
                      xlink:type="simple">
            <relationEntry>Mirallès, Cécile</relationEntry>
            <dateRange>
               <fromDate standardDate="2007-11-07">7 novembre 2007</fromDate>
            </dateRange>
         </cpfRelation>
         <cpfRelation xmlns:xlink="http://www.w3.org/1999/xlink"
                      cpfRelationType="associative"
                      xlink:href="FRAN_NP_010439"
                      xlink:type="simple">
            <relationEntry>Thierriot, Jean I</relationEntry>
            <dateRange>
               <fromDate standardDate="1546-10-02">2 octobre 1546</fromDate>
               <toDate standardDate="1582-06-21">21 juin 1582</toDate>
            </dateRange>
         </cpfRelation>
         <cpfRelation xmlns:xlink="http://www.w3.org/1999/xlink"
                      cpfRelationType="associative"
                      xlink:href="FRAN_NP_012615"
                      xlink:type="simple">
            <relationEntry>Cosson, Simon</relationEntry>
            <dateRange>
               <fromDate standardDate="1707-08-21">21 août 1707</fromDate>
               <toDate standardDate="1716-12-29">29 décembre 1716</toDate>
            </dateRange>
         </cpfRelation>
         <cpfRelation xmlns:xlink="http://www.w3.org/1999/xlink"
                      cpfRelationType="associative"
                      xlink:href="FRAN_NP_012614"
                      xlink:type="simple">
            <relationEntry>Chevalier, Claude</relationEntry>
            <dateRange>
               <fromDate standardDate="1716-12-30">30 décembre 1716</fromDate>
               <toDate standardDate="1735-09-13">13 septembre 1735</toDate>
            </dateRange>
         </cpfRelation>
         <cpfRelation xmlns:xlink="http://www.w3.org/1999/xlink"
                      cpfRelationType="associative"
                      xlink:href="FRAN_NP_012612"
                      xlink:type="simple">
            <relationEntry>Cherrier, Gabriel Marie Louis Ernest</relationEntry>
            <dateRange>
               <fromDate standardDate="1902-04-16">16 avril 1902</fromDate>
               <toDate standardDate="1924-12-01">1er décembre 1924</toDate>
            </dateRange>
         </cpfRelation>
         <cpfRelation xmlns:xlink="http://www.w3.org/1999/xlink"
                      cpfRelationType="associative"
                      xlink:href="FRAN_NP_012609"
                      xlink:type="simple">
            <relationEntry>Carpentier</relationEntry>
            <dateRange>
               <fromDate standardDate="1500-01-01">1er janvier 1500</fromDate>
               <toDate standardDate="1500-12-31">31 décembre 1500</toDate>
            </dateRange>
         </cpfRelation>
         <cpfRelation xmlns:xlink="http://www.w3.org/1999/xlink"
                      cpfRelationType="associative"
                      xlink:href="FRAN_NP_012607"
                      xlink:type="simple">
            <relationEntry>Cadier, Jean</relationEntry>
            <dateRange>
               <fromDate standardDate="1586-10-01">octobre 1586</fromDate>
               <toDate standardDate="1608-07-17">17 juillet 1608</toDate>
            </dateRange>
         </cpfRelation>
         <cpfRelation xmlns:xlink="http://www.w3.org/1999/xlink"
                      cpfRelationType="associative"
                      xlink:href="FRAN_NP_011180"
                      xlink:type="simple">
            <relationEntry>Mignotte, Adolphe</relationEntry>
            <dateRange>
               <fromDate standardDate="1825-04-27">27 avril 1825</fromDate>
               <toDate standardDate="1842-07-16">16 juillet 1842</toDate>
            </dateRange>
         </cpfRelation>
         <cpfRelation xmlns:xlink="http://www.w3.org/1999/xlink"
                      cpfRelationType="associative"
                      xlink:href="FRAN_NP_011306"
                      xlink:type="simple">
            <relationEntry>Lahaye saint-Hilaire, Eric de</relationEntry>
            <dateRange>
               <fromDate standardDate="1984-05-12">12 mai 1984</fromDate>
            </dateRange>
         </cpfRelation>
         <cpfRelation xmlns:xlink="http://www.w3.org/1999/xlink"
                      cpfRelationType="associative"
                      xlink:href="FRAN_NP_011384"
                      xlink:type="simple">
            <relationEntry>Le boeuf de le bret, Pierre</relationEntry>
            <dateRange>
               <fromDate standardDate="1774-10-15">15 octobre 1774</fromDate>
               <toDate standardDate="1781-05-08">8 mai 1781</toDate>
            </dateRange>
         </cpfRelation>
         <cpfRelation xmlns:xlink="http://www.w3.org/1999/xlink"
                      cpfRelationType="associative"
                      xlink:href="FRAN_NP_012295"
                      xlink:type="simple">
            <relationEntry>Delamanche, Eutrope-Claude</relationEntry>
            <dateRange>
               <fromDate standardDate="1742-07-04">4 juillet 1742</fromDate>
               <toDate standardDate="1769-12-28">28 décembre 1769</toDate>
            </dateRange>
         </cpfRelation>
         <cpfRelation xmlns:xlink="http://www.w3.org/1999/xlink"
                      cpfRelationType="associative"
                      xlink:href="FRAN_NP_012296"
                      xlink:type="simple">
            <relationEntry>Delarche, François I</relationEntry>
            <dateRange>
               <fromDate standardDate="1484-01-01">1484</fromDate>
               <toDate standardDate="1550-12-31">1550</toDate>
            </dateRange>
         </cpfRelation>
         <cpfRelation xmlns:xlink="http://www.w3.org/1999/xlink"
                      cpfRelationType="associative"
                      xlink:href="FRAN_NP_012297"
                      xlink:type="simple">
            <relationEntry>Delarche, Guillaume</relationEntry>
            <dateRange>
               <fromDate standardDate="1528-12-12">12 décembre 1528</fromDate>
               <toDate standardDate="1547-02-28">février 1547</toDate>
            </dateRange>
         </cpfRelation>
         <cpfRelation xmlns:xlink="http://www.w3.org/1999/xlink"
                      cpfRelationType="associative"
                      xlink:href="FRAN_NP_012298"
                      xlink:type="simple">
            <relationEntry>Delarche, Henri</relationEntry>
            <dateRange>
               <fromDate standardDate="1507-01-01">1507</fromDate>
               <toDate standardDate="1523-12-31">1523</toDate>
            </dateRange>
         </cpfRelation>
         <cpfRelation xmlns:xlink="http://www.w3.org/1999/xlink"
                      cpfRelationType="associative"
                      xlink:href="FRAN_NP_012299"
                      xlink:type="simple">
            <relationEntry>Doujat, Jean</relationEntry>
            <dateRange>
               <fromDate standardDate="1555-11-21">21 novembre 1555</fromDate>
               <toDate standardDate="1583-07-22">22 juillet 1583</toDate>
            </dateRange>
         </cpfRelation>
         <cpfRelation xmlns:xlink="http://www.w3.org/1999/xlink"
                      cpfRelationType="associative"
                      xlink:href="FRAN_NP_012300"
                      xlink:type="simple">
            <relationEntry>Doujat, Pierre</relationEntry>
            <dateRange>
               <fromDate standardDate="1583-08-08">8 août 1583</fromDate>
               <toDate standardDate="1623-06-17">17 juin 1623</toDate>
            </dateRange>
         </cpfRelation>
         <cpfRelation xmlns:xlink="http://www.w3.org/1999/xlink"
                      cpfRelationType="associative"
                      xlink:href="FRAN_NP_012301"
                      xlink:type="simple">
            <relationEntry>Dupuy, Jacques</relationEntry>
            <dateRange>
               <fromDate standardDate="1595-11-07">7 novembre 1595</fromDate>
               <toDate standardDate="1605-03-28">28 mars 1605</toDate>
            </dateRange>
         </cpfRelation>
         <cpfRelation xmlns:xlink="http://www.w3.org/1999/xlink"
                      cpfRelationType="associative"
                      xlink:href="FRAN_NP_012302"
                      xlink:type="simple">
            <relationEntry>Dupuy, Michel</relationEntry>
            <dateRange>
               <fromDate standardDate="1593-07-07">7 juillet 1593</fromDate>
               <toDate standardDate="1595-04-26">26 avril 1595</toDate>
            </dateRange>
         </cpfRelation>
         <cpfRelation xmlns:xlink="http://www.w3.org/1999/xlink"
                      cpfRelationType="associative"
                      xlink:href="FRAN_NP_013517"
                      xlink:type="simple">
            <relationEntry>Estève, Jean-Michel</relationEntry>
            <dateRange>
               <fromDate standardDate="2011-10-07">7 octobre 2011</fromDate>
            </dateRange>
         </cpfRelation>
         <resourceRelation xmlns:xlink="http://www.w3.org/1999/xlink"
                           resourceRelationType="subjectOf"
                           xlink:href="FRAN_IR_042414"
                           xlink:type="simple">
            <relationEntry localType="archival">Minutes et répertoires du notaire Jean MOUFLE, 1er avril 1680 - 8 janvier 1687 (étude LXI)</relationEntry>
         </resourceRelation>
         <resourceRelation xmlns:xlink="http://www.w3.org/1999/xlink"
                           resourceRelationType="subjectOf"
                           xlink:href="FRAN_IR_042423"
                           xlink:type="simple">
            <relationEntry localType="archival">Minutes et répertoires du notaire Pierre Louis CAFFART-DURVILLERS, 12 août 1794 - 30 novembre 1814 (étude LXI)</relationEntry>
         </resourceRelation>
         <resourceRelation xmlns:xlink="http://www.w3.org/1999/xlink"
                           resourceRelationType="subjectOf"
                           xlink:href="FRAN_IR_042426"
                           xlink:type="simple">
            <relationEntry localType="archival">Minutes et répertoires du notaire Adolphe MIGNOTTE, 27 avril 1825 - 16 juillet 1842 (étude LXI)</relationEntry>
         </resourceRelation>
         <resourceRelation xmlns:xlink="http://www.w3.org/1999/xlink"
                           resourceRelationType="subjectOf"
                           xlink:href="FRAN_IR_042427"
                           xlink:type="simple">
            <relationEntry localType="archival">Minutes et répertoires du notaire Charles Aimé BELLET, 16 juillet 1842 - 11 août 1852 (étude LXI)</relationEntry>
         </resourceRelation>
         <resourceRelation xmlns:xlink="http://www.w3.org/1999/xlink"
                           resourceRelationType="subjectOf"
                           xlink:href="FRAN_IR_042413"
                           xlink:type="simple">
            <relationEntry localType="archival">Minutes et répertoires du notaire Jacques MOUFLE, 2 janvier 1673 - 31 mars 1680 (étude LXI)</relationEntry>
         </resourceRelation>
         <resourceRelation xmlns:xlink="http://www.w3.org/1999/xlink"
                           resourceRelationType="subjectOf"
                           xlink:href="FRAN_IR_042412"
                           xlink:type="simple">
            <relationEntry localType="archival">Minutes et répertoires du notaire Simon II MOUFLE, 22 décembre 1638 - décembre 1672 (étude LXI)</relationEntry>
         </resourceRelation>
         <resourceRelation xmlns:xlink="http://www.w3.org/1999/xlink"
                           resourceRelationType="subjectOf"
                           xlink:href="FRAN_IR_042415"
                           xlink:type="simple">
            <relationEntry localType="archival">Minutes et répertoires du notaire Simon de VILLAINE, 9 janvier 1687 -19 août 1707 (étude LXI)</relationEntry>
         </resourceRelation>
         <resourceRelation xmlns:xlink="http://www.w3.org/1999/xlink"
                           resourceRelationType="subjectOf"
                           xlink:href="FRAN_IR_042417"
                           xlink:type="simple">
            <relationEntry localType="archival">Minutes et répertoires du notaire Claude CHEVALIER, 30 décembre 1716 - 13 septembre 1735 (étude LXI)</relationEntry>
         </resourceRelation>
         <resourceRelation xmlns:xlink="http://www.w3.org/1999/xlink"
                           resourceRelationType="subjectOf"
                           xlink:href="FRAN_IR_042418"
                           xlink:type="simple">
            <relationEntry localType="archival">Minutes et répertoires du notaire Jean-Baptiste HUGOT, 17 septembre 1735 - 3 juillet 1742 (étude LXI)</relationEntry>
         </resourceRelation>
         <resourceRelation xmlns:xlink="http://www.w3.org/1999/xlink"
                           resourceRelationType="subjectOf"
                           xlink:href="FRAN_IR_042424"
                           xlink:type="simple">
            <relationEntry localType="archival">Minutes et répertoires du notaire Isidore Louis BRIÈRE de MONDÉTOUR, 30 novembre 1814 - 17 février 1816 (étude LXI)</relationEntry>
         </resourceRelation>
         <resourceRelation xmlns:xlink="http://www.w3.org/1999/xlink"
                           resourceRelationType="subjectOf"
                           xlink:href="FRAN_IR_042425"
                           xlink:type="simple">
            <relationEntry localType="archival">Minutes et répertoires du notaire Jacques Louis NOËL, 17 février 1816 - 27 avril 1825 (étude LXI)</relationEntry>
         </resourceRelation>
         <resourceRelation xmlns:xlink="http://www.w3.org/1999/xlink"
                           resourceRelationType="subjectOf"
                           xlink:href="FRAN_IR_042428"
                           xlink:type="simple">
            <relationEntry localType="archival">Minutes et répertoires du notaire Adolphe Ernest BERTRAND, 11 août 1852 - 22 octobre 1873 (étude LXI)</relationEntry>
         </resourceRelation>
         <resourceRelation xmlns:xlink="http://www.w3.org/1999/xlink"
                           resourceRelationType="subjectOf"
                           xlink:href="FRAN_IR_042429"
                           xlink:type="simple">
            <relationEntry localType="archival">Minutes et répertoires du notaire Henri CHERRIER, 22 octobre 1873 - 22 janvier 1894 (étude LXI)</relationEntry>
         </resourceRelation>
         <resourceRelation xmlns:xlink="http://www.w3.org/1999/xlink"
                           resourceRelationType="subjectOf"
                           xlink:href="FRAN_IR_042409"
                           xlink:type="simple">
            <relationEntry localType="archival">Minutes et répertoires du notaire Pierre DOUJAT, 8 août 1583 - 17 juin 1623 (étude LXI)</relationEntry>
         </resourceRelation>
         <resourceRelation xmlns:xlink="http://www.w3.org/1999/xlink"
                           resourceRelationType="creatorOf"
                           xlink:href="FRAN_IR_042419"
                           xlink:type="simple">
            <relationEntry localType="archival">Minutes et répertoires du notaire Eutrope Claude DELAMANCHE, 4 juillet 1742 - 11 janvier 1770 (étude LXI)</relationEntry>
         </resourceRelation>
         <resourceRelation xmlns:xlink="http://www.w3.org/1999/xlink"
                           resourceRelationType="creatorOf"
                           xlink:href="FRAN_IR_042402"
                           xlink:type="simple">
            <relationEntry localType="archival">Minutes et répertoires du notaire Jean BOIVIN, 15 juillet 1482 - 15 juillet 1482 (étude LXI)</relationEntry>
         </resourceRelation>
         <resourceRelation xmlns:xlink="http://www.w3.org/1999/xlink"
                           resourceRelationType="creatorOf"
                           xlink:href="FRAN_IR_042401"
                           xlink:type="simple">
            <relationEntry localType="archival">Minutes et répertoires du notaire Henri DELARCHE, 1507 - 1523 (étude LXI)</relationEntry>
         </resourceRelation>
         <resourceRelation xmlns:xlink="http://www.w3.org/1999/xlink"
                           resourceRelationType="creatorOf"
                           xlink:href="FRAN_IR_042400"
                           xlink:type="simple">
            <relationEntry localType="archival">Minutes et répertoires du notaire Guillaume DELARCHE, 12 décembre 1528 - février 1547 (étude LXI)</relationEntry>
         </resourceRelation>
         <resourceRelation xmlns:xlink="http://www.w3.org/1999/xlink"
                           resourceRelationType="creatorOf"
                           xlink:href="FRAN_IR_042399"
                           xlink:type="simple">
            <relationEntry localType="archival">Minutes et répertoires du notaire François I DELARCHE, 1484 - 1550 (étude LXI)</relationEntry>
         </resourceRelation>
         <resourceRelation xmlns:xlink="http://www.w3.org/1999/xlink"
                           resourceRelationType="creatorOf"
                           xlink:href="FRAN_IR_042405"
                           xlink:type="simple">
            <relationEntry localType="archival">Minutes et répertoires du notaire Jean QUETIN, 1er décembre 1563 - 1er décembre 1563 (étude LXI)</relationEntry>
         </resourceRelation>
         <resourceRelation xmlns:xlink="http://www.w3.org/1999/xlink"
                           resourceRelationType="creatorOf"
                           xlink:href="FRAN_IR_042407"
                           xlink:type="simple">
            <relationEntry localType="archival">Minutes et répertoires du notaire François YMBERT, juillet 1575 - 2 juin 1579 (étude LXI)</relationEntry>
         </resourceRelation>
         <resourceRelation xmlns:xlink="http://www.w3.org/1999/xlink"
                           resourceRelationType="creatorOf"
                           xlink:href="FRAN_IR_042406"
                           xlink:type="simple">
            <relationEntry localType="archival">Minutes et répertoires du notaire Pierre YMBERT, 7 février 1573 - 30 septembre 1595 (étude LXI)</relationEntry>
         </resourceRelation>
         <resourceRelation xmlns:xlink="http://www.w3.org/1999/xlink"
                           resourceRelationType="creatorOf"
                           xlink:href="FRAN_IR_042404"
                           xlink:type="simple">
            <relationEntry localType="archival">Minutes et répertoires du notaire Jean DOUJAT, 12 février 1558 - 22 juillet 1583 (étude LXI)</relationEntry>
         </resourceRelation>
         <resourceRelation xmlns:xlink="http://www.w3.org/1999/xlink"
                           resourceRelationType="creatorOf"
                           xlink:href="FRAN_IR_042410"
                           xlink:type="simple">
            <relationEntry localType="archival">Minutes et répertoires du notaire Jacques DUPUY, 7 novembre 1595 - 1er février 1605 (étude LXI)</relationEntry>
         </resourceRelation>
         <resourceRelation xmlns:xlink="http://www.w3.org/1999/xlink"
                           resourceRelationType="creatorOf"
                           xlink:href="FRAN_IR_055885"
                           xlink:type="simple">
            <relationEntry localType="archival">Images des répertoires du notaire Jean II Thierriot pour l'étude LXI</relationEntry>
         </resourceRelation>
         <resourceRelation xmlns:xlink="http://www.w3.org/1999/xlink"
                           resourceRelationType="creatorOf"
                           xlink:href="FRAN_IR_053552"
                           xlink:type="simple">
            <relationEntry localType="archival">Images des répertoires du notaire Jean I Thierriot pour l'étude LXI</relationEntry>
         </resourceRelation>
         <resourceRelation xmlns:xlink="http://www.w3.org/1999/xlink"
                           resourceRelationType="creatorOf"
                           xlink:href="FRAN_IR_052258"
                           xlink:type="simple">
            <relationEntry localType="archival">Images du répertoire du notaire Pierre Doujat pour l'étude LXI</relationEntry>
         </resourceRelation>
         <resourceRelation xmlns:xlink="http://www.w3.org/1999/xlink"
                           resourceRelationType="creatorOf"
                           xlink:href="FRAN_IR_053557"
                           xlink:type="simple">
            <relationEntry localType="archival">Images du répertoire du notaire Simon I Moufle pour l'étude LXI</relationEntry>
         </resourceRelation>
         <resourceRelation xmlns:xlink="http://www.w3.org/1999/xlink"
                           resourceRelationType="creatorOf"
                           xlink:href="FRAN_IR_052265"
                           xlink:type="simple">
            <relationEntry localType="archival">Images du répertoire du notaire Jacques Moufle pour l'étude LXI</relationEntry>
         </resourceRelation>
         <resourceRelation xmlns:xlink="http://www.w3.org/1999/xlink"
                           resourceRelationType="creatorOf"
                           xlink:href="FRAN_IR_052264"
                           xlink:type="simple">
            <relationEntry localType="archival">Images du répertoire du notaire Jean Moufle pour l'étude LXI</relationEntry>
         </resourceRelation>
         <resourceRelation xmlns:xlink="http://www.w3.org/1999/xlink"
                           resourceRelationType="creatorOf"
                           xlink:href="FRAN_IR_052250"
                           xlink:type="simple">
            <relationEntry localType="archival">Images du répertoire du notaire Simon de Villaine pour l'étude LXI</relationEntry>
         </resourceRelation>
         <resourceRelation xmlns:xlink="http://www.w3.org/1999/xlink"
                           resourceRelationType="creatorOf"
                           xlink:href="FRAN_IR_052271"
                           xlink:type="simple">
            <relationEntry localType="archival">Images du répertoire du notaire Simon Cosson pour l'étude LXI</relationEntry>
         </resourceRelation>
         <resourceRelation xmlns:xlink="http://www.w3.org/1999/xlink"
                           resourceRelationType="creatorOf"
                           xlink:href="FRAN_IR_052272"
                           xlink:type="simple">
            <relationEntry localType="archival">Images du répertoire du notaire Claude Chevalier pour l'étude LXI</relationEntry>
         </resourceRelation>
         <resourceRelation xmlns:xlink="http://www.w3.org/1999/xlink"
                           resourceRelationType="creatorOf"
                           xlink:href="FRAN_IR_052260"
                           xlink:type="simple">
            <relationEntry localType="archival">Images du répertoire du notaire Jean-Baptiste Hugot pour l'étude LXI</relationEntry>
         </resourceRelation>
         <resourceRelation xmlns:xlink="http://www.w3.org/1999/xlink"
                           resourceRelationType="creatorOf"
                           xlink:href="FRAN_IR_052259"
                           xlink:type="simple">
            <relationEntry localType="archival">Images du répertoire du notaire Eutrope Claude Delamanche pour l'étude LXI</relationEntry>
         </resourceRelation>
         <resourceRelation xmlns:xlink="http://www.w3.org/1999/xlink"
                           resourceRelationType="creatorOf"
                           xlink:href="FRAN_IR_052268"
                           xlink:type="simple">
            <relationEntry localType="archival">Images des répertoires du notaire Jules Boby pour l'étude LXI</relationEntry>
         </resourceRelation>
         <resourceRelation xmlns:xlink="http://www.w3.org/1999/xlink"
                           resourceRelationType="creatorOf"
                           xlink:href="FRAN_IR_052261"
                           xlink:type="simple">
            <relationEntry localType="archival">Images du répertoire du notaire Pierre Le Boeuf de Le Bret pour l'étude LXI</relationEntry>
         </resourceRelation>
         <resourceRelation xmlns:xlink="http://www.w3.org/1999/xlink"
                           resourceRelationType="creatorOf"
                           xlink:href="FRAN_IR_052275"
                           xlink:type="simple">
            <relationEntry localType="archival">Images des répertoires du notaire Pierre Louis Caffart-Durvillers pour l'étude LXI</relationEntry>
         </resourceRelation>
         <resourceRelation xmlns:xlink="http://www.w3.org/1999/xlink"
                           resourceRelationType="creatorOf"
                           xlink:href="FRAN_IR_052267"
                           xlink:type="simple">
            <relationEntry localType="archival">Images du répertoire du notaire Isidore Louis Brière de Mondétour pour l'étude LXI</relationEntry>
         </resourceRelation>
         <resourceRelation xmlns:xlink="http://www.w3.org/1999/xlink"
                           resourceRelationType="creatorOf"
                           xlink:href="FRAN_IR_052249"
                           xlink:type="simple">
            <relationEntry localType="archival">Images des répertoires du notaire Jacques Louis Noël pour l'étude LXI</relationEntry>
         </resourceRelation>
         <resourceRelation xmlns:xlink="http://www.w3.org/1999/xlink"
                           resourceRelationType="creatorOf"
                           xlink:href="FRAN_IR_052266"
                           xlink:type="simple">
            <relationEntry localType="archival">Images des répertoires du notaire Adolphe Mignotte pour l'étude LXI</relationEntry>
         </resourceRelation>
         <resourceRelation xmlns:xlink="http://www.w3.org/1999/xlink"
                           resourceRelationType="creatorOf"
                           xlink:href="FRAN_IR_052270"
                           xlink:type="simple">
            <relationEntry localType="archival">Images des répertoires du notaire Charles Aimé Bellet pour l'étude LXI</relationEntry>
         </resourceRelation>
         <resourceRelation xmlns:xlink="http://www.w3.org/1999/xlink"
                           resourceRelationType="creatorOf"
                           xlink:href="FRAN_IR_052269"
                           xlink:type="simple">
            <relationEntry localType="archival">Images des répertoires du notaire Adolphe Ernest Bertrand pour l'étude LXI</relationEntry>
         </resourceRelation>
         <resourceRelation xmlns:xlink="http://www.w3.org/1999/xlink"
                           resourceRelationType="creatorOf"
                           xlink:href="FRAN_IR_052273"
                           xlink:type="simple">
            <relationEntry localType="archival">Images des répertoires du notaire Henri Cherrier pour l'étude LXI</relationEntry>
         </resourceRelation>
         <resourceRelation xmlns:xlink="http://www.w3.org/1999/xlink"
                           resourceRelationType="creatorOf"
                           xlink:href="FRAN_IR_055886"
                           xlink:type="simple">
            <relationEntry localType="archival">Images du répertoire du notaire Simon II Moufle pour l'étude LXI</relationEntry>
         </resourceRelation>
         <resourceRelation xmlns:xlink="http://www.w3.org/1999/xlink"
                           resourceRelationType="creatorOf"
                           xlink:href="FRAN_IR_042420"
                           xlink:type="simple">
            <relationEntry localType="archival">Minutes et répertoires du notaire Jules BOBY, 12 janvier 1770 - 14 octobre 1774 (étude LXI)</relationEntry>
         </resourceRelation>
         <resourceRelation xmlns:xlink="http://www.w3.org/1999/xlink"
                           resourceRelationType="creatorOf"
                           xlink:href="FRAN_IR_042421"
                           xlink:type="simple">
            <relationEntry localType="archival">Minutes et répertoires du notaire Pierre LE BOEUF de LE BRET, 17 octobre 1774 - 7 mai 1781 (étude LXI)</relationEntry>
         </resourceRelation>
         <resourceRelation xmlns:xlink="http://www.w3.org/1999/xlink"
                           resourceRelationType="creatorOf"
                           xlink:href="FRAN_IR_055887"
                           xlink:type="simple">
            <relationEntry localType="archival">Images des répertoires du notaire Vivant Jean-Baptiste Chaudot pour l'étude LXI</relationEntry>
         </resourceRelation>
         <resourceRelation xmlns:xlink="http://www.w3.org/1999/xlink"
                           resourceRelationType="creatorOf"
                           xlink:href="FRAN_IR_042398"
                           xlink:type="simple">
            <relationEntry localType="archival">Archives de l'étude LXI</relationEntry>
         </resourceRelation>
         <resourceRelation xmlns:xlink="http://www.w3.org/1999/xlink"
                           resourceRelationType="creatorOf"
                           xlink:href="FRAN_IR_042403"
                           xlink:type="simple">
            <relationEntry localType="archival">Minutes et répertoires du notaire Jean I THIERRIOT, 24 novembre 1551 - 21 juin 1582 (étude LXI)</relationEntry>
         </resourceRelation>
         <resourceRelation xmlns:xlink="http://www.w3.org/1999/xlink"
                           resourceRelationType="creatorOf"
                           xlink:href="FRAN_IR_042408"
                           xlink:type="simple">
            <relationEntry localType="archival">Minutes et répertoires du notaire Jean II THIERRIOT, 22 juin 1582 - octobre 1603 (étude LXI)</relationEntry>
         </resourceRelation>
         <resourceRelation xmlns:xlink="http://www.w3.org/1999/xlink"
                           resourceRelationType="creatorOf"
                           xlink:href="FRAN_IR_042411"
                           xlink:type="simple">
            <relationEntry localType="archival">Minutes et répertoires du notaire Simon I MOUFLE, 10 décembre 1604 - 22 décembre 1638 (étude LXI)</relationEntry>
         </resourceRelation>
      </relations>
   </cpfDescription>
</eac-cpf>
