<eac-cpf xmlns="urn:isbn:1-931666-33-4"
         xmlns:xsi="http://www.w3.org/2001/XMLSchema-instance"
         xsi:schemaLocation="urn:isbn:1-931666-33-4 cpf.xsd">
   <control>
      <recordId>FRAN_NP_010438</recordId>
      <otherRecordId localType="Ancien_identifiant">FRDAFANCH00MC_NANOTAIRE00143</otherRecordId>
      <maintenanceStatus>derived</maintenanceStatus>
      <maintenanceAgency>
         <agencyName>Archives nationales de France</agencyName>
      </maintenanceAgency>
      <languageDeclaration>
         <language languageCode="fre">Français</language>
         <script scriptCode="Latn"/>
      </languageDeclaration>
      <conventionDeclaration>
         <citation>Notice établie conformément à la norme ICA-ISAAR (CPF) 2004, aux normes ISO 8601 pour le système de normalisation des dates utilisé, ainsi que AFNOR NF Z 44-061, juin 1986. Catalogage : forme et structure des vedettes noms de personne, des vedettes titres, des rubriques de classement et des titres forgés.</citation>
      </conventionDeclaration>
      <localControl localType="niveau_de_detail">
         <term>Moyenne</term>
      </localControl>
      <maintenanceHistory>
         <maintenanceEvent>
            <eventType>derived</eventType>
            <eventDateTime>2013-04-23</eventDateTime>
            <agentType>machine</agentType>
            <agent>Migration ETANOT</agent>
         </maintenanceEvent>
      </maintenanceHistory>
   </control>
   <cpfDescription>
      <identity>
         <entityType>person</entityType>
         <nameEntry localType="autorisée" scriptCode="Latn" xml:lang="fre">
            <part>Thierrion, Louis-Narcisse</part>
         </nameEntry>
         <nameEntry>
            <part>Thierrion, Louis-Narcisse Théodore Thierion, Louis-Nicaise</part>
         </nameEntry>
      </identity>
      <description>
         <existDates>
            <dateRange>
               <fromDate standardDate="1773-06-26">26 juin 1773</fromDate>
               <toDate standardDate="1781-01-25">25 janvier 1781</toDate>
            </dateRange>
            <descriptiveNote>
               <p>Les dates d'existence de la personne ne sont pas connues et sont évaluées d'après les dates d'exercice en tant que notaire</p>
            </descriptiveNote>
         </existDates>
         <places>
            <place>
               <placeRole>Lieu de Paris</placeRole>
               <placeEntry localType="paroisse" vocabularySource="d3nyvow9c3--1ln2rhczl581f">saint-eustache (paroisse)</placeEntry>
               <placeEntry localType="paroisse" vocabularySource="d3nyvp7xw4-1u0dpm6pjpet7">notre-dame-de-bonne-nouvelle (paroisse)</placeEntry>
               <placeEntry localType="paroisse" vocabularySource="d3nyvpbcz5--gbtglbh0f8xm">saint-sauveur (paroisse)</placeEntry>
               <placeEntry localType="quartier" vocabularySource="d3nyvgrksc--1qyg7stzts74f">saint-denis (quartier)</placeEntry>
               <placeEntry localType="voie" vocabularySource="d3nzdhevpj--1pq7985q04ynl">thévenot (rue)</placeEntry>
               <placeEntry localType="voie" vocabularySource="d3nz8ytqui--15dtbu23ukiof">bourbon (rue de)</placeEntry>
               <placeEntry localType="nomLieu">rue Thévenot (de 1773 à 1774), rue de Bourbon, au coin de la rue des Petits-Carreaux (de 1775 à 1781)</placeEntry>
            </place>
         </places>
         <functions>
            <function>
               <term vocabularySource="d3nyui3o8w--11y7jgy8q3wnt">notaire à paris</term>
               <dateRange>
                  <fromDate standardDate="1773-06-26">26 juin 1773</fromDate>
                  <toDate standardDate="1781-01-25">25 janvier 1781</toDate>
               </dateRange>
            </function>
         </functions>
      </description>
      <relations>
         <cpfRelation xmlns:xlink="http://www.w3.org/1999/xlink"
                      cpfRelationType="associative"
                      xlink:href="FRAN_NP_010142"
                      xlink:type="simple">
            <relationEntry>Etude notariale XV</relationEntry>
            <dateRange>
               <fromDate standardDate="1773-06-26">26 juin 1773</fromDate>
               <toDate standardDate="1781-01-25">25 janvier 1781</toDate>
            </dateRange>
         </cpfRelation>
         <resourceRelation xmlns:xlink="http://www.w3.org/1999/xlink"
                           resourceRelationType="creatorOf"
                           xlink:href="FRAN_IR_041445"
                           xlink:type="simple">
            <relationEntry localType="archival">Minutes et répertoires du notaire Louis Narcisse THIERRION, 28 juin 1773 - 25 janvier 1781 (étude XV)</relationEntry>
         </resourceRelation>
         <resourceRelation xmlns:xlink="http://www.w3.org/1999/xlink"
                           resourceRelationType="creatorOf"
                           xlink:href="FRAN_IR_051802"
                           xlink:type="simple">
            <relationEntry localType="archival">Images du répertoire du notaire Louis Narcisse Thierrion pour l'étude XV</relationEntry>
         </resourceRelation>
      </relations>
   </cpfDescription>
</eac-cpf>
