<eac-cpf xmlns="urn:isbn:1-931666-33-4"
         xmlns:xsi="http://www.w3.org/2001/XMLSchema-instance"
         xsi:schemaLocation="urn:isbn:1-931666-33-4 cpf.xsd">
   <control>
      <recordId>FRAN_NP_010470</recordId>
      <otherRecordId localType="Ancien_identifiant">FRDAFANCH00MC_NANOTAIRE00177</otherRecordId>
      <maintenanceStatus>derived</maintenanceStatus>
      <maintenanceAgency>
         <agencyName>Archives nationales de France</agencyName>
      </maintenanceAgency>
      <languageDeclaration>
         <language languageCode="fre">Français</language>
         <script scriptCode="Latn"/>
      </languageDeclaration>
      <conventionDeclaration>
         <citation>Notice établie conformément à la norme ICA-ISAAR (CPF) 2004, aux normes ISO 8601 pour le système de normalisation des dates utilisé, ainsi que AFNOR NF Z 44-061, juin 1986. Catalogage : forme et structure des vedettes noms de personne, des vedettes titres, des rubriques de classement et des titres forgés.</citation>
      </conventionDeclaration>
      <localControl localType="niveau_de_detail">
         <term>Moyenne</term>
      </localControl>
      <maintenanceHistory>
         <maintenanceEvent>
            <eventType>derived</eventType>
            <eventDateTime>2013-04-23</eventDateTime>
            <agentType>machine</agentType>
            <agent>Migration ETANOT</agent>
         </maintenanceEvent>
      </maintenanceHistory>
      <sources>
         <source>
            <descriptiveNote>
               <p>M. F. LIMON, Les notaires au Châtelet sous le règne de Louis XIV, Toulouse, presses universitaires du Mirail, 1992, p. 419</p>
            </descriptiveNote>
         </source>
      </sources>
   </control>
   <cpfDescription>
      <identity>
         <entityType>person</entityType>
         <nameEntry localType="autorisée" scriptCode="Latn" xml:lang="fre">
            <part>Touchard, Julien</part>
         </nameEntry>
      </identity>
      <description>
         <existDates>
            <dateRange>
               <fromDate standardDate="1690-07-18">18 juillet 1690</fromDate>
               <toDate standardDate="1696-12-07">7 décembre 1696</toDate>
            </dateRange>
            <descriptiveNote>
               <p>Les dates d'existence de la personne ne sont pas connues et sont évaluées d'après les dates d'exercice en tant que notaire</p>
            </descriptiveNote>
         </existDates>
         <places>
            <place>
               <placeRole>Lieu de Paris</placeRole>
               <placeEntry localType="paroisse" vocabularySource="d3nyvow9c3--1ln2rhczl581f">saint-eustache (paroisse)</placeEntry>
               <placeEntry localType="voie" vocabularySource="d3nzcwmjaq--1qk0szy1p6z1n">richelieu (rue de)</placeEntry>
               <placeEntry localType="nomLieu">rue de Richelieu</placeEntry>
            </place>
         </places>
         <functions>
            <function>
               <term vocabularySource="d3nyui3o8w--11y7jgy8q3wnt">notaire à paris</term>
               <dateRange>
                  <fromDate standardDate="1690-07-18">18 juillet 1690</fromDate>
                  <toDate standardDate="1696-12-07">7 décembre 1696</toDate>
               </dateRange>
            </function>
         </functions>
         <biogHist>
            <p>Baptisé le 11 juin 1659 à Loches</p>
            <p>marié à Anne Marguerite Loir (voir ET/XCVII/88 : 18 décembre 1691, contrat de mariage)</p>
            <p/>
         </biogHist>
      </description>
      <relations>
         <cpfRelation xmlns:xlink="http://www.w3.org/1999/xlink"
                      cpfRelationType="associative"
                      xlink:href="FRAN_NP_010162"
                      xlink:type="simple">
            <relationEntry>Etude notariale XXXV</relationEntry>
            <dateRange>
               <fromDate standardDate="1690-07-18">18 juillet 1690</fromDate>
               <toDate standardDate="1696-12-07">7 décembre 1696</toDate>
            </dateRange>
         </cpfRelation>
         <resourceRelation resourceRelationType="other">
            <relationEntry localType="archival">V/1/61 Pièce 346, 13 juillet 1690, lettre de provision d'office</relationEntry>
         </resourceRelation>
         <resourceRelation xmlns:xlink="http://www.w3.org/1999/xlink"
                           resourceRelationType="creatorOf"
                           xlink:href="FRAN_IR_041937"
                           xlink:type="simple">
            <relationEntry localType="archival">Minutes et répertoires du notaire Julien TOUCHARD, 18 juillet 1690 - 7 décembre 1696 (étude XXXV)</relationEntry>
         </resourceRelation>
         <resourceRelation xmlns:xlink="http://www.w3.org/1999/xlink"
                           resourceRelationType="creatorOf"
                           xlink:href="FRAN_IR_051913"
                           xlink:type="simple">
            <relationEntry localType="archival">Images du répertoire du notaire Julien Touchard pour l'étude XXXV</relationEntry>
         </resourceRelation>
      </relations>
   </cpfDescription>
</eac-cpf>
