<eac-cpf xmlns="urn:isbn:1-931666-33-4"
         xmlns:xsi="http://www.w3.org/2001/XMLSchema-instance"
         xsi:schemaLocation="urn:isbn:1-931666-33-4 cpf.xsd">
   <control>
      <recordId>FRAN_NP_010615</recordId>
      <otherRecordId localType="Ancien_identifiant">FRDAFANCH00MC_NANOTAIRE00340</otherRecordId>
      <maintenanceStatus>revised</maintenanceStatus>
      <maintenanceAgency>
         <agencyName>Archives nationales de France</agencyName>
      </maintenanceAgency>
      <languageDeclaration>
         <language languageCode="fre">Français</language>
         <script scriptCode="Latn"/>
      </languageDeclaration>
      <conventionDeclaration>
         <citation>Notice établie conformément à la norme ICA-ISAAR (CPF) 2004, aux normes ISO 8601 pour le système de normalisation des dates utilisé, ainsi que AFNOR NF Z 44-061, juin 1986. Catalogage : forme et structure des vedettes noms de personne, des vedettes titres, des rubriques de classement et des titres forgés.</citation>
      </conventionDeclaration>
      <localControl localType="niveau_de_detail">
         <term>Moyenne</term>
      </localControl>
      <maintenanceHistory>
         <maintenanceEvent>
            <eventType>derived</eventType>
            <eventDateTime>2013-04-23</eventDateTime>
            <agentType>machine</agentType>
            <agent>Migration ETANOT</agent>
         </maintenanceEvent>
         <maintenanceEvent>
            <eventType>revised</eventType>
            <eventDateTime>2016-09-19</eventDateTime>
            <agentType>human</agentType>
            <agent>Marie-Françoise LIMON-BONNET</agent>
         </maintenanceEvent>
         <maintenanceEvent>
            <eventType>updated</eventType>
            <eventDateTime>2016-10-12</eventDateTime>
            <agentType>human</agentType>
            <agent>Marie-Françoise LIMON-BONNET</agent>
         </maintenanceEvent>
         <maintenanceEvent>
            <eventType>updated</eventType>
            <eventDateTime>2016-10-12</eventDateTime>
            <agentType>human</agentType>
            <agent>Marie-Françoise LIMON-BONNET</agent>
            <eventDescription/>
         </maintenanceEvent>
         <maintenanceEvent>
            <eventType>updated</eventType>
            <eventDateTime>2016-11-18</eventDateTime>
            <agentType>human</agentType>
            <agent>Mission.referentiels MISSION.REFERENTIELS</agent>
            <eventDescription>F. Clavaud, 18 novembre 2016 : revu le nom et l'activité</eventDescription>
         </maintenanceEvent>
         <maintenanceEvent>
            <eventType>updated</eventType>
            <eventDateTime>2016-11-18</eventDateTime>
            <agentType>human</agentType>
            <agent>Mission.referentiels MISSION.REFERENTIELS</agent>
            <eventDescription>F. Clavaud, 18 novembre 2016 : revu le nom et l'activité</eventDescription>
         </maintenanceEvent>
         <maintenanceEvent>
            <eventType>updated</eventType>
            <eventDateTime>2016-11-23</eventDateTime>
            <agentType>human</agentType>
            <agent>Mission.referentiels MISSION.REFERENTIELS</agent>
            <eventDescription>blabla</eventDescription>
         </maintenanceEvent>
      </maintenanceHistory>
      <sources>
         <source>
            <sourceEntry>Philippe BERTHOLET, Etudes et notaires parisiens en 1803, au moment de la loi du 25 ventôse an XI (16 mars 1803), Paris, 2004, p. 230-231 </sourceEntry>
         </source>
         <source>
            <sourceEntry>MC/ET/LXXXIV/566, 24 janvier 1782 : traité d'office. </sourceEntry>
         </source>
         <source>
            <sourceEntry>Y/5090/A, 5 février 1782 : réception au Châtelet.</sourceEntry>
         </source>
         <source>
            <sourceEntry>MC/ET/XLI/796, 15 mars 1808 : testament déposé.</sourceEntry>
         </source>
         <source>
            <sourceEntry>MC/ET/XX/827, 4 avril 1808 : inventaire après décès.</sourceEntry>
         </source>
      </sources>
   </control>
   <cpfDescription>
      <identity>
         <entityType>person</entityType>
         <nameEntry localType="autorisée" scriptCode="Latn" xml:lang="fre">
            <part>Rameau, Augustin (1738-1808)</part>
         </nameEntry>
      </identity>
      <description>
         <existDates>
            <dateRange>
               <fromDate standardDate="1738-11-19">19 novembre 1738</fromDate>
               <toDate standardDate="1808-03-15">15 mars 1808</toDate>
            </dateRange>
            <descriptiveNote>
               <p/>
            </descriptiveNote>
         </existDates>
         <places>
            <place>
               <placeRole>Lieu de Paris</placeRole>
               <placeEntry localType="nomLieu">étude XX : place des Victoires, place des Victoires-Nationales (en 1793)</placeEntry>
               <placeEntry localType="paroisse" vocabularySource="d3nyvow9c3--1ln2rhczl581f">Saint-Eustache (paroisse)</placeEntry>
               <placeEntry localType="quartier" vocabularySource="d3nyvgeuq1--ys2q6qcqeojf">Montmartre (quartier)</placeEntry>
               <placeEntry localType="voie" vocabularySource="d3nzdp34bx-sj1sa3q4vri7">Victoires (place des)</placeEntry>
               <placeEntry localType="voie" vocabularySource="d3nzdp3sou-qwkcdbddj2c6">Victoires-Nationales (place des)</placeEntry>
            </place>
         </places>
         <functions>
            <function>
               <term vocabularySource="d3nyui3o8w--11y7jgy8q3wnt">notaire à Paris</term>
               <dateRange>
                  <fromDate standardDate="1782-02-05">5 février 1782</fromDate>
                  <toDate standardDate="1805-10-09">9 octobre 1805</toDate>
               </dateRange>
            </function>
         </functions>
         <occupations>
            <occupation>
               <term vocabularySource="d3nyu9x713-9kcjiv44l4wh">notaire</term>
               <dateRange>
                  <fromDate standardDate="1782-02-05">5 février 1782</fromDate>
                  <toDate standardDate="1805-10-09">9 octobre 1805</toDate>
               </dateRange>
            </occupation>
         </occupations>
         <biogHist>
            <p>Né le 19 novembre 1738 à Neuvy, dans la généralité de Dijon, baptisé à l'église Saint-Pierre (auj. Neuvy-sur-Loire, Nièvre).</p>
            <p>Il est d'abord clerc chez le notaire Augustin Jacques Lhéritier, qui devient secrétaire du roi (Arch. nationales, V/2/45, 14 mars 1775), puis principal clerc du successeur de Lhéritier, Jean Louis Aubert (étude XCIV).</p>
            <p>Il acquiert l'office de notaire de Louis Dominique Massuet-Du Quesnoy, étude XX (MC/ET/LXXXIV/566, 24 janvier 1782), auprès des héritiers de ce dernier. Les lettres de provisions sont datées du 30 janvier 1782 et la réception au Châtelet a lieu le 5 février 1782.</p>
            <p>Il est notaire substituant dans l'étude LXXXVI, du 1er janvier au 6 février 1794, en remplacement d'Augustin Aleaume, décédé.</p>
            <p>Il meurt le 15 mars 1808 sans avoir été marié. Son testament est déposé le 15 mars 1808, l'inventaire après décès est réalisé à partir du 4 avril 1808.</p>
         </biogHist>
      </description>
      <relations>
         <cpfRelation xmlns:xlink="http://www.w3.org/1999/xlink"
                      cpfRelationType="associative"
                      xlink:href="FRAN_NP_010147"
                      xlink:type="simple">
            <relationEntry>Etude notariale XX</relationEntry>
            <dateRange>
               <fromDate standardDate="1782-02-05">5 février 1782</fromDate>
               <toDate standardDate="1805-10-09">9 octobre 1805</toDate>
            </dateRange>
         </cpfRelation>
         <resourceRelation xmlns:xlink="http://www.w3.org/1999/xlink"
                           resourceRelationType="creatorOf"
                           xlink:href="FRAN_IR_052756"
                           xlink:type="simple">
            <relationEntry localType="archival">Images des répertoires du notaire Augustin Rameau pour l'étude XX</relationEntry>
         </resourceRelation>
         <resourceRelation xmlns:xlink="http://www.w3.org/1999/xlink"
                           resourceRelationType="creatorOf"
                           xlink:href="FRAN_IR_041637"
                           xlink:type="simple">
            <relationEntry localType="archival">Minutes et répertoires du notaire Augustin RAMEAU, 5 février 1782 - 9 octobre 1805 (étude XX)</relationEntry>
         </resourceRelation>
      </relations>
   </cpfDescription>
</eac-cpf>
