<eac-cpf xmlns="urn:isbn:1-931666-33-4"
         xmlns:xsi="http://www.w3.org/2001/XMLSchema-instance"
         xsi:schemaLocation="urn:isbn:1-931666-33-4 cpf.xsd">
   <control>
      <recordId>FRAN_NP_010464</recordId>
      <otherRecordId localType="Ancien_identifiant">FRDAFANCH00MC_NANOTAIRE00171</otherRecordId>
      <maintenanceStatus>revised</maintenanceStatus>
      <maintenanceAgency>
         <agencyName>Archives nationales de France</agencyName>
      </maintenanceAgency>
      <languageDeclaration>
         <language languageCode="fre">Français</language>
         <script scriptCode="Latn"/>
      </languageDeclaration>
      <conventionDeclaration>
         <citation>Notice établie conformément à la norme ICA-ISAAR (CPF) 2004, aux normes ISO 8601 pour le système de normalisation des dates utilisé, ainsi que AFNOR NF Z 44-061, juin 1986. Catalogage : forme et structure des vedettes noms de personne, des vedettes titres, des rubriques de classement et des titres forgés.</citation>
      </conventionDeclaration>
      <localControl localType="niveau_de_detail">
         <term>Moyenne</term>
      </localControl>
      <maintenanceHistory>
         <maintenanceEvent>
            <eventType>derived</eventType>
            <eventDateTime>2013-04-23</eventDateTime>
            <agentType>machine</agentType>
            <agent>Migration ETANOT</agent>
         </maintenanceEvent>
         <maintenanceEvent>
            <eventType>revised</eventType>
            <eventDateTime>2013-10-07</eventDateTime>
            <agentType>human</agentType>
            <agent>Marie-Françoise LIMON-BONNET</agent>
         </maintenanceEvent>
      </maintenanceHistory>
   </control>
   <cpfDescription>
      <identity>
         <entityType>person</entityType>
         <nameEntry localType="autorisée" scriptCode="Latn" xml:lang="fre">
            <part>Tollu, Camille Charles</part>
         </nameEntry>
      </identity>
      <description>
         <existDates>
            <dateRange>
               <fromDate standardDate="1882-04-29">29 avril 1882</fromDate>
               <toDate standardDate="1908-06-04">4 juin 1908</toDate>
            </dateRange>
            <descriptiveNote>
               <p>Les dates d'existence de la personne ne sont pas connues et sont évaluées d'après les dates d'exercice en tant que notaire</p>
            </descriptiveNote>
         </existDates>
         <places>
            <place>
               <placeRole>Lieu de Paris</placeRole>
               <placeEntry localType="arrondissement_actuel"
                           vocabularySource="d3nyv5m81r-3b9vn0frjmzw">07e arrondissement</placeEntry>
               <placeEntry localType="voie" vocabularySource="d3nzb9s3fa-d5zgox35862v">grenelle (rue de)</placeEntry>
               <placeEntry localType="nomLieu">9 rue de Grenelle</placeEntry>
            </place>
         </places>
         <functions>
            <function>
               <term vocabularySource="d3nyui3o8w--11y7jgy8q3wnt">notaire à paris</term>
               <dateRange>
                  <fromDate standardDate="1882-04-29">29 avril 1882</fromDate>
                  <toDate standardDate="1908-06-04">4 juin 1908</toDate>
               </dateRange>
            </function>
         </functions>
         <mandates>
            <mandate>
               <descriptiveNote>
                  <p>
                     <span style="bold">Sur la dynastie notariale des Tollu, voir :</span>
                  </p>
                  <p>Tollu (François), 
       <span style="italic">Tableau d'une famille parisienne</span>, éditions Beauchesne, Paris, 1972, 222 p. 
      </p>
                  <p>Poisson (Jean-Paul), "Pour un approfondissement de la recherche sur le notariat contemporain (les exemple des familles Champetier de Ribes et Tollu, d'après l'abbé François Tollu)", dans 
       <span style="italic">Notaires et société. Travaux d'histoire et de sociologie notariale</span>, t. II, Paris, 1990, pp. 259-278. 
      </p>
               </descriptiveNote>
            </mandate>
         </mandates>
         <generalContext>
            <p>Les minutes de ce notaire postérieures à décembre 1889 ne sont pas encore versées aux Archives nationales.</p>
         </generalContext>
      </description>
      <relations>
         <cpfRelation xmlns:xlink="http://www.w3.org/1999/xlink"
                      cpfRelationType="associative"
                      xlink:href="FRAN_NP_010156"
                      xlink:type="simple">
            <relationEntry>Etude notariale XXIX</relationEntry>
            <dateRange>
               <fromDate standardDate="1882-04-29">29 avril 1882</fromDate>
               <toDate standardDate="1908-06-04">4 juin 1908</toDate>
            </dateRange>
         </cpfRelation>
         <resourceRelation xmlns:xlink="http://www.w3.org/1999/xlink"
                           resourceRelationType="creatorOf"
                           xlink:href="FRAN_IR_041835"
                           xlink:type="simple">
            <relationEntry localType="archival">Minutes et répertoires du notaire Camille Charles TOLLU, 29 avril 1882 - 4 juin 1908 (étude XXIX)</relationEntry>
         </resourceRelation>
         <resourceRelation xmlns:xlink="http://www.w3.org/1999/xlink"
                           resourceRelationType="creatorOf"
                           xlink:href="FRAN_IR_051223"
                           xlink:type="simple">
            <relationEntry localType="archival">Images des répertoires du notaire Camille Charles Tollu pour l'étude XXIX</relationEntry>
         </resourceRelation>
      </relations>
   </cpfDescription>
</eac-cpf>
