<eac-cpf xmlns="urn:isbn:1-931666-33-4"
         xmlns:xsi="http://www.w3.org/2001/XMLSchema-instance"
         xsi:schemaLocation="urn:isbn:1-931666-33-4 cpf.xsd">
   <control>
      <recordId>FRAN_NP_010182</recordId>
      <otherRecordId localType="Ancien_identifiant">FRDAFANCH00MC_NAETUDE_055</otherRecordId>
      <maintenanceStatus>derived</maintenanceStatus>
      <maintenanceAgency>
         <agencyName>Archives nationales de France</agencyName>
      </maintenanceAgency>
      <languageDeclaration>
         <language languageCode="fre">Français</language>
         <script scriptCode="Latn"/>
      </languageDeclaration>
      <conventionDeclaration>
         <citation>Notice établie conformément à la norme ICA-ISAAR (CPF) 2004, aux normes ISO 8601 pour le système de normalisation des dates utilisé, ainsi que AFNOR NF Z 44-061, juin 1986. Catalogage : forme et structure des vedettes noms de personne, des vedettes titres, des rubriques de classement et des titres forgés.</citation>
      </conventionDeclaration>
      <localControl localType="niveau_de_detail">
         <term>Moyenne</term>
      </localControl>
      <maintenanceHistory>
         <maintenanceEvent>
            <eventType>derived</eventType>
            <eventDateTime>2013-04-23</eventDateTime>
            <agentType>machine</agentType>
            <agent>Migration ETANOT</agent>
         </maintenanceEvent>
      </maintenanceHistory>
   </control>
   <cpfDescription>
      <identity>
         <entityType>corporateBody</entityType>
         <nameEntry localType="autorisée" scriptCode="Latn" xml:lang="fre">
            <part>Etude LV</part>
         </nameEntry>
         <nameEntry>
            <part>75096</part>
         </nameEntry>
      </identity>
      <description>
         <existDates>
            <dateRange>
               <fromDate standardDate="1753-01-01">1753</fromDate>
            </dateRange>
         </existDates>
         <places>
            <place>
               <placeRole>Lieu de Paris</placeRole>
               <placeEntry localType="nomLieu">164, rue du faubourg St Honoré, 75008 PARIS</placeEntry>
            </place>
         </places>
         <functions>
            <function>
               <term vocabularySource="d3nyui3o8w--11y7jgy8q3wnt">notaire à paris</term>
               <dateRange>
                  <fromDate standardDate="1753-01-01">1753</fromDate>
                  <toDate/>
               </dateRange>
            </function>
         </functions>
         <biogHist>
            <p>Établie rue Sainte-Avoie au XVIIIème siècle, cette étude évolue vers l'Ouest : rue Vivienne (1801) ; rue Cambon (1869) ; rue du Faubourg Saint-Honoré (1892).</p>
         </biogHist>
      </description>
      <relations>
         <cpfRelation xmlns:xlink="http://www.w3.org/1999/xlink"
                      cpfRelationType="associative"
                      xlink:href="FRAN_NP_010352"
                      xlink:type="simple">
            <relationEntry>Vavasseur-Desperriers, Étienne-Prosper</relationEntry>
            <dateRange>
               <fromDate standardDate="1825-02-02">2 février 1825</fromDate>
               <toDate standardDate="1834-08-29">29 août 1834</toDate>
            </dateRange>
         </cpfRelation>
         <cpfRelation xmlns:xlink="http://www.w3.org/1999/xlink"
                      cpfRelationType="associative"
                      xlink:href="FRAN_NP_010976"
                      xlink:type="simple">
            <relationEntry>Popelin, Jean René</relationEntry>
            <dateRange>
               <fromDate standardDate="1933-09-12">12 septembre 1933</fromDate>
               <toDate standardDate="1965-07-29">29 juillet 1965</toDate>
            </dateRange>
         </cpfRelation>
         <cpfRelation xmlns:xlink="http://www.w3.org/1999/xlink"
                      cpfRelationType="associative"
                      xlink:href="FRAN_NP_012594"
                      xlink:type="simple">
            <relationEntry>Chevrier, Antoine-Marie</relationEntry>
            <dateRange>
               <fromDate standardDate="1808-02-12">12 février 1808</fromDate>
               <toDate standardDate="1825-02-25">25 février 1825</toDate>
            </dateRange>
         </cpfRelation>
         <cpfRelation xmlns:xlink="http://www.w3.org/1999/xlink"
                      cpfRelationType="associative"
                      xlink:href="FRAN_NP_011084"
                      xlink:type="simple">
            <relationEntry>Marie, Didier</relationEntry>
            <dateRange>
               <fromDate standardDate="1993-12-15">15 décembre 1993</fromDate>
            </dateRange>
         </cpfRelation>
         <cpfRelation xmlns:xlink="http://www.w3.org/1999/xlink"
                      cpfRelationType="associative"
                      xlink:href="FRAN_NP_011053"
                      xlink:type="simple">
            <relationEntry>Maigret, Bernard</relationEntry>
            <dateRange>
               <fromDate standardDate="1765-07-23">23 juillet 1765</fromDate>
               <toDate standardDate="1789-06-20">20 juin 1789</toDate>
            </dateRange>
         </cpfRelation>
         <cpfRelation xmlns:xlink="http://www.w3.org/1999/xlink"
                      cpfRelationType="associative"
                      xlink:href="FRAN_NP_010755"
                      xlink:type="simple">
            <relationEntry>Royer, Antoine-Adolphe</relationEntry>
            <dateRange>
               <fromDate standardDate="1834-08-29">29 août 1834</fromDate>
               <toDate standardDate="1842-05-14">14 mai 1842</toDate>
            </dateRange>
         </cpfRelation>
         <cpfRelation xmlns:xlink="http://www.w3.org/1999/xlink"
                      cpfRelationType="associative"
                      xlink:href="FRAN_NP_012811"
                      xlink:type="simple">
            <relationEntry>Beaudenom de la maze, Jean-Baptiste</relationEntry>
            <dateRange>
               <fromDate standardDate="1842-05-14">14 mai 1842</fromDate>
               <toDate standardDate="1850-02-09">9 février 1850</toDate>
            </dateRange>
         </cpfRelation>
         <cpfRelation xmlns:xlink="http://www.w3.org/1999/xlink"
                      cpfRelationType="associative"
                      xlink:href="FRAN_NP_011790"
                      xlink:type="simple">
            <relationEntry>Houel, Marie-Georges Adrien</relationEntry>
            <dateRange>
               <fromDate standardDate="1886-12-29">29 décembre 1886</fromDate>
               <toDate standardDate="1905-08-31">31 août 1905</toDate>
            </dateRange>
         </cpfRelation>
         <cpfRelation xmlns:xlink="http://www.w3.org/1999/xlink"
                      cpfRelationType="associative"
                      xlink:href="FRAN_NP_013065"
                      xlink:type="simple">
            <relationEntry>Bronod, Edme-Louis</relationEntry>
            <dateRange>
               <fromDate standardDate="1766-01-01">1er janvier 1766</fromDate>
               <toDate standardDate="1778-10-01">1er octobre 1778</toDate>
            </dateRange>
         </cpfRelation>
         <cpfRelation xmlns:xlink="http://www.w3.org/1999/xlink"
                      cpfRelationType="associative"
                      xlink:href="FRAN_NP_010710"
                      xlink:type="simple">
            <relationEntry>Roblin, Patrick</relationEntry>
            <dateRange>
               <fromDate standardDate="1980-02-27">27 février 1980</fromDate>
            </dateRange>
         </cpfRelation>
         <cpfRelation xmlns:xlink="http://www.w3.org/1999/xlink"
                      cpfRelationType="associative"
                      xlink:href="FRAN_NP_011889"
                      xlink:type="simple">
            <relationEntry>Gibé, Hubert-Antoine</relationEntry>
            <dateRange>
               <fromDate standardDate="1789-06-20">20 juin 1789</fromDate>
               <toDate standardDate="1808-02-12">12 février 1808</toDate>
            </dateRange>
         </cpfRelation>
         <cpfRelation xmlns:xlink="http://www.w3.org/1999/xlink"
                      cpfRelationType="associative"
                      xlink:href="FRAN_NP_011964"
                      xlink:type="simple">
            <relationEntry>Gripon, Maxime-François</relationEntry>
            <dateRange>
               <fromDate standardDate="1850-02-09">9 février 1850</fromDate>
               <toDate standardDate="1872-01-31">31 janvier 1872</toDate>
            </dateRange>
         </cpfRelation>
         <cpfRelation xmlns:xlink="http://www.w3.org/1999/xlink"
                      cpfRelationType="associative"
                      xlink:href="FRAN_NP_010546"
                      xlink:type="simple">
            <relationEntry>Saucier, Albert Louis</relationEntry>
            <dateRange>
               <fromDate standardDate="1905-08-31">31 août 1905</fromDate>
               <toDate standardDate="1933-09-12">12 septembre 1933</toDate>
            </dateRange>
         </cpfRelation>
         <cpfRelation xmlns:xlink="http://www.w3.org/1999/xlink"
                      cpfRelationType="associative"
                      xlink:href="FRAN_NP_012595"
                      xlink:type="simple">
            <relationEntry>Crunelle, Yves</relationEntry>
            <dateRange>
               <fromDate standardDate="1988-02-17">17 février 1988</fromDate>
            </dateRange>
         </cpfRelation>
         <cpfRelation xmlns:xlink="http://www.w3.org/1999/xlink"
                      cpfRelationType="associative"
                      xlink:href="FRAN_NP_010977"
                      xlink:type="simple">
            <relationEntry>Popelin, Michel René</relationEntry>
            <dateRange>
               <fromDate standardDate="1965-07-29">29 juillet 1965</fromDate>
               <toDate standardDate="1993-12-15">15 décembre 1993</toDate>
            </dateRange>
         </cpfRelation>
         <cpfRelation xmlns:xlink="http://www.w3.org/1999/xlink"
                      cpfRelationType="associative"
                      xlink:href="FRAN_NP_012284"
                      xlink:type="simple">
            <relationEntry>Duluard, Henri-Albert</relationEntry>
            <dateRange>
               <fromDate standardDate="1872-01-31">31 janvier 1872</fromDate>
               <toDate standardDate="1886-12-29">29 décembre 1886</toDate>
            </dateRange>
         </cpfRelation>
         <resourceRelation xmlns:xlink="http://www.w3.org/1999/xlink"
                           resourceRelationType="subjectOf"
                           xlink:href="FRAN_IR_042307"
                           xlink:type="simple">
            <relationEntry localType="archival">Minutes et répertoires du notaire Antoine Marie CHEVRIER, 12 février 1808 - 1er février 1825 (étude LV)</relationEntry>
         </resourceRelation>
         <resourceRelation xmlns:xlink="http://www.w3.org/1999/xlink"
                           resourceRelationType="subjectOf"
                           xlink:href="FRAN_IR_042308"
                           xlink:type="simple">
            <relationEntry localType="archival">Minutes et répertoires du notaire Étienne Prosper VAVASSEUR-DESPERRIERS, 2 février 1825 - 29 août 1834 (étude LV)</relationEntry>
         </resourceRelation>
         <resourceRelation xmlns:xlink="http://www.w3.org/1999/xlink"
                           resourceRelationType="subjectOf"
                           xlink:href="FRAN_IR_042309"
                           xlink:type="simple">
            <relationEntry localType="archival">Minutes et répertoires du notaire Antoine Adolphe ROYER, 30 août 1834 - 13 mai 1842 (étude LV)</relationEntry>
         </resourceRelation>
         <resourceRelation xmlns:xlink="http://www.w3.org/1999/xlink"
                           resourceRelationType="creatorOf"
                           xlink:href="FRAN_IR_042313"
                           xlink:type="simple">
            <relationEntry localType="archival">Minutes et répertoires du notaire Marie Georges Adrien HOUEL, 29 décembre 1886 - 31 août 1905 (étude LV)</relationEntry>
         </resourceRelation>
         <resourceRelation xmlns:xlink="http://www.w3.org/1999/xlink"
                           resourceRelationType="creatorOf"
                           xlink:href="FRAN_IR_042312"
                           xlink:type="simple">
            <relationEntry localType="archival">Minutes et répertoires du notaire Henri Albert DULUARD, 1er février 1872 - 28 décembre 1886 (étude LV)</relationEntry>
         </resourceRelation>
         <resourceRelation xmlns:xlink="http://www.w3.org/1999/xlink"
                           resourceRelationType="creatorOf"
                           xlink:href="FRAN_IR_052178"
                           xlink:type="simple">
            <relationEntry localType="archival">Images du répertoire du notaire Marie Georges Adrien Houel pour l'étude LV</relationEntry>
         </resourceRelation>
         <resourceRelation xmlns:xlink="http://www.w3.org/1999/xlink"
                           resourceRelationType="creatorOf"
                           xlink:href="FRAN_IR_042304"
                           xlink:type="simple">
            <relationEntry localType="archival">Minutes et répertoires du notaire Edme Louis BRONOD, 3 juillet 1765 - 4 août 1778 (étude LV)</relationEntry>
         </resourceRelation>
         <resourceRelation xmlns:xlink="http://www.w3.org/1999/xlink"
                           resourceRelationType="creatorOf"
                           xlink:href="FRAN_IR_053004"
                           xlink:type="simple">
            <relationEntry localType="archival">Images des répertoires du notaire Bernard Maigret pour l'étude LV</relationEntry>
         </resourceRelation>
         <resourceRelation xmlns:xlink="http://www.w3.org/1999/xlink"
                           resourceRelationType="creatorOf"
                           xlink:href="FRAN_IR_053005"
                           xlink:type="simple">
            <relationEntry localType="archival">Images des répertoires du notaire Hubert Antoine Gibé pour l'étude LV</relationEntry>
         </resourceRelation>
         <resourceRelation xmlns:xlink="http://www.w3.org/1999/xlink"
                           resourceRelationType="creatorOf"
                           xlink:href="FRAN_IR_053006"
                           xlink:type="simple">
            <relationEntry localType="archival">Images des répertoires du notaire Antoine Marie Chevrier pour l'étude LV</relationEntry>
         </resourceRelation>
         <resourceRelation xmlns:xlink="http://www.w3.org/1999/xlink"
                           resourceRelationType="creatorOf"
                           xlink:href="FRAN_IR_053003"
                           xlink:type="simple">
            <relationEntry localType="archival">Images des répertoires du notaire Etienne Prosper Vavasseur-Desperriers pour l'étude LV</relationEntry>
         </resourceRelation>
         <resourceRelation xmlns:xlink="http://www.w3.org/1999/xlink"
                           resourceRelationType="creatorOf"
                           xlink:href="FRAN_IR_053002"
                           xlink:type="simple">
            <relationEntry localType="archival">Images des répertoires du notaire Antoine Adolphe Royer pour l'étude LV</relationEntry>
         </resourceRelation>
         <resourceRelation xmlns:xlink="http://www.w3.org/1999/xlink"
                           resourceRelationType="creatorOf"
                           xlink:href="FRAN_IR_053008"
                           xlink:type="simple">
            <relationEntry localType="archival">Images des répertoires du notaire Jean-Baptiste Beaudenom de La Maze pour l'étude LV</relationEntry>
         </resourceRelation>
         <resourceRelation xmlns:xlink="http://www.w3.org/1999/xlink"
                           resourceRelationType="creatorOf"
                           xlink:href="FRAN_IR_053007"
                           xlink:type="simple">
            <relationEntry localType="archival">Images des répertoires du notaire Maxime François Gripon pour l'étude LV</relationEntry>
         </resourceRelation>
         <resourceRelation xmlns:xlink="http://www.w3.org/1999/xlink"
                           resourceRelationType="creatorOf"
                           xlink:href="FRAN_IR_052182"
                           xlink:type="simple">
            <relationEntry localType="archival">Images des répertoires du notaire Henri Albert Duluard pour l'étude LV</relationEntry>
         </resourceRelation>
         <resourceRelation xmlns:xlink="http://www.w3.org/1999/xlink"
                           resourceRelationType="creatorOf"
                           xlink:href="FRAN_IR_042303"
                           xlink:type="simple">
            <relationEntry localType="archival">Archives de l'étude LV</relationEntry>
         </resourceRelation>
      </relations>
   </cpfDescription>
</eac-cpf>
