<eac-cpf xmlns="urn:isbn:1-931666-33-4"
         xmlns:xsi="http://www.w3.org/2001/XMLSchema-instance"
         xsi:schemaLocation="urn:isbn:1-931666-33-4 cpf.xsd">
   <control>
      <recordId>FRAN_NP_010215</recordId>
      <otherRecordId localType="Ancien_identifiant">FRDAFANCH00MC_NAETUDE_088</otherRecordId>
      <maintenanceStatus>derived</maintenanceStatus>
      <maintenanceAgency>
         <agencyName>Archives nationales de France</agencyName>
      </maintenanceAgency>
      <languageDeclaration>
         <language languageCode="fre">Français</language>
         <script scriptCode="Latn"/>
      </languageDeclaration>
      <conventionDeclaration>
         <citation>Notice établie conformément à la norme ICA-ISAAR (CPF) 2004, aux normes ISO 8601 pour le système de normalisation des dates utilisé, ainsi que AFNOR NF Z 44-061, juin 1986. Catalogage : forme et structure des vedettes noms de personne, des vedettes titres, des rubriques de classement et des titres forgés.</citation>
      </conventionDeclaration>
      <localControl localType="niveau_de_detail">
         <term>Moyenne</term>
      </localControl>
      <maintenanceHistory>
         <maintenanceEvent>
            <eventType>derived</eventType>
            <eventDateTime>2013-04-23</eventDateTime>
            <agentType>machine</agentType>
            <agent>Migration ETANOT</agent>
         </maintenanceEvent>
      </maintenanceHistory>
   </control>
   <cpfDescription>
      <identity>
         <entityType>corporateBody</entityType>
         <nameEntry localType="autorisée" scriptCode="Latn" xml:lang="fre">
            <part>Etude LXXXVIII</part>
         </nameEntry>
         <nameEntry>
            <part>75093</part>
         </nameEntry>
      </identity>
      <description>
         <existDates>
            <dateRange>
               <fromDate standardDate="1587-01-01">1587</fromDate>
            </dateRange>
         </existDates>
         <places>
            <place>
               <placeRole>Lieu de Paris</placeRole>
               <placeEntry localType="nomLieu">1, rue d'Hauteville, 75010 PARIS</placeEntry>
            </place>
         </places>
         <functions>
            <function>
               <term vocabularySource="d3nyui3o8w--11y7jgy8q3wnt">notaire à paris</term>
               <dateRange>
                  <fromDate standardDate="1587-01-01">1587</fromDate>
                  <toDate/>
               </dateRange>
            </function>
         </functions>
         <biogHist>
            <p>Étude installée dans le quartier du Temple de 1588 à 1828. A cette date, Me J.-B. Guiffrey déménage 1, rue d'Hauteville, où l'étude se trouve encore de nos jours.</p>
         </biogHist>
      </description>
      <relations>
         <cpfRelation xmlns:xlink="http://www.w3.org/1999/xlink"
                      cpfRelationType="associative"
                      xlink:href="FRAN_NP_010812"
                      xlink:type="simple">
            <relationEntry>Nonnet, Jean</relationEntry>
            <dateRange>
               <fromDate standardDate="1648-06-30">30 juin 1648</fromDate>
               <toDate standardDate="1667-11-08">8 novembre 1667</toDate>
            </dateRange>
         </cpfRelation>
         <cpfRelation xmlns:xlink="http://www.w3.org/1999/xlink"
                      cpfRelationType="associative"
                      xlink:href="FRAN_NP_010848"
                      xlink:type="simple">
            <relationEntry>Passez, Édouard Victor</relationEntry>
            <dateRange>
               <fromDate standardDate="1810-06-15">15 juin 1810</fromDate>
               <toDate standardDate="1825-01-22">22 janvier 1825</toDate>
            </dateRange>
         </cpfRelation>
         <cpfRelation xmlns:xlink="http://www.w3.org/1999/xlink"
                      cpfRelationType="associative"
                      xlink:href="FRAN_NP_010952"
                      xlink:type="simple">
            <relationEntry>Plocque, Antoine</relationEntry>
            <dateRange>
               <fromDate standardDate="1988-07-21">21 juillet 1988</fromDate>
            </dateRange>
         </cpfRelation>
         <cpfRelation xmlns:xlink="http://www.w3.org/1999/xlink"
                      cpfRelationType="associative"
                      xlink:href="FRAN_NP_010953"
                      xlink:type="simple">
            <relationEntry>Plocque, Jérôme</relationEntry>
            <dateRange>
               <fromDate standardDate="1975-04-09">9 avril 1975</fromDate>
            </dateRange>
         </cpfRelation>
         <cpfRelation xmlns:xlink="http://www.w3.org/1999/xlink"
                      cpfRelationType="associative"
                      xlink:href="FRAN_NP_011085"
                      xlink:type="simple">
            <relationEntry>Marion, Georges</relationEntry>
            <dateRange>
               <fromDate standardDate="1667-11-07">7 novembre 1667</fromDate>
               <toDate standardDate="1684-05-13">13 mai 1684</toDate>
            </dateRange>
         </cpfRelation>
         <cpfRelation xmlns:xlink="http://www.w3.org/1999/xlink"
                      cpfRelationType="associative"
                      xlink:href="FRAN_NP_010774"
                      xlink:type="simple">
            <relationEntry>Olagnier, Eugène</relationEntry>
            <dateRange>
               <fromDate standardDate="1831-08-25">25 août 1831</fromDate>
               <toDate standardDate="1856-12-20">20 décembre 1856</toDate>
            </dateRange>
         </cpfRelation>
         <cpfRelation xmlns:xlink="http://www.w3.org/1999/xlink"
                      cpfRelationType="associative"
                      xlink:href="FRAN_NP_013065"
                      xlink:type="simple">
            <relationEntry>Bronod, Edme-Louis</relationEntry>
            <dateRange>
               <fromDate standardDate="1753-10-26">26 octobre 1753</fromDate>
               <toDate standardDate="1781-01-29">29 janvier 1781</toDate>
            </dateRange>
         </cpfRelation>
         <cpfRelation xmlns:xlink="http://www.w3.org/1999/xlink"
                      cpfRelationType="associative"
                      xlink:href="FRAN_NP_012968"
                      xlink:type="simple">
            <relationEntry>Boscheron, Claude</relationEntry>
            <dateRange>
               <fromDate standardDate="1692-12-29">29 décembre 1692</fromDate>
               <toDate standardDate="1719-12-12">12 décembre 1719</toDate>
            </dateRange>
         </cpfRelation>
         <cpfRelation xmlns:xlink="http://www.w3.org/1999/xlink"
                      cpfRelationType="associative"
                      xlink:href="FRAN_NP_012033"
                      xlink:type="simple">
            <relationEntry>Faugé, Antoine-Omer</relationEntry>
            <dateRange>
               <fromDate standardDate="1794-08-13">13 août 1794</fromDate>
               <toDate standardDate="1810-06-15">15 juin 1810</toDate>
            </dateRange>
         </cpfRelation>
         <cpfRelation xmlns:xlink="http://www.w3.org/1999/xlink"
                      cpfRelationType="associative"
                      xlink:href="FRAN_NP_013123"
                      xlink:type="simple">
            <relationEntry>Andelle, Joseph-Roch</relationEntry>
            <dateRange>
               <fromDate standardDate="1781-04-03">3 avril 1781</fromDate>
               <toDate standardDate="1794-01-24">24 janvier 1794</toDate>
            </dateRange>
         </cpfRelation>
         <cpfRelation xmlns:xlink="http://www.w3.org/1999/xlink"
                      cpfRelationType="associative"
                      xlink:href="FRAN_NP_013066"
                      xlink:type="simple">
            <relationEntry>Bronod, Louis</relationEntry>
            <dateRange>
               <fromDate standardDate="1719-12-13">13 décembre 1719</fromDate>
               <toDate standardDate="1765-07-23">23 juillet 1765</toDate>
            </dateRange>
         </cpfRelation>
         <cpfRelation xmlns:xlink="http://www.w3.org/1999/xlink"
                      cpfRelationType="associative"
                      xlink:href="FRAN_NP_010708"
                      xlink:type="simple">
            <relationEntry>Robinot, Nicolas</relationEntry>
            <dateRange>
               <fromDate standardDate="1587-12-17">17 décembre 1587</fromDate>
               <toDate standardDate="1648-06-30">30 juin 1648</toDate>
            </dateRange>
         </cpfRelation>
         <cpfRelation xmlns:xlink="http://www.w3.org/1999/xlink"
                      cpfRelationType="associative"
                      xlink:href="FRAN_NP_012770"
                      xlink:type="simple">
            <relationEntry>Barbou, François</relationEntry>
            <dateRange>
               <fromDate standardDate="1684-05-14">14 mai 1684</fromDate>
               <toDate standardDate="1692-12-28">28 décembre 1692</toDate>
            </dateRange>
         </cpfRelation>
         <cpfRelation xmlns:xlink="http://www.w3.org/1999/xlink"
                      cpfRelationType="associative"
                      xlink:href="FRAN_NP_011991"
                      xlink:type="simple">
            <relationEntry>Guiffrey, Jean-Baptiste</relationEntry>
            <dateRange>
               <fromDate standardDate="1825-01-22">22 janvier 1825</fromDate>
               <toDate standardDate="1831-08-25">25 août 1831</toDate>
            </dateRange>
         </cpfRelation>
         <cpfRelation xmlns:xlink="http://www.w3.org/1999/xlink"
                      cpfRelationType="associative"
                      xlink:href="FRAN_NP_010954"
                      xlink:type="simple">
            <relationEntry>Plocque, Jules</relationEntry>
            <dateRange>
               <fromDate standardDate="1876-08-23">23 août 1876</fromDate>
               <toDate standardDate="1911-06-28">28 juin 1911</toDate>
            </dateRange>
         </cpfRelation>
         <cpfRelation xmlns:xlink="http://www.w3.org/1999/xlink"
                      cpfRelationType="associative"
                      xlink:href="FRAN_NP_010955"
                      xlink:type="simple">
            <relationEntry>Plocque, Marcel</relationEntry>
            <dateRange>
               <fromDate standardDate="1911-06-28">28 juin 1911</fromDate>
               <toDate standardDate="1945-05-11">11 mai 1945</toDate>
            </dateRange>
         </cpfRelation>
         <cpfRelation xmlns:xlink="http://www.w3.org/1999/xlink"
                      cpfRelationType="associative"
                      xlink:href="FRAN_NP_010956"
                      xlink:type="simple">
            <relationEntry>Plocque, Philippe</relationEntry>
            <dateRange>
               <fromDate standardDate="1945-05-11">11 mai 1945</fromDate>
               <toDate standardDate="1984-02-19">19 février 1984</toDate>
            </dateRange>
         </cpfRelation>
         <cpfRelation xmlns:xlink="http://www.w3.org/1999/xlink"
                      cpfRelationType="associative"
                      xlink:href="FRAN_NP_012349"
                      xlink:type="simple">
            <relationEntry>Desforges, Jules-Charles</relationEntry>
            <dateRange>
               <fromDate standardDate="1856-12-20">20 décembre 1856</fromDate>
               <toDate standardDate="1876-08-23">23 août 1876</toDate>
            </dateRange>
         </cpfRelation>
         <resourceRelation xmlns:xlink="http://www.w3.org/1999/xlink"
                           resourceRelationType="subjectOf"
                           xlink:href="FRAN_IR_042892"
                           xlink:type="simple">
            <relationEntry localType="archival">Minutes et répertoires du notaire Claude BOSCHERON, 29 décembre 1692 - 12 décembre 1719 (étude LXXXVIII)</relationEntry>
         </resourceRelation>
         <resourceRelation xmlns:xlink="http://www.w3.org/1999/xlink"
                           resourceRelationType="subjectOf"
                           xlink:href="FRAN_IR_042897"
                           xlink:type="simple">
            <relationEntry localType="archival">Minutes et répertoires du notaire Joseph Roch ANDELLE, avril 1781 - 24 janvier 1794 (étude LXXXVIII)</relationEntry>
         </resourceRelation>
         <resourceRelation xmlns:xlink="http://www.w3.org/1999/xlink"
                           resourceRelationType="subjectOf"
                           xlink:href="FRAN_IR_042898"
                           xlink:type="simple">
            <relationEntry localType="archival">Minutes et répertoires du notaire Jules Charles DESFORGES, 20 décembre 1856 - 23 août 1876 (étude LXXXVIII)</relationEntry>
         </resourceRelation>
         <resourceRelation xmlns:xlink="http://www.w3.org/1999/xlink"
                           resourceRelationType="subjectOf"
                           xlink:href="FRAN_IR_042896"
                           xlink:type="simple">
            <relationEntry localType="archival">Minutes et répertoires du notaire Antoine Omer FAUGÉ, 13 août 1794 - 15 juin 1810 (étude LXXXVIII)</relationEntry>
         </resourceRelation>
         <resourceRelation xmlns:xlink="http://www.w3.org/1999/xlink"
                           resourceRelationType="subjectOf"
                           xlink:href="FRAN_IR_042891"
                           xlink:type="simple">
            <relationEntry localType="archival">Minutes et répertoires du notaire Georges MARION, 18 février 1659 - 16 mai 1684 (étude LXXXVIII)</relationEntry>
         </resourceRelation>
         <resourceRelation xmlns:xlink="http://www.w3.org/1999/xlink"
                           resourceRelationType="subjectOf"
                           xlink:href="FRAN_IR_042899"
                           xlink:type="simple">
            <relationEntry localType="archival">Minutes et répertoires du notaire Édouard Victor PASSEZ, 16 juin 1810 - 22 janvier 1825 (étude LXXXVIII)</relationEntry>
         </resourceRelation>
         <resourceRelation xmlns:xlink="http://www.w3.org/1999/xlink"
                           resourceRelationType="subjectOf"
                           xlink:href="FRAN_IR_042902"
                           xlink:type="simple">
            <relationEntry localType="archival">Minutes et répertoires du notaire Jules PLOCQUE, 23 août 1876 - mai 1902 (étude LXXXVIII)</relationEntry>
         </resourceRelation>
         <resourceRelation xmlns:xlink="http://www.w3.org/1999/xlink"
                           resourceRelationType="creatorOf"
                           xlink:href="FRAN_IR_054032"
                           xlink:type="simple">
            <relationEntry localType="archival">«Mélanges» (dossiers de clients) de l’étude LXXXVIII. MC/ET/LXXXVIII/1127, MC/ET/LXXXVIII/1136, MC/ET/LXXXVIII/1157, MC/ET/LXXXVIII/1178, MC/ET/LXXXVIII/1181, MC/ET/LXXXVIII/1195, MC/ET/LXXXVIII/1266-MC/ET/LXXXVIII/1339/A (1354-1868)</relationEntry>
         </resourceRelation>
         <resourceRelation xmlns:xlink="http://www.w3.org/1999/xlink"
                           resourceRelationType="creatorOf"
                           xlink:href="FRAN_IR_051268"
                           xlink:type="simple">
            <relationEntry localType="archival">Images du répertoire du notaire Jean Nonnet pour l'étude LXXXVIII</relationEntry>
         </resourceRelation>
         <resourceRelation xmlns:xlink="http://www.w3.org/1999/xlink"
                           resourceRelationType="creatorOf"
                           xlink:href="FRAN_IR_051266"
                           xlink:type="simple">
            <relationEntry localType="archival">Images des répertoires du notaire Eugène Olagnier pour l'étude LXXXVIII</relationEntry>
         </resourceRelation>
         <resourceRelation xmlns:xlink="http://www.w3.org/1999/xlink"
                           resourceRelationType="creatorOf"
                           xlink:href="FRAN_IR_051275"
                           xlink:type="simple">
            <relationEntry localType="archival">Images des répertoires du notaire Edouard Victor Passez pour l'étude LXXXVIII</relationEntry>
         </resourceRelation>
         <resourceRelation xmlns:xlink="http://www.w3.org/1999/xlink"
                           resourceRelationType="creatorOf"
                           xlink:href="FRAN_IR_051290"
                           xlink:type="simple">
            <relationEntry localType="archival">Images des répertoires du notaire Jules Plocque pour l'étude LXXXVIII</relationEntry>
         </resourceRelation>
         <resourceRelation xmlns:xlink="http://www.w3.org/1999/xlink"
                           resourceRelationType="creatorOf"
                           xlink:href="FRAN_IR_051608"
                           xlink:type="simple">
            <relationEntry localType="archival">Images des répertoires du notaire Claude Boscheron pour l'étude LXXXVIII</relationEntry>
         </resourceRelation>
         <resourceRelation xmlns:xlink="http://www.w3.org/1999/xlink"
                           resourceRelationType="creatorOf"
                           xlink:href="FRAN_IR_051449"
                           xlink:type="simple">
            <relationEntry localType="archival">Images des répertoires du notaire Jean-Baptiste Guiffrey pour l'étude LXXXVIII</relationEntry>
         </resourceRelation>
         <resourceRelation xmlns:xlink="http://www.w3.org/1999/xlink"
                           resourceRelationType="creatorOf"
                           xlink:href="FRAN_IR_051573"
                           xlink:type="simple">
            <relationEntry localType="archival">Images des répertoires du notaire François Barbou pour l'étude LXXXVIII</relationEntry>
         </resourceRelation>
         <resourceRelation xmlns:xlink="http://www.w3.org/1999/xlink"
                           resourceRelationType="creatorOf"
                           xlink:href="FRAN_IR_042900"
                           xlink:type="simple">
            <relationEntry localType="archival">Minutes et répertoires du notaire Jean-Baptiste GUIFFREY, 22 janvier 1825 - 25 août 1831 (étude LXXXVIII)</relationEntry>
         </resourceRelation>
         <resourceRelation xmlns:xlink="http://www.w3.org/1999/xlink"
                           resourceRelationType="creatorOf"
                           xlink:href="FRAN_IR_051633"
                           xlink:type="simple">
            <relationEntry localType="archival">Images des répertoires du notaire Joseph Roch Andelle pour l'étude LXXXVIII</relationEntry>
         </resourceRelation>
         <resourceRelation xmlns:xlink="http://www.w3.org/1999/xlink"
                           resourceRelationType="creatorOf"
                           xlink:href="FRAN_IR_051625"
                           xlink:type="simple">
            <relationEntry localType="archival">Images des répertoires du notaire Edme Louis Bronod pour l'étude LXXXVIII</relationEntry>
         </resourceRelation>
         <resourceRelation xmlns:xlink="http://www.w3.org/1999/xlink"
                           resourceRelationType="creatorOf"
                           xlink:href="FRAN_IR_051626"
                           xlink:type="simple">
            <relationEntry localType="archival">Images des répertoires du notaire Louis Bronod pour l'étude LXXXVIII</relationEntry>
         </resourceRelation>
         <resourceRelation xmlns:xlink="http://www.w3.org/1999/xlink"
                           resourceRelationType="creatorOf"
                           xlink:href="FRAN_IR_051309"
                           xlink:type="simple">
            <relationEntry localType="archival">Images des répertoires du notaire Georges Marion pour l'étude LXXXVIII</relationEntry>
         </resourceRelation>
         <resourceRelation xmlns:xlink="http://www.w3.org/1999/xlink"
                           resourceRelationType="creatorOf"
                           xlink:href="FRAN_IR_053594"
                           xlink:type="simple">
            <relationEntry localType="archival">Images du répertoire du notaire Antoine Omer Faugé pour l'étude LXXXVIII</relationEntry>
         </resourceRelation>
         <resourceRelation xmlns:xlink="http://www.w3.org/1999/xlink"
                           resourceRelationType="creatorOf"
                           xlink:href="FRAN_IR_052825"
                           xlink:type="simple">
            <relationEntry localType="archival">Images des répertoires du notaire Jules Charles Desforges pour l'étude LXXXVIII</relationEntry>
         </resourceRelation>
         <resourceRelation xmlns:xlink="http://www.w3.org/1999/xlink"
                           resourceRelationType="creatorOf"
                           xlink:href="FRAN_IR_042890"
                           xlink:type="simple">
            <relationEntry localType="archival">Minutes et répertoires du notaire Jean NONNET, 30 juin 1648 - 8 novembre 1667 (étude LXXXVIII)</relationEntry>
         </resourceRelation>
      </relations>
   </cpfDescription>
</eac-cpf>
