<eac-cpf xmlns="urn:isbn:1-931666-33-4"
         xmlns:xsi="http://www.w3.org/2001/XMLSchema-instance"
         xsi:schemaLocation="urn:isbn:1-931666-33-4 cpf.xsd">
   <control>
      <recordId>FRAN_NP_010231</recordId>
      <otherRecordId localType="Ancien_identifiant">FRDAFANCH00MC_NAETUDE_104</otherRecordId>
      <maintenanceStatus>derived</maintenanceStatus>
      <maintenanceAgency>
         <agencyName>Archives nationales de France</agencyName>
      </maintenanceAgency>
      <languageDeclaration>
         <language languageCode="fre">Français</language>
         <script scriptCode="Latn"/>
      </languageDeclaration>
      <conventionDeclaration>
         <citation>Notice établie conformément à la norme ICA-ISAAR (CPF) 2004, aux normes ISO 8601 pour le système de normalisation des dates utilisé, ainsi que AFNOR NF Z 44-061, juin 1986. Catalogage : forme et structure des vedettes noms de personne, des vedettes titres, des rubriques de classement et des titres forgés.</citation>
      </conventionDeclaration>
      <localControl localType="niveau_de_detail">
         <term>Moyenne</term>
      </localControl>
      <maintenanceHistory>
         <maintenanceEvent>
            <eventType>derived</eventType>
            <eventDateTime>2013-04-23</eventDateTime>
            <agentType>machine</agentType>
            <agent>Migration ETANOT</agent>
         </maintenanceEvent>
      </maintenanceHistory>
   </control>
   <cpfDescription>
      <identity>
         <entityType>corporateBody</entityType>
         <nameEntry localType="autorisée" scriptCode="Latn" xml:lang="fre">
            <part>Etude CIV</part>
         </nameEntry>
         <nameEntry>
            <part>75034</part>
         </nameEntry>
      </identity>
      <description>
         <existDates>
            <dateRange>
               <fromDate standardDate="1759-01-01">1759</fromDate>
            </dateRange>
         </existDates>
         <functions>
            <function>
               <term vocabularySource="d3nyui3o8w--11y7jgy8q3wnt">notaire à paris</term>
               <dateRange>
                  <fromDate standardDate="1759-01-01">1759</fromDate>
                  <toDate/>
               </dateRange>
            </function>
         </functions>
         <biogHist>
            <p>Cette étude succède à l'ancien notariat de la Chappelle-Saint-Denis, rattaché à Paris en 1859. Elle reste installée rue de la Chapelle.</p>
         </biogHist>
      </description>
      <relations>
         <cpfRelation xmlns:xlink="http://www.w3.org/1999/xlink"
                      cpfRelationType="associative"
                      xlink:href="FRAN_NP_010834"
                      xlink:type="simple">
            <relationEntry>Parmentier, Louis Jules Eugène</relationEntry>
            <dateRange>
               <fromDate standardDate="1913-05-07">7 mai 1913</fromDate>
               <toDate standardDate="1919-10-02">2 octobre 1919</toDate>
            </dateRange>
         </cpfRelation>
         <cpfRelation xmlns:xlink="http://www.w3.org/1999/xlink"
                      cpfRelationType="associative"
                      xlink:href="FRAN_NP_010960"
                      xlink:type="simple">
            <relationEntry>Pluche, Marie Louis Henri</relationEntry>
            <dateRange>
               <fromDate standardDate="1892-03-11">11 mars 1892</fromDate>
               <toDate standardDate="1913-05-07">7 mai 1913</toDate>
            </dateRange>
         </cpfRelation>
         <cpfRelation xmlns:xlink="http://www.w3.org/1999/xlink"
                      cpfRelationType="associative"
                      xlink:href="FRAN_NP_011611"
                      xlink:type="simple">
            <relationEntry>Liénart, Jean-Baptiste</relationEntry>
            <dateRange>
               <fromDate standardDate="1802-02-14">14 février 1802</fromDate>
               <toDate standardDate="1812-08-07">7 août 1812</toDate>
            </dateRange>
         </cpfRelation>
         <cpfRelation xmlns:xlink="http://www.w3.org/1999/xlink"
                      cpfRelationType="associative"
                      xlink:href="FRAN_NP_012105"
                      xlink:type="simple">
            <relationEntry>Fournier, Pierre-André</relationEntry>
            <dateRange>
               <fromDate standardDate="1832-07-10">10 juillet 1832</fromDate>
               <toDate standardDate="1859-02-26">26 février 1859</toDate>
            </dateRange>
         </cpfRelation>
         <cpfRelation xmlns:xlink="http://www.w3.org/1999/xlink"
                      cpfRelationType="associative"
                      xlink:href="FRAN_NP_012689"
                      xlink:type="simple">
            <relationEntry>Cornet, Jean-Maurice</relationEntry>
            <dateRange>
               <fromDate standardDate="1989-05-31">31 mai 1989</fromDate>
               <toDate standardDate="2011-07-27">27 juillet 2011</toDate>
            </dateRange>
         </cpfRelation>
         <cpfRelation xmlns:xlink="http://www.w3.org/1999/xlink"
                      cpfRelationType="associative"
                      xlink:href="FRAN_NP_013319"
                      xlink:type="simple">
            <relationEntry>Legendre, Vincent</relationEntry>
            <dateRange>
               <fromDate standardDate="2007-02-21">21 février 2007</fromDate>
            </dateRange>
         </cpfRelation>
         <cpfRelation xmlns:xlink="http://www.w3.org/1999/xlink"
                      cpfRelationType="associative"
                      xlink:href="FRAN_NP_010730"
                      xlink:type="simple">
            <relationEntry>Rouquairol, Jean-André</relationEntry>
            <dateRange>
               <fromDate standardDate="1816-01-30">30 janvier 1816</fromDate>
               <toDate standardDate="1829-02-27">27 février 1829</toDate>
            </dateRange>
         </cpfRelation>
         <cpfRelation xmlns:xlink="http://www.w3.org/1999/xlink"
                      cpfRelationType="associative"
                      xlink:href="FRAN_NP_011725"
                      xlink:type="simple">
            <relationEntry>Ingrain, Etienne-Henri</relationEntry>
            <dateRange>
               <fromDate standardDate="1859-02-06">6 février 1859</fromDate>
               <toDate standardDate="1871-08-26">26 août 1871</toDate>
            </dateRange>
         </cpfRelation>
         <cpfRelation xmlns:xlink="http://www.w3.org/1999/xlink"
                      cpfRelationType="associative"
                      xlink:href="FRAN_NP_012001"
                      xlink:type="simple">
            <relationEntry>Guingot</relationEntry>
            <dateRange>
               <fromDate standardDate="1784-07-26">26 juillet 1784</fromDate>
               <toDate standardDate="1802-02-14">14 février 1802</toDate>
            </dateRange>
         </cpfRelation>
         <cpfRelation xmlns:xlink="http://www.w3.org/1999/xlink"
                      cpfRelationType="associative"
                      xlink:href="FRAN_NP_010714"
                      xlink:type="simple">
            <relationEntry>Roger, Joseph-Hippolyte</relationEntry>
            <dateRange>
               <fromDate standardDate="1812-08-08">8 août 1812</fromDate>
               <toDate standardDate="1816-01-30">30 janvier 1816</toDate>
            </dateRange>
         </cpfRelation>
         <cpfRelation xmlns:xlink="http://www.w3.org/1999/xlink"
                      cpfRelationType="associative"
                      xlink:href="FRAN_NP_010745"
                      xlink:type="simple">
            <relationEntry>Rouveau (1759 - 1784)</relationEntry>
            <dateRange>
               <fromDate standardDate="1759-10-03">3 octobre 1759</fromDate>
               <toDate standardDate="1784-07-26">26 juillet 1784</toDate>
            </dateRange>
         </cpfRelation>
         <cpfRelation xmlns:xlink="http://www.w3.org/1999/xlink"
                      cpfRelationType="associative"
                      xlink:href="FRAN_NP_012787"
                      xlink:type="simple">
            <relationEntry>Bauby, Fernand Jules</relationEntry>
            <dateRange>
               <fromDate standardDate="1919-10-02">2 octobre 1919</fromDate>
               <toDate standardDate="1929-08-01">1er août 1929</toDate>
            </dateRange>
         </cpfRelation>
         <cpfRelation xmlns:xlink="http://www.w3.org/1999/xlink"
                      cpfRelationType="associative"
                      xlink:href="FRAN_NP_011096"
                      xlink:type="simple">
            <relationEntry>Martin, Eugène-Louis</relationEntry>
            <dateRange>
               <fromDate standardDate="1871-08-26">26 août 1871</fromDate>
               <toDate standardDate="1892-03-11">11 mars 1892</toDate>
            </dateRange>
         </cpfRelation>
         <cpfRelation xmlns:xlink="http://www.w3.org/1999/xlink"
                      cpfRelationType="associative"
                      xlink:href="FRAN_NP_012386"
                      xlink:type="simple">
            <relationEntry>Delafon, Edouard Lucien</relationEntry>
            <dateRange>
               <fromDate standardDate="1929-08-01">1er août 1929</fromDate>
               <toDate standardDate="1969-01-15">15 janvier 1969</toDate>
            </dateRange>
         </cpfRelation>
         <cpfRelation xmlns:xlink="http://www.w3.org/1999/xlink"
                      cpfRelationType="associative"
                      xlink:href="FRAN_NP_012387"
                      xlink:type="simple">
            <relationEntry>Delafon, Hubert</relationEntry>
            <dateRange>
               <fromDate standardDate="1969-01-15">15 janvier 1969</fromDate>
               <toDate standardDate="1992-05-23">23 mai 1992</toDate>
            </dateRange>
         </cpfRelation>
         <cpfRelation xmlns:xlink="http://www.w3.org/1999/xlink"
                      cpfRelationType="associative"
                      xlink:href="FRAN_NP_012388"
                      xlink:type="simple">
            <relationEntry>Dessaignes, Léon</relationEntry>
            <dateRange>
               <fromDate standardDate="1829-02-27">27 février 1829</fromDate>
               <toDate standardDate="1832-07-09">9 juillet 1832</toDate>
            </dateRange>
         </cpfRelation>
         <cpfRelation xmlns:xlink="http://www.w3.org/1999/xlink"
                      cpfRelationType="associative"
                      xlink:href="FRAN_NP_013512"
                      xlink:type="simple">
            <relationEntry>Dupont-Hamon, Anne</relationEntry>
            <dateRange>
               <fromDate standardDate="2006-01-01">2006</fromDate>
            </dateRange>
         </cpfRelation>
         <resourceRelation xmlns:xlink="http://www.w3.org/1999/xlink"
                           resourceRelationType="subjectOf"
                           xlink:href="FRAN_IR_043154"
                           xlink:type="simple">
            <relationEntry localType="archival">Minutes et répertoires du notaire Joseph Hippolyte ROGER, 8 août 1812 - 30 janvier 1816 (étude CIV)</relationEntry>
         </resourceRelation>
         <resourceRelation xmlns:xlink="http://www.w3.org/1999/xlink"
                           resourceRelationType="subjectOf"
                           xlink:href="FRAN_IR_043157"
                           xlink:type="simple">
            <relationEntry localType="archival">Minutes et répertoires du notaire Léon DESSAIGNES, 27 février 1829 - 9 juillet 1832 (étude CIV)</relationEntry>
         </resourceRelation>
         <resourceRelation xmlns:xlink="http://www.w3.org/1999/xlink"
                           resourceRelationType="subjectOf"
                           xlink:href="FRAN_IR_043158"
                           xlink:type="simple">
            <relationEntry localType="archival">Minutes et répertoires du notaire Étienne Henri INGRAIN, 26 février 1859 - 26 août 1871 (étude CIV)</relationEntry>
         </resourceRelation>
         <resourceRelation xmlns:xlink="http://www.w3.org/1999/xlink"
                           resourceRelationType="subjectOf"
                           xlink:href="FRAN_IR_043153"
                           xlink:type="simple">
            <relationEntry localType="archival">Minutes et répertoires du notaire Jean-Baptiste LIÉNART, 14 février 1802 - 7 août 1812 (étude CIV)</relationEntry>
         </resourceRelation>
         <resourceRelation xmlns:xlink="http://www.w3.org/1999/xlink"
                           resourceRelationType="subjectOf"
                           xlink:href="FRAN_IR_043159"
                           xlink:type="simple">
            <relationEntry localType="archival">Minutes et répertoires du notaire Eugène Louis MARTIN, 26 août 1871 - décembre 1889 (étude CIV)</relationEntry>
         </resourceRelation>
         <resourceRelation xmlns:xlink="http://www.w3.org/1999/xlink"
                           resourceRelationType="subjectOf"
                           xlink:href="FRAN_IR_043155"
                           xlink:type="simple">
            <relationEntry localType="archival">Minutes et répertoires du notaire Jean André ROUQUAIROL, 30 janvier 1816 - 27 février 1829 (étude CIV)</relationEntry>
         </resourceRelation>
         <resourceRelation xmlns:xlink="http://www.w3.org/1999/xlink"
                           resourceRelationType="creatorOf"
                           xlink:href="FRAN_IR_054176"
                           xlink:type="simple">
            <relationEntry localType="archival">«Mélanges» (dossiers de clients) de l’étude CIV. MC/ET/CIV/245/B-MC/ET/CIV/245/E (1739-1932)</relationEntry>
         </resourceRelation>
         <resourceRelation xmlns:xlink="http://www.w3.org/1999/xlink"
                           resourceRelationType="creatorOf"
                           xlink:href="FRAN_IR_043152"
                           xlink:type="simple">
            <relationEntry localType="archival">Minutes et répertoires du notaire GUINGOT, 28 octobre 1784 - 20 décembre 1801 (étude CIV)</relationEntry>
         </resourceRelation>
         <resourceRelation xmlns:xlink="http://www.w3.org/1999/xlink"
                           resourceRelationType="creatorOf"
                           xlink:href="FRAN_IR_043151"
                           xlink:type="simple">
            <relationEntry localType="archival">Minutes et répertoires du notaire ROUVEAU, 3 octobre 1759 - 26 juillet 1784 (étude CIV)</relationEntry>
         </resourceRelation>
         <resourceRelation xmlns:xlink="http://www.w3.org/1999/xlink"
                           resourceRelationType="creatorOf"
                           xlink:href="FRAN_IR_053262"
                           xlink:type="simple">
            <relationEntry localType="archival">Images des répertoires du notaire Jean-Baptiste Liénart pour l'étude CIV</relationEntry>
         </resourceRelation>
         <resourceRelation xmlns:xlink="http://www.w3.org/1999/xlink"
                           resourceRelationType="creatorOf"
                           xlink:href="FRAN_IR_053166"
                           xlink:type="simple">
            <relationEntry localType="archival">Images des répertoires du notaire Joseph Hippolyte Roger pour l'étude CIV</relationEntry>
         </resourceRelation>
         <resourceRelation xmlns:xlink="http://www.w3.org/1999/xlink"
                           resourceRelationType="creatorOf"
                           xlink:href="FRAN_IR_053170"
                           xlink:type="simple">
            <relationEntry localType="archival">Images des répertoires du notaire Jean André Rouquairol pour l'étude CIV</relationEntry>
         </resourceRelation>
         <resourceRelation xmlns:xlink="http://www.w3.org/1999/xlink"
                           resourceRelationType="creatorOf"
                           xlink:href="FRAN_IR_053331"
                           xlink:type="simple">
            <relationEntry localType="archival">Images du répertoire du notaire Léon Dessaignes pour l'étude CIV</relationEntry>
         </resourceRelation>
         <resourceRelation xmlns:xlink="http://www.w3.org/1999/xlink"
                           resourceRelationType="creatorOf"
                           xlink:href="FRAN_IR_053320"
                           xlink:type="simple">
            <relationEntry localType="archival">Images des répertoires du notaire Pierre André Fournier pour l'étude CIV</relationEntry>
         </resourceRelation>
         <resourceRelation xmlns:xlink="http://www.w3.org/1999/xlink"
                           resourceRelationType="creatorOf"
                           xlink:href="FRAN_IR_053283"
                           xlink:type="simple">
            <relationEntry localType="archival">Images des répertoires du notaire Etienne Henri Ingrain pour l'étude CIV</relationEntry>
         </resourceRelation>
         <resourceRelation xmlns:xlink="http://www.w3.org/1999/xlink"
                           resourceRelationType="creatorOf"
                           xlink:href="FRAN_IR_053197"
                           xlink:type="simple">
            <relationEntry localType="archival">Images des répertoires du notaire Eugène Louis Martin pour l'étude CIV</relationEntry>
         </resourceRelation>
      </relations>
   </cpfDescription>
</eac-cpf>
