<eac-cpf xmlns="urn:isbn:1-931666-33-4"
         xmlns:xsi="http://www.w3.org/2001/XMLSchema-instance"
         xsi:schemaLocation="urn:isbn:1-931666-33-4 cpf.xsd">
   <control>
      <recordId>FRAN_NP_010424</recordId>
      <otherRecordId localType="Ancien_identifiant">FRDAFANCH00MC_NANOTAIRE00129</otherRecordId>
      <maintenanceStatus>derived</maintenanceStatus>
      <maintenanceAgency>
         <agencyName>Archives nationales de France</agencyName>
      </maintenanceAgency>
      <languageDeclaration>
         <language languageCode="fre">Français</language>
         <script scriptCode="Latn"/>
      </languageDeclaration>
      <conventionDeclaration>
         <citation>Notice établie conformément à la norme ICA-ISAAR (CPF) 2004, aux normes ISO 8601 pour le système de normalisation des dates utilisé, ainsi que AFNOR NF Z 44-061, juin 1986. Catalogage : forme et structure des vedettes noms de personne, des vedettes titres, des rubriques de classement et des titres forgés.</citation>
      </conventionDeclaration>
      <localControl localType="niveau_de_detail">
         <term>Moyenne</term>
      </localControl>
      <maintenanceHistory>
         <maintenanceEvent>
            <eventType>derived</eventType>
            <eventDateTime>2013-04-23</eventDateTime>
            <agentType>machine</agentType>
            <agent>Migration ETANOT</agent>
         </maintenanceEvent>
      </maintenanceHistory>
   </control>
   <cpfDescription>
      <identity>
         <entityType>person</entityType>
         <nameEntry localType="autorisée" scriptCode="Latn" xml:lang="fre">
            <part>Thevenin, Jean</part>
         </nameEntry>
      </identity>
      <description>
         <existDates>
            <dateRange>
               <fromDate standardDate="1588-02-04">4 février 1588</fromDate>
               <toDate standardDate="1631-02-07">7 février 1631</toDate>
            </dateRange>
            <descriptiveNote>
               <p>Les dates d'existence de la personne ne sont pas connues et sont évaluées d'après les dates d'exercice en tant que notaire</p>
            </descriptiveNote>
         </existDates>
         <places>
            <place>
               <placeRole>Lieu de Paris</placeRole>
               <placeEntry localType="paroisse" vocabularySource="d3nyvp309r-fxzjuc9ul5cl">saint-leu-saint-gilles (paroisse)</placeEntry>
               <placeEntry localType="paroisse" vocabularySource="d3nyvp76qc--1xdxyf9lzzthw">saint-nicolas-des-champs (paroisse)</placeEntry>
               <placeEntry localType="paroisse" vocabularySource="d3nyvp6vb2-rsrcmgk1zmct">saint-merri (paroisse)</placeEntry>
               <placeEntry localType="voie" vocabularySource="d3nzcc1j5v--1okzozrtrn1">ours (rue aux)</placeEntry>
               <placeEntry localType="voie" vocabularySource="d3nzd5fnbv--1fbmnb1c9dkph">saint-martin (rue)</placeEntry>
               <placeEntry localType="nomLieu">étude XCI : rue aux Ours (en 1599), rue Saint-Martin étude IX : adresse indéterminée</placeEntry>
            </place>
         </places>
         <functions>
            <function>
               <term vocabularySource="d3nyui3o8w--11y7jgy8q3wnt">notaire à paris</term>
               <dateRange>
                  <fromDate standardDate="1588-02-04">4 février 1588</fromDate>
                  <toDate standardDate="1631-02-07">7 février 1631</toDate>
               </dateRange>
            </function>
         </functions>
      </description>
      <relations>
         <cpfRelation xmlns:xlink="http://www.w3.org/1999/xlink"
                      cpfRelationType="associative"
                      xlink:href="FRAN_NP_010218"
                      xlink:type="simple">
            <relationEntry>Etude notariale XCI</relationEntry>
            <dateRange>
               <fromDate standardDate="1588-02-04">4 février 1588</fromDate>
               <toDate standardDate="1631-02-07">7 février 1631</toDate>
            </dateRange>
         </cpfRelation>
         <cpfRelation xmlns:xlink="http://www.w3.org/1999/xlink"
                      cpfRelationType="associative"
                      xlink:href="FRAN_NP_010136"
                      xlink:type="simple">
            <relationEntry>Etude notariale IX</relationEntry>
            <dateRange>
               <fromDate standardDate="1606-01-01">1606</fromDate>
               <toDate standardDate="1608-12-31">1608</toDate>
            </dateRange>
         </cpfRelation>
         <resourceRelation xmlns:xlink="http://www.w3.org/1999/xlink"
                           resourceRelationType="creatorOf"
                           xlink:href="FRAN_IR_041326"
                           xlink:type="simple">
            <relationEntry localType="archival">Minutes et répertoires du notaire Claude FILESAC, 18 novembre 1589 - 4 octobre 1611 (étude IX)</relationEntry>
         </resourceRelation>
         <resourceRelation xmlns:xlink="http://www.w3.org/1999/xlink"
                           resourceRelationType="creatorOf"
                           xlink:href="FRAN_IR_041325"
                           xlink:type="simple">
            <relationEntry localType="archival">Minutes et répertoires du notaire Claude de LA MORLIÈRE, 1573 - 20 mai 1609 (étude IX)</relationEntry>
         </resourceRelation>
         <resourceRelation xmlns:xlink="http://www.w3.org/1999/xlink"
                           resourceRelationType="creatorOf"
                           xlink:href="FRAN_IR_041327"
                           xlink:type="simple">
            <relationEntry localType="archival">Minutes et répertoires du notaire Claude HUART, 22 mai 1609 - 22 août 1631 (étude IX)</relationEntry>
         </resourceRelation>
         <resourceRelation xmlns:xlink="http://www.w3.org/1999/xlink"
                           resourceRelationType="creatorOf"
                           xlink:href="FRAN_IR_051208"
                           xlink:type="simple">
            <relationEntry localType="archival">Images du répertoire du notaire Jean Thevenin pour l'étude XCI</relationEntry>
         </resourceRelation>
         <resourceRelation xmlns:xlink="http://www.w3.org/1999/xlink"
                           resourceRelationType="creatorOf"
                           xlink:href="FRAN_IR_043051"
                           xlink:type="simple">
            <relationEntry localType="archival">Minutes et répertoires du notaire Anne CARREL, 15 janvier 1563 - 19 juillet 1585 (étude XCIX)</relationEntry>
         </resourceRelation>
         <resourceRelation xmlns:xlink="http://www.w3.org/1999/xlink"
                           resourceRelationType="creatorOf"
                           xlink:href="FRAN_IR_043050"
                           xlink:type="simple">
            <relationEntry localType="archival">Minutes et répertoires du notaire Jacques de SAINT-FUSSIEN, 20 février 1614 - 27 novembre 1635 (étude XCIX)</relationEntry>
         </resourceRelation>
      </relations>
   </cpfDescription>
</eac-cpf>
