<eac-cpf xmlns="urn:isbn:1-931666-33-4"
         xmlns:xsi="http://www.w3.org/2001/XMLSchema-instance"
         xsi:schemaLocation="urn:isbn:1-931666-33-4 cpf.xsd">
   <control>
      <recordId>FRAN_NP_010477</recordId>
      <otherRecordId localType="Ancien_identifiant">FRDAFANCH00MC_NANOTAIRE00185</otherRecordId>
      <maintenanceStatus>derived</maintenanceStatus>
      <maintenanceAgency>
         <agencyName>Archives nationales de France</agencyName>
      </maintenanceAgency>
      <languageDeclaration>
         <language languageCode="fre">Français</language>
         <script scriptCode="Latn"/>
      </languageDeclaration>
      <conventionDeclaration>
         <citation>Notice établie conformément à la norme ICA-ISAAR (CPF) 2004, aux normes ISO 8601 pour le système de normalisation des dates utilisé, ainsi que AFNOR NF Z 44-061, juin 1986. Catalogage : forme et structure des vedettes noms de personne, des vedettes titres, des rubriques de classement et des titres forgés.</citation>
      </conventionDeclaration>
      <localControl localType="niveau_de_detail">
         <term>Moyenne</term>
      </localControl>
      <maintenanceHistory>
         <maintenanceEvent>
            <eventType>derived</eventType>
            <eventDateTime>2013-04-23</eventDateTime>
            <agentType>machine</agentType>
            <agent>Migration ETANOT</agent>
         </maintenanceEvent>
      </maintenanceHistory>
      <sources>
         <source>
            <descriptiveNote>
               <p>M. F. LIMON, Les notaires au Châtelet sous le règne de Louis XIV, Toulouse, presses universitaires du Mirail, 1992, p.420-421</p>
            </descriptiveNote>
         </source>
         <source>
            <descriptiveNote>
               <p>N. LYON-CAEN, Les jansénistes et le notaire. Les minutes et l'expression de la contestation politique et religieuse au XVIIIè sièclein Histoire et archives n°15, janvier-juin 2004, Paris, p. 71-72</p>
            </descriptiveNote>
         </source>
      </sources>
   </control>
   <cpfDescription>
      <identity>
         <entityType>person</entityType>
         <nameEntry localType="autorisée" scriptCode="Latn" xml:lang="fre">
            <part>Touvenot, Charles</part>
         </nameEntry>
      </identity>
      <description>
         <existDates>
            <dateRange>
               <fromDate standardDate="1681-07-13">13 juillet 1681</fromDate>
               <toDate standardDate="1721-11-25">25 novembre 1721</toDate>
            </dateRange>
            <descriptiveNote>
               <p>Les dates d'existence de la personne ne sont pas connues et sont évaluées d'après les dates d'exercice en tant que notaire</p>
            </descriptiveNote>
         </existDates>
         <places>
            <place>
               <placeRole>Lieu de Paris</placeRole>
               <placeEntry localType="paroisse" vocabularySource="d3nyvow9c3--1ln2rhczl581f">saint-eustache (paroisse)</placeEntry>
               <placeEntry localType="quartier" vocabularySource="d3nyvg5q7k-1815nk8q1azo8">halles (quartier)</placeEntry>
               <placeEntry localType="quartier" vocabularySource="d3nyvgeuq1--ys2q6qcqeojf">montmartre (quartier)</placeEntry>
               <placeEntry localType="voie" vocabularySource="d3nzd2kij6--1v4p77hlr1ja7">saint-eustache (impasse)</placeEntry>
               <placeEntry localType="nomLieu">rue Saint-Eustache (de 1681 à 1706), rue Neuve-Saint-Eustache (de 1707 à 1721)</placeEntry>
            </place>
         </places>
         <functions>
            <function>
               <term vocabularySource="d3nyui3o8w--11y7jgy8q3wnt">notaire à paris</term>
               <dateRange>
                  <fromDate standardDate="1681-07-13">13 juillet 1681</fromDate>
                  <toDate standardDate="1721-11-25">25 novembre 1721</toDate>
               </dateRange>
            </function>
         </functions>
         <biogHist>
            <p>Marié à Marie Madeleine Cuvier (voir ET/X/203, 6 juillet 1684)</p>
            <p>d'abord clerc de Joachim Routier, notaire dans la même étude</p>
            <p>père de François Touvenot, qui lui succède</p>
            <p>Le 1er mars 1717, il enregistre l'acte d'appel de quatre évêques contre la bulle Unigenitus ; cette manifestation de sympathie janséniste lui vaut d'être brièvement incarcéré à la Bastille</p>
            <p>mort en fonction le 2 novembre 1721</p>
         </biogHist>
      </description>
      <relations>
         <cpfRelation xmlns:xlink="http://www.w3.org/1999/xlink"
                      cpfRelationType="associative"
                      xlink:href="FRAN_NP_010163"
                      xlink:type="simple">
            <relationEntry>Etude notariale XXXVI</relationEntry>
            <dateRange>
               <fromDate standardDate="1681-07-13">13 juillet 1681</fromDate>
               <toDate standardDate="1721-11-25">25 novembre 1721</toDate>
            </dateRange>
         </cpfRelation>
         <resourceRelation resourceRelationType="other">
            <relationEntry localType="archival">ET/XXXVI/236, 22 juin 1681, traité d'office de notaire entre Jacques Leboeuf et Charles Touvenot (pour le titre seulement)</relationEntry>
         </resourceRelation>
         <resourceRelation resourceRelationType="other">
            <relationEntry localType="archival">V/1/ 27 pièce 7, 4 juillet 1681, lettre de provision d'office</relationEntry>
         </resourceRelation>
         <resourceRelation resourceRelationType="other">
            <relationEntry localType="archival">ET/XX/475, 7 novembre 1721, inventaire après décès</relationEntry>
         </resourceRelation>
         <resourceRelation resourceRelationType="other">
            <relationEntry localType="archival">ET/XX/475, 7 novembre 1721, vente de l'office de notaire de feu Charles Touvenot à François Touvenot, son fils</relationEntry>
         </resourceRelation>
         <resourceRelation xmlns:xlink="http://www.w3.org/1999/xlink"
                           resourceRelationType="creatorOf"
                           xlink:href="FRAN_IR_041973"
                           xlink:type="simple">
            <relationEntry localType="archival">Minutes et répertoires du notaire Charles TOUVENOT, 13 juillet 1681 - 25 novembre 1721 (étude XXXVI)</relationEntry>
         </resourceRelation>
         <resourceRelation xmlns:xlink="http://www.w3.org/1999/xlink"
                           resourceRelationType="creatorOf"
                           xlink:href="FRAN_IR_051934"
                           xlink:type="simple">
            <relationEntry localType="archival">Images des répertoires du notaire Charles Touvenot pour l'étude XXXVI</relationEntry>
         </resourceRelation>
      </relations>
   </cpfDescription>
</eac-cpf>
