<eac-cpf xmlns="urn:isbn:1-931666-33-4"
         xmlns:xsi="http://www.w3.org/2001/XMLSchema-instance"
         xsi:schemaLocation="urn:isbn:1-931666-33-4 cpf.xsd">
   <control>
      <recordId>FRAN_NP_010453</recordId>
      <otherRecordId localType="Ancien_identifiant">FRDAFANCH00MC_NANOTAIRE00158</otherRecordId>
      <maintenanceStatus>derived</maintenanceStatus>
      <maintenanceAgency>
         <agencyName>Archives nationales de France</agencyName>
      </maintenanceAgency>
      <languageDeclaration>
         <language languageCode="fre">Français</language>
         <script scriptCode="Latn"/>
      </languageDeclaration>
      <conventionDeclaration>
         <citation>Notice établie conformément à la norme ICA-ISAAR (CPF) 2004, aux normes ISO 8601 pour le système de normalisation des dates utilisé, ainsi que AFNOR NF Z 44-061, juin 1986. Catalogage : forme et structure des vedettes noms de personne, des vedettes titres, des rubriques de classement et des titres forgés.</citation>
      </conventionDeclaration>
      <localControl localType="niveau_de_detail">
         <term>Moyenne</term>
      </localControl>
      <maintenanceHistory>
         <maintenanceEvent>
            <eventType>derived</eventType>
            <eventDateTime>2013-04-23</eventDateTime>
            <agentType>machine</agentType>
            <agent>Migration ETANOT</agent>
         </maintenanceEvent>
      </maintenanceHistory>
      <sources>
         <source>
            <descriptiveNote>
               <p>M. F. LIMON, Les notaires au Châtelet sous le règne de Louis XIV, Toulouse, presses universitaires du Mirail, 1992, p. 418</p>
            </descriptiveNote>
         </source>
      </sources>
   </control>
   <cpfDescription>
      <identity>
         <entityType>person</entityType>
         <nameEntry localType="autorisée" scriptCode="Latn" xml:lang="fre">
            <part>Thomas, Etienne</part>
         </nameEntry>
      </identity>
      <description>
         <existDates>
            <dateRange>
               <fromDate standardDate="1653-08-27">27 août 1653</fromDate>
               <toDate standardDate="1687-04-15">15 avril 1687</toDate>
            </dateRange>
            <descriptiveNote>
               <p>Les dates d'existence de la personne ne sont pas connues et sont évaluées d'après les dates d'exercice en tant que notaire</p>
            </descriptiveNote>
         </existDates>
         <places>
            <place>
               <placeRole>Lieu de Paris</placeRole>
               <placeEntry localType="nomLieu">étude LVII : rue de la Calandre</placeEntry>
               <placeEntry localType="paroisse" vocabularySource="d3nyvoxbpe-1o35tgfsdunvx">saint-germain-le-vieux (paroisse)</placeEntry>
               <placeEntry localType="paroisse" vocabularySource="d3nyvow9c3--1ln2rhczl581f">saint-eustache (paroisse)</placeEntry>
               <placeEntry localType="voie" vocabularySource="d3nz92r8aw-xbsgi3yj3e40">calandre (rue de la)</placeEntry>
               <placeEntry localType="voie" vocabularySource="d3nzcktwgr-1t2uff8hj7oh7">plâtrière (rue)</placeEntry>
            </place>
            <place>
               <placeRole>Lieu de Paris</placeRole>
               <placeEntry localType="nomLieu">étude LXXVII : rue Plâtrière</placeEntry>
               <placeEntry localType="paroisse" vocabularySource="d3nyvoxbpe-1o35tgfsdunvx">saint-germain-le-vieux (paroisse)</placeEntry>
               <placeEntry localType="paroisse" vocabularySource="d3nyvow9c3--1ln2rhczl581f">saint-eustache (paroisse)</placeEntry>
               <placeEntry localType="voie" vocabularySource="d3nz92r8aw-xbsgi3yj3e40">calandre (rue de la)</placeEntry>
               <placeEntry localType="voie" vocabularySource="d3nzcktwgr-1t2uff8hj7oh7">plâtrière (rue)</placeEntry>
            </place>
         </places>
         <functions>
            <function>
               <term vocabularySource="d3nyui3o8w--11y7jgy8q3wnt">notaire à paris</term>
               <dateRange>
                  <fromDate standardDate="1653-08-27">27 août 1653</fromDate>
                  <toDate standardDate="1687-04-15">15 avril 1687</toDate>
               </dateRange>
            </function>
         </functions>
      </description>
      <relations>
         <cpfRelation xmlns:xlink="http://www.w3.org/1999/xlink"
                      cpfRelationType="associative"
                      xlink:href="FRAN_NP_010184"
                      xlink:type="simple">
            <relationEntry>Etude notariale LVII</relationEntry>
            <dateRange>
               <fromDate standardDate="1653-08-27">27 août 1653</fromDate>
               <toDate standardDate="1674-12-31">31 décembre 1674</toDate>
            </dateRange>
         </cpfRelation>
         <cpfRelation xmlns:xlink="http://www.w3.org/1999/xlink"
                      cpfRelationType="associative"
                      xlink:href="FRAN_NP_010204"
                      xlink:type="simple">
            <relationEntry>Etude notariale LXXVII</relationEntry>
            <dateRange>
               <fromDate standardDate="1675-01-01">1er janvier 1675</fromDate>
               <toDate standardDate="1687-04-15">15 avril 1687</toDate>
            </dateRange>
         </cpfRelation>
         <resourceRelation resourceRelationType="other">
            <relationEntry localType="archival">ET/XXXIII/362, 19 mars 1687, traité d'office de notaire entre Etienne Thomas et Mathieu Bailly</relationEntry>
         </resourceRelation>
         <resourceRelation xmlns:xlink="http://www.w3.org/1999/xlink"
                           resourceRelationType="subjectOf"
                           xlink:href="FRAN_IR_042333"
                           xlink:type="simple">
            <relationEntry localType="archival">Minutes et répertoires du notaire Étienne THOMAS, 27 août 1653 - 15 février 1675 (étude LVII)</relationEntry>
         </resourceRelation>
         <resourceRelation xmlns:xlink="http://www.w3.org/1999/xlink"
                           resourceRelationType="subjectOf"
                           xlink:href="FRAN_IR_042691"
                           xlink:type="simple">
            <relationEntry localType="archival">Minutes et répertoires du notaire Étienne THOMAS, janvier 1675 - 15 avril 1687 (étude LXXVII)</relationEntry>
         </resourceRelation>
         <resourceRelation xmlns:xlink="http://www.w3.org/1999/xlink"
                           resourceRelationType="creatorOf"
                           xlink:href="FRAN_IR_055785"
                           xlink:type="simple">
            <relationEntry localType="archival">Images du répertoire du notaire Etienne Thomas pour l'étude LXXVII</relationEntry>
         </resourceRelation>
         <resourceRelation xmlns:xlink="http://www.w3.org/1999/xlink"
                           resourceRelationType="creatorOf"
                           xlink:href="FRAN_IR_052194"
                           xlink:type="simple">
            <relationEntry localType="archival">Images du répertoire du notaire Etienne Thomas pour l'étude LVII</relationEntry>
         </resourceRelation>
      </relations>
   </cpfDescription>
</eac-cpf>
