<eac-cpf xmlns="urn:isbn:1-931666-33-4"
         xmlns:xsi="http://www.w3.org/2001/XMLSchema-instance"
         xsi:schemaLocation="urn:isbn:1-931666-33-4 cpf.xsd">
   <control>
      <recordId>FRAN_NP_010420</recordId>
      <otherRecordId localType="Ancien_identifiant">FRDAFANCH00MC_NANOTAIRE00125</otherRecordId>
      <maintenanceStatus>derived</maintenanceStatus>
      <maintenanceAgency>
         <agencyName>Archives nationales de France</agencyName>
      </maintenanceAgency>
      <languageDeclaration>
         <language languageCode="fre">Français</language>
         <script scriptCode="Latn"/>
      </languageDeclaration>
      <conventionDeclaration>
         <citation>Notice établie conformément à la norme ICA-ISAAR (CPF) 2004, aux normes ISO 8601 pour le système de normalisation des dates utilisé, ainsi que AFNOR NF Z 44-061, juin 1986. Catalogage : forme et structure des vedettes noms de personne, des vedettes titres, des rubriques de classement et des titres forgés.</citation>
      </conventionDeclaration>
      <localControl localType="niveau_de_detail">
         <term>Moyenne</term>
      </localControl>
      <maintenanceHistory>
         <maintenanceEvent>
            <eventType>derived</eventType>
            <eventDateTime>2013-04-23</eventDateTime>
            <agentType>machine</agentType>
            <agent>Migration ETANOT</agent>
         </maintenanceEvent>
      </maintenanceHistory>
      <sources>
         <source>
            <descriptiveNote>
               <p>Noémie SANTACANA Les notaires au Châtelet de Paris à l'époque du Cardinal de Fleury, mémoire de maîtrise 2003-2004, dact., p. 301-302</p>
            </descriptiveNote>
         </source>
      </sources>
   </control>
   <cpfDescription>
      <identity>
         <entityType>person</entityType>
         <nameEntry localType="autorisée" scriptCode="Latn" xml:lang="fre">
            <part>Theresse, Jacques</part>
         </nameEntry>
      </identity>
      <description>
         <existDates>
            <dateRange>
               <fromDate standardDate="1741-05-17">17 mai 1741</fromDate>
               <toDate standardDate="1767-12-02">2 décembre 1767</toDate>
            </dateRange>
            <descriptiveNote>
               <p>Les dates d'existence de la personne ne sont pas connues et sont évaluées d'après les dates d'exercice en tant que notaire</p>
            </descriptiveNote>
         </existDates>
         <places>
            <place>
               <placeRole>Lieu de Paris</placeRole>
               <placeEntry localType="paroisse" vocabularySource="d3nyvp4mh0-mwz7xtnntve9">sainte-madeleine (paroisse)</placeEntry>
               <placeEntry localType="paroisse" vocabularySource="d3nyvp9nbr--1ao5x53egc21h">saint-pierre-aux-boeufs (paroisse)</placeEntry>
               <placeEntry localType="paroisse" vocabularySource="d3nyvox0hv--s68ql74wtyjp">saint-germain-l'auxerrois (paroisse)</placeEntry>
               <placeEntry localType="quartier" vocabularySource="d3nyvfvigs--1prphc6bemlqa">cité (quartier)</placeEntry>
               <placeEntry localType="quartier" vocabularySource="d3nyvganm6--1if1tsie3g2r">louvre (quartier)</placeEntry>
               <placeEntry localType="voie" vocabularySource="d3nzbym3ja-1mk8vq2zdk9nj">marmousets (rue des)</placeEntry>
               <placeEntry localType="voie" vocabularySource="d3nzd36jkq-2di11qojb16k">saint-honoré (rue)</placeEntry>
               <placeEntry localType="nomLieu">rue des Marmousets (de 1741 à 1746), rue Saint-Honoré, au coin de la rue du Roule (de 1747 à 1767)</placeEntry>
            </place>
         </places>
         <functions>
            <function>
               <term vocabularySource="d3nyui3o8w--11y7jgy8q3wnt">notaire à paris</term>
               <dateRange>
                  <fromDate standardDate="1741-05-17">17 mai 1741</fromDate>
                  <toDate standardDate="1767-12-02">2 décembre 1767</toDate>
               </dateRange>
            </function>
         </functions>
         <biogHist>
            <p>Baptisé le 29 août 1702</p>
            <p>marié à Marie Nicole Patu</p>
            <p>d'abord principal clerc d'Antoine-François Doyen (étude CXV)</p>
            <p>décédé le 3 mai 1778</p>
         </biogHist>
      </description>
      <relations>
         <cpfRelation xmlns:xlink="http://www.w3.org/1999/xlink"
                      cpfRelationType="associative"
                      xlink:href="FRAN_NP_010205"
                      xlink:type="simple">
            <relationEntry>Etude notariale LXXVIII</relationEntry>
            <dateRange>
               <fromDate standardDate="1741-05-17">17 mai 1741</fromDate>
               <toDate standardDate="1767-12-02">2 décembre 1767</toDate>
            </dateRange>
         </cpfRelation>
         <resourceRelation resourceRelationType="other">
            <relationEntry localType="archival">ET/CXVIII/438 :5 mai 1741, traité d'office de notaire entre Anne Julie Berthelin, veuve de Claude Boivin, et Jacques Théresse</relationEntry>
         </resourceRelation>
         <resourceRelation resourceRelationType="other">
            <relationEntry localType="archival">ET/XII/614, 26 novembre 1767, traité d'office de notaire entre Jacques Théresse et Louis-Auguste Gras</relationEntry>
         </resourceRelation>
         <resourceRelation xmlns:xlink="http://www.w3.org/1999/xlink"
                           resourceRelationType="creatorOf"
                           xlink:href="FRAN_IR_055770"
                           xlink:type="simple">
            <relationEntry localType="archival">Images du répertoire du notaire Jacques Theresse pour l'étude LXXVIII</relationEntry>
         </resourceRelation>
      </relations>
   </cpfDescription>
</eac-cpf>
