<eac-cpf xmlns="urn:isbn:1-931666-33-4"
         xmlns:xsi="http://www.w3.org/2001/XMLSchema-instance"
         xsi:schemaLocation="urn:isbn:1-931666-33-4 cpf.xsd">
   <control>
      <recordId>FRAN_NP_010191</recordId>
      <otherRecordId localType="Ancien_identifiant">FRDAFANCH00MC_NAETUDE_064</otherRecordId>
      <maintenanceStatus>revised</maintenanceStatus>
      <maintenanceAgency>
         <agencyName>Archives nationales de France</agencyName>
      </maintenanceAgency>
      <languageDeclaration>
         <language languageCode="fre">Français</language>
         <script scriptCode="Latn"/>
      </languageDeclaration>
      <conventionDeclaration>
         <citation>Notice établie conformément à la norme ICA-ISAAR (CPF) 2004, aux normes ISO 8601 pour le système de normalisation des dates utilisé, ainsi que AFNOR NF Z 44-061, juin 1986. Catalogage : forme et structure des vedettes noms de personne, des vedettes titres, des rubriques de classement et des titres forgés.</citation>
      </conventionDeclaration>
      <localControl localType="niveau_de_detail">
         <term>Moyenne</term>
      </localControl>
      <maintenanceHistory>
         <maintenanceEvent>
            <eventType>derived</eventType>
            <eventDateTime>2013-04-23</eventDateTime>
            <agentType>machine</agentType>
            <agent>Migration ETANOT</agent>
         </maintenanceEvent>
         <maintenanceEvent>
            <eventType>revised</eventType>
            <eventDateTime>2013-10-16</eventDateTime>
            <agentType>human</agentType>
            <agent>Marie-Françoise LIMON-BONNET</agent>
            <eventDescription>F. Clavaud 16 octobre 2013 : déplacé identifiant dans élément ad hoc</eventDescription>
         </maintenanceEvent>
      </maintenanceHistory>
      <sources>
         <source>
            <descriptiveNote>
               <p>Poisson (Jean-Paul), " Note sur une petite étude notariale parisienne au milieu du XXe siècle LXIV, Le Gnomon, n° 136, nov.-déc. 2002, p. 5. - " Actes notariés et démographie " [actes de l'étude LXIV], Notaires et société. Travaux d'histoire et de sociologie notariales, t. I, 1985, p. 593. - " Analyse statistique du contrat de mariage " [actes de l'étude LXIV (1945-1953)], Notaires et société. Travaux d'histoire et de sociologie notariales, t. I, 1985, p. 601. - " Les régimes matrimoniaux entre 1938 et 1952 " [actes de l'étude LXIV et de trois autres études parisiennes non identifiées], Notaires et société. Travaux d'histoire et de sociologie notariales, t. I, 1985, p. 605. - " Pour une étude statistique des actes de successions " [actes de l'étude LXIV (1954-1956)], Notaires et société. Travaux d'histoire et de sociologie notariales, t. I, 1985, p. 611. - " Pour une étude des donations entre époux " [actes de l'étude LXIV (1959-1965)], Notaires et société. Travaux d'histoire et de sociologie notariales, t. I, 1985, p. 615. - " Introduction à une sociologie statistique des actes de procuration " [actes de l'étude LXIV, 1966], Notaires et société. Travaux d'histoire et de sociologie notariales, t. I, 1985, p. 589. - " Pour une statistique sociologique de la clientèle des notaires " [étude LXIV, 1909, 1936 et 1966], Notaires et société. Travaux d'histoire et de sociologie notariales, t. I, 1985, p. 445.</p>
            </descriptiveNote>
         </source>
      </sources>
   </control>
   <cpfDescription>
      <identity>
         <entityId>75031</entityId>
         <entityType>corporateBody</entityType>
         <nameEntry localType="autorisée" scriptCode="Latn" xml:lang="fre">
            <part>Etude LXIV</part>
         </nameEntry>
      </identity>
      <description>
         <existDates>
            <dateRange>
               <fromDate standardDate="1601-01-01">1601</fromDate>
            </dateRange>
         </existDates>
         <places>
            <place>
               <placeRole>Lieu de Paris</placeRole>
               <placeEntry localType="nomLieu">9, rue Lincoln, 75008 PARIS</placeEntry>
            </place>
         </places>
         <functions>
            <function>
               <term vocabularySource="d3nyui3o8w--11y7jgy8q3wnt">notaire à paris</term>
               <dateRange>
                  <fromDate standardDate="1601-01-01">1601</fromDate>
                  <toDate/>
               </dateRange>
            </function>
         </functions>
         <mandates>
            <mandate>
               <descriptiveNote>
                  <p>
                     <span style="bold">Voir :</span>
                  </p>
                  <p>Poisson (Jean-Paul), "Notes sur une petite étude notariale parisienne au milieu du XXe siècle", dans 
       <span style="italic"> Le Gnomon, Revue internationale d'histoire du notaria</span>t, n° 136, novembre-décembre 2002, pp. 5-6. [étude LXIV à l'époque de Me Bapst, 1942-1969] 
      </p>
                  <p>Voir :</p>
                  <p>Limon-Bonnet (M.-F.) [dir.], 
       <span style="italic">122 minutes d'histoire. Actes des notaires de Paris, XVIe-XXe siècle</span>, Paris, 2012, pp. 132-133. 
      </p>
               </descriptiveNote>
            </mandate>
         </mandates>
         <biogHist>
            <p>Après deux siècles de présence rue de la Harpe (1601 à 1790), l'étude se transporte sur la rive droite pour s'installer rue Montmartre. S'ensuit au XIXe siècle une succession de déménagements pour aboutir boulevard Maleherbes au tournant du XXe siècle et enfin, en 1908, rue Lincoln dans le VIIIe arrondissement, adresse de l'étude encore aujourd'hui. PLusieurs clients illustres ont fréquenté l'étude. Pour l'Ancien Régime, outre Scarron, on retrouve dès 1619 une constitution d'édition de 
     <span style="italic">L'Astrée</span> par Honoré d'Urfé, l'inventaire après décès d'Abel Servien, surintendant des finances de Louis XIV (1659), puis le dépôt du testament d'Antoine Arnauld, théologien, avocat de la cause janséniste, philosophe et mathématicien (1690). Passée la Révolution, l'homme de presse Emile de Girardin se rend plusieurs fois dans l'étude pour y faire établir notamment son contrat de mariage (1831), les biens du peintre Girodet y sont inventoriés à sa mort (1825) et Moïse de Camondo, fondateur du musée Nissim de Camondo, y passe son contrat de mariage (1891). 
    </p>
            <p>Le Minutier central conserve les minutes de l'étude LXIV à partir de l'année 1601.</p>
         </biogHist>
      </description>
      <relations>
         <cpfRelation xmlns:xlink="http://www.w3.org/1999/xlink"
                      cpfRelationType="associative"
                      xlink:href="FRAN_NP_010347"
                      xlink:type="simple">
            <relationEntry>Vaubelin, Alexandre</relationEntry>
            <dateRange>
               <fromDate standardDate="1704-08-07">7 août 1704</fromDate>
               <toDate standardDate="1725-04-23">23 avril 1725</toDate>
            </dateRange>
         </cpfRelation>
         <cpfRelation xmlns:xlink="http://www.w3.org/1999/xlink"
                      cpfRelationType="associative"
                      xlink:href="FRAN_NP_010898"
                      xlink:type="simple">
            <relationEntry>Persil, Nicolas-Jules</relationEntry>
            <dateRange>
               <fromDate standardDate="1853-02-15">15 février 1853</fromDate>
               <toDate standardDate="1887-09-16">16 septembre 1887</toDate>
            </dateRange>
         </cpfRelation>
         <cpfRelation xmlns:xlink="http://www.w3.org/1999/xlink"
                      cpfRelationType="associative"
                      xlink:href="FRAN_NP_011293"
                      xlink:type="simple">
            <relationEntry>Labitte, Maurice</relationEntry>
            <dateRange>
               <fromDate standardDate="1887-09-16">16 septembre 1887</fromDate>
               <toDate standardDate="1908-03-11">11 mars 1908</toDate>
            </dateRange>
         </cpfRelation>
         <cpfRelation xmlns:xlink="http://www.w3.org/1999/xlink"
                      cpfRelationType="associative"
                      xlink:href="FRAN_NP_012619"
                      xlink:type="simple">
            <relationEntry>Caux, Antoine-Joseph de</relationEntry>
            <dateRange>
               <fromDate standardDate="1781-06-01">1er juin 1781</fromDate>
               <toDate standardDate="1800-10-19">19 octobre 1800</toDate>
            </dateRange>
         </cpfRelation>
         <cpfRelation xmlns:xlink="http://www.w3.org/1999/xlink"
                      cpfRelationType="associative"
                      xlink:href="FRAN_NP_012747"
                      xlink:type="simple">
            <relationEntry>Baglan, Antoine</relationEntry>
            <dateRange>
               <fromDate standardDate="1661-04-02">2 avril 1661</fromDate>
               <toDate standardDate="1704-03-18">18 mars 1704</toDate>
            </dateRange>
         </cpfRelation>
         <cpfRelation xmlns:xlink="http://www.w3.org/1999/xlink"
                      cpfRelationType="associative"
                      xlink:href="FRAN_NP_013343"
                      xlink:type="simple">
            <relationEntry>Rollet, Antoine</relationEntry>
            <dateRange>
               <fromDate standardDate="2007-10-31">31 octobre 2007</fromDate>
            </dateRange>
         </cpfRelation>
         <cpfRelation xmlns:xlink="http://www.w3.org/1999/xlink"
                      cpfRelationType="associative"
                      xlink:href="FRAN_NP_011849"
                      xlink:type="simple">
            <relationEntry>Garnon, Absalon</relationEntry>
            <dateRange>
               <fromDate standardDate="1606-01-23">23 janvier 1606</fromDate>
               <toDate standardDate="1632-04-09">9 avril 1632</toDate>
            </dateRange>
         </cpfRelation>
         <cpfRelation xmlns:xlink="http://www.w3.org/1999/xlink"
                      cpfRelationType="associative"
                      xlink:href="FRAN_NP_010791"
                      xlink:type="simple">
            <relationEntry>Nau, Jean-Joseph I</relationEntry>
            <dateRange>
               <fromDate standardDate="1747-06-07">7 juin 1747</fromDate>
               <toDate standardDate="1773-10-27">27 octobre 1773</toDate>
            </dateRange>
         </cpfRelation>
         <cpfRelation xmlns:xlink="http://www.w3.org/1999/xlink"
                      cpfRelationType="associative"
                      xlink:href="FRAN_NP_013060"
                      xlink:type="simple">
            <relationEntry>Brisset, Louis François Jean</relationEntry>
            <dateRange>
               <fromDate standardDate="1908-03-11">11 mars 1908</fromDate>
               <toDate standardDate="1919-10-01">1er octobre 1919</toDate>
            </dateRange>
         </cpfRelation>
         <cpfRelation xmlns:xlink="http://www.w3.org/1999/xlink"
                      cpfRelationType="associative"
                      xlink:href="FRAN_NP_011718"
                      xlink:type="simple">
            <relationEntry>Julliennet, Nicolas</relationEntry>
            <dateRange>
               <fromDate standardDate="1725-04-24">24 avril 1725</fromDate>
               <toDate standardDate="1747-04-24">24 avril 1747</toDate>
            </dateRange>
         </cpfRelation>
         <cpfRelation xmlns:xlink="http://www.w3.org/1999/xlink"
                      cpfRelationType="associative"
                      xlink:href="FRAN_NP_010681"
                      xlink:type="simple">
            <relationEntry>Riviere, Louis de</relationEntry>
            <dateRange>
               <fromDate standardDate="1659-07-15">15 juillet 1659</fromDate>
               <toDate standardDate="1661-03-30">30 mars 1661</toDate>
            </dateRange>
         </cpfRelation>
         <cpfRelation xmlns:xlink="http://www.w3.org/1999/xlink"
                      cpfRelationType="associative"
                      xlink:href="FRAN_NP_010684"
                      xlink:type="simple">
            <relationEntry>Riviere, Pierre de</relationEntry>
            <dateRange>
               <fromDate standardDate="1632-07-26">26 juillet 1632</fromDate>
               <toDate standardDate="1659-06-08">8 juin 1659</toDate>
            </dateRange>
         </cpfRelation>
         <cpfRelation xmlns:xlink="http://www.w3.org/1999/xlink"
                      cpfRelationType="associative"
                      xlink:href="FRAN_NP_010654"
                      xlink:type="simple">
            <relationEntry>Revol,christian</relationEntry>
            <dateRange>
               <fromDate standardDate="1969-01-08">8 janvier 1969</fromDate>
               <toDate standardDate="1996-04-04">4 avril 1996</toDate>
            </dateRange>
         </cpfRelation>
         <cpfRelation xmlns:xlink="http://www.w3.org/1999/xlink"
                      cpfRelationType="associative"
                      xlink:href="FRAN_NP_010792"
                      xlink:type="simple">
            <relationEntry>Nau, Jean-Joseph II</relationEntry>
            <dateRange>
               <fromDate standardDate="1773-10-29">29 octobre 1773</fromDate>
               <toDate standardDate="1781-05-30">30 mai 1781</toDate>
            </dateRange>
         </cpfRelation>
         <cpfRelation xmlns:xlink="http://www.w3.org/1999/xlink"
                      cpfRelationType="associative"
                      xlink:href="FRAN_NP_011850"
                      xlink:type="simple">
            <relationEntry>Garnon, Louis</relationEntry>
            <dateRange>
               <fromDate standardDate="1601-04-26">26 avril 1601</fromDate>
               <toDate standardDate="1605-10-29">29 octobre 1605</toDate>
            </dateRange>
         </cpfRelation>
         <cpfRelation xmlns:xlink="http://www.w3.org/1999/xlink"
                      cpfRelationType="associative"
                      xlink:href="FRAN_NP_012761"
                      xlink:type="simple">
            <relationEntry>Bapst, Lucien Paul Marie</relationEntry>
            <dateRange>
               <fromDate standardDate="1942-11-11">11 novembre 1942</fromDate>
               <toDate standardDate="1969-01-08">8 janvier 1969</toDate>
            </dateRange>
         </cpfRelation>
         <cpfRelation xmlns:xlink="http://www.w3.org/1999/xlink"
                      cpfRelationType="associative"
                      xlink:href="FRAN_NP_011103"
                      xlink:type="simple">
            <relationEntry>Massé, Antoine-Jacques</relationEntry>
            <dateRange>
               <fromDate standardDate="1800-10-19">19 octobre 1800</fromDate>
               <toDate standardDate="1816-07-16">16 juillet 1816</toDate>
            </dateRange>
         </cpfRelation>
         <cpfRelation xmlns:xlink="http://www.w3.org/1999/xlink"
                      cpfRelationType="associative"
                      xlink:href="FRAN_NP_012618"
                      xlink:type="simple">
            <relationEntry>Casagrande, Jean Alain</relationEntry>
            <dateRange>
               <fromDate standardDate="1989-05-17">17 mai 1989</fromDate>
            </dateRange>
         </cpfRelation>
         <cpfRelation xmlns:xlink="http://www.w3.org/1999/xlink"
                      cpfRelationType="associative"
                      xlink:href="FRAN_NP_011123"
                      xlink:type="simple">
            <relationEntry>Mayre, Antoine-Nicolas</relationEntry>
            <dateRange>
               <fromDate standardDate="1838-06-02">2 juin 1838</fromDate>
               <toDate standardDate="1853-02-15">15 février 1853</toDate>
            </dateRange>
         </cpfRelation>
         <cpfRelation xmlns:xlink="http://www.w3.org/1999/xlink"
                      cpfRelationType="associative"
                      xlink:href="FRAN_NP_011296"
                      xlink:type="simple">
            <relationEntry>Labrousse, Jean</relationEntry>
            <dateRange>
               <fromDate standardDate="1993-02-17">17 février 1993</fromDate>
            </dateRange>
         </cpfRelation>
         <cpfRelation xmlns:xlink="http://www.w3.org/1999/xlink"
                      cpfRelationType="associative"
                      xlink:href="FRAN_NP_011315"
                      xlink:type="simple">
            <relationEntry>Lairtullier, Alphonse-Nicolas</relationEntry>
            <dateRange>
               <fromDate standardDate="1816-07-16">16 juillet 1816</fromDate>
               <toDate standardDate="1838-06-02">02 juin 1838</toDate>
            </dateRange>
         </cpfRelation>
         <cpfRelation xmlns:xlink="http://www.w3.org/1999/xlink"
                      cpfRelationType="associative"
                      xlink:href="FRAN_NP_012305"
                      xlink:type="simple">
            <relationEntry>Dauchez, Amédée Alphonse Marie Antoine</relationEntry>
            <dateRange>
               <fromDate standardDate="1919-10-01">1er octobre 1919</fromDate>
               <toDate standardDate="1942-11-11">11 novembre 1942</toDate>
            </dateRange>
         </cpfRelation>
         <resourceRelation xmlns:xlink="http://www.w3.org/1999/xlink"
                           resourceRelationType="subjectOf"
                           xlink:href="FRAN_IR_042474"
                           xlink:type="simple">
            <relationEntry localType="archival">Minutes et répertoires du notaire Antoine Nicolas MAYRE, 2 juin 1838 - 15 février 1853 (étude LXIV)</relationEntry>
         </resourceRelation>
         <resourceRelation xmlns:xlink="http://www.w3.org/1999/xlink"
                           resourceRelationType="subjectOf"
                           xlink:href="FRAN_IR_042465"
                           xlink:type="simple">
            <relationEntry localType="archival">Minutes et répertoires du notaire Louis de RIVIÈRE, 15 juillet 1659 - 30 mars 1661 (étude LXIV)</relationEntry>
         </resourceRelation>
         <resourceRelation xmlns:xlink="http://www.w3.org/1999/xlink"
                           resourceRelationType="subjectOf"
                           xlink:href="FRAN_IR_042471"
                           xlink:type="simple">
            <relationEntry localType="archival">Minutes et répertoires du notaire Alexandre VAUBELIN, 7 août 1704 - 23 avril 1725 (étude LXIV)</relationEntry>
         </resourceRelation>
         <resourceRelation xmlns:xlink="http://www.w3.org/1999/xlink"
                           resourceRelationType="subjectOf"
                           xlink:href="FRAN_IR_042470"
                           xlink:type="simple">
            <relationEntry localType="archival">Minutes et répertoires du notaire Antoine Joseph de CAUX, 1er juin 1781 - 19 octobre 1800 (étude LXIV)</relationEntry>
         </resourceRelation>
         <resourceRelation xmlns:xlink="http://www.w3.org/1999/xlink"
                           resourceRelationType="subjectOf"
                           xlink:href="FRAN_IR_042475"
                           xlink:type="simple">
            <relationEntry localType="archival">Minutes et répertoires du notaire Nicolas Jules PERSIL, 15 février 1853 - 16 septembre 1887 (étude LXIV)</relationEntry>
         </resourceRelation>
         <resourceRelation xmlns:xlink="http://www.w3.org/1999/xlink"
                           resourceRelationType="subjectOf"
                           xlink:href="FRAN_IR_042476"
                           xlink:type="simple">
            <relationEntry localType="archival">Minutes et répertoires du notaire Maurice LABITTE, 16 septembre 1887 - décembre 1899 (étude LXIV)</relationEntry>
         </resourceRelation>
         <resourceRelation xmlns:xlink="http://www.w3.org/1999/xlink"
                           resourceRelationType="subjectOf"
                           xlink:href="FRAN_IR_042472"
                           xlink:type="simple">
            <relationEntry localType="archival">Minutes et répertoires du notaire Nicolas JULLIENNET, 24 avril 1725 - 24 avril 1747 (étude LXIV)</relationEntry>
         </resourceRelation>
         <resourceRelation xmlns:xlink="http://www.w3.org/1999/xlink"
                           resourceRelationType="creatorOf"
                           xlink:href="FRAN_IR_042468"
                           xlink:type="simple">
            <relationEntry localType="archival">Minutes et répertoires du notaire Jean Joseph I NAU, 7 juin 1747 - 27 octobre 1773 (étude LXIV)</relationEntry>
         </resourceRelation>
         <resourceRelation xmlns:xlink="http://www.w3.org/1999/xlink"
                           resourceRelationType="creatorOf"
                           xlink:href="FRAN_IR_042467"
                           xlink:type="simple">
            <relationEntry localType="archival">Minutes et répertoires du notaire Antoine Jacques MASSÉ, 19 octobre 1800 - 16 juillet 1816 (étude LXIV)</relationEntry>
         </resourceRelation>
         <resourceRelation xmlns:xlink="http://www.w3.org/1999/xlink"
                           resourceRelationType="creatorOf"
                           xlink:href="FRAN_IR_042461"
                           xlink:type="simple">
            <relationEntry localType="archival">Minutes et répertoires du notaire Louis GARNON, 26 avril 1601 - 29 octobre 1605 (étude LXIV)</relationEntry>
         </resourceRelation>
         <resourceRelation xmlns:xlink="http://www.w3.org/1999/xlink"
                           resourceRelationType="creatorOf"
                           xlink:href="FRAN_IR_042463"
                           xlink:type="simple">
            <relationEntry localType="archival">Minutes et répertoires du notaire Absalon GARNON, 23 janvier 1606 - 9 avril 1632 (étude LXIV)</relationEntry>
         </resourceRelation>
         <resourceRelation xmlns:xlink="http://www.w3.org/1999/xlink"
                           resourceRelationType="creatorOf"
                           xlink:href="FRAN_IR_052297"
                           xlink:type="simple">
            <relationEntry localType="archival">Images du répertoire du notaire Pierre de Riviere pour l'étude LXIV</relationEntry>
         </resourceRelation>
         <resourceRelation xmlns:xlink="http://www.w3.org/1999/xlink"
                           resourceRelationType="creatorOf"
                           xlink:href="FRAN_IR_052298"
                           xlink:type="simple">
            <relationEntry localType="archival">Images du répertoire du notaire Louis de Riviere pour l'étude LXIV</relationEntry>
         </resourceRelation>
         <resourceRelation xmlns:xlink="http://www.w3.org/1999/xlink"
                           resourceRelationType="creatorOf"
                           xlink:href="FRAN_IR_052299"
                           xlink:type="simple">
            <relationEntry localType="archival">Images du répertoire du notaire Alexandre Vaubelin pour l'étude LXIV</relationEntry>
         </resourceRelation>
         <resourceRelation xmlns:xlink="http://www.w3.org/1999/xlink"
                           resourceRelationType="creatorOf"
                           xlink:href="FRAN_IR_052307"
                           xlink:type="simple">
            <relationEntry localType="archival">Images du répertoire du notaire Nicolas Julliennet pour l'étude LXIV</relationEntry>
         </resourceRelation>
         <resourceRelation xmlns:xlink="http://www.w3.org/1999/xlink"
                           resourceRelationType="creatorOf"
                           xlink:href="FRAN_IR_052296"
                           xlink:type="simple">
            <relationEntry localType="archival">Images des répertoires du notaire Jean Joseph I Nau pour l'étude LXIV</relationEntry>
         </resourceRelation>
         <resourceRelation xmlns:xlink="http://www.w3.org/1999/xlink"
                           resourceRelationType="creatorOf"
                           xlink:href="FRAN_IR_052295"
                           xlink:type="simple">
            <relationEntry localType="archival">Images du répertoire du notaire Jean Joseph II Nau pour l'étude LXIV</relationEntry>
         </resourceRelation>
         <resourceRelation xmlns:xlink="http://www.w3.org/1999/xlink"
                           resourceRelationType="creatorOf"
                           xlink:href="FRAN_IR_052306"
                           xlink:type="simple">
            <relationEntry localType="archival">Images des répertoires du notaire Antoine Joseph de Caux pour l'étude LXIV</relationEntry>
         </resourceRelation>
         <resourceRelation xmlns:xlink="http://www.w3.org/1999/xlink"
                           resourceRelationType="creatorOf"
                           xlink:href="FRAN_IR_052308"
                           xlink:type="simple">
            <relationEntry localType="archival">Images des répertoires du notaire Alphonse Nicolas Lairtullier pour l'étude LXIV</relationEntry>
         </resourceRelation>
         <resourceRelation xmlns:xlink="http://www.w3.org/1999/xlink"
                           resourceRelationType="creatorOf"
                           xlink:href="FRAN_IR_052310"
                           xlink:type="simple">
            <relationEntry localType="archival">Images des répertoires du notaire Antoine Nicolas Mayre pour l'étude LXIV</relationEntry>
         </resourceRelation>
         <resourceRelation xmlns:xlink="http://www.w3.org/1999/xlink"
                           resourceRelationType="creatorOf"
                           xlink:href="FRAN_IR_052294"
                           xlink:type="simple">
            <relationEntry localType="archival">Images des répertoires du notaire Nicolas Jules Persil pour l'étude LXIV</relationEntry>
         </resourceRelation>
         <resourceRelation xmlns:xlink="http://www.w3.org/1999/xlink"
                           resourceRelationType="creatorOf"
                           xlink:href="FRAN_IR_052309"
                           xlink:type="simple">
            <relationEntry localType="archival">Images des répertoires du notaire Maurice Labitte pour l'étude LXIV</relationEntry>
         </resourceRelation>
         <resourceRelation xmlns:xlink="http://www.w3.org/1999/xlink"
                           resourceRelationType="creatorOf"
                           xlink:href="FRAN_IR_055878"
                           xlink:type="simple">
            <relationEntry localType="archival">Images des répertoires du notaire Antoine Baglan pour l'étude LXIV</relationEntry>
         </resourceRelation>
         <resourceRelation xmlns:xlink="http://www.w3.org/1999/xlink"
                           resourceRelationType="creatorOf"
                           xlink:href="FRAN_IR_055880"
                           xlink:type="simple">
            <relationEntry localType="archival">Images des répertoires du notaire Antoine Jacques Massé pour l'étude LXIV</relationEntry>
         </resourceRelation>
         <resourceRelation xmlns:xlink="http://www.w3.org/1999/xlink"
                           resourceRelationType="creatorOf"
                           xlink:href="FRAN_IR_042459"
                           xlink:type="simple">
            <relationEntry localType="archival">Archives de l'étude LXIV</relationEntry>
         </resourceRelation>
      </relations>
   </cpfDescription>
</eac-cpf>
