<eac-cpf xmlns="urn:isbn:1-931666-33-4"
         xmlns:xsi="http://www.w3.org/2001/XMLSchema-instance"
         xsi:schemaLocation="urn:isbn:1-931666-33-4 cpf.xsd">
   <control>
      <recordId>FRAN_NP_010248</recordId>
      <otherRecordId localType="Ancien_identifiant">FRDAFANCH00MC_NAETUDE_121</otherRecordId>
      <maintenanceStatus>derived</maintenanceStatus>
      <maintenanceAgency>
         <agencyName>Archives nationales de France</agencyName>
      </maintenanceAgency>
      <languageDeclaration>
         <language languageCode="fre">Français</language>
         <script scriptCode="Latn"/>
      </languageDeclaration>
      <conventionDeclaration>
         <citation>Notice établie conformément à la norme ICA-ISAAR (CPF) 2004, aux normes ISO 8601 pour le système de normalisation des dates utilisé, ainsi que AFNOR NF Z 44-061, juin 1986. Catalogage : forme et structure des vedettes noms de personne, des vedettes titres, des rubriques de classement et des titres forgés.</citation>
      </conventionDeclaration>
      <localControl localType="niveau_de_detail">
         <term>Moyenne</term>
      </localControl>
      <maintenanceHistory>
         <maintenanceEvent>
            <eventType>derived</eventType>
            <eventDateTime>2013-04-23</eventDateTime>
            <agentType>machine</agentType>
            <agent>Migration ETANOT</agent>
         </maintenanceEvent>
      </maintenanceHistory>
   </control>
   <cpfDescription>
      <identity>
         <entityType>corporateBody</entityType>
         <nameEntry localType="autorisée" scriptCode="Latn" xml:lang="fre">
            <part>Etude CXXI</part>
         </nameEntry>
         <nameEntry>
            <part>75098</part>
         </nameEntry>
      </identity>
      <description>
         <existDates>
            <dateRange>
               <fromDate standardDate="1638-01-01">1638</fromDate>
            </dateRange>
         </existDates>
         <places>
            <place>
               <placeRole>Lieu de Paris</placeRole>
               <placeEntry localType="nomLieu">50, rue Étienne Marcel, BP 232, 75063 PARIS Cedex 02</placeEntry>
            </place>
         </places>
         <functions>
            <function>
               <term vocabularySource="d3nyui3o8w--11y7jgy8q3wnt">notaire à paris</term>
               <dateRange>
                  <fromDate standardDate="1638-01-01">1638</fromDate>
                  <toDate/>
               </dateRange>
            </function>
         </functions>
         <biogHist>
            <p>Le premier notaire de cette étude exerce rue Saint-Denis (1643), puis s'installe à la Croix du Trahoir, rue Saint-Honoré pour des raisons familiales (1645-1665). Son successeur fait retour au quartier d'origine et installe l'étude rue Saint-Martin, paroisse Saint-Nicolas-des-Champs (1665-1715), puis paroisse Saint-Merri jusqu'en 1890. Depuis cette date, l'étude se trouve rue Étienne-Marcel.</p>
         </biogHist>
      </description>
      <relations>
         <cpfRelation xmlns:xlink="http://www.w3.org/1999/xlink"
                      cpfRelationType="associative"
                      xlink:href="FRAN_NP_011394"
                      xlink:type="simple">
            <relationEntry>Le cat, Michel</relationEntry>
            <dateRange>
               <fromDate standardDate="1643-07-06">6 juillet 1643</fromDate>
               <toDate standardDate="1655-02-15">15 février 1655</toDate>
            </dateRange>
         </cpfRelation>
         <cpfRelation xmlns:xlink="http://www.w3.org/1999/xlink"
                      cpfRelationType="associative"
                      xlink:href="FRAN_NP_011451"
                      xlink:type="simple">
            <relationEntry>Leclere, Edmond</relationEntry>
            <dateRange>
               <fromDate standardDate="1861-10-03">3 octobre 1861</fromDate>
               <toDate standardDate="1888-11-16">16 novembre 1888</toDate>
            </dateRange>
         </cpfRelation>
         <cpfRelation xmlns:xlink="http://www.w3.org/1999/xlink"
                      cpfRelationType="associative"
                      xlink:href="FRAN_NP_011480"
                      xlink:type="simple">
            <relationEntry>Lefèvre, Alexandre</relationEntry>
            <dateRange>
               <fromDate standardDate="1698-09-02">2 septembre 1698</fromDate>
               <toDate standardDate="1698-09-30">30 septembre 1698</toDate>
            </dateRange>
         </cpfRelation>
         <cpfRelation xmlns:xlink="http://www.w3.org/1999/xlink"
                      cpfRelationType="associative"
                      xlink:href="FRAN_NP_011661"
                      xlink:type="simple">
            <relationEntry>Jacquelin, Pierre-Louis</relationEntry>
            <dateRange>
               <fromDate standardDate="1799-06-22">22 juin 1799</fromDate>
               <toDate standardDate="1804-10-25">25 octobre 1804</toDate>
            </dateRange>
         </cpfRelation>
         <cpfRelation xmlns:xlink="http://www.w3.org/1999/xlink"
                      cpfRelationType="associative"
                      xlink:href="FRAN_NP_012440"
                      xlink:type="simple">
            <relationEntry>Durcet, Robert de</relationEntry>
            <dateRange>
               <fromDate standardDate="1658-01-29">29 janvier 1658</fromDate>
               <toDate standardDate="1662-07-01">1er juillet 1662</toDate>
            </dateRange>
         </cpfRelation>
         <cpfRelation xmlns:xlink="http://www.w3.org/1999/xlink"
                      cpfRelationType="associative"
                      xlink:href="FRAN_NP_013547"
                      xlink:type="simple">
            <relationEntry>Dumet, Estelle</relationEntry>
            <dateRange>
               <fromDate standardDate="2012-03-26">26 mars 2012</fromDate>
            </dateRange>
         </cpfRelation>
         <cpfRelation xmlns:xlink="http://www.w3.org/1999/xlink"
                      cpfRelationType="associative"
                      xlink:href="FRAN_NP_011090"
                      xlink:type="simple">
            <relationEntry>Marreau, Jean-Baptiste</relationEntry>
            <dateRange>
               <fromDate standardDate="1655-03-12">12 mars 1655</fromDate>
               <toDate standardDate="1658-01-23">23 janvier 1658</toDate>
            </dateRange>
         </cpfRelation>
         <cpfRelation xmlns:xlink="http://www.w3.org/1999/xlink"
                      cpfRelationType="associative"
                      xlink:href="FRAN_NP_011970"
                      xlink:type="simple">
            <relationEntry>Grundler, Christian</relationEntry>
            <dateRange>
               <fromDate standardDate="1979-05-20">20 mai 1979</fromDate>
               <toDate standardDate="1996-04-12">12 avril 1996</toDate>
            </dateRange>
         </cpfRelation>
         <cpfRelation xmlns:xlink="http://www.w3.org/1999/xlink"
                      cpfRelationType="associative"
                      xlink:href="FRAN_NP_011021"
                      xlink:type="simple">
            <relationEntry>Prud'homme, Charles Maurice</relationEntry>
            <dateRange>
               <fromDate standardDate="1912-12-04">4 décembre 1912</fromDate>
               <toDate standardDate="1946-01-09">9 janvier 1946</toDate>
            </dateRange>
         </cpfRelation>
         <cpfRelation xmlns:xlink="http://www.w3.org/1999/xlink"
                      cpfRelationType="associative"
                      xlink:href="FRAN_NP_011024"
                      xlink:type="simple">
            <relationEntry>Prud'homme, Nicolas</relationEntry>
            <dateRange>
               <fromDate standardDate="1989-06-07">7 juin 1989</fromDate>
            </dateRange>
         </cpfRelation>
         <cpfRelation xmlns:xlink="http://www.w3.org/1999/xlink"
                      cpfRelationType="associative"
                      xlink:href="FRAN_NP_010788"
                      xlink:type="simple">
            <relationEntry>Naret, Alfred</relationEntry>
            <dateRange>
               <fromDate standardDate="1888-11-16">16 novembre 1888</fromDate>
               <toDate standardDate="1912-12-04">4 décembre 1912</toDate>
            </dateRange>
         </cpfRelation>
         <cpfRelation xmlns:xlink="http://www.w3.org/1999/xlink"
                      cpfRelationType="associative"
                      xlink:href="FRAN_NP_010622"
                      xlink:type="simple">
            <relationEntry>Raveneau, Gabriel</relationEntry>
            <dateRange>
               <fromDate standardDate="1663-04-26">26 avril 1663</fromDate>
               <toDate standardDate="1698-09-01">1er septembre 1698</toDate>
            </dateRange>
         </cpfRelation>
         <cpfRelation xmlns:xlink="http://www.w3.org/1999/xlink"
                      cpfRelationType="associative"
                      xlink:href="FRAN_NP_013130"
                      xlink:type="simple">
            <relationEntry>Angot, Pierre-Victor</relationEntry>
            <dateRange>
               <fromDate standardDate="1845-08-09">9 août 1845</fromDate>
               <toDate standardDate="1861-10-03">3 octobre 1861</toDate>
            </dateRange>
         </cpfRelation>
         <cpfRelation xmlns:xlink="http://www.w3.org/1999/xlink"
                      cpfRelationType="associative"
                      xlink:href="FRAN_NP_013171"
                      xlink:type="simple">
            <relationEntry>Aveline, Pierre (16..-17..)</relationEntry>
            <dateRange>
               <fromDate standardDate="1715-04-01">1er avril 1715</fromDate>
               <toDate standardDate="1716-01-12">12 janvier 1716</toDate>
            </dateRange>
         </cpfRelation>
         <cpfRelation xmlns:xlink="http://www.w3.org/1999/xlink"
                      cpfRelationType="associative"
                      xlink:href="FRAN_NP_010645"
                      xlink:type="simple">
            <relationEntry>Renard, Etienne</relationEntry>
            <dateRange>
               <fromDate standardDate="1710-07-08">8 juillet 1710</fromDate>
               <toDate standardDate="1715-04-10">10 avril 1715</toDate>
            </dateRange>
         </cpfRelation>
         <cpfRelation xmlns:xlink="http://www.w3.org/1999/xlink"
                      cpfRelationType="associative"
                      xlink:href="FRAN_NP_013081"
                      xlink:type="simple">
            <relationEntry>Buchère, Clément-Jean-Marie</relationEntry>
            <dateRange>
               <fromDate standardDate="1804-10-25">25 octobre 1804</fromDate>
               <toDate standardDate="1845-08-09">9 août 1845</toDate>
            </dateRange>
         </cpfRelation>
         <cpfRelation xmlns:xlink="http://www.w3.org/1999/xlink"
                      cpfRelationType="associative"
                      xlink:href="FRAN_NP_011890"
                      xlink:type="simple">
            <relationEntry>Gibert de lisle, Charles-Antoine</relationEntry>
            <dateRange>
               <fromDate standardDate="1784-05-22">22 mai 1784</fromDate>
               <toDate standardDate="1799-06-22">22 juin 1799</toDate>
            </dateRange>
         </cpfRelation>
         <cpfRelation xmlns:xlink="http://www.w3.org/1999/xlink"
                      cpfRelationType="associative"
                      xlink:href="FRAN_NP_011025"
                      xlink:type="simple">
            <relationEntry>Prud'homme, Robert Jules</relationEntry>
            <dateRange>
               <fromDate standardDate="1946-01-09">9 janvier 1946</fromDate>
               <toDate standardDate="1980-11-28">28 novembre 1980</toDate>
            </dateRange>
         </cpfRelation>
         <cpfRelation xmlns:xlink="http://www.w3.org/1999/xlink"
                      cpfRelationType="associative"
                      xlink:href="FRAN_NP_011022"
                      xlink:type="simple">
            <relationEntry>Prud'homme, Christophe</relationEntry>
            <dateRange>
               <fromDate standardDate="1979-05-20">20 mai 1979</fromDate>
            </dateRange>
         </cpfRelation>
         <cpfRelation xmlns:xlink="http://www.w3.org/1999/xlink"
                      cpfRelationType="associative"
                      xlink:href="FRAN_NP_011987"
                      xlink:type="simple">
            <relationEntry>Guesnon, Jean-François</relationEntry>
            <dateRange>
               <fromDate standardDate="1738-11-22">22 novembre 1738</fromDate>
               <toDate standardDate="1758-10-18">18 octobre 1758</toDate>
            </dateRange>
         </cpfRelation>
         <cpfRelation xmlns:xlink="http://www.w3.org/1999/xlink"
                      cpfRelationType="associative"
                      xlink:href="FRAN_NP_013249"
                      xlink:type="simple">
            <relationEntry>Baum, Nicolas</relationEntry>
            <dateRange>
               <fromDate standardDate="2004-08-12">12 août 2004</fromDate>
            </dateRange>
         </cpfRelation>
         <cpfRelation xmlns:xlink="http://www.w3.org/1999/xlink"
                      cpfRelationType="associative"
                      xlink:href="FRAN_NP_013546"
                      xlink:type="simple">
            <relationEntry>Testut, Axelle</relationEntry>
            <dateRange>
               <fromDate standardDate="2012-03-26">26 mars 2012</fromDate>
            </dateRange>
         </cpfRelation>
         <cpfRelation xmlns:xlink="http://www.w3.org/1999/xlink"
                      cpfRelationType="associative"
                      xlink:href="FRAN_NP_012439"
                      xlink:type="simple">
            <relationEntry>Dubreuilh, Jean-Baptiste</relationEntry>
            <dateRange>
               <fromDate standardDate="1771-11-05">5 novembre 1771</fromDate>
               <toDate standardDate="1784-05-18">18 mai 1784</toDate>
            </dateRange>
         </cpfRelation>
         <cpfRelation xmlns:xlink="http://www.w3.org/1999/xlink"
                      cpfRelationType="associative"
                      xlink:href="FRAN_NP_012437"
                      xlink:type="simple">
            <relationEntry>Demarandel, François-Noël</relationEntry>
            <dateRange>
               <fromDate standardDate="1716-01-01">1716</fromDate>
               <toDate standardDate="1738-12-31">1738</toDate>
            </dateRange>
         </cpfRelation>
         <cpfRelation xmlns:xlink="http://www.w3.org/1999/xlink"
                      cpfRelationType="associative"
                      xlink:href="FRAN_NP_012438"
                      xlink:type="simple">
            <relationEntry>Dondey, Nicolas</relationEntry>
            <dateRange>
               <fromDate standardDate="1758-10-26">26 octobre 1758</fromDate>
               <toDate standardDate="1771-10-30">30 octobre 1771</toDate>
            </dateRange>
         </cpfRelation>
         <cpfRelation xmlns:xlink="http://www.w3.org/1999/xlink"
                      cpfRelationType="associative"
                      xlink:href="FRAN_NP_013418"
                      xlink:type="simple">
            <relationEntry>Perolle, Romaine</relationEntry>
            <dateRange>
               <fromDate standardDate="2009-04-16">16 avril 2009</fromDate>
            </dateRange>
         </cpfRelation>
         <cpfRelation xmlns:xlink="http://www.w3.org/1999/xlink"
                      cpfRelationType="associative"
                      xlink:href="FRAN_NP_013500"
                      xlink:type="simple">
            <relationEntry>Le bihan, Christine</relationEntry>
            <dateRange>
               <fromDate standardDate="2011-04-22">22 avril 2011</fromDate>
            </dateRange>
         </cpfRelation>
         <resourceRelation xmlns:xlink="http://www.w3.org/1999/xlink"
                           resourceRelationType="subjectOf"
                           xlink:href="FRAN_IR_043504"
                           xlink:type="simple">
            <relationEntry localType="archival">Minutes et répertoires du notaire Jean-Baptiste DUBREUILH, 3 novembre 1771 - 21 mai 1784 (étude CXXI)</relationEntry>
         </resourceRelation>
         <resourceRelation xmlns:xlink="http://www.w3.org/1999/xlink"
                           resourceRelationType="subjectOf"
                           xlink:href="FRAN_IR_043503"
                           xlink:type="simple">
            <relationEntry localType="archival">Minutes et répertoires du notaire Nicolas DONDEY, 26 octobre 1758 - 30 octobre 1771 (étude CXXI)</relationEntry>
         </resourceRelation>
         <resourceRelation xmlns:xlink="http://www.w3.org/1999/xlink"
                           resourceRelationType="subjectOf"
                           xlink:href="FRAN_IR_043506"
                           xlink:type="simple">
            <relationEntry localType="archival">Minutes et répertoires du notaire Pierre Louis JACQUELIN, 22 juin 1799 - 25 octobre 1804 (étude CXXI)</relationEntry>
         </resourceRelation>
         <resourceRelation xmlns:xlink="http://www.w3.org/1999/xlink"
                           resourceRelationType="subjectOf"
                           xlink:href="FRAN_IR_043510"
                           xlink:type="simple">
            <relationEntry localType="archival">Minutes et répertoires du notaire Alfred NARET, 16 novembre 1888 - décembre 1899 (étude CXXI)</relationEntry>
         </resourceRelation>
         <resourceRelation xmlns:xlink="http://www.w3.org/1999/xlink"
                           resourceRelationType="subjectOf"
                           xlink:href="FRAN_IR_043508"
                           xlink:type="simple">
            <relationEntry localType="archival">Minutes et répertoires du notaire Pierre Victor ANGOT, 9 août 1845 - 3 octobre 1861 (étude CXXI)</relationEntry>
         </resourceRelation>
         <resourceRelation xmlns:xlink="http://www.w3.org/1999/xlink"
                           resourceRelationType="subjectOf"
                           xlink:href="FRAN_IR_043498"
                           xlink:type="simple">
            <relationEntry localType="archival">Minutes et répertoires du notaire Gabriel RAVENEAU, 26 avril 1663 - 1er septembre 1698 (étude CXXI)</relationEntry>
         </resourceRelation>
         <resourceRelation xmlns:xlink="http://www.w3.org/1999/xlink"
                           resourceRelationType="creatorOf"
                           xlink:href="FRAN_IR_054606"
                           xlink:type="simple">
            <relationEntry localType="archival">«Mélanges» (dossiers de clients) de l’étude CXXI. MC/ET/CXXI/1224 (XVIIIe-XIXe siècle)</relationEntry>
         </resourceRelation>
         <resourceRelation xmlns:xlink="http://www.w3.org/1999/xlink"
                           resourceRelationType="creatorOf"
                           xlink:href="FRAN_IR_043502"
                           xlink:type="simple">
            <relationEntry localType="archival">Minutes et répertoires du notaire Jean François GUESNON, 22 novembre 1738 - 18 octobre 1758 (étude CXXI)</relationEntry>
         </resourceRelation>
         <resourceRelation xmlns:xlink="http://www.w3.org/1999/xlink"
                           resourceRelationType="creatorOf"
                           xlink:href="FRAN_IR_043505"
                           xlink:type="simple">
            <relationEntry localType="archival">Minutes et répertoires du notaire Charles Antoine GIBERT de LISLE, 3 mai 1784 - 10 juin 1799 (étude CXXI)</relationEntry>
         </resourceRelation>
         <resourceRelation xmlns:xlink="http://www.w3.org/1999/xlink"
                           resourceRelationType="creatorOf"
                           xlink:href="FRAN_IR_053488"
                           xlink:type="simple">
            <relationEntry localType="archival">Images du répertoire du notaire Pierre Aveline pour l'étude CXXI</relationEntry>
         </resourceRelation>
         <resourceRelation xmlns:xlink="http://www.w3.org/1999/xlink"
                           resourceRelationType="creatorOf"
                           xlink:href="FRAN_IR_053350"
                           xlink:type="simple">
            <relationEntry localType="archival">Images du répertoire du notaire François Noël Demarandel pour l'étude CXXI</relationEntry>
         </resourceRelation>
         <resourceRelation xmlns:xlink="http://www.w3.org/1999/xlink"
                           resourceRelationType="creatorOf"
                           xlink:href="FRAN_IR_053305"
                           xlink:type="simple">
            <relationEntry localType="archival">Images du répertoire du notaire Jean François Guesnon pour l'étude CXXI</relationEntry>
         </resourceRelation>
         <resourceRelation xmlns:xlink="http://www.w3.org/1999/xlink"
                           resourceRelationType="creatorOf"
                           xlink:href="FRAN_IR_053428"
                           xlink:type="simple">
            <relationEntry localType="archival">Images du répertoire du notaire Nicolas Dondey pour l'étude CXXI</relationEntry>
         </resourceRelation>
         <resourceRelation xmlns:xlink="http://www.w3.org/1999/xlink"
                           resourceRelationType="creatorOf"
                           xlink:href="FRAN_IR_053429"
                           xlink:type="simple">
            <relationEntry localType="archival">Images du répertoire du notaire Jean-Baptiste Dubreuilh pour l'étude CXXI</relationEntry>
         </resourceRelation>
         <resourceRelation xmlns:xlink="http://www.w3.org/1999/xlink"
                           resourceRelationType="creatorOf"
                           xlink:href="FRAN_IR_053295"
                           xlink:type="simple">
            <relationEntry localType="archival">Images du répertoire du notaire Charles Antoine Gibert de Lisle pour l'étude CXXI</relationEntry>
         </resourceRelation>
         <resourceRelation xmlns:xlink="http://www.w3.org/1999/xlink"
                           resourceRelationType="creatorOf"
                           xlink:href="FRAN_IR_053268"
                           xlink:type="simple">
            <relationEntry localType="archival">Images du répertoire du notaire Pierre Louis Jacquelin pour l'étude CXXI</relationEntry>
         </resourceRelation>
         <resourceRelation xmlns:xlink="http://www.w3.org/1999/xlink"
                           resourceRelationType="creatorOf"
                           xlink:href="FRAN_IR_053478"
                           xlink:type="simple">
            <relationEntry localType="archival">Images des répertoires du notaire Clément Jean Marie Buchère pour l'étude CXXI</relationEntry>
         </resourceRelation>
         <resourceRelation xmlns:xlink="http://www.w3.org/1999/xlink"
                           resourceRelationType="creatorOf"
                           xlink:href="FRAN_IR_053480"
                           xlink:type="simple">
            <relationEntry localType="archival">Images des répertoires du notaire Pierre Victor Angot pour l'étude CXXI</relationEntry>
         </resourceRelation>
         <resourceRelation xmlns:xlink="http://www.w3.org/1999/xlink"
                           resourceRelationType="creatorOf"
                           xlink:href="FRAN_IR_053244"
                           xlink:type="simple">
            <relationEntry localType="archival">Images des répertoires du notaire Edmond Leclere pour l'étude CXXI</relationEntry>
         </resourceRelation>
         <resourceRelation xmlns:xlink="http://www.w3.org/1999/xlink"
                           resourceRelationType="creatorOf"
                           xlink:href="FRAN_IR_053171"
                           xlink:type="simple">
            <relationEntry localType="archival">Images des répertoires du notaire Alfred Naret pour l'étude CXXI</relationEntry>
         </resourceRelation>
         <resourceRelation xmlns:xlink="http://www.w3.org/1999/xlink"
                           resourceRelationType="creatorOf"
                           xlink:href="FRAN_IR_055143"
                           xlink:type="simple">
            <relationEntry localType="archival">Images du répertoire du notaire Gabriel Raveneau pour l'étude CXXI</relationEntry>
         </resourceRelation>
         <resourceRelation xmlns:xlink="http://www.w3.org/1999/xlink"
                           resourceRelationType="creatorOf"
                           xlink:href="FRAN_IR_043495"
                           xlink:type="simple">
            <relationEntry localType="archival">Minutes et répertoires du notaire Michel LE CAT, juillet 1643 - 11 mars 1655 (étude CXXI)</relationEntry>
         </resourceRelation>
         <resourceRelation xmlns:xlink="http://www.w3.org/1999/xlink"
                           resourceRelationType="creatorOf"
                           xlink:href="FRAN_IR_043496"
                           xlink:type="simple">
            <relationEntry localType="archival">Minutes et répertoires du notaire Jean-Baptiste MARREAU, 12 mars 1655 - 23 janvier 1658 (étude CXXI)</relationEntry>
         </resourceRelation>
         <resourceRelation xmlns:xlink="http://www.w3.org/1999/xlink"
                           resourceRelationType="creatorOf"
                           xlink:href="FRAN_IR_043497"
                           xlink:type="simple">
            <relationEntry localType="archival">Minutes et répertoires du notaire Robert de DURCET, 29 janvier 1658 - 5 octobre 1662 (étude CXXI)</relationEntry>
         </resourceRelation>
         <resourceRelation xmlns:xlink="http://www.w3.org/1999/xlink"
                           resourceRelationType="creatorOf"
                           xlink:href="FRAN_IR_043499"
                           xlink:type="simple">
            <relationEntry localType="archival">Minutes et répertoires du notaire Étienne RENARD, 8 juillet 1710 - 10 avril 1715 (étude CXXI)</relationEntry>
         </resourceRelation>
         <resourceRelation xmlns:xlink="http://www.w3.org/1999/xlink"
                           resourceRelationType="creatorOf"
                           xlink:href="FRAN_IR_043500"
                           xlink:type="simple">
            <relationEntry localType="archival">Minutes et répertoires du notaire Pierre AVELINE, avril 1715 - 12 janvier 1716 (étude CXXI)</relationEntry>
         </resourceRelation>
         <resourceRelation xmlns:xlink="http://www.w3.org/1999/xlink"
                           resourceRelationType="creatorOf"
                           xlink:href="FRAN_IR_043501"
                           xlink:type="simple">
            <relationEntry localType="archival">Minutes et répertoires du notaire François Noël DEMARANDEL, 14 janvier 1716 - décembre 1738 (étude CXXI)</relationEntry>
         </resourceRelation>
      </relations>
   </cpfDescription>
</eac-cpf>
