<eac-cpf xmlns="urn:isbn:1-931666-33-4"
         xmlns:xsi="http://www.w3.org/2001/XMLSchema-instance"
         xsi:schemaLocation="urn:isbn:1-931666-33-4 cpf.xsd">
   <control>
      <recordId>FRAN_NP_010386</recordId>
      <otherRecordId localType="Ancien_identifiant">FRDAFANCH00MC_NANOTAIRE00088</otherRecordId>
      <maintenanceStatus>derived</maintenanceStatus>
      <maintenanceAgency>
         <agencyName>Archives nationales de France</agencyName>
      </maintenanceAgency>
      <languageDeclaration>
         <language languageCode="fre">Français</language>
         <script scriptCode="Latn"/>
      </languageDeclaration>
      <conventionDeclaration>
         <citation>Notice établie conformément à la norme ICA-ISAAR (CPF) 2004, aux normes ISO 8601 pour le système de normalisation des dates utilisé, ainsi que AFNOR NF Z 44-061, juin 1986. Catalogage : forme et structure des vedettes noms de personne, des vedettes titres, des rubriques de classement et des titres forgés.</citation>
      </conventionDeclaration>
      <localControl localType="niveau_de_detail">
         <term>Moyenne</term>
      </localControl>
      <maintenanceHistory>
         <maintenanceEvent>
            <eventType>derived</eventType>
            <eventDateTime>2013-04-23</eventDateTime>
            <agentType>machine</agentType>
            <agent>Migration ETANOT</agent>
         </maintenanceEvent>
      </maintenanceHistory>
   </control>
   <cpfDescription>
      <identity>
         <entityType>person</entityType>
         <nameEntry localType="autorisée" scriptCode="Latn" xml:lang="fre">
            <part>Vincent, Emile-André</part>
         </nameEntry>
      </identity>
      <description>
         <existDates>
            <dateRange>
               <fromDate standardDate="1883-05-11">11 mai 1883</fromDate>
               <toDate standardDate="1908-07-29">29 juillet 1908</toDate>
            </dateRange>
            <descriptiveNote>
               <p>Les dates d'existence de la personne ne sont pas connues et sont évaluées d'après les dates d'exercice en tant que notaire</p>
            </descriptiveNote>
         </existDates>
         <places>
            <place>
               <placeRole>Lieu de Paris</placeRole>
               <placeEntry localType="arrondissement_actuel"
                           vocabularySource="d3nyv5m81r-3b9vn0frjmzw">07e arrondissement</placeEntry>
               <placeEntry localType="voie" vocabularySource="d3nzdlytap--sq1fociwxfxx">université (rue de l')</placeEntry>
               <placeEntry localType="voie" vocabularySource="d3nzd2ugsj-13vyrmhdaf6ao">saint-germain (boulevard)</placeEntry>
               <placeEntry localType="nomLieu">46 rue de l'Université (de 1883 à 1886), 183 boulevard Saint-Germain (de 1886 à 1898)</placeEntry>
            </place>
         </places>
         <functions>
            <function>
               <term vocabularySource="d3nyui3o8w--11y7jgy8q3wnt">notaire à paris</term>
               <dateRange>
                  <fromDate standardDate="1883-05-11">11 mai 1883</fromDate>
                  <toDate standardDate="1908-07-29">29 juillet 1908</toDate>
               </dateRange>
            </function>
         </functions>
      </description>
      <relations>
         <cpfRelation xmlns:xlink="http://www.w3.org/1999/xlink"
                      cpfRelationType="associative"
                      xlink:href="FRAN_NP_010187"
                      xlink:type="simple">
            <relationEntry>Etude notariale LX</relationEntry>
            <dateRange>
               <fromDate standardDate="1883-05-11">11 mai 1883</fromDate>
               <toDate standardDate="1908-07-29">29 juillet 1908</toDate>
            </dateRange>
         </cpfRelation>
         <resourceRelation resourceRelationType="creatorOf">
            <relationEntry localType="archival">minutes</relationEntry>
            <descriptiveNote>
               <p>les minutes de ce notaire sont conservées à l'étude</p>
            </descriptiveNote>
         </resourceRelation>
         <resourceRelation xmlns:xlink="http://www.w3.org/1999/xlink"
                           resourceRelationType="creatorOf"
                           xlink:href="FRAN_IR_042397"
                           xlink:type="simple">
            <relationEntry localType="archival">Minutes et répertoires du notaire Émile André VINCENT, 11 mai 1883 - 29 juillet 1908 (étude LX)</relationEntry>
         </resourceRelation>
         <resourceRelation xmlns:xlink="http://www.w3.org/1999/xlink"
                           resourceRelationType="creatorOf"
                           xlink:href="FRAN_IR_052247"
                           xlink:type="simple">
            <relationEntry localType="archival">Images des répertoires du notaire Emile André Vincent pour l'étude LX</relationEntry>
         </resourceRelation>
      </relations>
   </cpfDescription>
</eac-cpf>
