<eac-cpf xmlns="urn:isbn:1-931666-33-4"
         xmlns:xsi="http://www.w3.org/2001/XMLSchema-instance"
         xsi:schemaLocation="urn:isbn:1-931666-33-4 cpf.xsd">
   <control>
      <recordId>FRAN_NP_010497</recordId>
      <otherRecordId localType="Ancien_identifiant">FRDAFANCH00MC_NANOTAIRE00208</otherRecordId>
      <maintenanceStatus>derived</maintenanceStatus>
      <maintenanceAgency>
         <agencyName>Archives nationales de France</agencyName>
      </maintenanceAgency>
      <languageDeclaration>
         <language languageCode="fre">Français</language>
         <script scriptCode="Latn"/>
      </languageDeclaration>
      <conventionDeclaration>
         <citation>Notice établie conformément à la norme ICA-ISAAR (CPF) 2004, aux normes ISO 8601 pour le système de normalisation des dates utilisé, ainsi que AFNOR NF Z 44-061, juin 1986. Catalogage : forme et structure des vedettes noms de personne, des vedettes titres, des rubriques de classement et des titres forgés.</citation>
      </conventionDeclaration>
      <localControl localType="niveau_de_detail">
         <term>Moyenne</term>
      </localControl>
      <maintenanceHistory>
         <maintenanceEvent>
            <eventType>derived</eventType>
            <eventDateTime>2013-04-23</eventDateTime>
            <agentType>machine</agentType>
            <agent>Migration ETANOT</agent>
         </maintenanceEvent>
      </maintenanceHistory>
   </control>
   <cpfDescription>
      <identity>
         <entityType>person</entityType>
         <nameEntry localType="autorisée" scriptCode="Latn" xml:lang="fre">
            <part>Troyes, Hector de</part>
         </nameEntry>
      </identity>
      <description>
         <existDates>
            <dateRange>
               <fromDate standardDate="1625-06-18">18 juin 1625</fromDate>
               <toDate standardDate="1631-05-13">13 mai 1631</toDate>
            </dateRange>
            <descriptiveNote>
               <p>Les dates d'existence de la personne ne sont pas connues et sont évaluées d'après les dates d'exercice en tant que notaire</p>
            </descriptiveNote>
         </existDates>
         <places>
            <place>
               <placeRole>Lieu de Paris</placeRole>
               <placeEntry localType="paroisse" vocabularySource="d3nyvpbvqa-1q7k75sdt2gwp">saint-séverin (paroisse)</placeEntry>
               <placeEntry localType="paroisse" vocabularySource="d3nyvpcbgs-1cppi2iacclig">saint-sulpice (paroisse)</placeEntry>
               <placeEntry localType="paroisse" vocabularySource="d3nyvosba5--16qzzcu3058e5">saint-andré-des-arts (paroisse)</placeEntry>
               <placeEntry localType="voie" vocabularySource="d3nzd0ranp--1xongjhkzd5q5">saint-andré-des-arts (rue)</placeEntry>
               <placeEntry localType="nomLieu">rue Saint-André-des-Arts</placeEntry>
            </place>
         </places>
         <functions>
            <function>
               <term vocabularySource="d3nyui3o8w--11y7jgy8q3wnt">notaire à paris</term>
               <dateRange>
                  <fromDate standardDate="1625-06-18">18 juin 1625</fromDate>
                  <toDate standardDate="1631-05-13">13 mai 1631</toDate>
               </dateRange>
            </function>
         </functions>
         <biogHist>
            <p>fils de Claude I de Troyes, auquel il succède, et de Catherine Lelong (voir inventaire après décès de Catherine Lelong)</p>
            <p>frère de Claude II de Troyes, notaire de l'étude XC, et Claude III de Troyes, qui lui succède</p>
            <p>marié à Renée de Saint-Vaast (voir ET/LXXIII/344 folio 41, 3 février 1637, bail par Renée de Saint-Vaast, veuve d'Hector de Troyes)</p>
         </biogHist>
      </description>
      <relations>
         <cpfRelation xmlns:xlink="http://www.w3.org/1999/xlink"
                      cpfRelationType="associative"
                      xlink:href="FRAN_NP_010249"
                      xlink:type="simple">
            <relationEntry>Etude notariale CXXII</relationEntry>
            <dateRange>
               <fromDate standardDate="1625-06-18">18 juin 1625</fromDate>
               <toDate standardDate="1631-05-13">13 mai 1631</toDate>
            </dateRange>
         </cpfRelation>
         <resourceRelation resourceRelationType="other">
            <relationEntry localType="archival">ET/I/88, 3 décembre 1624, inventaire après décès de Catherine Lelong, sa mère</relationEntry>
         </resourceRelation>
         <resourceRelation resourceRelationType="other">
            <relationEntry localType="archival">ET/I/89, 3 mars 1625, déclaration de Claude I de Troyes pour remercier ses fils, Hector et Claude III, qui l'ont aidé pendant 3 ans dans son étude</relationEntry>
         </resourceRelation>
         <resourceRelation xmlns:xlink="http://www.w3.org/1999/xlink"
                           resourceRelationType="creatorOf"
                           xlink:href="FRAN_IR_043575"
                           xlink:type="simple">
            <relationEntry localType="archival">Minutes et répertoires du notaire Hector de TROYES, 18 juin 1625 - 13 mai 1631 (étude CXXII)</relationEntry>
         </resourceRelation>
      </relations>
   </cpfDescription>
</eac-cpf>
