<eac-cpf xmlns="urn:isbn:1-931666-33-4"
         xmlns:xsi="http://www.w3.org/2001/XMLSchema-instance"
         xsi:schemaLocation="urn:isbn:1-931666-33-4 cpf.xsd">
   <control>
      <recordId>FRAN_NP_010452</recordId>
      <otherRecordId localType="Ancien_identifiant">FRDAFANCH00MC_NANOTAIRE00157</otherRecordId>
      <maintenanceStatus>derived</maintenanceStatus>
      <maintenanceAgency>
         <agencyName>Archives nationales de France</agencyName>
      </maintenanceAgency>
      <languageDeclaration>
         <language languageCode="fre">Français</language>
         <script scriptCode="Latn"/>
      </languageDeclaration>
      <conventionDeclaration>
         <citation>Notice établie conformément à la norme ICA-ISAAR (CPF) 2004, aux normes ISO 8601 pour le système de normalisation des dates utilisé, ainsi que AFNOR NF Z 44-061, juin 1986. Catalogage : forme et structure des vedettes noms de personne, des vedettes titres, des rubriques de classement et des titres forgés.</citation>
      </conventionDeclaration>
      <localControl localType="niveau_de_detail">
         <term>Moyenne</term>
      </localControl>
      <maintenanceHistory>
         <maintenanceEvent>
            <eventType>derived</eventType>
            <eventDateTime>2013-04-23</eventDateTime>
            <agentType>machine</agentType>
            <agent>Migration ETANOT</agent>
         </maintenanceEvent>
      </maintenanceHistory>
   </control>
   <cpfDescription>
      <identity>
         <entityType>person</entityType>
         <nameEntry localType="autorisée" scriptCode="Latn" xml:lang="fre">
            <part>Thomas, Antoine Juste Alphonse</part>
         </nameEntry>
         <nameEntry>
            <part>Thomas, Antoine</part>
         </nameEntry>
      </identity>
      <description>
         <existDates>
            <dateRange>
               <fromDate standardDate="1831-12-15">15 décembre 1831</fromDate>
               <toDate standardDate="1886-12-17">17 décembre 1886</toDate>
            </dateRange>
            <descriptiveNote>
               <p>Les dates d'existence de la personne ne sont pas connues et sont évaluées d'après les dates d'exercice en tant que notaire</p>
            </descriptiveNote>
         </existDates>
         <places>
            <place>
               <placeRole>Lieu de Paris</placeRole>
               <placeEntry localType="arrondissement_actuel"
                           vocabularySource="d3nyv5mvjm--gvfz3ej8yx8n">09e arrondissement</placeEntry>
               <placeEntry localType="voie" vocabularySource="d3nzakhbj3--689udokbmsvf">gaillon (rue)</placeEntry>
               <placeEntry localType="voie" vocabularySource="d3nzc8dhuz-1spkuhtb16ps6">neuve-saint-augustin (rue)</placeEntry>
               <placeEntry localType="voie" vocabularySource="d3nz8w8kb6-1xryqfxhmqgqw">bleue (rue)</placeEntry>
               <placeEntry localType="nomLieu">10 rue Gaillon (de 1831 à 1834), 25 rue Neuve-Saint-Augustin (de 1835 à 1842), 17 rue Bleue (de 1843 à 1886)</placeEntry>
            </place>
         </places>
         <functions>
            <function>
               <term vocabularySource="d3nyui3o8w--11y7jgy8q3wnt">notaire à paris</term>
               <dateRange>
                  <fromDate standardDate="1831-12-15">15 décembre 1831</fromDate>
                  <toDate standardDate="1886-12-17">17 décembre 1886</toDate>
               </dateRange>
            </function>
         </functions>
         <biogHist>
            <p>Né le 22 thermidor an XII (10 août 1804) à Paris</p>
            <p>Marié à Lise Collinet</p>
            <p>Décédé le 18 octobre 1886</p>
            <p>Inhumé au cimetière du Père-Lachaise (36ème division, allée des Acacias, première ligne)</p>
            <p>Président de la Chambre des notaires de Paris en 1860</p>
            <p>auteur, à ce titre, de [Notariats du département de la Seine...], Paris 1862</p>
         </biogHist>
      </description>
      <relations>
         <cpfRelation xmlns:xlink="http://www.w3.org/1999/xlink"
                      cpfRelationType="associative"
                      xlink:href="FRAN_NP_010134"
                      xlink:type="simple">
            <relationEntry>Etude notariale VII</relationEntry>
            <dateRange>
               <fromDate standardDate="1831-12-15">15 décembre 1831</fromDate>
               <toDate standardDate="1886-12-17">17 décembre 1886</toDate>
            </dateRange>
         </cpfRelation>
         <resourceRelation resourceRelationType="other">
            <relationEntry localType="archival">BB/10/846, 6 décembre 1831, dossier de nomination</relationEntry>
         </resourceRelation>
         <resourceRelation resourceRelationType="other">
            <relationEntry localType="archival">LH/2596/57, dossier de Légion d'Honneur</relationEntry>
         </resourceRelation>
         <resourceRelation xmlns:xlink="http://www.w3.org/1999/xlink"
                           resourceRelationType="creatorOf"
                           xlink:href="FRAN_IR_051215"
                           xlink:type="simple">
            <relationEntry localType="archival">Images des répertoires du notaire Antoine Juste Alphonse Thomas pour l'étude VII</relationEntry>
         </resourceRelation>
      </relations>
   </cpfDescription>
</eac-cpf>
