<eac-cpf xmlns="urn:isbn:1-931666-33-4"
         xmlns:xsi="http://www.w3.org/2001/XMLSchema-instance"
         xsi:schemaLocation="urn:isbn:1-931666-33-4 cpf.xsd">
   <control>
      <recordId>FRAN_NP_010520</recordId>
      <otherRecordId localType="Ancien_identifiant">FRDAFANCH00MC_NANOTAIRE00233</otherRecordId>
      <maintenanceStatus>derived</maintenanceStatus>
      <maintenanceAgency>
         <agencyName>Archives nationales de France</agencyName>
      </maintenanceAgency>
      <languageDeclaration>
         <language languageCode="fre">Français</language>
         <script scriptCode="Latn"/>
      </languageDeclaration>
      <conventionDeclaration>
         <citation>Notice établie conformément à la norme ICA-ISAAR (CPF) 2004, aux normes ISO 8601 pour le système de normalisation des dates utilisé, ainsi que AFNOR NF Z 44-061, juin 1986. Catalogage : forme et structure des vedettes noms de personne, des vedettes titres, des rubriques de classement et des titres forgés.</citation>
      </conventionDeclaration>
      <localControl localType="niveau_de_detail">
         <term>Moyenne</term>
      </localControl>
      <maintenanceHistory>
         <maintenanceEvent>
            <eventType>derived</eventType>
            <eventDateTime>2013-04-23</eventDateTime>
            <agentType>machine</agentType>
            <agent>Migration ETANOT</agent>
         </maintenanceEvent>
      </maintenanceHistory>
   </control>
   <cpfDescription>
      <identity>
         <entityType>person</entityType>
         <nameEntry localType="autorisée" scriptCode="Latn" xml:lang="fre">
            <part>Sadron, Charles</part>
         </nameEntry>
      </identity>
      <description>
         <existDates>
            <dateRange>
               <fromDate standardDate="1633-06-09">9 juin 1633</fromDate>
               <toDate standardDate="1641-06-17">17 juin 1641</toDate>
            </dateRange>
            <descriptiveNote>
               <p>Les dates d'existence de la personne ne sont pas connues et sont évaluées d'après les dates d'exercice en tant que notaire</p>
            </descriptiveNote>
         </existDates>
         <places>
            <place>
               <placeRole>Lieu de Paris</placeRole>
               <placeEntry localType="paroisse" vocabularySource="d3nyvpacz7--zttlckuuf95o">saint-pierre-des-arcis (paroisse)</placeEntry>
               <placeEntry localType="voie" vocabularySource="d3nzdptw3j-lqbnz5b04un7">vieille-draperie (rue de la)</placeEntry>
               <placeEntry localType="nomLieu">rue de la Vieille-Draperie, devant le Palais</placeEntry>
            </place>
         </places>
         <functions>
            <function>
               <term vocabularySource="d3nyui3o8w--11y7jgy8q3wnt">notaire à paris</term>
               <dateRange>
                  <fromDate standardDate="1633-06-09">9 juin 1633</fromDate>
                  <toDate standardDate="1641-06-17">17 juin 1641</toDate>
               </dateRange>
            </function>
         </functions>
         <biogHist>
            <p>marié à Denise Damilaville (voir ET/VIII/658, 31 août 1644, transport de rente par Charles Sadron et Denise Damilaville, sa femme)</p>
         </biogHist>
      </description>
      <relations>
         <cpfRelation xmlns:xlink="http://www.w3.org/1999/xlink"
                      cpfRelationType="associative"
                      xlink:href="FRAN_NP_010135"
                      xlink:type="simple">
            <relationEntry>Etude notariale VIII</relationEntry>
            <dateRange>
               <fromDate standardDate="1633-06-09">9 juin 1633</fromDate>
               <toDate standardDate="1641-06-17">17 juin 1641</toDate>
            </dateRange>
         </cpfRelation>
         <resourceRelation resourceRelationType="other">
            <relationEntry localType="archival">ET/LXXIII/361, 10 mai 1641, vente par Charles Sadron de son office de notaire à Antoine Huart</relationEntry>
         </resourceRelation>
         <resourceRelation xmlns:xlink="http://www.w3.org/1999/xlink"
                           resourceRelationType="creatorOf"
                           xlink:href="FRAN_IR_041301"
                           xlink:type="simple">
            <relationEntry localType="archival">Minutes et répertoires du notaire Charles SADRON, 9 juin 1633 - 17 juin 1641 (étude VIII)</relationEntry>
         </resourceRelation>
         <resourceRelation xmlns:xlink="http://www.w3.org/1999/xlink"
                           resourceRelationType="creatorOf"
                           xlink:href="FRAN_IR_051230"
                           xlink:type="simple">
            <relationEntry localType="archival">Images du répertoire du notaire Charles Sadron pour l'étude VIII</relationEntry>
         </resourceRelation>
      </relations>
   </cpfDescription>
</eac-cpf>
