<eac-cpf xmlns="urn:isbn:1-931666-33-4"
         xmlns:xsi="http://www.w3.org/2001/XMLSchema-instance"
         xsi:schemaLocation="urn:isbn:1-931666-33-4 cpf.xsd">
   <control>
      <recordId>FRAN_NP_010462</recordId>
      <otherRecordId localType="Ancien_identifiant">FRDAFANCH00MC_NANOTAIRE00169</otherRecordId>
      <maintenanceStatus>derived</maintenanceStatus>
      <maintenanceAgency>
         <agencyName>Archives nationales de France</agencyName>
      </maintenanceAgency>
      <languageDeclaration>
         <language languageCode="fre">Français</language>
         <script scriptCode="Latn"/>
      </languageDeclaration>
      <conventionDeclaration>
         <citation>Notice établie conformément à la norme ICA-ISAAR (CPF) 2004, aux normes ISO 8601 pour le système de normalisation des dates utilisé, ainsi que AFNOR NF Z 44-061, juin 1986. Catalogage : forme et structure des vedettes noms de personne, des vedettes titres, des rubriques de classement et des titres forgés.</citation>
      </conventionDeclaration>
      <localControl localType="niveau_de_detail">
         <term>Moyenne</term>
      </localControl>
      <maintenanceHistory>
         <maintenanceEvent>
            <eventType>derived</eventType>
            <eventDateTime>2013-04-23</eventDateTime>
            <agentType>machine</agentType>
            <agent>Migration ETANOT</agent>
         </maintenanceEvent>
      </maintenanceHistory>
      <sources>
         <source>
            <descriptiveNote>
               <p>Philippe BERTHOLET, Etudes et notaires parisiens en 1803, au moment de la loi du 25 ventôse an XI (16 mars 1803), Paris, 2004, p. 261-263</p>
            </descriptiveNote>
         </source>
      </sources>
   </control>
   <cpfDescription>
      <identity>
         <entityType>person</entityType>
         <nameEntry localType="autorisée" scriptCode="Latn" xml:lang="fre">
            <part>Tissandier, Pierre</part>
         </nameEntry>
         <nameEntry>
            <part>Tissandier, Pierre Joseph Emmanuel</part>
         </nameEntry>
      </identity>
      <description>
         <existDates>
            <dateRange>
               <fromDate standardDate="1799-06-01">1er juin 1799</fromDate>
               <toDate standardDate="1812-12-31">31 décembre 1812</toDate>
            </dateRange>
            <descriptiveNote>
               <p>Les dates d'existence de la personne ne sont pas connues et sont évaluées d'après les dates d'exercice en tant que notaire</p>
            </descriptiveNote>
         </existDates>
         <places>
            <place>
               <placeRole>Lieu de Paris</placeRole>
               <placeEntry localType="paroisse" vocabularySource="d3nyvow9c3--1ln2rhczl581f">saint-eustache (paroisse)</placeEntry>
               <placeEntry localType="quartier" vocabularySource="d3nyvgeuq1--ys2q6qcqeojf">montmartre (quartier)</placeEntry>
               <placeEntry localType="voie" vocabularySource="d3nzc47wbl-1a2g6xqjbuj5s">montmartre (rue)</placeEntry>
               <placeEntry localType="nomLieu">140 rue Montmartre, près la rue Saint-Joseph</placeEntry>
            </place>
         </places>
         <functions>
            <function>
               <term vocabularySource="d3nyui3o8w--11y7jgy8q3wnt">notaire à paris</term>
               <dateRange>
                  <fromDate standardDate="1799-06-01">1er juin 1799</fromDate>
                  <toDate standardDate="1812-12-31">31 décembre 1812</toDate>
               </dateRange>
            </function>
         </functions>
         <biogHist>
            <p>né le 19 novembre 1763 à Brest (Finistère)</p>
            <p>marié à Marie Lhéritier (voir ET/LII/709, 7 vendémiaire an IX [14 septembre 1801], contrat de mariage)</p>
            <p>contraint à la démission en 1812, à la suite de mauvaises affaires</p>
            <p>décédé le 18 avril 1836 à Paris</p>
         </biogHist>
      </description>
      <relations>
         <cpfRelation xmlns:xlink="http://www.w3.org/1999/xlink"
                      cpfRelationType="associative"
                      xlink:href="FRAN_NP_010148"
                      xlink:type="simple">
            <relationEntry>Etude notariale XXI</relationEntry>
            <dateRange>
               <fromDate standardDate="1799-06-01">1er juin 1799</fromDate>
               <toDate standardDate="1812-12-31">31 décembre 1812</toDate>
            </dateRange>
         </cpfRelation>
         <resourceRelation resourceRelationType="other">
            <relationEntry localType="archival">ET/XXI/929, 28 avril 1836, inventaire après décès</relationEntry>
         </resourceRelation>
         <resourceRelation xmlns:xlink="http://www.w3.org/1999/xlink"
                           resourceRelationType="creatorOf"
                           xlink:href="FRAN_IR_041656"
                           xlink:type="simple">
            <relationEntry localType="archival">Minutes et répertoires du notaire Pierre TISSANDIER, 4 juin 1799 - décembre 1812 (étude XXI)</relationEntry>
         </resourceRelation>
         <resourceRelation xmlns:xlink="http://www.w3.org/1999/xlink"
                           resourceRelationType="creatorOf"
                           xlink:href="FRAN_IR_051221"
                           xlink:type="simple">
            <relationEntry localType="archival">Images des répertoires du notaire Pierre Tissandier pour l'étude XXI</relationEntry>
         </resourceRelation>
      </relations>
   </cpfDescription>
</eac-cpf>
