<eac-cpf xmlns="urn:isbn:1-931666-33-4"
         xmlns:xsi="http://www.w3.org/2001/XMLSchema-instance"
         xsi:schemaLocation="urn:isbn:1-931666-33-4 cpf.xsd">
   <control>
      <recordId>FRAN_NP_010560</recordId>
      <otherRecordId localType="Ancien_identifiant">FRDAFANCH00MC_NANOTAIRE00277</otherRecordId>
      <maintenanceStatus>derived</maintenanceStatus>
      <maintenanceAgency>
         <agencyName>Archives nationales de France</agencyName>
      </maintenanceAgency>
      <languageDeclaration>
         <language languageCode="fre">Français</language>
         <script scriptCode="Latn"/>
      </languageDeclaration>
      <conventionDeclaration>
         <citation>Notice établie conformément à la norme ICA-ISAAR (CPF) 2004, aux normes ISO 8601 pour le système de normalisation des dates utilisé, ainsi que AFNOR NF Z 44-061, juin 1986. Catalogage : forme et structure des vedettes noms de personne, des vedettes titres, des rubriques de classement et des titres forgés.</citation>
      </conventionDeclaration>
      <localControl localType="niveau_de_detail">
         <term>Moyenne</term>
      </localControl>
      <maintenanceHistory>
         <maintenanceEvent>
            <eventType>derived</eventType>
            <eventDateTime>2013-04-23</eventDateTime>
            <agentType>machine</agentType>
            <agent>Migration ETANOT</agent>
         </maintenanceEvent>
      </maintenanceHistory>
      <sources>
         <source>
            <descriptiveNote>
               <p>Né le 1er avril 1810 à Paris. Fils de Jean-Pierre Schneider, auquel il succède</p>
            </descriptiveNote>
         </source>
      </sources>
   </control>
   <cpfDescription>
      <identity>
         <entityType>person</entityType>
         <nameEntry localType="autorisée" scriptCode="Latn" xml:lang="fre">
            <part>Schneider, Charles-Adolphe</part>
         </nameEntry>
      </identity>
      <description>
         <existDates>
            <dateRange>
               <fromDate standardDate="1836-01-02">2 janvier 1836</fromDate>
               <toDate standardDate="1849-05-26">26 mai 1849</toDate>
            </dateRange>
            <descriptiveNote>
               <p>Les dates d'existence de la personne ne sont pas connues et sont évaluées d'après les dates d'exercice en tant que notaire</p>
            </descriptiveNote>
         </existDates>
         <places>
            <place>
               <placeRole>Lieu de Paris</placeRole>
               <placeEntry localType="voie" vocabularySource="d3nzakhbj3--689udokbmsvf">gaillon (rue)</placeEntry>
               <placeEntry localType="voie" vocabularySource="d3nzc7warv-11hb5s3qbws2i">neuve-des-mathurins (rue)</placeEntry>
               <placeEntry localType="nomLieu">12 rue Gaillon (de 1836 à 1844), rue Neuve-des-Mathurins (de 1844 à 1849)</placeEntry>
            </place>
         </places>
         <functions>
            <function>
               <term vocabularySource="d3nyui3o8w--11y7jgy8q3wnt">notaire à paris</term>
               <dateRange>
                  <fromDate standardDate="1836-01-02">2 janvier 1836</fromDate>
                  <toDate standardDate="1849-05-26">26 mai 1849</toDate>
               </dateRange>
            </function>
         </functions>
      </description>
      <relations>
         <cpfRelation xmlns:xlink="http://www.w3.org/1999/xlink"
                      cpfRelationType="associative"
                      xlink:href="FRAN_NP_010178"
                      xlink:type="simple">
            <relationEntry>Etude notariale LI</relationEntry>
            <dateRange>
               <fromDate standardDate="1836-01-02">2 janvier 1836</fromDate>
               <toDate standardDate="1849-05-26">26 mai 1849</toDate>
            </dateRange>
         </cpfRelation>
         <resourceRelation resourceRelationType="other">
            <relationEntry localType="archival">BB/10/924/A, 6 novembre 1835, dossier de nomination</relationEntry>
         </resourceRelation>
         <resourceRelation xmlns:xlink="http://www.w3.org/1999/xlink"
                           resourceRelationType="subjectOf"
                           xlink:href="FRAN_IR_042240"
                           xlink:type="simple">
            <relationEntry localType="archival">Minutes et répertoires du notaire Charles Adolphe SCHNEIDER, 2 janvier 1836 - 26 mai 1849 (étude LI)</relationEntry>
         </resourceRelation>
         <resourceRelation xmlns:xlink="http://www.w3.org/1999/xlink"
                           resourceRelationType="creatorOf"
                           xlink:href="FRAN_IR_052121"
                           xlink:type="simple">
            <relationEntry localType="archival">Images des répertoires du notaire Charles Adolphe Schneider pour l'étude LI</relationEntry>
         </resourceRelation>
      </relations>
   </cpfDescription>
</eac-cpf>
