<eac-cpf xmlns="urn:isbn:1-931666-33-4"
         xmlns:xsi="http://www.w3.org/2001/XMLSchema-instance"
         xsi:schemaLocation="urn:isbn:1-931666-33-4 cpf.xsd">
   <control>
      <recordId>FRAN_NP_010612</recordId>
      <otherRecordId localType="Ancien_identifiant">FRDAFANCH00MC_NANOTAIRE00337</otherRecordId>
      <maintenanceStatus>revised</maintenanceStatus>
      <maintenanceAgency>
         <agencyName>Archives nationales de France</agencyName>
      </maintenanceAgency>
      <languageDeclaration>
         <language languageCode="fre">Français</language>
         <script scriptCode="Latn"/>
      </languageDeclaration>
      <conventionDeclaration>
         <citation>Notice établie conformément à la norme ICA-ISAAR (CPF) 2004, aux normes ISO 8601 pour le système de normalisation des dates utilisé, ainsi que AFNOR NF Z 44-061, juin 1986. Catalogage : forme et structure des vedettes noms de personne, des vedettes titres, des rubriques de classement et des titres forgés.</citation>
      </conventionDeclaration>
      <localControl localType="niveau_de_detail">
         <term>Moyenne</term>
      </localControl>
      <maintenanceHistory>
         <maintenanceEvent>
            <eventType>derived</eventType>
            <eventDateTime>2013-04-23</eventDateTime>
            <agentType>machine</agentType>
            <agent>Migration ETANOT</agent>
         </maintenanceEvent>
         <maintenanceEvent>
            <eventType>revised</eventType>
            <eventDateTime>2015-08-13</eventDateTime>
            <agentType>human</agentType>
            <agent>Marie-Françoise LIMON-BONNET</agent>
            <eventDescription>Dépouillement systématique de la collection AD/XXc</eventDescription>
         </maintenanceEvent>
         <maintenanceEvent>
            <eventType>revised</eventType>
            <eventDateTime>2015-08-13</eventDateTime>
            <agentType>human</agentType>
            <agent>Florence CLAVAUD</agent>
            <eventDescription>F. Clavaud, 13 août 2015 : revu liens IR, ajouté texte de référence et sources, activité</eventDescription>
         </maintenanceEvent>
      </maintenanceHistory>
      <sources>
         <source>
            <descriptiveNote>
               <p>Inventaire après décès le 3 août 1773 : MC/ET/V/92</p>
               <p>Liquidation de la succession, 13 juin 1818 : MC/ET/XXIV/1182</p>
            </descriptiveNote>
         </source>
      </sources>
   </control>
   <cpfDescription>
      <identity>
         <entityType>person</entityType>
         <nameEntry localType="autorisée" scriptCode="Latn" xml:lang="fre">
            <part>Raince, Claude-François</part>
         </nameEntry>
         <nameEntry>
            <part>Raince, Claude-François Joseph</part>
         </nameEntry>
      </identity>
      <description>
         <existDates>
            <dateRange>
               <fromDate standardDate="1737-12-11">11 décembre 1737</fromDate>
               <toDate standardDate="1773-07-21">21 juillet 1773</toDate>
            </dateRange>
            <descriptiveNote>
               <p>Les dates d'existence de la personne ne sont pas connues et sont évaluées d'après les dates d'exercice en tant que notaire</p>
            </descriptiveNote>
         </existDates>
         <places>
            <place>
               <placeRole>Lieu de Paris</placeRole>
               <placeEntry localType="paroisse" vocabularySource="d3nyvosba5--16qzzcu3058e5">Saint-André-des-Arts (paroisse)</placeEntry>
               <placeEntry localType="quartier" vocabularySource="d3nyvfvigs--1prphc6bemlqa">Cité (quartier)</placeEntry>
               <placeEntry localType="voie" vocabularySource="d3nzd5ocbl--5saj0eobzq0o">Saint-Michel (pont)</placeEntry>
               <placeEntry localType="nomLieu">Pont Saint-Michel, près la rue de l'Hirondelle</placeEntry>
            </place>
         </places>
         <functions>
            <function>
               <term vocabularySource="d3nyui3o8w--11y7jgy8q3wnt">notaire à Paris</term>
               <dateRange>
                  <fromDate standardDate="1737-12-11">11 décembre 1737</fromDate>
                  <toDate standardDate="1773-07-21">21 juillet 1773</toDate>
               </dateRange>
            </function>
         </functions>
         <occupations>
            <occupation>
               <term vocabularySource="d3nyu9x713-9kcjiv44l4wh">notaire</term>
            </occupation>
         </occupations>
         <mandates>
            <mandate>
               <descriptiveNote>
                  <p>Lettres de provision d'office du 6 décembre 1737 (V/1/312 pièce 348)</p>
               </descriptiveNote>
            </mandate>
         </mandates>
         <biogHist>
            <p>Claude François Raince a pour mère Marguerite de Romigny, épouse Raince. Celle-ci meurt en décembre 1755 rue du Monceau Saint-Gervais et est inhumée le 24 décembre 1755 en l'église Saint-Gervais, sa paroisse (voir faire-part de décès AD/XXc/107).</p>
            <p>Claude François Raince est pourvu de son office le 6 décembre 1737 (lettres de provision d'office du 6 décembre 1737, V/1/312 pièce 348).</p>
            <p>Il meurt durant l'été 1773, son inventaire après décès ayant lieu le 3 août 1773 (MC/ET/V/92), mais la succession n'est liquidée qu'en 1818 (liquidation de la succession, 13 juin 1818, MC/ET/XXIV/1182).</p>
         </biogHist>
      </description>
      <relations>
         <cpfRelation xmlns:xlink="http://www.w3.org/1999/xlink"
                      cpfRelationType="associative"
                      xlink:href="FRAN_NP_010239"
                      xlink:type="simple">
            <relationEntry>Etude notariale CXII</relationEntry>
            <dateRange>
               <fromDate standardDate="1737-12-11">11 décembre 1737</fromDate>
               <toDate standardDate="1773-07-21">21 juillet 1773</toDate>
            </dateRange>
         </cpfRelation>
         <resourceRelation xmlns:xlink="http://www.w3.org/1999/xlink"
                           resourceRelationType="creatorOf"
                           xlink:href="FRAN_IR_053154"
                           xlink:type="simple">
            <relationEntry localType="archival">Images des répertoires du notaire Claude François Raince pour l'étude CXII</relationEntry>
         </resourceRelation>
         <resourceRelation xmlns:xlink="http://www.w3.org/1999/xlink"
                           resourceRelationType="creatorOf"
                           xlink:href="FRAN_IR_043328"
                           xlink:type="simple">
            <relationEntry localType="archival">Minutes et répertoires du notaire Claude François RAINCE, 11 décembre 1737 - 21 juillet 1773 (étude CXII)</relationEntry>
         </resourceRelation>
      </relations>
   </cpfDescription>
</eac-cpf>
