<eac-cpf xmlns="urn:isbn:1-931666-33-4"
         xmlns:xsi="http://www.w3.org/2001/XMLSchema-instance"
         xsi:schemaLocation="urn:isbn:1-931666-33-4 cpf.xsd">
   <control>
      <recordId>FRAN_NP_010218</recordId>
      <otherRecordId localType="Ancien_identifiant">FRDAFANCH00MC_NAETUDE_091</otherRecordId>
      <maintenanceStatus>derived</maintenanceStatus>
      <maintenanceAgency>
         <agencyName>Archives nationales de France</agencyName>
      </maintenanceAgency>
      <languageDeclaration>
         <language languageCode="fre">Français</language>
         <script scriptCode="Latn"/>
      </languageDeclaration>
      <conventionDeclaration>
         <citation>Notice établie conformément à la norme ICA-ISAAR (CPF) 2004, aux normes ISO 8601 pour le système de normalisation des dates utilisé, ainsi que AFNOR NF Z 44-061, juin 1986. Catalogage : forme et structure des vedettes noms de personne, des vedettes titres, des rubriques de classement et des titres forgés.</citation>
      </conventionDeclaration>
      <localControl localType="niveau_de_detail">
         <term>Moyenne</term>
      </localControl>
      <maintenanceHistory>
         <maintenanceEvent>
            <eventType>derived</eventType>
            <eventDateTime>2015-09-30</eventDateTime>
            <agentType>machine</agentType>
            <agent>Migration ETANOT</agent>
         </maintenanceEvent>
      </maintenanceHistory>
      <sources>
         <source>
            <descriptiveNote>
               <p>Poisson (Jean-Paul), " Introduction à l'étude du rôle socio-économique du notariat au XVIIIe siècle : quatre offices parisiens en 1749 " études I, XCI, CVII et CVIII, Notaires et société. Travaux d'histoire et de sociologie notariales, t. I, 1985, p. 367. - " Introduction à l'étude du rôle socio-économique du notariat à la fin du XVIIe siècle : trois offices parisiens en 1698 " [études XCI, CVI et CVIII], Notaires et société. Travaux d'histoire et de sociologie notariales, t. I, 1985, p. 247. - " L'activité notariale comme indicateur socio-économique : l'exemple de la Fronde " [études III, XII et XCI (1645 à 1655)], Notaires et société. Travaux d'histoire et de sociologie notariales, t. I, 1985, p. 229.</p>
            </descriptiveNote>
         </source>
      </sources>
   </control>
   <cpfDescription>
      <identity>
         <entityType>corporateBody</entityType>
         <nameEntry localType="autorisée" scriptCode="Latn" xml:lang="fre">
            <part>Etude XCI</part>
         </nameEntry>
         <nameEntry>
            <part>75030</part>
         </nameEntry>
      </identity>
      <description>
         <existDates>
            <dateRange>
               <fromDate standardDate="1525-01-01">1525</fromDate>
            </dateRange>
         </existDates>
         <places>
            <place>
               <placeRole>Lieu de Paris</placeRole>
               <placeEntry localType="nomLieu">17, rue de la Ville L'Évêque, 75008 PARIS</placeEntry>
            </place>
         </places>
         <functions>
            <function>
               <term vocabularySource="d3nyui3o8w--11y7jgy8q3wnt">notaire à paris</term>
               <dateRange>
                  <fromDate standardDate="1525-01-01">1525</fromDate>
                  <toDate/>
               </dateRange>
            </function>
         </functions>
         <biogHist>
            <p>Les 218 premières liasses de cette étude renferment les minutes de notaires domiciliés rue aux Ours (à partir de1529), puis rue Saint-Martin (en 1599). En 1631, l'étude passe rive gauche : rue Neuve-Saint-Lambert jusqu'en 1710 ; rue de Condé jusqu'en 1813 ; quai Malaquais jusqu'en 1833. En 1834, l'étude franchit à nouveau la Seine et se trouve place de la Concorde en 183. Elle y reste jusqu'au début du XXème siècle.</p>
         </biogHist>
      </description>
      <relations>
         <cpfRelation xmlns:xlink="http://www.w3.org/1999/xlink"
                      cpfRelationType="associative"
                      xlink:href="FRAN_NP_010863"
                      xlink:type="simple">
            <relationEntry>Péan de saint-Gilles, Armand-Louis</relationEntry>
            <dateRange>
               <fromDate standardDate="1819-03-09">9 mars 1819</fromDate>
               <toDate standardDate="1839-08-01">1er août 1839</toDate>
            </dateRange>
         </cpfRelation>
         <cpfRelation xmlns:xlink="http://www.w3.org/1999/xlink"
                      cpfRelationType="associative"
                      xlink:href="FRAN_NP_010866"
                      xlink:type="simple">
            <relationEntry>Péan de saint-Gilles, Pierre-Henri</relationEntry>
            <dateRange>
               <fromDate standardDate="1788-02-01">1er février 1788</fromDate>
               <toDate standardDate="1819-03-09">9 mars 1819</toDate>
            </dateRange>
         </cpfRelation>
         <cpfRelation xmlns:xlink="http://www.w3.org/1999/xlink"
                      cpfRelationType="associative"
                      xlink:href="FRAN_NP_010887"
                      xlink:type="simple">
            <relationEntry>Péron, Cléophas</relationEntry>
            <dateRange>
               <fromDate standardDate="1555-05-01">mai 1555</fromDate>
               <toDate standardDate="1599-03-18">18 mars 1599</toDate>
            </dateRange>
         </cpfRelation>
         <cpfRelation xmlns:xlink="http://www.w3.org/1999/xlink"
                      cpfRelationType="associative"
                      xlink:href="FRAN_NP_011374"
                      xlink:type="simple">
            <relationEntry>Lauverjon, François</relationEntry>
            <dateRange>
               <fromDate standardDate="1710-10-28">28 octobre 1710</fromDate>
               <toDate standardDate="1730-11-12">12 novembre 1730</toDate>
            </dateRange>
         </cpfRelation>
         <cpfRelation xmlns:xlink="http://www.w3.org/1999/xlink"
                      cpfRelationType="associative"
                      xlink:href="FRAN_NP_011474"
                      xlink:type="simple">
            <relationEntry>Lefebvre, Jean-Baptiste</relationEntry>
            <dateRange>
               <fromDate standardDate="1778-09-26">26 septembre 1778</fromDate>
               <toDate standardDate="1788-02-01">1er février 1788</toDate>
            </dateRange>
         </cpfRelation>
         <cpfRelation xmlns:xlink="http://www.w3.org/1999/xlink"
                      cpfRelationType="associative"
                      xlink:href="FRAN_NP_011272"
                      xlink:type="simple">
            <relationEntry>Muret, Pierre I</relationEntry>
            <dateRange>
               <fromDate standardDate="1631-02-10">10 février 1631</fromDate>
               <toDate standardDate="1667-12-30">30 décembre 1667</toDate>
            </dateRange>
         </cpfRelation>
         <cpfRelation xmlns:xlink="http://www.w3.org/1999/xlink"
                      cpfRelationType="associative"
                      xlink:href="FRAN_NP_013204"
                      xlink:type="simple">
            <relationEntry>Mouillon, Christophe</relationEntry>
            <dateRange>
               <fromDate standardDate="2002-01-09">9 janvier 2002</fromDate>
            </dateRange>
         </cpfRelation>
         <cpfRelation xmlns:xlink="http://www.w3.org/1999/xlink"
                      cpfRelationType="associative"
                      xlink:href="FRAN_NP_012669"
                      xlink:type="simple">
            <relationEntry>Cremery, Louis André</relationEntry>
            <dateRange>
               <fromDate standardDate="1904-07-06">6 juillet 1904</fromDate>
               <toDate standardDate="1934-08-29">29 août 1934</toDate>
            </dateRange>
         </cpfRelation>
         <cpfRelation xmlns:xlink="http://www.w3.org/1999/xlink"
                      cpfRelationType="associative"
                      xlink:href="FRAN_NP_010424"
                      xlink:type="simple">
            <relationEntry>Thevenin, Jean</relationEntry>
            <dateRange>
               <fromDate standardDate="1588-02-04">4 février 1588</fromDate>
               <toDate standardDate="1631-02-07">7 février 1631</toDate>
            </dateRange>
         </cpfRelation>
         <cpfRelation xmlns:xlink="http://www.w3.org/1999/xlink"
                      cpfRelationType="associative"
                      xlink:href="FRAN_NP_012777"
                      xlink:type="simple">
            <relationEntry>Baron, Louis-Jacques</relationEntry>
            <dateRange>
               <fromDate standardDate="1762-02-21">21 février 1762</fromDate>
               <toDate standardDate="1778-09-25">25 septembre 1778</toDate>
            </dateRange>
         </cpfRelation>
         <cpfRelation xmlns:xlink="http://www.w3.org/1999/xlink"
                      cpfRelationType="associative"
                      xlink:href="FRAN_NP_011734"
                      xlink:type="simple">
            <relationEntry>Hallé, Claude</relationEntry>
            <dateRange>
               <fromDate standardDate="1525-01-01">1525</fromDate>
               <toDate standardDate="1555-05-25">25 mai 1555</toDate>
            </dateRange>
         </cpfRelation>
         <cpfRelation xmlns:xlink="http://www.w3.org/1999/xlink"
                      cpfRelationType="associative"
                      xlink:href="FRAN_NP_013104"
                      xlink:type="simple">
            <relationEntry>Aleaume, Claude</relationEntry>
            <dateRange>
               <fromDate standardDate="1730-11-12">12 novembre 1730</fromDate>
               <toDate standardDate="1762-02-20">20 février 1762</toDate>
            </dateRange>
         </cpfRelation>
         <cpfRelation xmlns:xlink="http://www.w3.org/1999/xlink"
                      cpfRelationType="associative"
                      xlink:href="FRAN_NP_012034"
                      xlink:type="simple">
            <relationEntry>Faure, Jean Claude</relationEntry>
            <dateRange>
               <fromDate standardDate="1978-07-27">27 juillet 1978</fromDate>
               <toDate standardDate="1999-12-31">1999</toDate>
            </dateRange>
         </cpfRelation>
         <cpfRelation xmlns:xlink="http://www.w3.org/1999/xlink"
                      cpfRelationType="associative"
                      xlink:href="FRAN_NP_013101"
                      xlink:type="simple">
            <relationEntry>Albert-Dupin, Monique</relationEntry>
            <dateRange>
               <fromDate standardDate="1978-07-27">27 juillet 1978</fromDate>
               <toDate standardDate="2001-12-28">28 décembre 2001</toDate>
            </dateRange>
         </cpfRelation>
         <cpfRelation xmlns:xlink="http://www.w3.org/1999/xlink"
                      cpfRelationType="associative"
                      xlink:href="FRAN_NP_013396"
                      xlink:type="simple">
            <relationEntry>Aubert, Jean (15..-15..)</relationEntry>
            <dateRange>
               <fromDate standardDate="1557-01-01">1557</fromDate>
               <toDate standardDate="1566-12-31">1566</toDate>
            </dateRange>
         </cpfRelation>
         <cpfRelation xmlns:xlink="http://www.w3.org/1999/xlink"
                      cpfRelationType="associative"
                      xlink:href="FRAN_NP_011973"
                      xlink:type="simple">
            <relationEntry>Guénin, Étienne-François</relationEntry>
            <dateRange>
               <fromDate standardDate="1839-08-01">1er août 1839</fromDate>
               <toDate standardDate="1857-03-24">24 mars 1857</toDate>
            </dateRange>
         </cpfRelation>
         <cpfRelation xmlns:xlink="http://www.w3.org/1999/xlink"
                      cpfRelationType="associative"
                      xlink:href="FRAN_NP_012667"
                      xlink:type="simple">
            <relationEntry>Carnot, Jean</relationEntry>
            <dateRange>
               <fromDate standardDate="1667-12-30">30 décembre 1667</fromDate>
               <toDate standardDate="1710-12-28">28 décembre 1710</toDate>
            </dateRange>
         </cpfRelation>
         <cpfRelation xmlns:xlink="http://www.w3.org/1999/xlink"
                      cpfRelationType="associative"
                      xlink:href="FRAN_NP_012668"
                      xlink:type="simple">
            <relationEntry>Cremery, Albert Marie Henri</relationEntry>
            <dateRange>
               <fromDate standardDate="1934-08-29">29 août 1934</fromDate>
               <toDate standardDate="1968-10-30">30 octobre 1968</toDate>
            </dateRange>
         </cpfRelation>
         <cpfRelation xmlns:xlink="http://www.w3.org/1999/xlink"
                      cpfRelationType="associative"
                      xlink:href="FRAN_NP_010563"
                      xlink:type="simple">
            <relationEntry>Scognamillo, Véronique</relationEntry>
            <dateRange>
               <fromDate standardDate="1999-02-17">17 février 1999</fromDate>
            </dateRange>
         </cpfRelation>
         <cpfRelation xmlns:xlink="http://www.w3.org/1999/xlink"
                      cpfRelationType="associative"
                      xlink:href="FRAN_NP_011520"
                      xlink:type="simple">
            <relationEntry>Lemeunier, Michel Raymond Lucien</relationEntry>
            <dateRange>
               <fromDate standardDate="1968-10-30">30 octobre 1968</fromDate>
               <toDate standardDate="1976-12-22">22 décembre 1976</toDate>
            </dateRange>
         </cpfRelation>
         <cpfRelation xmlns:xlink="http://www.w3.org/1999/xlink"
                      cpfRelationType="associative"
                      xlink:href="FRAN_NP_012130"
                      xlink:type="simple">
            <relationEntry>Esgret, Guillaume</relationEntry>
            <dateRange>
               <fromDate standardDate="1528-01-01">1528</fromDate>
               <toDate standardDate="1529-12-31">1529</toDate>
            </dateRange>
         </cpfRelation>
         <cpfRelation xmlns:xlink="http://www.w3.org/1999/xlink"
                      cpfRelationType="associative"
                      xlink:href="FRAN_NP_012138"
                      xlink:type="simple">
            <relationEntry>Evin, Ambroise</relationEntry>
            <dateRange>
               <fromDate standardDate="1529-03-28">28 mars 1529</fromDate>
               <toDate standardDate="1530-12-31">1530</toDate>
            </dateRange>
         </cpfRelation>
         <cpfRelation xmlns:xlink="http://www.w3.org/1999/xlink"
                      cpfRelationType="associative"
                      xlink:href="FRAN_NP_012355"
                      xlink:type="simple">
            <relationEntry>Demonts, Agnan</relationEntry>
            <dateRange>
               <fromDate standardDate="1857-03-24">24 mars 1857</fromDate>
               <toDate standardDate="1877-08-10">10 août 1877</toDate>
            </dateRange>
         </cpfRelation>
         <cpfRelation xmlns:xlink="http://www.w3.org/1999/xlink"
                      cpfRelationType="associative"
                      xlink:href="FRAN_NP_012356"
                      xlink:type="simple">
            <relationEntry>Demonts, Jean-Charles</relationEntry>
            <dateRange>
               <fromDate standardDate="1877-08-10">10 août 1877</fromDate>
               <toDate standardDate="1904-07-06">6 juillet 1904</toDate>
            </dateRange>
         </cpfRelation>
         <cpfRelation xmlns:xlink="http://www.w3.org/1999/xlink"
                      cpfRelationType="associative"
                      xlink:href="FRAN_NP_012357"
                      xlink:type="simple">
            <relationEntry>Dupin, Christian</relationEntry>
            <dateRange>
               <fromDate standardDate="1976-12-22">22 décembre 1976</fromDate>
               <toDate standardDate="2001-12-28">28 décembre 2001</toDate>
            </dateRange>
         </cpfRelation>
         <resourceRelation xmlns:xlink="http://www.w3.org/1999/xlink"
                           resourceRelationType="subjectOf"
                           xlink:href="FRAN_IR_042945"
                           xlink:type="simple">
            <relationEntry localType="archival">Minutes et répertoires du notaire Étienne François GUÉNIN, 1er août 1839 - 24 mars 1857 (étude XCI)</relationEntry>
         </resourceRelation>
         <resourceRelation xmlns:xlink="http://www.w3.org/1999/xlink"
                           resourceRelationType="subjectOf"
                           xlink:href="FRAN_IR_042948"
                           xlink:type="simple">
            <relationEntry localType="archival">Minutes et répertoires du notaire Agnan DEMONTS, 24 mars 1857 - 10 août 1877 (étude XCI)</relationEntry>
         </resourceRelation>
         <resourceRelation xmlns:xlink="http://www.w3.org/1999/xlink"
                           resourceRelationType="subjectOf"
                           xlink:href="FRAN_IR_042947"
                           xlink:type="simple">
            <relationEntry localType="archival">Minutes et répertoires du notaire Armand Louis PÉAN de SAINT-GILLES, 9 mars 1819 - 1er août 1839 (étude XCI)</relationEntry>
         </resourceRelation>
         <resourceRelation xmlns:xlink="http://www.w3.org/1999/xlink"
                           resourceRelationType="subjectOf"
                           xlink:href="FRAN_IR_042949"
                           xlink:type="simple">
            <relationEntry localType="archival">Minutes et répertoires du notaire Jean Charles DEMONTS, 10 août 1877 - décembre 1900 (étude XCI)</relationEntry>
         </resourceRelation>
         <resourceRelation xmlns:xlink="http://www.w3.org/1999/xlink"
                           resourceRelationType="creatorOf"
                           xlink:href="FRAN_IR_053771"
                           xlink:type="simple">
            <relationEntry localType="archival">Dossiers de clients de l'étude XCI</relationEntry>
         </resourceRelation>
         <resourceRelation xmlns:xlink="http://www.w3.org/1999/xlink"
                           resourceRelationType="creatorOf"
                           xlink:href="FRAN_IR_054111"
                           xlink:type="simple">
            <relationEntry localType="archival">«Mélanges» (dossiers de clients) de l’étude XCI. MC/ET/XCI/1894-MC/ET/XCI/1950 (1209-1917)</relationEntry>
         </resourceRelation>
         <resourceRelation xmlns:xlink="http://www.w3.org/1999/xlink"
                           resourceRelationType="creatorOf"
                           xlink:href="FRAN_IR_042944"
                           xlink:type="simple">
            <relationEntry localType="archival">Minutes et répertoires du notaire Claude ALEAUME, 12 novembre 1730 - 19 février 1762 (étude XCI)</relationEntry>
         </resourceRelation>
         <resourceRelation xmlns:xlink="http://www.w3.org/1999/xlink"
                           resourceRelationType="creatorOf"
                           xlink:href="FRAN_IR_051338"
                           xlink:type="simple">
            <relationEntry localType="archival">Images du répertoire du notaire Pierre I Muret pour l'étude XCI</relationEntry>
         </resourceRelation>
         <resourceRelation xmlns:xlink="http://www.w3.org/1999/xlink"
                           resourceRelationType="creatorOf"
                           xlink:href="FRAN_IR_051353"
                           xlink:type="simple">
            <relationEntry localType="archival">Images du répertoire du notaire François Lauverjon pour l'étude XCI</relationEntry>
         </resourceRelation>
         <resourceRelation xmlns:xlink="http://www.w3.org/1999/xlink"
                           resourceRelationType="creatorOf"
                           xlink:href="FRAN_IR_042946"
                           xlink:type="simple">
            <relationEntry localType="archival">Minutes et répertoires du notaire Pierre Henri PÉAN de SAINT-GILLES, 1er février 1788 - 9 mars 1819 (étude XCI)</relationEntry>
         </resourceRelation>
         <resourceRelation xmlns:xlink="http://www.w3.org/1999/xlink"
                           resourceRelationType="creatorOf"
                           xlink:href="FRAN_IR_051208"
                           xlink:type="simple">
            <relationEntry localType="archival">Images du répertoire du notaire Jean Thevenin pour l'étude XCI</relationEntry>
         </resourceRelation>
         <resourceRelation xmlns:xlink="http://www.w3.org/1999/xlink"
                           resourceRelationType="creatorOf"
                           xlink:href="FRAN_IR_051516"
                           xlink:type="simple">
            <relationEntry localType="archival">Images des répertoires du notaire Jean Charles Demonts pour l'étude XCI</relationEntry>
         </resourceRelation>
         <resourceRelation xmlns:xlink="http://www.w3.org/1999/xlink"
                           resourceRelationType="creatorOf"
                           xlink:href="FRAN_IR_051518"
                           xlink:type="simple">
            <relationEntry localType="archival">Images des répertoires du notaire Agnan Demonts pour l'étude XCI</relationEntry>
         </resourceRelation>
         <resourceRelation xmlns:xlink="http://www.w3.org/1999/xlink"
                           resourceRelationType="creatorOf"
                           xlink:href="FRAN_IR_051445"
                           xlink:type="simple">
            <relationEntry localType="archival">Images des répertoires du notaire Etienne François Guénin pour l'étude XCI</relationEntry>
         </resourceRelation>
         <resourceRelation xmlns:xlink="http://www.w3.org/1999/xlink"
                           resourceRelationType="creatorOf"
                           xlink:href="FRAN_IR_051563"
                           xlink:type="simple">
            <relationEntry localType="archival">Images des répertoires du notaire Jean Carnot pour l'étude XCI</relationEntry>
         </resourceRelation>
         <resourceRelation xmlns:xlink="http://www.w3.org/1999/xlink"
                           resourceRelationType="creatorOf"
                           xlink:href="FRAN_IR_042933"
                           xlink:type="simple">
            <relationEntry localType="archival">Archives de l'étude XCI</relationEntry>
         </resourceRelation>
         <resourceRelation xmlns:xlink="http://www.w3.org/1999/xlink"
                           resourceRelationType="creatorOf"
                           xlink:href="FRAN_IR_051277"
                           xlink:type="simple">
            <relationEntry localType="archival">Images des répertoires du notaire Armand Louis Péan de Saint-Gilles pour l'étude XCI</relationEntry>
         </resourceRelation>
         <resourceRelation xmlns:xlink="http://www.w3.org/1999/xlink"
                           resourceRelationType="creatorOf"
                           xlink:href="FRAN_IR_042943"
                           xlink:type="simple">
            <relationEntry localType="archival">Minutes et répertoires du notaire Jean-Baptiste LEFEBVRE, 26 septembre 1778 - 1er février 1788 (étude XCI)</relationEntry>
         </resourceRelation>
         <resourceRelation xmlns:xlink="http://www.w3.org/1999/xlink"
                           resourceRelationType="creatorOf"
                           xlink:href="FRAN_IR_042942"
                           xlink:type="simple">
            <relationEntry localType="archival">Minutes et répertoires du notaire Louis Jacques BARON, 21 février 1762 - 25 septembre 1778 (étude XCI)</relationEntry>
         </resourceRelation>
         <resourceRelation xmlns:xlink="http://www.w3.org/1999/xlink"
                           resourceRelationType="creatorOf"
                           xlink:href="FRAN_IR_042940"
                           xlink:type="simple">
            <relationEntry localType="archival">Minutes et répertoires du notaire Jean CARNOT, 30 décembre 1667 - octobre 1710 (étude XCI)</relationEntry>
         </resourceRelation>
         <resourceRelation xmlns:xlink="http://www.w3.org/1999/xlink"
                           resourceRelationType="creatorOf"
                           xlink:href="FRAN_IR_042934"
                           xlink:type="simple">
            <relationEntry localType="archival">Minutes et répertoires du notaire Claude HALLÉ, 1525 - 30 avril 1555 (étude XCI)</relationEntry>
         </resourceRelation>
         <resourceRelation xmlns:xlink="http://www.w3.org/1999/xlink"
                           resourceRelationType="creatorOf"
                           xlink:href="FRAN_IR_042939"
                           xlink:type="simple">
            <relationEntry localType="archival">Minutes et répertoires du notaire Pierre I MURET, 17 février 1631 - 28 décembre 1667 (étude XCI)</relationEntry>
         </resourceRelation>
         <resourceRelation xmlns:xlink="http://www.w3.org/1999/xlink"
                           resourceRelationType="creatorOf"
                           xlink:href="FRAN_IR_042941"
                           xlink:type="simple">
            <relationEntry localType="archival">Minutes et répertoires du notaire François LAUVERJON, 28 octobre 1710 - 12 novembre 1730 (étude XCI)</relationEntry>
         </resourceRelation>
         <resourceRelation xmlns:xlink="http://www.w3.org/1999/xlink"
                           resourceRelationType="creatorOf"
                           xlink:href="FRAN_IR_042938"
                           xlink:type="simple">
            <relationEntry localType="archival">Minutes et répertoires du notaire Jean THEVENIN, 4 février 1588 - 7 février 1631 (étude XCI)</relationEntry>
         </resourceRelation>
         <resourceRelation xmlns:xlink="http://www.w3.org/1999/xlink"
                           resourceRelationType="creatorOf"
                           xlink:href="FRAN_IR_051374"
                           xlink:type="simple">
            <relationEntry localType="archival">Images des répertoires du notaire Jean-Baptiste Lefebvre pour l'étude XCI</relationEntry>
         </resourceRelation>
         <resourceRelation xmlns:xlink="http://www.w3.org/1999/xlink"
                           resourceRelationType="creatorOf"
                           xlink:href="FRAN_IR_053667"
                           xlink:type="simple">
            <relationEntry localType="archival">Images des répertoires du notaire Claude Aleaume pour l'étude XCI</relationEntry>
         </resourceRelation>
         <resourceRelation xmlns:xlink="http://www.w3.org/1999/xlink"
                           resourceRelationType="creatorOf"
                           xlink:href="FRAN_IR_042936"
                           xlink:type="simple">
            <relationEntry localType="archival">Minutes et répertoires du notaire Ambroise EVIN, 28 mars 1529 - décembre 1529 (étude XCI)</relationEntry>
         </resourceRelation>
         <resourceRelation xmlns:xlink="http://www.w3.org/1999/xlink"
                           resourceRelationType="creatorOf"
                           xlink:href="FRAN_IR_042935"
                           xlink:type="simple">
            <relationEntry localType="archival">Minutes et répertoires du notaire Guillaume ESGRET, 16 avril 1525 - décembre 1529 (étude XCI)</relationEntry>
         </resourceRelation>
         <resourceRelation xmlns:xlink="http://www.w3.org/1999/xlink"
                           resourceRelationType="creatorOf"
                           xlink:href="FRAN_IR_053562"
                           xlink:type="simple">
            <relationEntry localType="archival">Images des répertoires du notaire Cléophas Péron pour l'étude XCI</relationEntry>
         </resourceRelation>
         <resourceRelation xmlns:xlink="http://www.w3.org/1999/xlink"
                           resourceRelationType="creatorOf"
                           xlink:href="FRAN_IR_053638"
                           xlink:type="simple">
            <relationEntry localType="archival">Images des répertoires du notaire Louis Jacques Baron pour l'étude XCI</relationEntry>
         </resourceRelation>
         <resourceRelation xmlns:xlink="http://www.w3.org/1999/xlink"
                           resourceRelationType="creatorOf"
                           xlink:href="FRAN_IR_051278"
                           xlink:type="simple">
            <relationEntry localType="archival">Images des répertoires du notaire Pierre Henri Péan de Saint-Gilles pour l'étude XCI</relationEntry>
         </resourceRelation>
         <resourceRelation xmlns:xlink="http://www.w3.org/1999/xlink"
                           resourceRelationType="creatorOf"
                           xlink:href="FRAN_IR_042937"
                           xlink:type="simple">
            <relationEntry localType="archival">Minutes et répertoires du notaire Cléophas PÉRON, mai 1555 - 18 mars 1599 (étude XCI)</relationEntry>
         </resourceRelation>
      </relations>
   </cpfDescription>
</eac-cpf>
