<eac-cpf xmlns="urn:isbn:1-931666-33-4"
         xmlns:xsi="http://www.w3.org/2001/XMLSchema-instance"
         xsi:schemaLocation="urn:isbn:1-931666-33-4 cpf.xsd">
   <control>
      <recordId>FRAN_NP_010343</recordId>
      <otherRecordId localType="Ancien_identifiant">FRDAFANCH00MC_NANOTAIRE00045</otherRecordId>
      <maintenanceStatus>derived</maintenanceStatus>
      <maintenanceAgency>
         <agencyName>Archives nationales de France</agencyName>
      </maintenanceAgency>
      <languageDeclaration>
         <language languageCode="fre">Français</language>
         <script scriptCode="Latn"/>
      </languageDeclaration>
      <conventionDeclaration>
         <citation>Notice établie conformément à la norme ICA-ISAAR (CPF) 2004, aux normes ISO 8601 pour le système de normalisation des dates utilisé, ainsi que AFNOR NF Z 44-061, juin 1986. Catalogage : forme et structure des vedettes noms de personne, des vedettes titres, des rubriques de classement et des titres forgés.</citation>
      </conventionDeclaration>
      <localControl localType="niveau_de_detail">
         <term>Moyenne</term>
      </localControl>
      <maintenanceHistory>
         <maintenanceEvent>
            <eventType>derived</eventType>
            <eventDateTime>2013-04-23</eventDateTime>
            <agentType>machine</agentType>
            <agent>Migration ETANOT</agent>
         </maintenanceEvent>
      </maintenanceHistory>
   </control>
   <cpfDescription>
      <identity>
         <entityType>person</entityType>
         <nameEntry localType="autorisée" scriptCode="Latn" xml:lang="fre">
            <part>Vassetz, Thomas</part>
         </nameEntry>
      </identity>
      <description>
         <existDates>
            <dateRange>
               <fromDate standardDate="1616-05-28">28 mai 1616</fromDate>
               <toDate standardDate="1642-07-26">26 juillet 1642</toDate>
            </dateRange>
            <descriptiveNote>
               <p>Les dates d'existence de la personne ne sont pas connues et sont évaluées d'après les dates d'exercice en tant que notaire</p>
            </descriptiveNote>
         </existDates>
         <places>
            <place>
               <placeRole>Lieu de Paris</placeRole>
               <placeEntry localType="paroisse" vocabularySource="d3nyvp9nbr--1ao5x53egc21h">saint-pierre-aux-boeufs (paroisse)</placeEntry>
               <placeEntry localType="paroisse" vocabularySource="d3nyvp4mh0-mwz7xtnntve9">sainte-madeleine (paroisse)</placeEntry>
               <placeEntry localType="voie" vocabularySource="d3nzbym3ja-1mk8vq2zdk9nj">marmousets (rue des)</placeEntry>
               <placeEntry localType="nomLieu">rue des Marmousets, au coin de la rue de Perpignan</placeEntry>
            </place>
         </places>
         <functions>
            <function>
               <term vocabularySource="d3nyui3o8w--11y7jgy8q3wnt">notaire à paris</term>
               <dateRange>
                  <fromDate standardDate="1616-05-28">28 mai 1616</fromDate>
                  <toDate standardDate="1642-07-26">26 juillet 1642</toDate>
               </dateRange>
            </function>
         </functions>
         <biogHist>
            <p>marié en premières noces à Louise Leroy (voir ET/XXIX/170, 23 novembre 1619, vente par Louise Leroy, femme autorisé de Thomas Vassetz)</p>
            <p>marié en secondes noces à Marie Carré (voir traité d'office)</p>
         </biogHist>
      </description>
      <relations>
         <cpfRelation xmlns:xlink="http://www.w3.org/1999/xlink"
                      cpfRelationType="associative"
                      xlink:href="FRAN_NP_010211"
                      xlink:type="simple">
            <relationEntry>Etude notariale LXXXIV</relationEntry>
            <dateRange>
               <fromDate standardDate="1616-05-28">28 mai 1616</fromDate>
               <toDate standardDate="1642-07-26">26 juillet 1642</toDate>
            </dateRange>
         </cpfRelation>
         <resourceRelation resourceRelationType="other">
            <relationEntry localType="archival">ET/XVI/85, 1er août 1642, vente par Marie Carré, sa veuve, de son office à Jean II François</relationEntry>
         </resourceRelation>
         <resourceRelation xmlns:xlink="http://www.w3.org/1999/xlink"
                           resourceRelationType="subjectOf"
                           xlink:href="FRAN_IR_042800"
                           xlink:type="simple">
            <relationEntry localType="archival">Minutes et répertoires du notaire Thomas VASSETZ, 28 mai 1616 - 26 juillet 1642 (étude LXXXIV)</relationEntry>
         </resourceRelation>
         <resourceRelation xmlns:xlink="http://www.w3.org/1999/xlink"
                           resourceRelationType="creatorOf"
                           xlink:href="FRAN_IR_055705"
                           xlink:type="simple">
            <relationEntry localType="archival">Images du répertoire du notaire Thomas Vassetz pour l'étude LXXXIV</relationEntry>
         </resourceRelation>
      </relations>
   </cpfDescription>
</eac-cpf>
