<eac-cpf xmlns="urn:isbn:1-931666-33-4"
         xmlns:xsi="http://www.w3.org/2001/XMLSchema-instance"
         xsi:schemaLocation="urn:isbn:1-931666-33-4 cpf.xsd">
   <control>
      <recordId>FRAN_NP_010475</recordId>
      <otherRecordId localType="Ancien_identifiant">FRDAFANCH00MC_NANOTAIRE00182</otherRecordId>
      <maintenanceStatus>derived</maintenanceStatus>
      <maintenanceAgency>
         <agencyName>Archives nationales de France</agencyName>
      </maintenanceAgency>
      <languageDeclaration>
         <language languageCode="fre">Français</language>
         <script scriptCode="Latn"/>
      </languageDeclaration>
      <conventionDeclaration>
         <citation>Notice établie conformément à la norme ICA-ISAAR (CPF) 2004, aux normes ISO 8601 pour le système de normalisation des dates utilisé, ainsi que AFNOR NF Z 44-061, juin 1986. Catalogage : forme et structure des vedettes noms de personne, des vedettes titres, des rubriques de classement et des titres forgés.</citation>
      </conventionDeclaration>
      <localControl localType="niveau_de_detail">
         <term>Moyenne</term>
      </localControl>
      <maintenanceHistory>
         <maintenanceEvent>
            <eventType>derived</eventType>
            <eventDateTime>2013-04-23</eventDateTime>
            <agentType>machine</agentType>
            <agent>Migration ETANOT</agent>
         </maintenanceEvent>
      </maintenanceHistory>
   </control>
   <cpfDescription>
      <identity>
         <entityType>person</entityType>
         <nameEntry localType="autorisée" scriptCode="Latn" xml:lang="fre">
            <part>Toutain, Claude</part>
         </nameEntry>
      </identity>
      <description>
         <existDates>
            <dateRange>
               <fromDate standardDate="1636-10-11">11 octobre 1636</fromDate>
               <toDate standardDate="1644-12-28">28 décembre 1644</toDate>
            </dateRange>
            <descriptiveNote>
               <p>Les dates d'existence de la personne ne sont pas connues et sont évaluées d'après les dates d'exercice en tant que notaire</p>
            </descriptiveNote>
         </existDates>
         <places>
            <place>
               <placeRole>Lieu de Paris</placeRole>
               <placeEntry localType="paroisse" vocabularySource="d3nyvp309r-fxzjuc9ul5cl">saint-leu-saint-gilles (paroisse)</placeEntry>
               <placeEntry localType="voie" vocabularySource="d3nzd1u57i-1h2qpz5x5m5i3">saint-denis (rue)</placeEntry>
               <placeEntry localType="nomLieu">rue Saint-Denis</placeEntry>
            </place>
         </places>
         <functions>
            <function>
               <term vocabularySource="d3nyui3o8w--11y7jgy8q3wnt">notaire à paris</term>
               <dateRange>
                  <fromDate standardDate="1636-10-11">11 octobre 1636</fromDate>
                  <toDate standardDate="1644-12-28">28 décembre 1644</toDate>
               </dateRange>
            </function>
         </functions>
      </description>
      <relations>
         <cpfRelation xmlns:xlink="http://www.w3.org/1999/xlink"
                      cpfRelationType="associative"
                      xlink:href="FRAN_NP_010162"
                      xlink:type="simple">
            <relationEntry>Etude notariale XXXV</relationEntry>
            <dateRange>
               <fromDate standardDate="1636-10-11">11 octobre 1636</fromDate>
               <toDate standardDate="1644-12-28">28 décembre 1644</toDate>
            </dateRange>
         </cpfRelation>
         <resourceRelation resourceRelationType="other">
            <relationEntry localType="archival">ET/XVI/252, 22 mars 1644, procuration de Claude Toutain pour résigner son office de notaire au profit de Jean Colas</relationEntry>
         </resourceRelation>
         <resourceRelation resourceRelationType="other">
            <relationEntry localType="archival">ET/XVI/253, 2 décembre 1644, vente par Claude Toutain de son office de notaire à Philibert Contenot, notaire de l'étude XVI; n.b. : dans cette vente, Contenot n'est que le prête-nom de Jean Colas</relationEntry>
         </resourceRelation>
         <resourceRelation xmlns:xlink="http://www.w3.org/1999/xlink"
                           resourceRelationType="creatorOf"
                           xlink:href="FRAN_IR_041944"
                           xlink:type="simple">
            <relationEntry localType="archival">Minutes et répertoires du notaire Claude TOUTAIN, 12 octobre 1636 - 28 décembre 1644 (étude XXXV)</relationEntry>
         </resourceRelation>
         <resourceRelation xmlns:xlink="http://www.w3.org/1999/xlink"
                           resourceRelationType="creatorOf"
                           xlink:href="FRAN_IR_051914"
                           xlink:type="simple">
            <relationEntry localType="archival">Images du répertoire du notaire Claude Toutain pour l'étude XXXV</relationEntry>
         </resourceRelation>
      </relations>
   </cpfDescription>
</eac-cpf>
