<eac-cpf xmlns="urn:isbn:1-931666-33-4"
         xmlns:xsi="http://www.w3.org/2001/XMLSchema-instance"
         xsi:schemaLocation="urn:isbn:1-931666-33-4 cpf.xsd">
   <control>
      <recordId>FRAN_NP_010554</recordId>
      <otherRecordId localType="Ancien_identifiant">FRDAFANCH00MC_NANOTAIRE00271</otherRecordId>
      <maintenanceStatus>revised</maintenanceStatus>
      <maintenanceAgency>
         <agencyName>Archives nationales de France</agencyName>
      </maintenanceAgency>
      <languageDeclaration>
         <language languageCode="fre">Français</language>
         <script scriptCode="Latn"/>
      </languageDeclaration>
      <conventionDeclaration>
         <citation>Notice établie conformément à la norme ICA-ISAAR (CPF) 2004, aux normes ISO 8601 pour le système de normalisation des dates utilisé, ainsi que AFNOR NF Z 44-061, juin 1986. Catalogage : forme et structure des vedettes noms de personne, des vedettes titres, des rubriques de classement et des titres forgés.</citation>
      </conventionDeclaration>
      <localControl localType="niveau_de_detail">
         <term>Moyenne</term>
      </localControl>
      <maintenanceHistory>
         <maintenanceEvent>
            <eventType>derived</eventType>
            <eventDateTime>2015-09-30</eventDateTime>
            <agentType>machine</agentType>
            <agent>Migration ETANOT</agent>
         </maintenanceEvent>
         <maintenanceEvent>
            <eventType>revised</eventType>
            <eventDateTime>2016-01-11</eventDateTime>
            <agentType>human</agentType>
            <agent>Marie-Françoise LIMON-BONNET</agent>
            <eventDescription>F. Clavaud, 11 janvier 2016 : ajouté activité</eventDescription>
         </maintenanceEvent>
         <maintenanceEvent>
            <eventType>revised</eventType>
            <eventDateTime>2017-02-27</eventDateTime>
            <agentType>human</agentType>
            <agent>Marie-Françoise LIMON-BONNET</agent>
            <eventDescription>Correction des liens IR et ajouts biographiques, Marie-Françoise Limon-Bonnet, 27 février 2017.</eventDescription>
         </maintenanceEvent>
         <maintenanceEvent>
            <eventType>updated</eventType>
            <eventDateTime>2017-02-27</eventDateTime>
            <agentType>human</agentType>
            <agent>Marie-Françoise LIMON-BONNET</agent>
            <eventDescription>Egalement urgent (lecteur). Merci MF</eventDescription>
         </maintenanceEvent>
         <maintenanceEvent>
            <eventType>updated</eventType>
            <eventDateTime>2017-02-27</eventDateTime>
            <agentType>human</agentType>
            <agent>Mission.referentiels MISSION.REFERENTIELS</agent>
            <eventDescription>F. Clavaud, 27 février 2017 : revu la forme du nom et la note sur les dates d'activité</eventDescription>
         </maintenanceEvent>
      </maintenanceHistory>
      <sources>
         <source>
            <sourceEntry>Noémie SANTACANA, Les notaires au Châtelet de Paris à l'époque du Cardinal de Fleury, mémoire de maîtrise 2003-2004, dact., p. 300-301 </sourceEntry>
         </source>
      </sources>
   </control>
   <cpfDescription>
      <identity>
         <entityType>person</entityType>
         <nameEntry localType="autorisée" scriptCode="Latn" xml:lang="fre">
            <part>Savigny, Nicolas I de (16..-1752)</part>
         </nameEntry>
      </identity>
      <description>
         <existDates>
            <dateRange>
               <fromDate standardDate="1690-01-12">12 janvier 1690</fromDate>
               <toDate standardDate="1738-09-12">12 septembre 1738</toDate>
            </dateRange>
            <descriptiveNote>
               <p>Les dates indiquées ici sont les dates d'exercice de ce notaire, dont on ne connaît que la date de décès.</p>
            </descriptiveNote>
         </existDates>
         <places>
            <place>
               <placeRole>Lieu de Paris</placeRole>
               <placeEntry localType="nomLieu">rue des Fossés-Saint-Germain-des-Prés</placeEntry>
               <placeEntry localType="paroisse" vocabularySource="d3nyvpcbgs-1cppi2iacclig">Saint-Sulpice (paroisse)</placeEntry>
               <placeEntry localType="quartier" vocabularySource="d3nyvgazoq--1c50yrnvnvk9s">Luxembourg (quartier)</placeEntry>
               <placeEntry localType="voie" vocabularySource="d3nzai09ii--1tdnegq96iwld">Fossés-Saint-Germain-des-Prés (rue des)</placeEntry>
            </place>
         </places>
         <functions>
            <function>
               <term vocabularySource="d3nyui3o8w--11y7jgy8q3wnt">notaire à Paris</term>
               <dateRange>
                  <fromDate standardDate="1690-01-12">12 janvier 1690</fromDate>
                  <toDate standardDate="1738-09-12">12 septembre 1738</toDate>
               </dateRange>
            </function>
         </functions>
         <occupations>
            <occupation>
               <term vocabularySource="d3nyu9x713-9kcjiv44l4wh">notaire</term>
               <dateRange>
                  <fromDate standardDate="1690-01-12">12 janvier 1690</fromDate>
                  <toDate standardDate="1738-09-12">12 septembre 1738</toDate>
               </dateRange>
            </occupation>
         </occupations>
         <biogHist>
            <p>Marié en premières noces à Anne Marie Capitaine (MC/ET/XCII/269, 15 janvier 1690, contrat de mariage). De ce mariage est issu Nicolas II de Savigny qui succède à son père en 1738.</p>
            <p>Marié en secondes noces à Marie de La Pottaire (MC/ET/LXXIII/587, 11 octobre 1702, contrat de mariage).</p>
            <p>Le 23 décembre 1690 est passé traité d'office de notaire entre Christophe Loyer et Nicolas I de Savigny (MC/ET/XCII/268). Le 9 août 1738, Nicolas I résignant en faveur de son fils Nicolas II, il y a traité d'office entre eux (MC/ET/LVII/356). Son inventaire après décès est dressé le 27 février 1752 (MC/ET/VIII/1101).</p>
            <p>A son décès, en 1752, il laisse 4 enfants co-héritiers qui bénéficient de lettres de bénéfice d'inventaire en date du 9 décembre 1752, entérinées par sentence du Châtelet de Paris du 2 janvier 1753 (Y//4727/A). L'un des enfants, Pierre, renonce à la succession de ses parents pour s'en tenir à son douaire, comme on l'apprend par la procuration qu'il donne à son frère, Nicolas II le 10 juillet 1761 (MC/ET/VIII/1144).</p>
            <p>Expéditions signées par divers notaires sous la cote MC/ET/XXXV/597, dont Nicolas I Savigny.</p>
         </biogHist>
      </description>
      <relations>
         <cpfRelation xmlns:xlink="http://www.w3.org/1999/xlink"
                      cpfRelationType="temporal-later"
                      xlink:href="FRAN_NP_010555"
                      xlink:type="simple">
            <relationEntry>Savigny, Nicolas II de (16..-178.)</relationEntry>
            <dateRange>
               <fromDate standardDate="1738-09-13">13 septembre 1738</fromDate>
            </dateRange>
            <descriptiveNote>
               <p>
     Nicolas II de Savigny succède à Nicolas I de Savigny en tant que notaire.
    </p>
            </descriptiveNote>
         </cpfRelation>
         <cpfRelation xmlns:xlink="http://www.w3.org/1999/xlink"
                      cpfRelationType="family"
                      xlink:href="FRAN_NP_010555"
                      xlink:type="simple">
            <relationEntry>Savigny, Nicolas II de (16..-178.)</relationEntry>
            <descriptiveNote>
               <p>
     Nicolas II de Savigny est le fils de Nicolas I de Savigny
    </p>
            </descriptiveNote>
         </cpfRelation>
         <cpfRelation xmlns:xlink="http://www.w3.org/1999/xlink"
                      cpfRelationType="associative"
                      xlink:href="FRAN_NP_010171"
                      xlink:type="simple">
            <relationEntry>Etude notariale XLIV</relationEntry>
            <dateRange>
               <fromDate standardDate="1690-01-12">12 janvier 1690</fromDate>
               <toDate standardDate="1738-09-12">12 septembre 1738</toDate>
            </dateRange>
         </cpfRelation>
         <resourceRelation xmlns:xlink="http://www.w3.org/1999/xlink"
                           resourceRelationType="creatorOf"
                           xlink:href="FRAN_IR_042107"
                           xlink:type="simple">
            <relationEntry localType="archival">Minutes et répertoires du notaire Nicolas I de SAVIGNY, 12 janvier 1690 - 12 septembre 1738 (étude XLIV)</relationEntry>
         </resourceRelation>
         <resourceRelation xmlns:xlink="http://www.w3.org/1999/xlink"
                           resourceRelationType="creatorOf"
                           xlink:href="FRAN_IR_053548"
                           xlink:type="simple">
            <relationEntry localType="archival">Images des répertoires du notaire Nicolas I de Savigny pour l'étude XLIV</relationEntry>
         </resourceRelation>
      </relations>
   </cpfDescription>
</eac-cpf>
