<eac-cpf xmlns="urn:isbn:1-931666-33-4"
         xmlns:xsi="http://www.w3.org/2001/XMLSchema-instance"
         xsi:schemaLocation="urn:isbn:1-931666-33-4 cpf.xsd">
   <control>
      <recordId>FRAN_NP_010578</recordId>
      <otherRecordId localType="Ancien_identifiant">FRDAFANCH00MC_NANOTAIRE00297</otherRecordId>
      <maintenanceStatus>derived</maintenanceStatus>
      <maintenanceAgency>
         <agencyName>Archives nationales de France</agencyName>
      </maintenanceAgency>
      <languageDeclaration>
         <language languageCode="fre">Français</language>
         <script scriptCode="Latn"/>
      </languageDeclaration>
      <conventionDeclaration>
         <citation>Notice établie conformément à la norme ICA-ISAAR (CPF) 2004, aux normes ISO 8601 pour le système de normalisation des dates utilisé, ainsi que AFNOR NF Z 44-061, juin 1986. Catalogage : forme et structure des vedettes noms de personne, des vedettes titres, des rubriques de classement et des titres forgés.</citation>
      </conventionDeclaration>
      <localControl localType="niveau_de_detail">
         <term>Moyenne</term>
      </localControl>
      <maintenanceHistory>
         <maintenanceEvent>
            <eventType>derived</eventType>
            <eventDateTime>2013-04-23</eventDateTime>
            <agentType>machine</agentType>
            <agent>Migration ETANOT</agent>
         </maintenanceEvent>
      </maintenanceHistory>
      <sources>
         <source>
            <descriptiveNote>
               <p>Philippe BERTHOLET, Etudes et notaires parisiens en 1803, au moment de la loi du 25 ventôse an XI (16 mars 1803), Paris, 2004, p. 542-543</p>
            </descriptiveNote>
         </source>
      </sources>
   </control>
   <cpfDescription>
      <identity>
         <entityType>person</entityType>
         <nameEntry localType="autorisée" scriptCode="Latn" xml:lang="fre">
            <part>Serize, Louis</part>
         </nameEntry>
         <nameEntry>
            <part>Serize, Louis Gervais</part>
         </nameEntry>
      </identity>
      <description>
         <existDates>
            <dateRange>
               <fromDate standardDate="1803-03-12">12 mars 1803</fromDate>
               <toDate standardDate="1812-09-09">9 septembre 1812</toDate>
            </dateRange>
            <descriptiveNote>
               <p>Les dates d'existence de la personne ne sont pas connues et sont évaluées d'après les dates d'exercice en tant que notaire</p>
            </descriptiveNote>
         </existDates>
         <places>
            <place>
               <placeRole>Lieu de Paris</placeRole>
               <placeEntry localType="voie" vocabularySource="d3nzdhpazy-1unee0lc3j4ic">thionville (rue de)</placeEntry>
               <placeEntry localType="voie" vocabularySource="d3nzcm5rv3-pwhvsdg5u4bc">pont-de-lodi (rue du)</placeEntry>
               <placeEntry localType="nomLieu">33 rue de Thionville, près la rue Christine (de l'an IX à 1808), 8 rue du Pont-de-Lodi (de 1809 à 1812)</placeEntry>
            </place>
         </places>
         <functions>
            <function>
               <term vocabularySource="d3nyui3o8w--11y7jgy8q3wnt">notaire à paris</term>
               <dateRange>
                  <fromDate standardDate="1803-03-12">12 mars 1803</fromDate>
                  <toDate standardDate="1812-09-09">9 septembre 1812</toDate>
               </dateRange>
            </function>
         </functions>
         <biogHist>
            <p>Né le 20 juin 1771 à Paris</p>
            <p>marié à Marie Chatain (voir ET/LXIX/821, 15 germinal an II [4 avril 1794], contrat de mariage)</p>
            <p>d'abord clerc chez Edmé Badenier (étude C), il occupe ensuite pendant quelques temps un emploi au Ministère de l'Intérieur en 1794</p>
            <p>principal clerc de Louis Boursier auquel il succède</p>
            <p>décédé le 30 octobre 1853 à Paris</p>
         </biogHist>
      </description>
      <relations>
         <cpfRelation xmlns:xlink="http://www.w3.org/1999/xlink"
                      cpfRelationType="associative"
                      xlink:href="FRAN_NP_010154"
                      xlink:type="simple">
            <relationEntry>Etude notariale XXVII</relationEntry>
            <dateRange>
               <fromDate standardDate="1803-03-12">12 mars 1803</fromDate>
               <toDate standardDate="1812-09-09">9 septembre 1812</toDate>
            </dateRange>
         </cpfRelation>
         <resourceRelation resourceRelationType="other">
            <relationEntry localType="archival">ET/XXXVI/846, 21 novembre 1853, notoriété après décès</relationEntry>
         </resourceRelation>
         <resourceRelation xmlns:xlink="http://www.w3.org/1999/xlink"
                           resourceRelationType="creatorOf"
                           xlink:href="FRAN_IR_041771"
                           xlink:type="simple">
            <relationEntry localType="archival">Minutes et répertoires du notaire Louis SERIZE, 12 mars 1803 - 8 septembre 1812 (étude XXVII)</relationEntry>
         </resourceRelation>
         <resourceRelation xmlns:xlink="http://www.w3.org/1999/xlink"
                           resourceRelationType="creatorOf"
                           xlink:href="FRAN_IR_051240"
                           xlink:type="simple">
            <relationEntry localType="archival">Images des répertoires du notaire Louis Serize pour l'étude XXVII</relationEntry>
         </resourceRelation>
      </relations>
   </cpfDescription>
</eac-cpf>
