<eac-cpf xmlns="urn:isbn:1-931666-33-4"
         xmlns:xsi="http://www.w3.org/2001/XMLSchema-instance"
         xsi:schemaLocation="urn:isbn:1-931666-33-4 cpf.xsd">
   <control>
      <recordId>FRAN_NP_010209</recordId>
      <otherRecordId localType="Ancien_identifiant">FRDAFANCH00MC_NAETUDE_082</otherRecordId>
      <maintenanceStatus>derived</maintenanceStatus>
      <maintenanceAgency>
         <agencyName>Archives nationales de France</agencyName>
      </maintenanceAgency>
      <languageDeclaration>
         <language languageCode="fre">Français</language>
         <script scriptCode="Latn"/>
      </languageDeclaration>
      <conventionDeclaration>
         <citation>Notice établie conformément à la norme ICA-ISAAR (CPF) 2004, aux normes ISO 8601 pour le système de normalisation des dates utilisé, ainsi que AFNOR NF Z 44-061, juin 1986. Catalogage : forme et structure des vedettes noms de personne, des vedettes titres, des rubriques de classement et des titres forgés.</citation>
      </conventionDeclaration>
      <localControl localType="niveau_de_detail">
         <term>Moyenne</term>
      </localControl>
      <maintenanceHistory>
         <maintenanceEvent>
            <eventType>derived</eventType>
            <eventDateTime>2015-09-30</eventDateTime>
            <agentType>machine</agentType>
            <agent>Migration ETANOT</agent>
         </maintenanceEvent>
      </maintenanceHistory>
   </control>
   <cpfDescription>
      <identity>
         <entityType>corporateBody</entityType>
         <nameEntry localType="autorisée" scriptCode="Latn" xml:lang="fre">
            <part>Etude LXXXII</part>
         </nameEntry>
         <nameEntry>
            <part>75004</part>
         </nameEntry>
      </identity>
      <description>
         <existDates>
            <dateRange>
               <fromDate standardDate="1676-01-01">1676</fromDate>
            </dateRange>
         </existDates>
         <places>
            <place>
               <placeRole>Lieu de Paris</placeRole>
               <placeEntry localType="nomLieu">3, rue de Turbigo 75039 PARIS cedex 01</placeEntry>
            </place>
         </places>
         <functions>
            <function>
               <term vocabularySource="d3nyui3o8w--11y7jgy8q3wnt">notaire à paris</term>
               <dateRange>
                  <fromDate standardDate="1676-01-01">1676</fromDate>
                  <toDate/>
               </dateRange>
            </function>
         </functions>
         <biogHist>
            <p>Établie rue Saint-Honoré (paroisse Saint-Germain l'Auxerrois) au XVIIème siècle, l'étude s'installe sur le parvis Notre-Dame en 1694, et y reste jusqu'en 1817. Elle regagne alors son ancien quartier, rue Coq Saint-Honoré. En 1855, elle est rue de Rivoli et elle s'installe finalement rue Turbigo en 1868.</p>
         </biogHist>
      </description>
      <relations>
         <cpfRelation xmlns:xlink="http://www.w3.org/1999/xlink"
                      cpfRelationType="associative"
                      xlink:href="FRAN_NP_010361"
                      xlink:type="simple">
            <relationEntry>Vian, Paul</relationEntry>
            <dateRange>
               <fromDate standardDate="1874-08-05">5 août 1874</fromDate>
               <toDate standardDate="1901-01-16">16 janvier 1901</toDate>
            </dateRange>
         </cpfRelation>
         <cpfRelation xmlns:xlink="http://www.w3.org/1999/xlink"
                      cpfRelationType="associative"
                      xlink:href="FRAN_NP_010916"
                      xlink:type="simple">
            <relationEntry>Piat, Alfred</relationEntry>
            <dateRange>
               <fromDate standardDate="1856-04-03">3 avril 1856</fromDate>
               <toDate standardDate="1874-08-05">5 août 1874</toDate>
            </dateRange>
         </cpfRelation>
         <cpfRelation xmlns:xlink="http://www.w3.org/1999/xlink"
                      cpfRelationType="associative"
                      xlink:href="FRAN_NP_011506"
                      xlink:type="simple">
            <relationEntry>Lehon, Jacques-François</relationEntry>
            <dateRange>
               <fromDate standardDate="1826-01-24">24 janvier 1826</fromDate>
               <toDate standardDate="1841-06-29">29 juin 1841</toDate>
            </dateRange>
         </cpfRelation>
         <cpfRelation xmlns:xlink="http://www.w3.org/1999/xlink"
                      cpfRelationType="associative"
                      xlink:href="FRAN_NP_011622"
                      xlink:type="simple">
            <relationEntry>Loiseau, Bernard</relationEntry>
            <dateRange>
               <fromDate standardDate="1986-07-31">31 juillet 1986</fromDate>
               <toDate standardDate="1995-05-03">3 mai 1995</toDate>
            </dateRange>
         </cpfRelation>
         <cpfRelation xmlns:xlink="http://www.w3.org/1999/xlink"
                      cpfRelationType="associative"
                      xlink:href="FRAN_NP_011129"
                      xlink:type="simple">
            <relationEntry>Mehu de beaujeu, Pierre</relationEntry>
            <dateRange>
               <fromDate standardDate="1685-01-20">20 janvier 1685</fromDate>
               <toDate standardDate="1691-11-09">9 novembre 1691</toDate>
            </dateRange>
         </cpfRelation>
         <cpfRelation xmlns:xlink="http://www.w3.org/1999/xlink"
                      cpfRelationType="associative"
                      xlink:href="FRAN_NP_011209"
                      xlink:type="simple">
            <relationEntry>Montes, Elisabeth</relationEntry>
            <dateRange>
               <fromDate standardDate="1998-01-07">7 janvier 1998</fromDate>
            </dateRange>
         </cpfRelation>
         <cpfRelation xmlns:xlink="http://www.w3.org/1999/xlink"
                      cpfRelationType="associative"
                      xlink:href="FRAN_NP_012652"
                      xlink:type="simple">
            <relationEntry>Toudic, Anne-Marie</relationEntry>
            <dateRange>
               <fromDate standardDate="2006-01-18">18 janvier 2006</fromDate>
            </dateRange>
         </cpfRelation>
         <cpfRelation xmlns:xlink="http://www.w3.org/1999/xlink"
                      cpfRelationType="associative"
                      xlink:href="FRAN_NP_013279"
                      xlink:type="simple">
            <relationEntry>Lucas, Bertrand</relationEntry>
            <dateRange>
               <fromDate standardDate="2006-04-20">20 avril 2006</fromDate>
            </dateRange>
         </cpfRelation>
         <cpfRelation xmlns:xlink="http://www.w3.org/1999/xlink"
                      cpfRelationType="associative"
                      xlink:href="FRAN_NP_012741"
                      xlink:type="simple">
            <relationEntry>Bachelez, Jean</relationEntry>
            <dateRange>
               <fromDate standardDate="1970-07-30">30 juillet 1970</fromDate>
               <toDate standardDate="1987-06-30">30 juin 1987</toDate>
            </dateRange>
         </cpfRelation>
         <cpfRelation xmlns:xlink="http://www.w3.org/1999/xlink"
                      cpfRelationType="associative"
                      xlink:href="FRAN_NP_011807"
                      xlink:type="simple">
            <relationEntry>Huet, Jean-Alexis</relationEntry>
            <dateRange>
               <fromDate standardDate="1841-06-29">29 juin 1841</fromDate>
               <toDate standardDate="1856-04-03">3 avril 1856</toDate>
            </dateRange>
         </cpfRelation>
         <cpfRelation xmlns:xlink="http://www.w3.org/1999/xlink"
                      cpfRelationType="associative"
                      xlink:href="FRAN_NP_011764"
                      xlink:type="simple">
            <relationEntry>Herbelin, Jean-Front</relationEntry>
            <dateRange>
               <fromDate standardDate="1803-02-03">3 février 1803</fromDate>
               <toDate standardDate="1810-10-25">25 octobre 1810</toDate>
            </dateRange>
         </cpfRelation>
         <cpfRelation xmlns:xlink="http://www.w3.org/1999/xlink"
                      cpfRelationType="associative"
                      xlink:href="FRAN_NP_011702"
                      xlink:type="simple">
            <relationEntry>Jousse, Etienne</relationEntry>
            <dateRange>
               <fromDate standardDate="1694-01-26">26 janvier 1694</fromDate>
               <toDate standardDate="1705-09-16">16 septembre 1705</toDate>
            </dateRange>
         </cpfRelation>
         <cpfRelation xmlns:xlink="http://www.w3.org/1999/xlink"
                      cpfRelationType="associative"
                      xlink:href="FRAN_NP_013126"
                      xlink:type="simple">
            <relationEntry>Angénieux, Daniel</relationEntry>
            <dateRange>
               <fromDate standardDate="1975-11-19">19 novembre 1975</fromDate>
               <toDate standardDate="2000-01-28">28 janvier 2000</toDate>
            </dateRange>
         </cpfRelation>
         <cpfRelation xmlns:xlink="http://www.w3.org/1999/xlink"
                      cpfRelationType="associative"
                      xlink:href="FRAN_NP_012903"
                      xlink:type="simple">
            <relationEntry>Bigot, Jean Pierre</relationEntry>
            <dateRange>
               <fromDate standardDate="1998-01-07">7 janvier 1998</fromDate>
            </dateRange>
         </cpfRelation>
         <cpfRelation xmlns:xlink="http://www.w3.org/1999/xlink"
                      cpfRelationType="associative"
                      xlink:href="FRAN_NP_012070"
                      xlink:type="simple">
            <relationEntry>Foignart, Léon</relationEntry>
            <dateRange>
               <fromDate standardDate="1676-06-18">18 juin 1676</fromDate>
               <toDate standardDate="1684-11-15">15 novembre 1684</toDate>
            </dateRange>
         </cpfRelation>
         <cpfRelation xmlns:xlink="http://www.w3.org/1999/xlink"
                      cpfRelationType="associative"
                      xlink:href="FRAN_NP_012082"
                      xlink:type="simple">
            <relationEntry>Fouan, Paul Marie Victor</relationEntry>
            <dateRange>
               <fromDate standardDate="1946-05-07">7 mai 1946</fromDate>
               <toDate standardDate="1979-05-30">30 mai 1979</toDate>
            </dateRange>
         </cpfRelation>
         <cpfRelation xmlns:xlink="http://www.w3.org/1999/xlink"
                      cpfRelationType="associative"
                      xlink:href="FRAN_NP_011701"
                      xlink:type="simple">
            <relationEntry>Jousse, Anselme</relationEntry>
            <dateRange>
               <fromDate standardDate="1705-09-16">16 septembre 1705</fromDate>
               <toDate standardDate="1712-09-28">28 septembre 1712</toDate>
            </dateRange>
         </cpfRelation>
         <cpfRelation xmlns:xlink="http://www.w3.org/1999/xlink"
                      cpfRelationType="associative"
                      xlink:href="FRAN_NP_013077"
                      xlink:type="simple">
            <relationEntry>Brussel, Augustin</relationEntry>
            <dateRange>
               <fromDate standardDate="1712-09-30">30 septembre 1712</fromDate>
               <toDate standardDate="1737-05-28">28 mai 1737</toDate>
            </dateRange>
         </cpfRelation>
         <cpfRelation xmlns:xlink="http://www.w3.org/1999/xlink"
                      cpfRelationType="associative"
                      xlink:href="FRAN_NP_011897"
                      xlink:type="simple">
            <relationEntry>Gilles, Daniel</relationEntry>
            <dateRange>
               <fromDate standardDate="1979-05-30">30 mai 1979</fromDate>
            </dateRange>
         </cpfRelation>
         <cpfRelation xmlns:xlink="http://www.w3.org/1999/xlink"
                      cpfRelationType="associative"
                      xlink:href="FRAN_NP_012742"
                      xlink:type="simple">
            <relationEntry>Bachelez, Victor Ernest Quentin</relationEntry>
            <dateRange>
               <fromDate standardDate="1901-01-16">16 janvier 1901</fromDate>
               <toDate standardDate="1946-05-07">7 mai 1946</toDate>
            </dateRange>
         </cpfRelation>
         <cpfRelation xmlns:xlink="http://www.w3.org/1999/xlink"
                      cpfRelationType="associative"
                      xlink:href="FRAN_NP_012653"
                      xlink:type="simple">
            <relationEntry>Cocuel, Nicolas</relationEntry>
            <dateRange>
               <fromDate standardDate="1691-11-10">10 novembre 1691</fromDate>
               <toDate standardDate="1693-11-21">21 novembre 1693</toDate>
            </dateRange>
         </cpfRelation>
         <cpfRelation xmlns:xlink="http://www.w3.org/1999/xlink"
                      cpfRelationType="associative"
                      xlink:href="FRAN_NP_012651"
                      xlink:type="simple">
            <relationEntry>Cazes, Aimé-Jean-Marie</relationEntry>
            <dateRange>
               <fromDate standardDate="1814-10-13">13 octobre 1814</fromDate>
               <toDate standardDate="1826-01-24">24 janvier 1826</toDate>
            </dateRange>
         </cpfRelation>
         <cpfRelation xmlns:xlink="http://www.w3.org/1999/xlink"
                      cpfRelationType="associative"
                      xlink:href="FRAN_NP_013233"
                      xlink:type="simple">
            <relationEntry>Guichard, Anne</relationEntry>
            <dateRange>
               <fromDate standardDate="2003-09-24">24 septembre 2003</fromDate>
            </dateRange>
         </cpfRelation>
         <cpfRelation xmlns:xlink="http://www.w3.org/1999/xlink"
                      cpfRelationType="associative"
                      xlink:href="FRAN_NP_011334"
                      xlink:type="simple">
            <relationEntry>Lamy, Adrien-François</relationEntry>
            <dateRange>
               <fromDate standardDate="1810-10-25">25 octobre 1810</fromDate>
               <toDate standardDate="1814-10-13">13 octobre 1814</toDate>
            </dateRange>
         </cpfRelation>
         <cpfRelation xmlns:xlink="http://www.w3.org/1999/xlink"
                      cpfRelationType="associative"
                      xlink:href="FRAN_NP_012337"
                      xlink:type="simple">
            <relationEntry>Buhren, Corinne de</relationEntry>
            <dateRange>
               <fromDate standardDate="1994-01-26">26 janvier 1994</fromDate>
            </dateRange>
         </cpfRelation>
         <cpfRelation xmlns:xlink="http://www.w3.org/1999/xlink"
                      cpfRelationType="associative"
                      xlink:href="FRAN_NP_012338"
                      xlink:type="simple">
            <relationEntry>Desmeure, Alexandre</relationEntry>
            <dateRange>
               <fromDate standardDate="1737-05-29">29 mai 1737</fromDate>
               <toDate standardDate="1774-06-30">30 juin 1774</toDate>
            </dateRange>
         </cpfRelation>
         <cpfRelation xmlns:xlink="http://www.w3.org/1999/xlink"
                      cpfRelationType="associative"
                      xlink:href="FRAN_NP_012339"
                      xlink:type="simple">
            <relationEntry>Dosne, Jean-Pierre</relationEntry>
            <dateRange>
               <fromDate standardDate="1774-07-02">2 juillet 1774</fromDate>
               <toDate standardDate="1803-02-03">3 février 1803</toDate>
            </dateRange>
         </cpfRelation>
         <cpfRelation xmlns:xlink="http://www.w3.org/1999/xlink"
                      cpfRelationType="associative"
                      xlink:href="FRAN_NP_013506"
                      xlink:type="simple">
            <relationEntry>Ceyrac, Paul</relationEntry>
            <dateRange>
               <fromDate standardDate="1989-01-01">1989</fromDate>
            </dateRange>
         </cpfRelation>
         <resourceRelation xmlns:xlink="http://www.w3.org/1999/xlink"
                           resourceRelationType="subjectOf"
                           xlink:href="FRAN_IR_042772"
                           xlink:type="simple">
            <relationEntry localType="archival">Minutes et répertoires du notaire Jean Front HERBELIN, 3 février 1803 - 25 octobre 1810 (étude LXXXII)</relationEntry>
         </resourceRelation>
         <resourceRelation xmlns:xlink="http://www.w3.org/1999/xlink"
                           resourceRelationType="subjectOf"
                           xlink:href="FRAN_IR_042777"
                           xlink:type="simple">
            <relationEntry localType="archival">Minutes et répertoires du notaire Paul VIAN, 5 août 1874 - 16 janvier 1901 (étude LXXXII)</relationEntry>
         </resourceRelation>
         <resourceRelation xmlns:xlink="http://www.w3.org/1999/xlink"
                           resourceRelationType="subjectOf"
                           xlink:href="FRAN_IR_042774"
                           xlink:type="simple">
            <relationEntry localType="archival">Minutes et répertoires du notaire Jean Alexis HUET, 29 juin 1841 - 3 avril 1856 (étude LXXXII)</relationEntry>
         </resourceRelation>
         <resourceRelation xmlns:xlink="http://www.w3.org/1999/xlink"
                           resourceRelationType="subjectOf"
                           xlink:href="FRAN_IR_042764"
                           xlink:type="simple">
            <relationEntry localType="archival">Minutes et répertoires du notaire Pierre MEHU de BEAUJEU, 21 janvier 1685 - 9 novembre 1691 (étude LXXXII)</relationEntry>
         </resourceRelation>
         <resourceRelation xmlns:xlink="http://www.w3.org/1999/xlink"
                           resourceRelationType="subjectOf"
                           xlink:href="FRAN_IR_042768"
                           xlink:type="simple">
            <relationEntry localType="archival">Minutes et répertoires du notaire Augustin BRUSSEL, octobre 1712 - 28 mai 1737 (étude LXXXII)</relationEntry>
         </resourceRelation>
         <resourceRelation xmlns:xlink="http://www.w3.org/1999/xlink"
                           resourceRelationType="subjectOf"
                           xlink:href="FRAN_IR_042771"
                           xlink:type="simple">
            <relationEntry localType="archival">Minutes et répertoires du notaire Adrien François LAMY, 25 octobre 1810 - 13 octobre 1814 (étude LXXXII)</relationEntry>
         </resourceRelation>
         <resourceRelation xmlns:xlink="http://www.w3.org/1999/xlink"
                           resourceRelationType="subjectOf"
                           xlink:href="FRAN_IR_042776"
                           xlink:type="simple">
            <relationEntry localType="archival">Minutes et répertoires du notaire Alfred PIAT, 3 avril 1856 - 5 août 1874 (étude LXXXII)</relationEntry>
         </resourceRelation>
         <resourceRelation xmlns:xlink="http://www.w3.org/1999/xlink"
                           resourceRelationType="subjectOf"
                           xlink:href="FRAN_IR_042778"
                           xlink:type="simple">
            <relationEntry localType="archival">Minutes et répertoires du notaire Victor Ernest Quentin BACHELEZ, 17 janvier 1901 - 10 novembre 1903 (étude LXXXII)</relationEntry>
         </resourceRelation>
         <resourceRelation xmlns:xlink="http://www.w3.org/1999/xlink"
                           resourceRelationType="subjectOf"
                           xlink:href="FRAN_IR_042766"
                           xlink:type="simple">
            <relationEntry localType="archival">Minutes et répertoires du notaire Anselme JOUSSE, 16 septembre 1705 - 28 septembre 1712 (étude LXXXII)</relationEntry>
         </resourceRelation>
         <resourceRelation xmlns:xlink="http://www.w3.org/1999/xlink"
                           resourceRelationType="subjectOf"
                           xlink:href="FRAN_IR_042775"
                           xlink:type="simple">
            <relationEntry localType="archival">Minutes et répertoires du notaire Jacques François LEHON, 24 janvier 1826 - 29 juin 1841 (étude LXXXII)</relationEntry>
         </resourceRelation>
         <resourceRelation xmlns:xlink="http://www.w3.org/1999/xlink"
                           resourceRelationType="creatorOf"
                           xlink:href="FRAN_IR_053976"
                           xlink:type="simple">
            <relationEntry localType="archival">«Mélanges» (dossiers de clients) de l’étude LXXXII. MC/ET/LXXXII/787 (1171-1849)</relationEntry>
         </resourceRelation>
         <resourceRelation xmlns:xlink="http://www.w3.org/1999/xlink"
                           resourceRelationType="creatorOf"
                           xlink:href="FRAN_IR_042762"
                           xlink:type="simple">
            <relationEntry localType="archival">Archives de l'étude LXXXII</relationEntry>
         </resourceRelation>
         <resourceRelation xmlns:xlink="http://www.w3.org/1999/xlink"
                           resourceRelationType="creatorOf"
                           xlink:href="FRAN_IR_042770"
                           xlink:type="simple">
            <relationEntry localType="archival">Minutes et répertoires du notaire Jean Pierre DOSNE, 2 juillet 1774 - 3 février 1803 (étude LXXXII)</relationEntry>
         </resourceRelation>
         <resourceRelation xmlns:xlink="http://www.w3.org/1999/xlink"
                           resourceRelationType="creatorOf"
                           xlink:href="FRAN_IR_042769"
                           xlink:type="simple">
            <relationEntry localType="archival">Minutes et répertoires du notaire Alexandre DESMEURE, 29 mai 1737 - 30 juin 1774 (étude LXXXII)</relationEntry>
         </resourceRelation>
         <resourceRelation xmlns:xlink="http://www.w3.org/1999/xlink"
                           resourceRelationType="creatorOf"
                           xlink:href="FRAN_IR_051348"
                           xlink:type="simple">
            <relationEntry localType="archival">Images des répertoires du notaire Adrien François Lamy pour l'étude LXXXII</relationEntry>
         </resourceRelation>
         <resourceRelation xmlns:xlink="http://www.w3.org/1999/xlink"
                           resourceRelationType="creatorOf"
                           xlink:href="FRAN_IR_051405"
                           xlink:type="simple">
            <relationEntry localType="archival">Images du répertoire du notaire Etienne Jousse pour l'étude LXXXII</relationEntry>
         </resourceRelation>
         <resourceRelation xmlns:xlink="http://www.w3.org/1999/xlink"
                           resourceRelationType="creatorOf"
                           xlink:href="FRAN_IR_051509"
                           xlink:type="simple">
            <relationEntry localType="archival">Images des répertoires du notaire Jean Pierre Dosne pour l'étude LXXXII</relationEntry>
         </resourceRelation>
         <resourceRelation xmlns:xlink="http://www.w3.org/1999/xlink"
                           resourceRelationType="creatorOf"
                           xlink:href="FRAN_IR_051628"
                           xlink:type="simple">
            <relationEntry localType="archival">Images du répertoire du notaire Augustin Brussel pour l'étude LXXXII</relationEntry>
         </resourceRelation>
         <resourceRelation xmlns:xlink="http://www.w3.org/1999/xlink"
                           resourceRelationType="creatorOf"
                           xlink:href="FRAN_IR_051216"
                           xlink:type="simple">
            <relationEntry localType="archival">Images des répertoires du notaire Paul Vian pour l'étude LXXXII</relationEntry>
         </resourceRelation>
         <resourceRelation xmlns:xlink="http://www.w3.org/1999/xlink"
                           resourceRelationType="creatorOf"
                           xlink:href="FRAN_IR_051320"
                           xlink:type="simple">
            <relationEntry localType="archival">Images du répertoire du notaire Pierre Méhu de Beaujeu pour l'étude LXXXII</relationEntry>
         </resourceRelation>
         <resourceRelation xmlns:xlink="http://www.w3.org/1999/xlink"
                           resourceRelationType="creatorOf"
                           xlink:href="FRAN_IR_042763"
                           xlink:type="simple">
            <relationEntry localType="archival">Minutes et répertoires du notaire Léon FOIGNART, 18 juin 1676 - 13 novembre 1684 (étude LXXXII)</relationEntry>
         </resourceRelation>
         <resourceRelation xmlns:xlink="http://www.w3.org/1999/xlink"
                           resourceRelationType="creatorOf"
                           xlink:href="FRAN_IR_042765"
                           xlink:type="simple">
            <relationEntry localType="archival">Minutes et répertoires du notaire Nicolas COCUEL, janvier 1692 - 21 novembre 1693 (étude LXXXII)</relationEntry>
         </resourceRelation>
         <resourceRelation xmlns:xlink="http://www.w3.org/1999/xlink"
                           resourceRelationType="creatorOf"
                           xlink:href="FRAN_IR_052824"
                           xlink:type="simple">
            <relationEntry localType="archival">Images des répertoires du notaire Alexandre Desmeure pour l'étude LXXXII</relationEntry>
         </resourceRelation>
         <resourceRelation xmlns:xlink="http://www.w3.org/1999/xlink"
                           resourceRelationType="creatorOf"
                           xlink:href="FRAN_IR_052798"
                           xlink:type="simple">
            <relationEntry localType="archival">Images du répertoire du notaire Jean Front Herbelin pour l'étude LXXXII</relationEntry>
         </resourceRelation>
         <resourceRelation xmlns:xlink="http://www.w3.org/1999/xlink"
                           resourceRelationType="creatorOf"
                           xlink:href="FRAN_IR_052839"
                           xlink:type="simple">
            <relationEntry localType="archival">Images des répertoires du notaire Aimé Jean Marie Cazes pour l'étude LXXXII</relationEntry>
         </resourceRelation>
         <resourceRelation xmlns:xlink="http://www.w3.org/1999/xlink"
                           resourceRelationType="creatorOf"
                           xlink:href="FRAN_IR_052789"
                           xlink:type="simple">
            <relationEntry localType="archival">Images des répertoires du notaire Jacques François Lehon pour l'étude LXXXII</relationEntry>
         </resourceRelation>
         <resourceRelation xmlns:xlink="http://www.w3.org/1999/xlink"
                           resourceRelationType="creatorOf"
                           xlink:href="FRAN_IR_052766"
                           xlink:type="simple">
            <relationEntry localType="archival">Images des répertoires du notaire Alfred Piat pour l'étude LXXXII</relationEntry>
         </resourceRelation>
         <resourceRelation xmlns:xlink="http://www.w3.org/1999/xlink"
                           resourceRelationType="creatorOf"
                           xlink:href="FRAN_IR_052840"
                           xlink:type="simple">
            <relationEntry localType="archival">Images du répertoire du notaire Victor Ernest Quentin Bachelez pour l'étude LXXXII</relationEntry>
         </resourceRelation>
         <resourceRelation xmlns:xlink="http://www.w3.org/1999/xlink"
                           resourceRelationType="creatorOf"
                           xlink:href="FRAN_IR_055753"
                           xlink:type="simple">
            <relationEntry localType="archival">Images des répertoires du notaire Jean Alexis Huet pour l'étude LXXXII</relationEntry>
         </resourceRelation>
         <resourceRelation xmlns:xlink="http://www.w3.org/1999/xlink"
                           resourceRelationType="creatorOf"
                           xlink:href="FRAN_IR_055754"
                           xlink:type="simple">
            <relationEntry localType="archival">Images du répertoire du notaire Anselme Jousse pour l'étude LXXXII</relationEntry>
         </resourceRelation>
      </relations>
   </cpfDescription>
</eac-cpf>
