<eac-cpf xmlns="urn:isbn:1-931666-33-4"
         xmlns:xsi="http://www.w3.org/2001/XMLSchema-instance"
         xsi:schemaLocation="urn:isbn:1-931666-33-4 cpf.xsd">
   <control>
      <recordId>FRAN_NP_010161</recordId>
      <otherRecordId localType="Ancien_identifiant">FRDAFANCH00MC_NAETUDE_034</otherRecordId>
      <maintenanceStatus>revised</maintenanceStatus>
      <maintenanceAgency>
         <agencyName>Archives nationales de France</agencyName>
      </maintenanceAgency>
      <languageDeclaration>
         <language languageCode="fre">Français</language>
         <script scriptCode="Latn"/>
      </languageDeclaration>
      <conventionDeclaration>
         <citation>Notice établie conformément à la norme ICA-ISAAR (CPF) 2004, aux normes ISO 8601 pour le système de normalisation des dates utilisé, ainsi que AFNOR NF Z 44-061, juin 1986. Catalogage : forme et structure des vedettes noms de personne, des vedettes titres, des rubriques de classement et des titres forgés.</citation>
      </conventionDeclaration>
      <localControl localType="niveau_de_detail">
         <term>Moyenne</term>
      </localControl>
      <maintenanceHistory>
         <maintenanceEvent>
            <eventType>derived</eventType>
            <eventDateTime>2013-04-23</eventDateTime>
            <agentType>machine</agentType>
            <agent>Migration ETANOT</agent>
         </maintenanceEvent>
         <maintenanceEvent>
            <eventType>revised</eventType>
            <eventDateTime>2013-10-16</eventDateTime>
            <agentType>human</agentType>
            <agent>Marie-Françoise LIMON-BONNET</agent>
         </maintenanceEvent>
         <maintenanceEvent>
            <eventType>revised</eventType>
            <eventDateTime>2014-10-02</eventDateTime>
            <agentType>human</agentType>
            <agent>Marie-Françoise LIMON-BONNET</agent>
            <eventDescription>F. Clavaud, 2 octobre 2014 : revu tous les liens IR</eventDescription>
         </maintenanceEvent>
      </maintenanceHistory>
      <sources>
         <source>
            <descriptiveNote>
               <p>
                  <span style="bold">Voir : </span>
               </p>
               <p>Limon-Bonnet (M.-F.) [dir.], 
      <span style="italic">122 minutes d'histoire. Actes des notaires de Paris, XVIe-XXe siècle</span>, Paris, 2012, pp. 72-73. 
     </p>
               <p>
                  <span style="italic">Annuaire officiel du notariat 2012</span>, p. 1001. 
     </p>
            </descriptiveNote>
         </source>
      </sources>
   </control>
   <cpfDescription>
      <identity>
         <entityType>corporateBody</entityType>
         <nameEntry localType="autorisée" scriptCode="Latn" xml:lang="fre">
            <part>Etude XXXIV</part>
         </nameEntry>
         <nameEntry>
            <part>75018</part>
         </nameEntry>
         <nameEntry>
            <part>BAILLY Antoine, POMMERY Hervé et CAURO Jérôme, SCP</part>
         </nameEntry>
      </identity>
      <description>
         <existDates>
            <dateRange>
               <fromDate standardDate="1585-01-01">1585</fromDate>
            </dateRange>
         </existDates>
         <places>
            <place>
               <placeRole>Lieu de Paris</placeRole>
               <placeEntry localType="nomLieu">30, rue la Boëtie, 75008 Paris</placeEntry>
               <placeEntry localType="voie" vocabularySource="d3nzbmpiv4--9w7er1kmli1i">La-Boëtie (rue)</placeEntry>
               <placeEntry localType="arrondissement_actuel"
                           vocabularySource="d3nyv8i9m0-ys1mraoxv8ln">08e arrondissement</placeEntry>
            </place>
         </places>
         <legalStatuses>
            <legalStatus>
               <term>office notarial</term>
            </legalStatus>
         </legalStatuses>
         <functions>
            <function>
               <term vocabularySource="d3nyui3o8w--11y7jgy8q3wnt">notaire à Paris</term>
               <dateRange>
                  <fromDate standardDate="1585-01-01">1585</fromDate>
                  <toDate/>
               </dateRange>
            </function>
         </functions>
         <mandates>
            <mandate/>
         </mandates>
         <generalContext>
            <p>Les minutes de cette étude ont été versées aux Archives nationales (2013) jusqu'au 31 décembre 1938, mais elles ne sont pas encore cotées. Leur communication en salle de lecture n'est donc pas encore possible.</p>
         </generalContext>
         <biogHist>
            <p>Si Jean Muret, le premier titulaire de l'étude est installé rue Comtesse-d'Artois, de 1585 à 1614, ses successeurs instrumentent rue de la Vieille-Draperie en la Cité de 1616 à 1776. Par la suite, elle déménage rue de la Vieille-Draperie, dans la Cité, de 1616 à 1776. Mélite Lemire transporte alors l'étude rue des Déchargeurs où elle demeure jusqu'en 1823. Elle est alors transférée rue des Filles-Saint-Thomas avant d'être installée sur les boulevards : boulevard des Italiens jusqu'en 1870, puis boulevard Haussmann jusqu'en 1909. L'étude déménage alors rue du Faubourg-Saint-Honoré. Elle se trouve aujourd'hui rue de la Boétie. Au XVIIe siècle, cette étude est celle des habitués du Palais. Elle est spécialement abondante et précieuse pour la connaissance du commerce des livres par les inventaires de libraires qui y sont conservés. L'église Sainte-Madeleine-en-la-Cité, la communauté des monnayers de la Monnaie, celle des bouquetières, celle des greffiers des bâtiments sont également clientes de l'étude. La Compagnie des Indes y passe ses constitutions de rente de 1759 à 1768. Pour le seul mois de mai 1838 sont passés à l'étude des actes de constitutions de sociétés ayant pour objet de fabriquer des fils de lin et de chanvre, d'exploiter le système de l'appareil Gautier pour fabriquer du sucre indigène, d'utiliser la nouvelle machine à vapeur de rotation de Kinkelin et Cie, ou de lancer les bitumes Dez Maurel dans les départements méridionaux et en Algérie.</p>
            <p>Le Minutier central conserve les minutes de l'étude XXXIV à partir de l'année 1585.</p>
            <p>Les minutes de cette étude ont été versées aux Archives nationales (2013) jusqu'au 31 décembre 1938, mais elles ne sont pas encore cotées. Leur communication en salle de lecture n'est donc pas encore possible.</p>
         </biogHist>
      </description>
      <relations>
         <cpfRelation xmlns:xlink="http://www.w3.org/1999/xlink"
                      cpfRelationType="associative"
                      xlink:href="FRAN_NP_010930"
                      xlink:type="simple">
            <relationEntry>Pigeory, Etienne</relationEntry>
            <dateRange>
               <fromDate standardDate="1801-01-05">5 janvier 1801</fromDate>
               <toDate standardDate="1802-02-18">18 février 1802</toDate>
            </dateRange>
         </cpfRelation>
         <cpfRelation xmlns:xlink="http://www.w3.org/1999/xlink"
                      cpfRelationType="associative"
                      xlink:href="FRAN_NP_010972"
                      xlink:type="simple">
            <relationEntry>Pommery, Hervé</relationEntry>
            <dateRange>
               <fromDate standardDate="1981-10-21">21 octobre 1981</fromDate>
            </dateRange>
         </cpfRelation>
         <cpfRelation xmlns:xlink="http://www.w3.org/1999/xlink"
                      cpfRelationType="associative"
                      xlink:href="FRAN_NP_011271"
                      xlink:type="simple">
            <relationEntry>Muret, Jean</relationEntry>
            <dateRange>
               <fromDate standardDate="1585-07-06">6 juillet 1585</fromDate>
               <toDate standardDate="1614-10-07">7 octobre 1614</toDate>
            </dateRange>
         </cpfRelation>
         <cpfRelation xmlns:xlink="http://www.w3.org/1999/xlink"
                      cpfRelationType="associative"
                      xlink:href="FRAN_NP_011521"
                      xlink:type="simple">
            <relationEntry>Lemire, Mélite</relationEntry>
            <dateRange>
               <fromDate standardDate="1776-04-05">5 avril 1776</fromDate>
               <toDate standardDate="1801-01-04">4 janvier 1801</toDate>
            </dateRange>
         </cpfRelation>
         <cpfRelation xmlns:xlink="http://www.w3.org/1999/xlink"
                      cpfRelationType="associative"
                      xlink:href="FRAN_NP_012228"
                      xlink:type="simple">
            <relationEntry>Decourchant, Jean-Baptiste</relationEntry>
            <dateRange>
               <fromDate standardDate="1807-04-03">3 avril 1807</fromDate>
               <toDate standardDate="1816-04-23">23 avril 1816</toDate>
            </dateRange>
         </cpfRelation>
         <cpfRelation xmlns:xlink="http://www.w3.org/1999/xlink"
                      cpfRelationType="associative"
                      xlink:href="FRAN_NP_012229"
                      xlink:type="simple">
            <relationEntry>Dupuys, Adrien</relationEntry>
            <dateRange>
               <fromDate standardDate="1648-09-23">23 septembre 1648</fromDate>
               <toDate standardDate="1683-01-04">4 janvier 1683</toDate>
            </dateRange>
         </cpfRelation>
         <cpfRelation xmlns:xlink="http://www.w3.org/1999/xlink"
                      cpfRelationType="associative"
                      xlink:href="FRAN_NP_011963"
                      xlink:type="simple">
            <relationEntry>Griois, Auguste</relationEntry>
            <dateRange>
               <fromDate standardDate="1816-04-23">23 avril 1816</fromDate>
               <toDate standardDate="1827-05-11">11 mai 1827</toDate>
            </dateRange>
         </cpfRelation>
         <cpfRelation xmlns:xlink="http://www.w3.org/1999/xlink"
                      cpfRelationType="associative"
                      xlink:href="FRAN_NP_011104"
                      xlink:type="simple">
            <relationEntry>Massion, Augustin</relationEntry>
            <dateRange>
               <fromDate standardDate="1846-04-14">14 avril 1846</fromDate>
               <toDate standardDate="1880-01-23">23 janvier 1880</toDate>
            </dateRange>
         </cpfRelation>
         <cpfRelation xmlns:xlink="http://www.w3.org/1999/xlink"
                      cpfRelationType="associative"
                      xlink:href="FRAN_NP_012753"
                      xlink:type="simple">
            <relationEntry>Bailly, Michel Antoine Louis Pierre Auguste</relationEntry>
            <dateRange>
               <fromDate standardDate="1962-11-21">21 novembre 1962</fromDate>
               <toDate standardDate="1998-04-03">3 avril 1998</toDate>
            </dateRange>
         </cpfRelation>
         <cpfRelation xmlns:xlink="http://www.w3.org/1999/xlink"
                      cpfRelationType="associative"
                      xlink:href="FRAN_NP_012820"
                      xlink:type="simple">
            <relationEntry>Bechefer, Jean-Baptiste</relationEntry>
            <dateRange>
               <fromDate standardDate="1827-05-11">11 mai 1827</fromDate>
               <toDate standardDate="1832-07-21">21 juillet 1832</toDate>
            </dateRange>
         </cpfRelation>
         <cpfRelation xmlns:xlink="http://www.w3.org/1999/xlink"
                      cpfRelationType="associative"
                      xlink:href="FRAN_NP_013080"
                      xlink:type="simple">
            <relationEntry>Bucaille, Pierre Marcel</relationEntry>
            <dateRange>
               <fromDate standardDate="1937-02-03">3 février 1937</fromDate>
               <toDate standardDate="1962-11-21">21 novembre 1962</toDate>
            </dateRange>
         </cpfRelation>
         <cpfRelation xmlns:xlink="http://www.w3.org/1999/xlink"
                      cpfRelationType="associative"
                      xlink:href="FRAN_NP_013079"
                      xlink:type="simple">
            <relationEntry>Bucaille, Léon Emile</relationEntry>
            <dateRange>
               <fromDate standardDate="1909-12-30">30 décembre 1909</fromDate>
               <toDate standardDate="1937-02-03">3 février 1937</toDate>
            </dateRange>
         </cpfRelation>
         <cpfRelation xmlns:xlink="http://www.w3.org/1999/xlink"
                      cpfRelationType="associative"
                      xlink:href="FRAN_NP_012868"
                      xlink:type="simple">
            <relationEntry>Bernard, Claude</relationEntry>
            <dateRange>
               <fromDate standardDate="1738-06-11">11 juin 1738</fromDate>
               <toDate standardDate="1776-02-29">29 février 1776</toDate>
            </dateRange>
         </cpfRelation>
         <cpfRelation xmlns:xlink="http://www.w3.org/1999/xlink"
                      cpfRelationType="associative"
                      xlink:href="FRAN_NP_011105"
                      xlink:type="simple">
            <relationEntry>Massion, Paul-Charles</relationEntry>
            <dateRange>
               <fromDate standardDate="1880-01-23">23 janvier 1880</fromDate>
               <toDate standardDate="1909-12-30">30 décembre 1909</toDate>
            </dateRange>
         </cpfRelation>
         <cpfRelation xmlns:xlink="http://www.w3.org/1999/xlink"
                      cpfRelationType="associative"
                      xlink:href="FRAN_NP_012748"
                      xlink:type="simple">
            <relationEntry>Bailly, Antoine</relationEntry>
            <dateRange>
               <fromDate standardDate="1998-04-29">29 avril 1998</fromDate>
            </dateRange>
         </cpfRelation>
         <cpfRelation xmlns:xlink="http://www.w3.org/1999/xlink"
                      cpfRelationType="associative"
                      xlink:href="FRAN_NP_012230"
                      xlink:type="simple">
            <relationEntry>Dupuys, Charles</relationEntry>
            <dateRange>
               <fromDate standardDate="1683-01-29">29 janvier 1683</fromDate>
               <toDate standardDate="1726-05-22">22 mai 1726</toDate>
            </dateRange>
         </cpfRelation>
         <cpfRelation xmlns:xlink="http://www.w3.org/1999/xlink"
                      cpfRelationType="associative"
                      xlink:href="FRAN_NP_012231"
                      xlink:type="simple">
            <relationEntry>Dupuys, Claude</relationEntry>
            <dateRange>
               <fromDate standardDate="1721-09-17">17 septembre 1721</fromDate>
               <toDate standardDate="1729-04-06">6 avril 1729</toDate>
            </dateRange>
         </cpfRelation>
         <cpfRelation xmlns:xlink="http://www.w3.org/1999/xlink"
                      cpfRelationType="associative"
                      xlink:href="FRAN_NP_012232"
                      xlink:type="simple">
            <relationEntry>Dupuys, Jean</relationEntry>
            <dateRange>
               <fromDate standardDate="1616-09-24">24 septembre 1616</fromDate>
               <toDate standardDate="1648-09-03">3 septembre 1648</toDate>
            </dateRange>
         </cpfRelation>
         <cpfRelation xmlns:xlink="http://www.w3.org/1999/xlink"
                      cpfRelationType="associative"
                      xlink:href="FRAN_NP_012233"
                      xlink:type="simple">
            <relationEntry>Dupuys, Nicolas</relationEntry>
            <dateRange>
               <fromDate standardDate="1726-06-26">26 juin 1726</fromDate>
               <toDate standardDate="1738-06-09">9 juin 1738</toDate>
            </dateRange>
         </cpfRelation>
         <cpfRelation xmlns:xlink="http://www.w3.org/1999/xlink"
                      cpfRelationType="associative"
                      xlink:href="FRAN_NP_012549"
                      xlink:type="simple">
            <relationEntry>Carlier, Louis-Auguste</relationEntry>
            <dateRange>
               <fromDate standardDate="1832-10-03">3 octobre 1832</fromDate>
               <toDate standardDate="1846-04-14">14 avril 1846</toDate>
            </dateRange>
         </cpfRelation>
         <cpfRelation xmlns:xlink="http://www.w3.org/1999/xlink"
                      cpfRelationType="associative"
                      xlink:href="FRAN_NP_012550"
                      xlink:type="simple">
            <relationEntry>Cauro, Jérôme</relationEntry>
            <dateRange>
               <fromDate standardDate="1998-04-29">29 avril 1998</fromDate>
            </dateRange>
         </cpfRelation>
         <cpfRelation xmlns:xlink="http://www.w3.org/1999/xlink"
                      cpfRelationType="associative"
                      xlink:href="FRAN_NP_012551"
                      xlink:type="simple">
            <relationEntry>Cousinard, Jacques</relationEntry>
            <dateRange>
               <fromDate standardDate="1799-10-26">26 octobre 1799</fromDate>
               <toDate standardDate="1807-04-03">3 avril 1807</toDate>
            </dateRange>
         </cpfRelation>
         <resourceRelation xmlns:xlink="http://www.w3.org/1999/xlink"
                           resourceRelationType="creatorOf"
                           xlink:href="FRAN_IR_041916"
                           xlink:type="simple">
            <relationEntry localType="archival">Archives de l'étude XXXIV</relationEntry>
         </resourceRelation>
         <resourceRelation xmlns:xlink="http://www.w3.org/1999/xlink"
                           resourceRelationType="creatorOf"
                           xlink:href="FRAN_IR_050937"
                           xlink:type="simple">
            <relationEntry localType="archival">«Mélanges» (dossiers de clients) de l’étude XXXIV. MC/ET/XXXIV/936 (1675-1793)</relationEntry>
         </resourceRelation>
         <resourceRelation xmlns:xlink="http://www.w3.org/1999/xlink"
                           resourceRelationType="creatorOf"
                           xlink:href="FRAN_IR_041917"
                           xlink:type="simple">
            <relationEntry localType="archival">Minutes et répertoires du notaire Jean MURET, 30 juillet 1585 - 7 octobre 1614 (étude XXXIV)</relationEntry>
         </resourceRelation>
         <resourceRelation xmlns:xlink="http://www.w3.org/1999/xlink"
                           resourceRelationType="creatorOf"
                           xlink:href="FRAN_IR_041918"
                           xlink:type="simple">
            <relationEntry localType="archival">Minutes et répertoires du notaire Jean DUPUYS, 24 septembre 1616 - 3 septembre 1648 (étude XXXIV)</relationEntry>
         </resourceRelation>
         <resourceRelation xmlns:xlink="http://www.w3.org/1999/xlink"
                           resourceRelationType="creatorOf"
                           xlink:href="FRAN_IR_041919"
                           xlink:type="simple">
            <relationEntry localType="archival">Minutes et répertoires du notaire Adrien DUPUYS, 23 septembre 1648 - 4 janvier 1683 (étude XXXIV)</relationEntry>
         </resourceRelation>
         <resourceRelation xmlns:xlink="http://www.w3.org/1999/xlink"
                           resourceRelationType="creatorOf"
                           xlink:href="FRAN_IR_041923"
                           xlink:type="simple">
            <relationEntry localType="archival">Minutes et répertoires du notaire Claude BERNARD, 11 juin 1738 - 2 mars 1776 (étude XXXIV)</relationEntry>
         </resourceRelation>
         <resourceRelation xmlns:xlink="http://www.w3.org/1999/xlink"
                           resourceRelationType="creatorOf"
                           xlink:href="FRAN_IR_041924"
                           xlink:type="simple">
            <relationEntry localType="archival">Minutes et répertoires du notaire Mélite LEMIRE, 5 mars 1776 - 5 janvier 1801 (étude XXXIV)</relationEntry>
         </resourceRelation>
         <resourceRelation xmlns:xlink="http://www.w3.org/1999/xlink"
                           resourceRelationType="creatorOf"
                           xlink:href="FRAN_IR_041926"
                           xlink:type="simple">
            <relationEntry localType="archival">Minutes et répertoires du notaire Étienne PIGEORY, 6 janvier 1801 - 18 février 1802 (étude XXXIV)</relationEntry>
         </resourceRelation>
         <resourceRelation xmlns:xlink="http://www.w3.org/1999/xlink"
                           resourceRelationType="creatorOf"
                           xlink:href="FRAN_IR_041925"
                           xlink:type="simple">
            <relationEntry localType="archival">Minutes et répertoires du notaire Jacques COUSINARD, 30 octobre 1799 - 1er avril 1807 (étude XXXIV)</relationEntry>
         </resourceRelation>
         <resourceRelation xmlns:xlink="http://www.w3.org/1999/xlink"
                           resourceRelationType="creatorOf"
                           xlink:href="FRAN_IR_041927"
                           xlink:type="simple">
            <relationEntry localType="archival">Minutes et répertoires du notaire Jean-Baptiste DECOURCHANT, 4 avril 1807 - 22 avril 1816 (étude XXXIV)</relationEntry>
         </resourceRelation>
         <resourceRelation xmlns:xlink="http://www.w3.org/1999/xlink"
                           resourceRelationType="creatorOf"
                           xlink:href="FRAN_IR_041928"
                           xlink:type="simple">
            <relationEntry localType="archival">Minutes et répertoires du notaire Auguste GRIOIS, 23 avril 1816 - 10 mai 1827 (étude XXXIV)</relationEntry>
         </resourceRelation>
         <resourceRelation xmlns:xlink="http://www.w3.org/1999/xlink"
                           resourceRelationType="creatorOf"
                           xlink:href="FRAN_IR_041929"
                           xlink:type="simple">
            <relationEntry localType="archival">Minutes et répertoires du notaire Jean-Baptiste BECHEFER, 11 mai 1827 - 21 juillet 1832 (étude XXXIV)</relationEntry>
         </resourceRelation>
         <resourceRelation xmlns:xlink="http://www.w3.org/1999/xlink"
                           resourceRelationType="creatorOf"
                           xlink:href="FRAN_IR_041930"
                           xlink:type="simple">
            <relationEntry localType="archival">Minutes et répertoires du notaire Louis Auguste CARLIER, 3 octobre 1832 - 13 avril 1846 (étude XXXIV)</relationEntry>
         </resourceRelation>
         <resourceRelation xmlns:xlink="http://www.w3.org/1999/xlink"
                           resourceRelationType="creatorOf"
                           xlink:href="FRAN_IR_041931"
                           xlink:type="simple">
            <relationEntry localType="archival">Minutes et répertoires du notaire Augustin MASSION, 14 avril 1846 - 22 janvier 1880 (étude XXXIV)</relationEntry>
         </resourceRelation>
         <resourceRelation xmlns:xlink="http://www.w3.org/1999/xlink"
                           resourceRelationType="creatorOf"
                           xlink:href="FRAN_IR_041932"
                           xlink:type="simple">
            <relationEntry localType="archival">Minutes et répertoires du notaire Paul Charles MASSION, 24 janvier 1880 - 31 décembre 1909 (étude XXXIV)</relationEntry>
         </resourceRelation>
         <resourceRelation xmlns:xlink="http://www.w3.org/1999/xlink"
                           resourceRelationType="creatorOf"
                           xlink:href="FRAN_IR_041920"
                           xlink:type="simple">
            <relationEntry localType="archival">Minutes et répertoires du notaire Charles DUPUYS, 29 janvier 1683 - 25 juin 1726 (étude XXXIV)</relationEntry>
         </resourceRelation>
         <resourceRelation xmlns:xlink="http://www.w3.org/1999/xlink"
                           resourceRelationType="creatorOf"
                           xlink:href="FRAN_IR_041922"
                           xlink:type="simple">
            <relationEntry localType="archival">Minutes et répertoires du notaire Nicolas DUPUYS, 26 juin 1726 - 9 juin 1738 (étude XXXIV)</relationEntry>
         </resourceRelation>
         <resourceRelation xmlns:xlink="http://www.w3.org/1999/xlink"
                           resourceRelationType="creatorOf"
                           xlink:href="FRAN_IR_041921"
                           xlink:type="simple">
            <relationEntry localType="archival">Minutes et répertoires du notaire Claude DUPUYS, 17 septembre 1721 - 6 avril 1729 (étude XXXIV)</relationEntry>
         </resourceRelation>
         <resourceRelation xmlns:xlink="http://www.w3.org/1999/xlink"
                           resourceRelationType="creatorOf"
                           xlink:href="FRAN_IR_054132"
                           xlink:type="simple">
            <relationEntry localType="archival">Minutes et répertoires du notaire Léon Émile BUCAILLE, 2 janvier 1910 - 3 février 1937 (étude XXXIV)</relationEntry>
         </resourceRelation>
         <resourceRelation xmlns:xlink="http://www.w3.org/1999/xlink"
                           resourceRelationType="creatorOf"
                           xlink:href="FRAN_IR_054496"
                           xlink:type="simple">
            <relationEntry localType="archival">Minutes et répertoires du notaire Pierre Marcel BUCAILLE, 3 février 1937 - 31 décembre 1938 (étude XXXIV)</relationEntry>
         </resourceRelation>
         <resourceRelation xmlns:xlink="http://www.w3.org/1999/xlink"
                           resourceRelationType="creatorOf"
                           xlink:href="FRAN_IR_051592"
                           xlink:type="simple">
            <relationEntry localType="archival">Images des répertoires du notaire Claude Bernard pour l'étude XXXIV</relationEntry>
         </resourceRelation>
         <resourceRelation xmlns:xlink="http://www.w3.org/1999/xlink"
                           resourceRelationType="creatorOf"
                           xlink:href="FRAN_IR_051587"
                           xlink:type="simple">
            <relationEntry localType="archival">Images des répertoires du notaire Jean-Baptiste Bechefer pour l'étude XXXIV</relationEntry>
         </resourceRelation>
         <resourceRelation xmlns:xlink="http://www.w3.org/1999/xlink"
                           resourceRelationType="creatorOf"
                           xlink:href="FRAN_IR_051549"
                           xlink:type="simple">
            <relationEntry localType="archival">Images des répertoires du notaire Jacques Cousinard pour l'étude XXXIV</relationEntry>
         </resourceRelation>
         <resourceRelation xmlns:xlink="http://www.w3.org/1999/xlink"
                           resourceRelationType="creatorOf"
                           xlink:href="FRAN_IR_051497"
                           xlink:type="simple">
            <relationEntry localType="archival">Images du répertoire du notaire Adrien Dupuys pour l'étude XXXIV</relationEntry>
         </resourceRelation>
         <resourceRelation xmlns:xlink="http://www.w3.org/1999/xlink"
                           resourceRelationType="creatorOf"
                           xlink:href="FRAN_IR_051385"
                           xlink:type="simple">
            <relationEntry localType="archival">Images des répertoires du notaire Mélite Lemire pour l'étude XXXIV</relationEntry>
         </resourceRelation>
         <resourceRelation xmlns:xlink="http://www.w3.org/1999/xlink"
                           resourceRelationType="creatorOf"
                           xlink:href="FRAN_IR_051314"
                           xlink:type="simple">
            <relationEntry localType="archival">Images des répertoires du notaire Paul Charles Massion pour l'étude XXXIV</relationEntry>
         </resourceRelation>
         <resourceRelation xmlns:xlink="http://www.w3.org/1999/xlink"
                           resourceRelationType="creatorOf"
                           xlink:href="FRAN_IR_051313"
                           xlink:type="simple">
            <relationEntry localType="archival">Images des répertoires du notaire Augustin Massion pour l'étude XXXIV</relationEntry>
         </resourceRelation>
         <resourceRelation xmlns:xlink="http://www.w3.org/1999/xlink"
                           resourceRelationType="creatorOf"
                           xlink:href="FRAN_IR_051496"
                           xlink:type="simple">
            <relationEntry localType="archival">Images des répertoires du notaire Jean-Baptiste Decourchant pour l'étude XXXIV</relationEntry>
         </resourceRelation>
         <resourceRelation xmlns:xlink="http://www.w3.org/1999/xlink"
                           resourceRelationType="creatorOf"
                           xlink:href="FRAN_IR_051498"
                           xlink:type="simple">
            <relationEntry localType="archival">Images des répertoires du notaire Charles Dupuys pour l'étude XXXIV</relationEntry>
         </resourceRelation>
         <resourceRelation xmlns:xlink="http://www.w3.org/1999/xlink"
                           resourceRelationType="creatorOf"
                           xlink:href="FRAN_IR_051286"
                           xlink:type="simple">
            <relationEntry localType="archival">Images du répertoire du notaire Etienne Pigeory pour l'étude XXXIV</relationEntry>
         </resourceRelation>
         <resourceRelation xmlns:xlink="http://www.w3.org/1999/xlink"
                           resourceRelationType="creatorOf"
                           xlink:href="FRAN_IR_053025"
                           xlink:type="simple">
            <relationEntry localType="archival">Images des répertoires du notaire Auguste Griois pour l'étude XXXIV</relationEntry>
         </resourceRelation>
         <resourceRelation xmlns:xlink="http://www.w3.org/1999/xlink"
                           resourceRelationType="creatorOf"
                           xlink:href="FRAN_IR_054311"
                           xlink:type="simple">
            <relationEntry localType="archival">Images du répertoire du notaire Nicolas Dupuys pour l'étude XXXIV</relationEntry>
         </resourceRelation>
         <resourceRelation xmlns:xlink="http://www.w3.org/1999/xlink"
                           resourceRelationType="creatorOf"
                           xlink:href="FRAN_IR_056132"
                           xlink:type="simple">
            <relationEntry localType="archival">Images du répertoire du notaire Claude Dupuys pour l'étude XXXIV</relationEntry>
         </resourceRelation>
         <resourceRelation xmlns:xlink="http://www.w3.org/1999/xlink"
                           resourceRelationType="creatorOf"
                           xlink:href="FRAN_IR_056133"
                           xlink:type="simple">
            <relationEntry localType="archival">Images des répertoires du notaire Louis Auguste Carlier pour l'étude XXXIV</relationEntry>
         </resourceRelation>
      </relations>
   </cpfDescription>
</eac-cpf>
