<eac-cpf xmlns="urn:isbn:1-931666-33-4"
         xmlns:xsi="http://www.w3.org/2001/XMLSchema-instance"
         xsi:schemaLocation="urn:isbn:1-931666-33-4 cpf.xsd">
   <control>
      <recordId>FRAN_NP_010310</recordId>
      <otherRecordId localType="Ancien_identifiant">FRDAFANCH00MC_NANOTAIRE00006</otherRecordId>
      <maintenanceStatus>derived</maintenanceStatus>
      <maintenanceAgency>
         <agencyName>Archives nationales de France</agencyName>
      </maintenanceAgency>
      <languageDeclaration>
         <language languageCode="fre">Français</language>
         <script scriptCode="Latn"/>
      </languageDeclaration>
      <conventionDeclaration>
         <citation>Notice établie conformément à la norme ICA-ISAAR (CPF) 2004, aux normes ISO 8601 pour le système de normalisation des dates utilisé, ainsi que AFNOR NF Z 44-061, juin 1986. Catalogage : forme et structure des vedettes noms de personne, des vedettes titres, des rubriques de classement et des titres forgés.</citation>
      </conventionDeclaration>
      <localControl localType="niveau_de_detail">
         <term>Moyenne</term>
      </localControl>
      <maintenanceHistory>
         <maintenanceEvent>
            <eventType>derived</eventType>
            <eventDateTime>2013-04-23</eventDateTime>
            <agentType>machine</agentType>
            <agent>Migration ETANOT</agent>
         </maintenanceEvent>
      </maintenanceHistory>
   </control>
   <cpfDescription>
      <identity>
         <entityType>person</entityType>
         <nameEntry localType="autorisée" scriptCode="Latn" xml:lang="fre">
            <part>Yver, Henri-Joseph</part>
         </nameEntry>
      </identity>
      <description>
         <existDates>
            <dateRange>
               <fromDate standardDate="1837-08-05">5 août 1837</fromDate>
               <toDate standardDate="1868-08-14">14 août 1868</toDate>
            </dateRange>
            <descriptiveNote>
               <p>Les dates d'existence de la personne ne sont pas connues et sont évaluées d'après les dates d'exercice en tant que notaire</p>
            </descriptiveNote>
         </existDates>
         <places>
            <place>
               <placeRole>Lieu de Paris</placeRole>
               <placeEntry localType="arrondissement_actuel"
                           vocabularySource="d3nyv5k4th--1kog8v18wrm89">02e arrondissement</placeEntry>
               <placeEntry localType="voie" vocabularySource="d3nzc5la1h-1dpujm281t8ye">moulins (rue des)</placeEntry>
               <placeEntry localType="voie" vocabularySource="d3nzc8dhuz-1spkuhtb16ps6">neuve-saint-augustin (rue)</placeEntry>
               <placeEntry localType="nomLieu">21 rue des Moulins (de 1837 à 1844), 6 rue Neuve-Saint-Augustin (de 1845 à 1868)</placeEntry>
            </place>
         </places>
         <functions>
            <function>
               <term vocabularySource="d3nyui3o8w--11y7jgy8q3wnt">notaire à paris</term>
               <dateRange>
                  <fromDate standardDate="1837-08-05">5 août 1837</fromDate>
                  <toDate standardDate="1868-08-14">14 août 1868</toDate>
               </dateRange>
            </function>
         </functions>
         <biogHist>
            <p>Né le 10 octobre 1805 à Villeneuve-le-Roi (Yonne)</p>
            <p>Nommé notaire par ordonnance du 20 juillet 1837, il prête serment le 5 août suivant</p>
            <p>Marié à Henriette Tricot ; de ce mariage est issu Albert-Henri Yver, qui succède à son père en 1868</p>
            <p>Nommé notaire honoraire par décret du 30 décembre 1868</p>
         </biogHist>
      </description>
      <relations>
         <cpfRelation xmlns:xlink="http://www.w3.org/1999/xlink"
                      cpfRelationType="associative"
                      xlink:href="FRAN_NP_010144"
                      xlink:type="simple">
            <relationEntry>Etude notariale XVII</relationEntry>
            <dateRange>
               <fromDate standardDate="1837-08-05">5 août 1837</fromDate>
               <toDate standardDate="1868-08-14">14 août 1868</toDate>
            </dateRange>
         </cpfRelation>
         <resourceRelation resourceRelationType="other">
            <relationEntry localType="archival">BB/10/1654, 3 août 1868, dossier d'honorariat</relationEntry>
         </resourceRelation>
         <resourceRelation xmlns:xlink="http://www.w3.org/1999/xlink"
                           resourceRelationType="creatorOf"
                           xlink:href="FRAN_IR_041498"
                           xlink:type="simple">
            <relationEntry localType="archival">Minutes et répertoires du notaire Henri Joseph YVER, 5 août 1837 - 14 août 1868 (étude XVII)</relationEntry>
         </resourceRelation>
         <resourceRelation xmlns:xlink="http://www.w3.org/1999/xlink"
                           resourceRelationType="creatorOf"
                           xlink:href="FRAN_IR_051833"
                           xlink:type="simple">
            <relationEntry localType="archival">Images des répertoires du notaire Henri Joseph Yver pour l'étude XVII</relationEntry>
         </resourceRelation>
      </relations>
   </cpfDescription>
</eac-cpf>
