<eac-cpf xmlns="urn:isbn:1-931666-33-4"
         xmlns:xsi="http://www.w3.org/2001/XMLSchema-instance"
         xsi:schemaLocation="urn:isbn:1-931666-33-4 cpf.xsd">
   <control>
      <recordId>FRAN_NP_010166</recordId>
      <otherRecordId localType="Ancien_identifiant">FRDAFANCH00MC_NAETUDE_039</otherRecordId>
      <maintenanceStatus>derived</maintenanceStatus>
      <maintenanceAgency>
         <agencyName>Archives nationales de France</agencyName>
      </maintenanceAgency>
      <languageDeclaration>
         <language languageCode="fre">Français</language>
         <script scriptCode="Latn"/>
      </languageDeclaration>
      <conventionDeclaration>
         <citation>Notice établie conformément à la norme ICA-ISAAR (CPF) 2004, aux normes ISO 8601 pour le système de normalisation des dates utilisé, ainsi que AFNOR NF Z 44-061, juin 1986. Catalogage : forme et structure des vedettes noms de personne, des vedettes titres, des rubriques de classement et des titres forgés.</citation>
      </conventionDeclaration>
      <localControl localType="niveau_de_detail">
         <term>Moyenne</term>
      </localControl>
      <maintenanceHistory>
         <maintenanceEvent>
            <eventType>derived</eventType>
            <eventDateTime>2013-04-23</eventDateTime>
            <agentType>machine</agentType>
            <agent>Migration ETANOT</agent>
         </maintenanceEvent>
      </maintenanceHistory>
   </control>
   <cpfDescription>
      <identity>
         <entityType>corporateBody</entityType>
         <nameEntry localType="autorisée" scriptCode="Latn" xml:lang="fre">
            <part>Etude XXXIX</part>
         </nameEntry>
         <nameEntry>
            <part>75055</part>
         </nameEntry>
      </identity>
      <description>
         <existDates>
            <dateRange>
               <fromDate standardDate="1568-01-01">1568</fromDate>
            </dateRange>
         </existDates>
         <places>
            <place>
               <placeRole>Lieu de Paris</placeRole>
               <placeEntry localType="nomLieu">39, quai d'Orsay 75007 PARIS</placeEntry>
            </place>
         </places>
         <functions>
            <function>
               <term vocabularySource="d3nyui3o8w--11y7jgy8q3wnt">notaire à paris</term>
               <dateRange>
                  <fromDate standardDate="1568-01-01">1568</fromDate>
                  <toDate/>
               </dateRange>
            </function>
         </functions>
         <biogHist>
            <p>Sous l'Ancien Régime, cette étude est installée rue Saint-Denis : d'abord au voisinage de la rue Aubry-le-Boucher (1611-1645) ; puis près de la rue des Lombards (1645-1679) ; ensuite près de la place Sainte-Opportune (jusqu'en l'an II). Sous la Révolution et l'Empire, elle évolue de la rue Neuve-des-Petits-Champs (an III) à la rue de la Jussienne (1807), en passant par la place Baudoyer (an VII). Elle est rue du Coq-Héron en 1833, rue Laffitte en 1839 et rue Grange-Batelière en 1847. En 1867, elle se fixe rue des Petites-Écuries</p>
         </biogHist>
      </description>
      <relations>
         <cpfRelation xmlns:xlink="http://www.w3.org/1999/xlink"
                      cpfRelationType="associative"
                      xlink:href="FRAN_NP_010348"
                      xlink:type="simple">
            <relationEntry>Vaucelle, Patrice</relationEntry>
            <dateRange>
               <fromDate standardDate="1995-01-18">18 janvier 1995</fromDate>
            </dateRange>
         </cpfRelation>
         <cpfRelation xmlns:xlink="http://www.w3.org/1999/xlink"
                      cpfRelationType="associative"
                      xlink:href="FRAN_NP_010847"
                      xlink:type="simple">
            <relationEntry>Pasquier, Antoine</relationEntry>
            <dateRange>
               <fromDate standardDate="1675-02-18">18 février 1675</fromDate>
               <toDate standardDate="1696-07-25">25 juillet 1696</toDate>
            </dateRange>
         </cpfRelation>
         <cpfRelation xmlns:xlink="http://www.w3.org/1999/xlink"
                      cpfRelationType="associative"
                      xlink:href="FRAN_NP_010875"
                      xlink:type="simple">
            <relationEntry>Périchon, Etienne</relationEntry>
            <dateRange>
               <fromDate standardDate="1696-07-26">26 juillet 1696</fromDate>
               <toDate standardDate="1747-05-25">25 mai 1747</toDate>
            </dateRange>
         </cpfRelation>
         <cpfRelation xmlns:xlink="http://www.w3.org/1999/xlink"
                      cpfRelationType="associative"
                      xlink:href="FRAN_NP_010918"
                      xlink:type="simple">
            <relationEntry>Picard, François Marcel</relationEntry>
            <dateRange>
               <fromDate standardDate="1997-10-02">2 octobre 1997</fromDate>
               <toDate standardDate="2005-08-08">8 août 2005</toDate>
            </dateRange>
         </cpfRelation>
         <cpfRelation xmlns:xlink="http://www.w3.org/1999/xlink"
                      cpfRelationType="associative"
                      xlink:href="FRAN_NP_011340"
                      xlink:type="simple">
            <relationEntry>Landry, Jacques</relationEntry>
            <dateRange>
               <fromDate standardDate="1568-10-20">20 octobre 1568</fromDate>
               <toDate standardDate="1601-03-29">29 mars 1601</toDate>
            </dateRange>
         </cpfRelation>
         <cpfRelation xmlns:xlink="http://www.w3.org/1999/xlink"
                      cpfRelationType="associative"
                      xlink:href="FRAN_NP_011411"
                      xlink:type="simple">
            <relationEntry>Le jars, Omer</relationEntry>
            <dateRange>
               <fromDate standardDate="1603-02-21">21 février 1603</fromDate>
               <toDate standardDate="1611-01-05">5 janvier 1611</toDate>
            </dateRange>
         </cpfRelation>
         <cpfRelation xmlns:xlink="http://www.w3.org/1999/xlink"
                      cpfRelationType="associative"
                      xlink:href="FRAN_NP_011137"
                      xlink:type="simple">
            <relationEntry>Ménard, Claude II</relationEntry>
            <dateRange>
               <fromDate standardDate="1645-11-23">23 novembre 1645</fromDate>
               <toDate standardDate="1675-02-17">17 février 1675</toDate>
            </dateRange>
         </cpfRelation>
         <cpfRelation xmlns:xlink="http://www.w3.org/1999/xlink"
                      cpfRelationType="associative"
                      xlink:href="FRAN_NP_011092"
                      xlink:type="simple">
            <relationEntry>Martel, Michel</relationEntry>
            <dateRange>
               <fromDate standardDate="1747-06-20">20 juin 1747</fromDate>
               <toDate standardDate="1762-02-18">18 février 1762</toDate>
            </dateRange>
         </cpfRelation>
         <cpfRelation xmlns:xlink="http://www.w3.org/1999/xlink"
                      cpfRelationType="associative"
                      xlink:href="FRAN_NP_011931"
                      xlink:type="simple">
            <relationEntry>Godet, Joseph Jules Alphonse</relationEntry>
            <dateRange>
               <fromDate standardDate="1903-06-25">25 juin 1903</fromDate>
               <toDate standardDate="1943-02-09">9 février 1943</toDate>
            </dateRange>
         </cpfRelation>
         <cpfRelation xmlns:xlink="http://www.w3.org/1999/xlink"
                      cpfRelationType="associative"
                      xlink:href="FRAN_NP_011928"
                      xlink:type="simple">
            <relationEntry>Godet, Jean</relationEntry>
            <dateRange>
               <fromDate standardDate="1943-03-09">9 mars 1943</fromDate>
               <toDate standardDate="1980-04-16">16 avril 1980</toDate>
            </dateRange>
         </cpfRelation>
         <cpfRelation xmlns:xlink="http://www.w3.org/1999/xlink"
                      cpfRelationType="associative"
                      xlink:href="FRAN_NP_013337"
                      xlink:type="simple">
            <relationEntry>Szwagier, Isabelle</relationEntry>
            <dateRange>
               <fromDate standardDate="2007-08-28">28 août 2007</fromDate>
            </dateRange>
         </cpfRelation>
         <cpfRelation xmlns:xlink="http://www.w3.org/1999/xlink"
                      cpfRelationType="associative"
                      xlink:href="FRAN_NP_011893"
                      xlink:type="simple">
            <relationEntry>Gibert, Thomas</relationEntry>
            <dateRange>
               <fromDate standardDate="1762-02-20">20 février 1762</fromDate>
               <toDate standardDate="1794-01-31">31 janvier 1794</toDate>
            </dateRange>
         </cpfRelation>
         <cpfRelation xmlns:xlink="http://www.w3.org/1999/xlink"
                      cpfRelationType="associative"
                      xlink:href="FRAN_NP_011929"
                      xlink:type="simple">
            <relationEntry>Godet, Jean-Jacques</relationEntry>
            <dateRange>
               <fromDate standardDate="1980-04-19">19 avril 1980</fromDate>
            </dateRange>
         </cpfRelation>
         <cpfRelation xmlns:xlink="http://www.w3.org/1999/xlink"
                      cpfRelationType="associative"
                      xlink:href="FRAN_NP_011930"
                      xlink:type="simple">
            <relationEntry>Godet, Joseph Emile</relationEntry>
            <dateRange>
               <fromDate standardDate="1875-06-25">25 juin 1875</fromDate>
               <toDate standardDate="1903-06-25">25 juin 1903</toDate>
            </dateRange>
         </cpfRelation>
         <cpfRelation xmlns:xlink="http://www.w3.org/1999/xlink"
                      cpfRelationType="associative"
                      xlink:href="FRAN_NP_011017"
                      xlink:type="simple">
            <relationEntry>Prost, Jean Ambroise</relationEntry>
            <dateRange>
               <fromDate standardDate="1827-04-04">4 avril 1827</fromDate>
               <toDate standardDate="1836-12-19">19 décembre 1836</toDate>
            </dateRange>
         </cpfRelation>
         <cpfRelation xmlns:xlink="http://www.w3.org/1999/xlink"
                      cpfRelationType="associative"
                      xlink:href="FRAN_NP_013202"
                      xlink:type="simple">
            <relationEntry>Montourcy, Rémi</relationEntry>
            <dateRange>
               <fromDate standardDate="2002-08-01">1er août 2002</fromDate>
            </dateRange>
         </cpfRelation>
         <cpfRelation xmlns:xlink="http://www.w3.org/1999/xlink"
                      cpfRelationType="associative"
                      xlink:href="FRAN_NP_011136"
                      xlink:type="simple">
            <relationEntry>Ménard, Claude I</relationEntry>
            <dateRange>
               <fromDate standardDate="1611-01-05">5 janvier 1611</fromDate>
               <toDate standardDate="1645-11-23">23 novembre 1645</toDate>
            </dateRange>
         </cpfRelation>
         <cpfRelation xmlns:xlink="http://www.w3.org/1999/xlink"
                      cpfRelationType="associative"
                      xlink:href="FRAN_NP_011434"
                      xlink:type="simple">
            <relationEntry>Lebaudy, Hippolyte Théodore</relationEntry>
            <dateRange>
               <fromDate standardDate="1836-12-23">23 décembre 1836</fromDate>
               <toDate standardDate="1847-07-14">14 juillet 1847</toDate>
            </dateRange>
         </cpfRelation>
         <cpfRelation xmlns:xlink="http://www.w3.org/1999/xlink"
                      cpfRelationType="associative"
                      xlink:href="FRAN_NP_011583"
                      xlink:type="simple">
            <relationEntry>Le sourd-Beauregard, Guillaume</relationEntry>
            <dateRange>
               <fromDate standardDate="1794-08-13">13 août 1794</fromDate>
               <toDate standardDate="1804-06-27">27 juin 1804</toDate>
            </dateRange>
         </cpfRelation>
         <cpfRelation xmlns:xlink="http://www.w3.org/1999/xlink"
                      cpfRelationType="associative"
                      xlink:href="FRAN_NP_012103"
                      xlink:type="simple">
            <relationEntry>Fournier, Jean-Baptiste Gervais</relationEntry>
            <dateRange>
               <fromDate standardDate="1804-06-27">27 juin 1804</fromDate>
               <toDate standardDate="1827-04-04">4 avril 1827</toDate>
            </dateRange>
         </cpfRelation>
         <cpfRelation xmlns:xlink="http://www.w3.org/1999/xlink"
                      cpfRelationType="associative"
                      xlink:href="FRAN_NP_012242"
                      xlink:type="simple">
            <relationEntry>Desrues, Pierre</relationEntry>
            <dateRange>
               <fromDate standardDate="1584-10-17">17 octobre 1584</fromDate>
               <toDate standardDate="1589-12-31">1589</toDate>
            </dateRange>
         </cpfRelation>
         <cpfRelation xmlns:xlink="http://www.w3.org/1999/xlink"
                      cpfRelationType="associative"
                      xlink:href="FRAN_NP_012243"
                      xlink:type="simple">
            <relationEntry>Dubois, Marie Joseph Gustave</relationEntry>
            <dateRange>
               <fromDate standardDate="1847-07-14">14 juillet 1847</fromDate>
               <toDate standardDate="1875-06-25">25 juin 1875</toDate>
            </dateRange>
         </cpfRelation>
         <cpfRelation xmlns:xlink="http://www.w3.org/1999/xlink"
                      cpfRelationType="associative"
                      xlink:href="FRAN_NP_013494"
                      xlink:type="simple">
            <relationEntry>Bigueur-Picard, Céline</relationEntry>
            <dateRange>
               <fromDate standardDate="2010-12-28">28 décembre 2010</fromDate>
            </dateRange>
         </cpfRelation>
         <resourceRelation xmlns:xlink="http://www.w3.org/1999/xlink"
                           resourceRelationType="subjectOf"
                           xlink:href="FRAN_IR_042021"
                           xlink:type="simple">
            <relationEntry localType="archival">Minutes et répertoires du notaire Jacques LANDRY, 20 octobre 1568 - 1600 (étude XXXIX)</relationEntry>
         </resourceRelation>
         <resourceRelation xmlns:xlink="http://www.w3.org/1999/xlink"
                           resourceRelationType="subjectOf"
                           xlink:href="FRAN_IR_042022"
                           xlink:type="simple">
            <relationEntry localType="archival">Minutes et répertoires du notaire Pierre DESRUES, 17 octobre 1584 - 1589 (étude XXXIX)</relationEntry>
         </resourceRelation>
         <resourceRelation xmlns:xlink="http://www.w3.org/1999/xlink"
                           resourceRelationType="creatorOf"
                           xlink:href="FRAN_IR_042031"
                           xlink:type="simple">
            <relationEntry localType="archival">Minutes et répertoires du notaire Marie Joseph Gustave DUBOIS, 14 juillet 1847 - 25 juin 1875 (étude XXXIX)</relationEntry>
         </resourceRelation>
         <resourceRelation xmlns:xlink="http://www.w3.org/1999/xlink"
                           resourceRelationType="creatorOf"
                           xlink:href="FRAN_IR_042027"
                           xlink:type="simple">
            <relationEntry localType="archival">Minutes et répertoires du notaire Jean-Baptiste Gervais FOURNIER, 28 juin 1804 - 2 avril 1827 (étude XXXIX)</relationEntry>
         </resourceRelation>
         <resourceRelation xmlns:xlink="http://www.w3.org/1999/xlink"
                           resourceRelationType="creatorOf"
                           xlink:href="FRAN_IR_042026"
                           xlink:type="simple">
            <relationEntry localType="archival">Minutes et répertoires du notaire Thomas GIBERT, 20 février 1762 - 31 janvier 1794 (étude XXXIX)</relationEntry>
         </resourceRelation>
         <resourceRelation xmlns:xlink="http://www.w3.org/1999/xlink"
                           resourceRelationType="creatorOf"
                           xlink:href="FRAN_IR_042032"
                           xlink:type="simple">
            <relationEntry localType="archival">Minutes et répertoires du notaire Joseph Émile GODET, 25 juin 1875 - 23 novembre 1898 (étude XXXIX)</relationEntry>
         </resourceRelation>
         <resourceRelation xmlns:xlink="http://www.w3.org/1999/xlink"
                           resourceRelationType="creatorOf"
                           xlink:href="FRAN_IR_042028"
                           xlink:type="simple">
            <relationEntry localType="archival">Minutes et répertoires du notaire Guillaume LE SOURD-BEAUREGARD, 14 août 1794 - 27 juin 1804 (étude XXXIX)</relationEntry>
         </resourceRelation>
         <resourceRelation xmlns:xlink="http://www.w3.org/1999/xlink"
                           resourceRelationType="creatorOf"
                           xlink:href="FRAN_IR_042030"
                           xlink:type="simple">
            <relationEntry localType="archival">Minutes et répertoires du notaire Hippolyte Théodore LEBAUDY, 21 décembre 1836 - 14 juillet 1847 (étude XXXIX)</relationEntry>
         </resourceRelation>
         <resourceRelation xmlns:xlink="http://www.w3.org/1999/xlink"
                           resourceRelationType="creatorOf"
                           xlink:href="FRAN_IR_042029"
                           xlink:type="simple">
            <relationEntry localType="archival">Minutes et répertoires du notaire Jean Ambroise PROST, 4 avril 1827 - 19 décembre 1836 (étude XXXIX)</relationEntry>
         </resourceRelation>
         <resourceRelation xmlns:xlink="http://www.w3.org/1999/xlink"
                           resourceRelationType="creatorOf"
                           xlink:href="FRAN_IR_042017"
                           xlink:type="simple">
            <relationEntry localType="archival">Archives de l'étude XXXIX</relationEntry>
         </resourceRelation>
         <resourceRelation xmlns:xlink="http://www.w3.org/1999/xlink"
                           resourceRelationType="creatorOf"
                           xlink:href="FRAN_IR_042025"
                           xlink:type="simple">
            <relationEntry localType="archival">Minutes et répertoires du notaire Michel MARTEL, 20 juin 1747 - 18 février 1762 (étude XXXIX)</relationEntry>
         </resourceRelation>
         <resourceRelation xmlns:xlink="http://www.w3.org/1999/xlink"
                           resourceRelationType="creatorOf"
                           xlink:href="FRAN_IR_042023"
                           xlink:type="simple">
            <relationEntry localType="archival">Minutes et répertoires du notaire Omer LE JARS, 21 février 1603 - 5 janvier 1611 (étude XXXIX)</relationEntry>
         </resourceRelation>
         <resourceRelation xmlns:xlink="http://www.w3.org/1999/xlink"
                           resourceRelationType="creatorOf"
                           xlink:href="FRAN_IR_051970"
                           xlink:type="simple">
            <relationEntry localType="archival">Images du répertoire du notaire Antoine Pasquier pour l'étude XXXIX</relationEntry>
         </resourceRelation>
         <resourceRelation xmlns:xlink="http://www.w3.org/1999/xlink"
                           resourceRelationType="creatorOf"
                           xlink:href="FRAN_IR_056084"
                           xlink:type="simple">
            <relationEntry localType="archival">Images du répertoire du notaire Jacques Landry pour l'étude XXXIX</relationEntry>
         </resourceRelation>
         <resourceRelation xmlns:xlink="http://www.w3.org/1999/xlink"
                           resourceRelationType="creatorOf"
                           xlink:href="FRAN_IR_056085"
                           xlink:type="simple">
            <relationEntry localType="archival">Images du répertoire du notaire Pierre Desrues pour l'étude XXXIX</relationEntry>
         </resourceRelation>
         <resourceRelation xmlns:xlink="http://www.w3.org/1999/xlink"
                           resourceRelationType="creatorOf"
                           xlink:href="FRAN_IR_056086"
                           xlink:type="simple">
            <relationEntry localType="archival">Images du répertoire du notaire Omer Le Jars pour l'étude XXXIX</relationEntry>
         </resourceRelation>
         <resourceRelation xmlns:xlink="http://www.w3.org/1999/xlink"
                           resourceRelationType="creatorOf"
                           xlink:href="FRAN_IR_056087"
                           xlink:type="simple">
            <relationEntry localType="archival">Images du répertoire du notaire Claude I Ménard pour l'étude XXXIX</relationEntry>
         </resourceRelation>
         <resourceRelation xmlns:xlink="http://www.w3.org/1999/xlink"
                           resourceRelationType="creatorOf"
                           xlink:href="FRAN_IR_052989"
                           xlink:type="simple">
            <relationEntry localType="archival">Images des répertoires du notaire Claude II Ménard pour l'étude XXXIX</relationEntry>
         </resourceRelation>
         <resourceRelation xmlns:xlink="http://www.w3.org/1999/xlink"
                           resourceRelationType="creatorOf"
                           xlink:href="FRAN_IR_051971"
                           xlink:type="simple">
            <relationEntry localType="archival">Images des répertoires du notaire Etienne Périchon pour l'étude XXXIX</relationEntry>
         </resourceRelation>
         <resourceRelation xmlns:xlink="http://www.w3.org/1999/xlink"
                           resourceRelationType="creatorOf"
                           xlink:href="FRAN_IR_051972"
                           xlink:type="simple">
            <relationEntry localType="archival">Images du répertoire du notaire Michel Martel pour l'étude XXXIX</relationEntry>
         </resourceRelation>
         <resourceRelation xmlns:xlink="http://www.w3.org/1999/xlink"
                           resourceRelationType="creatorOf"
                           xlink:href="FRAN_IR_051977"
                           xlink:type="simple">
            <relationEntry localType="archival">Images des répertoires du notaire Thomas Gibert pour l'étude XXXIX</relationEntry>
         </resourceRelation>
         <resourceRelation xmlns:xlink="http://www.w3.org/1999/xlink"
                           resourceRelationType="creatorOf"
                           xlink:href="FRAN_IR_051976"
                           xlink:type="simple">
            <relationEntry localType="archival">Images du répertoire du notaire Guillaume Le Sourd-Beauregard pour l'étude XXXIX</relationEntry>
         </resourceRelation>
         <resourceRelation xmlns:xlink="http://www.w3.org/1999/xlink"
                           resourceRelationType="creatorOf"
                           xlink:href="FRAN_IR_051979"
                           xlink:type="simple">
            <relationEntry localType="archival">Images des répertoires du notaire Jean-Baptiste Gervais Fournier pour l'étude XXXIX</relationEntry>
         </resourceRelation>
         <resourceRelation xmlns:xlink="http://www.w3.org/1999/xlink"
                           resourceRelationType="creatorOf"
                           xlink:href="FRAN_IR_051973"
                           xlink:type="simple">
            <relationEntry localType="archival">Images des répertoires du notaire Jean Ambroise Prost pour l'étude XXXIX</relationEntry>
         </resourceRelation>
         <resourceRelation xmlns:xlink="http://www.w3.org/1999/xlink"
                           resourceRelationType="creatorOf"
                           xlink:href="FRAN_IR_051975"
                           xlink:type="simple">
            <relationEntry localType="archival">Images des répertoires du notaire Hippolyte Théodore Lebaudy pour l'étude XXXIX</relationEntry>
         </resourceRelation>
         <resourceRelation xmlns:xlink="http://www.w3.org/1999/xlink"
                           resourceRelationType="creatorOf"
                           xlink:href="FRAN_IR_051848"
                           xlink:type="simple">
            <relationEntry localType="archival">Images des répertoires du notaire Marie Joseph Gustave Dubois pour l'étude XXXIX</relationEntry>
         </resourceRelation>
         <resourceRelation xmlns:xlink="http://www.w3.org/1999/xlink"
                           resourceRelationType="creatorOf"
                           xlink:href="FRAN_IR_051978"
                           xlink:type="simple">
            <relationEntry localType="archival">Images des répertoires du notaire Joseph Emile Godet pour l'étude XXXIX</relationEntry>
         </resourceRelation>
      </relations>
   </cpfDescription>
</eac-cpf>
