<eac-cpf xmlns="urn:isbn:1-931666-33-4"
         xmlns:xsi="http://www.w3.org/2001/XMLSchema-instance"
         xsi:schemaLocation="urn:isbn:1-931666-33-4 cpf.xsd">
   <control>
      <recordId>FRAN_NP_010141</recordId>
      <otherRecordId localType="Ancien_identifiant">FRDAFANCH00MC_NAETUDE_014</otherRecordId>
      <maintenanceStatus>derived</maintenanceStatus>
      <maintenanceAgency>
         <agencyName>Archives nationales de France</agencyName>
      </maintenanceAgency>
      <languageDeclaration>
         <language languageCode="fre">Français</language>
         <script scriptCode="Latn"/>
      </languageDeclaration>
      <conventionDeclaration>
         <citation>Notice établie conformément à la norme ICA-ISAAR (CPF) 2004, aux normes ISO 8601 pour le système de normalisation des dates utilisé, ainsi que AFNOR NF Z 44-061, juin 1986. Catalogage : forme et structure des vedettes noms de personne, des vedettes titres, des rubriques de classement et des titres forgés.</citation>
      </conventionDeclaration>
      <localControl localType="niveau_de_detail">
         <term>Moyenne</term>
      </localControl>
      <maintenanceHistory>
         <maintenanceEvent>
            <eventType>derived</eventType>
            <eventDateTime>2013-04-23</eventDateTime>
            <agentType>machine</agentType>
            <agent>Migration ETANOT</agent>
         </maintenanceEvent>
      </maintenanceHistory>
   </control>
   <cpfDescription>
      <identity>
         <entityType>corporateBody</entityType>
         <nameEntry localType="autorisée" scriptCode="Latn" xml:lang="fre">
            <part>Etude XIV</part>
         </nameEntry>
         <nameEntry>
            <part>75117</part>
         </nameEntry>
      </identity>
      <description>
         <existDates>
            <dateRange>
               <fromDate standardDate="1605-01-01">1605</fromDate>
            </dateRange>
         </existDates>
         <places>
            <place>
               <placeRole>Lieu de Paris</placeRole>
               <placeEntry localType="nomLieu">43, bd Malesherbes, 75008 PARIS</placeEntry>
            </place>
         </places>
         <functions>
            <function>
               <term vocabularySource="d3nyui3o8w--11y7jgy8q3wnt">notaire à paris</term>
               <dateRange>
                  <fromDate standardDate="1605-01-01">1605</fromDate>
                  <toDate/>
               </dateRange>
            </function>
         </functions>
         <biogHist>
            <p>Étude établie sur la rive droite, rue du Temple, sur la paroisse Saint-Nicolas-des-Champs (1605-1697), puis à la hauteur de la rue Geoffroy-l'Angevin (1697-1781), elle glisse vers l'ouest à la fin du XVIIIème siècle. Elle est rue Tiquetonne sous l'Empire puis s'installe rue du Faubourg Poissonnière, où elle demeure jusqu'en 1893.</p>
         </biogHist>
      </description>
      <relations>
         <cpfRelation xmlns:xlink="http://www.w3.org/1999/xlink"
                      cpfRelationType="associative"
                      xlink:href="FRAN_NP_010373"
                      xlink:type="simple">
            <relationEntry>Vienot, Henry Adolphe</relationEntry>
            <dateRange>
               <fromDate standardDate="1922-03-02">2 mars 1922</fromDate>
               <toDate standardDate="1945-08-30">30 août 1945</toDate>
            </dateRange>
         </cpfRelation>
         <cpfRelation xmlns:xlink="http://www.w3.org/1999/xlink"
                      cpfRelationType="associative"
                      xlink:href="FRAN_NP_010830"
                      xlink:type="simple">
            <relationEntry>Panhard, Jean</relationEntry>
            <dateRange>
               <fromDate standardDate="1892-04-27">27 avril 1892</fromDate>
               <toDate standardDate="1922-03-02">2 mars 1922</toDate>
            </dateRange>
         </cpfRelation>
         <cpfRelation xmlns:xlink="http://www.w3.org/1999/xlink"
                      cpfRelationType="associative"
                      xlink:href="FRAN_NP_010831"
                      xlink:type="simple">
            <relationEntry>Panhard, René Adrien</relationEntry>
            <dateRange>
               <fromDate standardDate="1864-08-05">5 août 1864</fromDate>
               <toDate standardDate="1870-07-16">16 juillet 1870</toDate>
            </dateRange>
         </cpfRelation>
         <cpfRelation xmlns:xlink="http://www.w3.org/1999/xlink"
                      cpfRelationType="associative"
                      xlink:href="FRAN_NP_010944"
                      xlink:type="simple">
            <relationEntry>Pitaux, Marie-Louis-Ernest</relationEntry>
            <dateRange>
               <fromDate standardDate="1870-07-16">16 juillet 1870</fromDate>
               <toDate standardDate="1892-04-27">27 avril 1892</toDate>
            </dateRange>
         </cpfRelation>
         <cpfRelation xmlns:xlink="http://www.w3.org/1999/xlink"
                      cpfRelationType="associative"
                      xlink:href="FRAN_NP_010967"
                      xlink:type="simple">
            <relationEntry>Poisson, Henri</relationEntry>
            <dateRange>
               <fromDate standardDate="1973-01-03">3 janvier 1973</fromDate>
               <toDate standardDate="2001-11-21">21 novembre 2001</toDate>
            </dateRange>
         </cpfRelation>
         <cpfRelation xmlns:xlink="http://www.w3.org/1999/xlink"
                      cpfRelationType="associative"
                      xlink:href="FRAN_NP_010994"
                      xlink:type="simple">
            <relationEntry>Poumet, Thibault-Rémond</relationEntry>
            <dateRange>
               <fromDate standardDate="1836-02-10">10 février 1836</fromDate>
               <toDate standardDate="1864-08-05">5 août 1864</toDate>
            </dateRange>
         </cpfRelation>
         <cpfRelation xmlns:xlink="http://www.w3.org/1999/xlink"
                      cpfRelationType="associative"
                      xlink:href="FRAN_NP_011318"
                      xlink:type="simple">
            <relationEntry>Laisné, Nicolas</relationEntry>
            <dateRange>
               <fromDate standardDate="1729-08-17">17 août 1729</fromDate>
               <toDate standardDate="1763-09-26">26 septembre 1763</toDate>
            </dateRange>
         </cpfRelation>
         <cpfRelation xmlns:xlink="http://www.w3.org/1999/xlink"
                      cpfRelationType="associative"
                      xlink:href="FRAN_NP_011393"
                      xlink:type="simple">
            <relationEntry>Le cat, Jean</relationEntry>
            <dateRange>
               <fromDate standardDate="1640-09-24">24 septembre 1640</fromDate>
               <toDate standardDate="1663-10-31">31 octobre 1663</toDate>
            </dateRange>
         </cpfRelation>
         <cpfRelation xmlns:xlink="http://www.w3.org/1999/xlink"
                      cpfRelationType="associative"
                      xlink:href="FRAN_NP_013229"
                      xlink:type="simple">
            <relationEntry>Gibrat, Vincent</relationEntry>
            <dateRange>
               <fromDate standardDate="2003-01-01">2003</fromDate>
            </dateRange>
         </cpfRelation>
         <cpfRelation xmlns:xlink="http://www.w3.org/1999/xlink"
                      cpfRelationType="associative"
                      xlink:href="FRAN_NP_013364"
                      xlink:type="simple">
            <relationEntry>Gaillard-Serougne, Stéphanie</relationEntry>
            <dateRange>
               <fromDate standardDate="2008-03-28">28 mars 2008</fromDate>
            </dateRange>
         </cpfRelation>
         <cpfRelation xmlns:xlink="http://www.w3.org/1999/xlink"
                      cpfRelationType="associative"
                      xlink:href="FRAN_NP_012007"
                      xlink:type="simple">
            <relationEntry>Guyet-Desfontaines, Marcelin-Benjamin</relationEntry>
            <dateRange>
               <fromDate standardDate="1826-05-30">30 mai 1826</fromDate>
               <toDate standardDate="1836-02-10">10 février 1836</toDate>
            </dateRange>
         </cpfRelation>
         <cpfRelation xmlns:xlink="http://www.w3.org/1999/xlink"
                      cpfRelationType="associative"
                      xlink:href="FRAN_NP_013183"
                      xlink:type="simple">
            <relationEntry>Cheval, Christophe</relationEntry>
            <dateRange>
               <fromDate standardDate="2001-01-31">31 janvier 2001</fromDate>
               <toDate standardDate="2006-11-29">29 novembre 2006</toDate>
            </dateRange>
         </cpfRelation>
         <cpfRelation xmlns:xlink="http://www.w3.org/1999/xlink"
                      cpfRelationType="associative"
                      xlink:href="FRAN_NP_013140"
                      xlink:type="simple">
            <relationEntry>Arnoult, Nicolas</relationEntry>
            <dateRange>
               <fromDate standardDate="1771-09-14">14 septembre 1771</fromDate>
               <toDate standardDate="1781-08-31">31 août 1781</toDate>
            </dateRange>
         </cpfRelation>
         <cpfRelation xmlns:xlink="http://www.w3.org/1999/xlink"
                      cpfRelationType="associative"
                      xlink:href="FRAN_NP_013044"
                      xlink:type="simple">
            <relationEntry>Breton, Louis</relationEntry>
            <dateRange>
               <fromDate standardDate="1804-04-14">14 avril 1804</fromDate>
               <toDate standardDate="1826-05-30">30 mai 1826</toDate>
            </dateRange>
         </cpfRelation>
         <cpfRelation xmlns:xlink="http://www.w3.org/1999/xlink"
                      cpfRelationType="associative"
                      xlink:href="FRAN_NP_013208"
                      xlink:type="simple">
            <relationEntry>Poisson, Denis</relationEntry>
            <dateRange>
               <fromDate standardDate="2001-11-21">21 novembre 2001</fromDate>
            </dateRange>
         </cpfRelation>
         <cpfRelation xmlns:xlink="http://www.w3.org/1999/xlink"
                      cpfRelationType="associative"
                      xlink:href="FRAN_NP_011442"
                      xlink:type="simple">
            <relationEntry>Le camus, Louis</relationEntry>
            <dateRange>
               <fromDate standardDate="1605-05-25">25 mai 1605</fromDate>
               <toDate standardDate="1637-10-18">18 octobre 1637</toDate>
            </dateRange>
         </cpfRelation>
         <cpfRelation xmlns:xlink="http://www.w3.org/1999/xlink"
                      cpfRelationType="associative"
                      xlink:href="FRAN_NP_011469"
                      xlink:type="simple">
            <relationEntry>Lefebvre, Claude II</relationEntry>
            <dateRange>
               <fromDate standardDate="1729-04-18">18 avril 1729</fromDate>
               <toDate standardDate="1729-07-21">21 juillet 1729</toDate>
            </dateRange>
         </cpfRelation>
         <cpfRelation xmlns:xlink="http://www.w3.org/1999/xlink"
                      cpfRelationType="associative"
                      xlink:href="FRAN_NP_011517"
                      xlink:type="simple">
            <relationEntry>Le masle, Jean</relationEntry>
            <dateRange>
               <fromDate standardDate="1697-08-19">19 août 1697</fromDate>
               <toDate standardDate="1729-04-06">6 avril 1729</toDate>
            </dateRange>
         </cpfRelation>
         <cpfRelation xmlns:xlink="http://www.w3.org/1999/xlink"
                      cpfRelationType="associative"
                      xlink:href="FRAN_NP_011532"
                      xlink:type="simple">
            <relationEntry>Lemoyne, Philippe</relationEntry>
            <dateRange>
               <fromDate standardDate="1637-10-25">25 octobre 1637</fromDate>
               <toDate standardDate="1640-07-31">juillet 1640</toDate>
            </dateRange>
         </cpfRelation>
         <cpfRelation xmlns:xlink="http://www.w3.org/1999/xlink"
                      cpfRelationType="associative"
                      xlink:href="FRAN_NP_011627"
                      xlink:type="simple">
            <relationEntry>Lombard, François</relationEntry>
            <dateRange>
               <fromDate standardDate="1981-12-16">16 décembre 1981</fromDate>
               <toDate standardDate="1999-12-13">13 décembre 1999</toDate>
            </dateRange>
         </cpfRelation>
         <cpfRelation xmlns:xlink="http://www.w3.org/1999/xlink"
                      cpfRelationType="associative"
                      xlink:href="FRAN_NP_012132"
                      xlink:type="simple">
            <relationEntry>Estienne, André Marie</relationEntry>
            <dateRange>
               <fromDate standardDate="1945-08-30">30 août 1945</fromDate>
               <toDate standardDate="1981-12-16">16 décembre 1981</toDate>
            </dateRange>
         </cpfRelation>
         <cpfRelation xmlns:xlink="http://www.w3.org/1999/xlink"
                      cpfRelationType="associative"
                      xlink:href="FRAN_NP_012166"
                      xlink:type="simple">
            <relationEntry>Delage, Jean Michel</relationEntry>
            <dateRange>
               <fromDate standardDate="1763-11-19">19 novembre 1763</fromDate>
               <toDate standardDate="1771-09-14">14 septembre 1771</toDate>
            </dateRange>
         </cpfRelation>
         <cpfRelation xmlns:xlink="http://www.w3.org/1999/xlink"
                      cpfRelationType="associative"
                      xlink:href="FRAN_NP_012167"
                      xlink:type="simple">
            <relationEntry>Despriez, Jacques</relationEntry>
            <dateRange>
               <fromDate standardDate="1663-12-31">31 décembre 1663</fromDate>
               <toDate standardDate="1697-07-18">18 juillet 1697</toDate>
            </dateRange>
         </cpfRelation>
         <cpfRelation xmlns:xlink="http://www.w3.org/1999/xlink"
                      cpfRelationType="associative"
                      xlink:href="FRAN_NP_012488"
                      xlink:type="simple">
            <relationEntry>Coupery, Louis</relationEntry>
            <dateRange>
               <fromDate standardDate="1781-08-31">31 août 1781</fromDate>
               <toDate standardDate="1804-04-14">14 avril 1804</toDate>
            </dateRange>
         </cpfRelation>
         <resourceRelation xmlns:xlink="http://www.w3.org/1999/xlink"
                           resourceRelationType="creatorOf"
                           xlink:href="FRAN_IR_041420"
                           xlink:type="simple">
            <relationEntry localType="archival">Minutes et répertoires du notaire Louis LE CAMUS, 25 mai 1605 - 18 octobre 1637 (étude XIV)</relationEntry>
         </resourceRelation>
         <resourceRelation xmlns:xlink="http://www.w3.org/1999/xlink"
                           resourceRelationType="creatorOf"
                           xlink:href="FRAN_IR_041421"
                           xlink:type="simple">
            <relationEntry localType="archival">Minutes et répertoires du notaire Philippe LEMOYNE, 25 octobre 1637 - juillet 1640 (étude XIV)</relationEntry>
         </resourceRelation>
         <resourceRelation xmlns:xlink="http://www.w3.org/1999/xlink"
                           resourceRelationType="creatorOf"
                           xlink:href="FRAN_IR_041422"
                           xlink:type="simple">
            <relationEntry localType="archival">Minutes et répertoires du notaire Jean LE CAT, 29 septembre 1640 - octobre 1663 (étude XIV)</relationEntry>
         </resourceRelation>
         <resourceRelation xmlns:xlink="http://www.w3.org/1999/xlink"
                           resourceRelationType="creatorOf"
                           xlink:href="FRAN_IR_041423"
                           xlink:type="simple">
            <relationEntry localType="archival">Minutes et répertoires du notaire Jacques DESPRIEZ, janvier 1664 - 18 juillet 1697 (étude XIV)</relationEntry>
         </resourceRelation>
         <resourceRelation xmlns:xlink="http://www.w3.org/1999/xlink"
                           resourceRelationType="creatorOf"
                           xlink:href="FRAN_IR_041426"
                           xlink:type="simple">
            <relationEntry localType="archival">Minutes et répertoires du notaire Nicolas LAISNÉ, 18 août 1729 - 19 novembre 1763 (étude XIV)</relationEntry>
         </resourceRelation>
         <resourceRelation xmlns:xlink="http://www.w3.org/1999/xlink"
                           resourceRelationType="creatorOf"
                           xlink:href="FRAN_IR_041427"
                           xlink:type="simple">
            <relationEntry localType="archival">Minutes et répertoires du notaire Jean Michel DELAGE, 19 novembre 1763 - 13 septembre 1771 (étude XIV)</relationEntry>
         </resourceRelation>
         <resourceRelation xmlns:xlink="http://www.w3.org/1999/xlink"
                           resourceRelationType="creatorOf"
                           xlink:href="FRAN_IR_041425"
                           xlink:type="simple">
            <relationEntry localType="archival">Minutes et répertoires du notaire Jean LE MASLE, 19 août 1697 - 6 avril 1729 (étude XIV)</relationEntry>
         </resourceRelation>
         <resourceRelation xmlns:xlink="http://www.w3.org/1999/xlink"
                           resourceRelationType="creatorOf"
                           xlink:href="FRAN_IR_041424"
                           xlink:type="simple">
            <relationEntry localType="archival">Minutes et répertoires du notaire Claude II LEFEBVRE, 12 avril 1729 - 2 août 1729 (étude XIV)</relationEntry>
         </resourceRelation>
         <resourceRelation xmlns:xlink="http://www.w3.org/1999/xlink"
                           resourceRelationType="creatorOf"
                           xlink:href="FRAN_IR_041428"
                           xlink:type="simple">
            <relationEntry localType="archival">Minutes et répertoires du notaire Nicolas ARNOULT, 14 septembre 1771 - 20 août 1781 (étude XIV)</relationEntry>
         </resourceRelation>
         <resourceRelation xmlns:xlink="http://www.w3.org/1999/xlink"
                           resourceRelationType="creatorOf"
                           xlink:href="FRAN_IR_041429"
                           xlink:type="simple">
            <relationEntry localType="archival">Minutes et répertoires du notaire Louis COUPERY, 31 août 1781 - 11 avril 1804 (étude XIV)</relationEntry>
         </resourceRelation>
         <resourceRelation xmlns:xlink="http://www.w3.org/1999/xlink"
                           resourceRelationType="creatorOf"
                           xlink:href="FRAN_IR_041430"
                           xlink:type="simple">
            <relationEntry localType="archival">Minutes et répertoires du notaire Louis BRETON, 14 avril  1804 - 29 mai 1826 (étude XIV)</relationEntry>
         </resourceRelation>
         <resourceRelation xmlns:xlink="http://www.w3.org/1999/xlink"
                           resourceRelationType="creatorOf"
                           xlink:href="FRAN_IR_041431"
                           xlink:type="simple">
            <relationEntry localType="archival">Minutes et répertoires du notaire Marcelin Benjamin GUYET-DESFONTAINES, 30 mai 1826 - 9 février 1836 (étude XIV)</relationEntry>
         </resourceRelation>
         <resourceRelation xmlns:xlink="http://www.w3.org/1999/xlink"
                           resourceRelationType="creatorOf"
                           xlink:href="FRAN_IR_041432"
                           xlink:type="simple">
            <relationEntry localType="archival">Minutes et répertoires du notaire Thibault Rémond POUMET, 10 février 1836 - 4 août 1864 (étude XIV)</relationEntry>
         </resourceRelation>
         <resourceRelation xmlns:xlink="http://www.w3.org/1999/xlink"
                           resourceRelationType="creatorOf"
                           xlink:href="FRAN_IR_041433"
                           xlink:type="simple">
            <relationEntry localType="archival">Minutes et répertoires du notaire René Adrien PANHARD, 6 août 1864 - 14 juillet 1870 (étude XIV)</relationEntry>
         </resourceRelation>
         <resourceRelation xmlns:xlink="http://www.w3.org/1999/xlink"
                           resourceRelationType="creatorOf"
                           xlink:href="FRAN_IR_041436"
                           xlink:type="simple">
            <relationEntry localType="archival">Minutes et répertoires du notaire Henry Adolphe VIENOT, 2 mars 1922 - 29 août 1928 (étude XIV)</relationEntry>
         </resourceRelation>
         <resourceRelation xmlns:xlink="http://www.w3.org/1999/xlink"
                           resourceRelationType="creatorOf"
                           xlink:href="FRAN_IR_041434"
                           xlink:type="simple">
            <relationEntry localType="archival">Minutes et répertoires du notaire Marie Louis Ernest PITAUX, 16 juillet 1870 - 26 avril 1892 (étude XIV)</relationEntry>
         </resourceRelation>
         <resourceRelation xmlns:xlink="http://www.w3.org/1999/xlink"
                           resourceRelationType="creatorOf"
                           xlink:href="FRAN_IR_041435"
                           xlink:type="simple">
            <relationEntry localType="archival">Minutes et répertoires du notaire Jean PANHARD, 27 avril 1892 - 2 mars 1922 (étude XIV)</relationEntry>
         </resourceRelation>
         <resourceRelation xmlns:xlink="http://www.w3.org/1999/xlink"
                           resourceRelationType="creatorOf"
                           xlink:href="FRAN_IR_041419"
                           xlink:type="simple">
            <relationEntry localType="archival">Archives de l'étude XIV</relationEntry>
         </resourceRelation>
         <resourceRelation xmlns:xlink="http://www.w3.org/1999/xlink"
                           resourceRelationType="creatorOf"
                           xlink:href="FRAN_IR_054376"
                           xlink:type="simple">
            <relationEntry localType="archival">Images des répertoires du notaire Marie Louis Ernest Pitaux pour l'étude XIV</relationEntry>
         </resourceRelation>
         <resourceRelation xmlns:xlink="http://www.w3.org/1999/xlink"
                           resourceRelationType="creatorOf"
                           xlink:href="FRAN_IR_051797"
                           xlink:type="simple">
            <relationEntry localType="archival">Images du répertoire du notaire Jean Michel Delage pour l'étude XIV</relationEntry>
         </resourceRelation>
         <resourceRelation xmlns:xlink="http://www.w3.org/1999/xlink"
                           resourceRelationType="creatorOf"
                           xlink:href="FRAN_IR_051793"
                           xlink:type="simple">
            <relationEntry localType="archival">Images des répertoires du notaire Louis Le Camus pour l'étude XIV</relationEntry>
         </resourceRelation>
         <resourceRelation xmlns:xlink="http://www.w3.org/1999/xlink"
                           resourceRelationType="creatorOf"
                           xlink:href="FRAN_IR_051792"
                           xlink:type="simple">
            <relationEntry localType="archival">Images du répertoire du notaire Jean Le Cat pour l'étude XIV</relationEntry>
         </resourceRelation>
         <resourceRelation xmlns:xlink="http://www.w3.org/1999/xlink"
                           resourceRelationType="creatorOf"
                           xlink:href="FRAN_IR_051798"
                           xlink:type="simple">
            <relationEntry localType="archival">Images du répertoire du notaire Jacques Despriez pour l'étude XIV</relationEntry>
         </resourceRelation>
         <resourceRelation xmlns:xlink="http://www.w3.org/1999/xlink"
                           resourceRelationType="creatorOf"
                           xlink:href="FRAN_IR_051795"
                           xlink:type="simple">
            <relationEntry localType="archival">Images du répertoire du notaire Jean Le Masle pour l'étude XIV</relationEntry>
         </resourceRelation>
         <resourceRelation xmlns:xlink="http://www.w3.org/1999/xlink"
                           resourceRelationType="creatorOf"
                           xlink:href="FRAN_IR_051794"
                           xlink:type="simple">
            <relationEntry localType="archival">Images du répertoire du notaire Claude II Lefebvre pour l'étude XIV</relationEntry>
         </resourceRelation>
         <resourceRelation xmlns:xlink="http://www.w3.org/1999/xlink"
                           resourceRelationType="creatorOf"
                           xlink:href="FRAN_IR_051800"
                           xlink:type="simple">
            <relationEntry localType="archival">Images du répertoire du notaire Nicolas Arnoult pour l'étude XIV</relationEntry>
         </resourceRelation>
         <resourceRelation xmlns:xlink="http://www.w3.org/1999/xlink"
                           resourceRelationType="creatorOf"
                           xlink:href="FRAN_IR_051799"
                           xlink:type="simple">
            <relationEntry localType="archival">Images des répertoires du notaire Louis Coupery pour l'étude XIV</relationEntry>
         </resourceRelation>
         <resourceRelation xmlns:xlink="http://www.w3.org/1999/xlink"
                           resourceRelationType="creatorOf"
                           xlink:href="FRAN_IR_051801"
                           xlink:type="simple">
            <relationEntry localType="archival">Images des répertoires du notaire Louis Breton pour l'étude XIV</relationEntry>
         </resourceRelation>
         <resourceRelation xmlns:xlink="http://www.w3.org/1999/xlink"
                           resourceRelationType="creatorOf"
                           xlink:href="FRAN_IR_051796"
                           xlink:type="simple">
            <relationEntry localType="archival">Images des répertoires du notaire Marcelin Benjamin Guyet-Desfontaines pour l'étude XIV</relationEntry>
         </resourceRelation>
         <resourceRelation xmlns:xlink="http://www.w3.org/1999/xlink"
                           resourceRelationType="creatorOf"
                           xlink:href="FRAN_IR_051790"
                           xlink:type="simple">
            <relationEntry localType="archival">Images des répertoires du notaire Thibault Rémond Poumet pour l'étude XIV</relationEntry>
         </resourceRelation>
         <resourceRelation xmlns:xlink="http://www.w3.org/1999/xlink"
                           resourceRelationType="creatorOf"
                           xlink:href="FRAN_IR_051788"
                           xlink:type="simple">
            <relationEntry localType="archival">Images des répertoires du notaire René Adrien Panhard pour l'étude XIV</relationEntry>
         </resourceRelation>
         <resourceRelation xmlns:xlink="http://www.w3.org/1999/xlink"
                           resourceRelationType="creatorOf"
                           xlink:href="FRAN_IR_056592"
                           xlink:type="simple">
            <relationEntry localType="archival">Images des répertoires du notaire Nicolas Laisné pour l'étude XIV</relationEntry>
         </resourceRelation>
      </relations>
   </cpfDescription>
</eac-cpf>
