<eac-cpf xmlns="urn:isbn:1-931666-33-4"
         xmlns:xsi="http://www.w3.org/2001/XMLSchema-instance"
         xsi:schemaLocation="urn:isbn:1-931666-33-4 cpf.xsd">
   <control>
      <recordId>FRAN_NP_010341</recordId>
      <otherRecordId localType="Ancien_identifiant">FRDAFANCH00MC_NANOTAIRE00042</otherRecordId>
      <maintenanceStatus>derived</maintenanceStatus>
      <maintenanceAgency>
         <agencyName>Archives nationales de France</agencyName>
      </maintenanceAgency>
      <languageDeclaration>
         <language languageCode="fre">Français</language>
         <script scriptCode="Latn"/>
      </languageDeclaration>
      <conventionDeclaration>
         <citation>Notice établie conformément à la norme ICA-ISAAR (CPF) 2004, aux normes ISO 8601 pour le système de normalisation des dates utilisé, ainsi que AFNOR NF Z 44-061, juin 1986. Catalogage : forme et structure des vedettes noms de personne, des vedettes titres, des rubriques de classement et des titres forgés.</citation>
      </conventionDeclaration>
      <localControl localType="niveau_de_detail">
         <term>Moyenne</term>
      </localControl>
      <maintenanceHistory>
         <maintenanceEvent>
            <eventType>derived</eventType>
            <eventDateTime>2013-04-23</eventDateTime>
            <agentType>machine</agentType>
            <agent>Migration ETANOT</agent>
         </maintenanceEvent>
      </maintenanceHistory>
   </control>
   <cpfDescription>
      <identity>
         <entityType>person</entityType>
         <nameEntry localType="autorisée" scriptCode="Latn" xml:lang="fre">
            <part>Vassart, Nicolas II</part>
         </nameEntry>
      </identity>
      <description>
         <existDates>
            <dateRange>
               <fromDate standardDate="1584-03-12">12 mars 1584</fromDate>
               <toDate standardDate="1588-01-16">16 janvier 1588</toDate>
            </dateRange>
            <descriptiveNote>
               <p>Les dates d'existence de la personne ne sont pas connues et sont évaluées d'après les dates d'exercice en tant que notaire</p>
            </descriptiveNote>
         </existDates>
         <places>
            <place>
               <placeRole>Lieu de Paris</placeRole>
               <placeEntry localType="paroisse" vocabularySource="d3nyvp0xwi-18dd5xg8fnnjr">saint-jean-en-grève (paroisse)</placeEntry>
               <placeEntry localType="nomLieu">rue de la Tissanderie</placeEntry>
            </place>
         </places>
         <functions>
            <function>
               <term vocabularySource="d3nyui3o8w--11y7jgy8q3wnt">notaire à paris</term>
               <dateRange>
                  <fromDate standardDate="1584-03-12">12 mars 1584</fromDate>
                  <toDate standardDate="1588-01-16">16 janvier 1588</toDate>
               </dateRange>
            </function>
         </functions>
         <biogHist>
            <p>Fils de Nicolas Vassart I et Marguerite Brulé</p>
            <p>marié, en premières noces, à Madeleine Du Moulin (voir ET/III/171, 10 mai 1584, contrat de mariage)</p>
            <p>marié, en secondes noces, à Marie de Choilly, veuve de Martin Jamart, notaire (voir ET/XII/25, folio 227, 16 octobre 1586, contrat de mariage)</p>
            <p>beau-frère de Jean Leroy, notaire dans la même étude</p>
            <p>en 1588, il quitte le notariat et devient commissaire examinateur au Châtelet</p>
         </biogHist>
      </description>
      <relations>
         <cpfRelation xmlns:xlink="http://www.w3.org/1999/xlink"
                      cpfRelationType="associative"
                      xlink:href="FRAN_NP_010214"
                      xlink:type="simple">
            <relationEntry>Etude notariale LXXXVII</relationEntry>
            <dateRange>
               <fromDate standardDate="1584-03-12">12 mars 1584</fromDate>
               <toDate standardDate="1588-01-16">16 janvier 1588</toDate>
            </dateRange>
         </cpfRelation>
         <resourceRelation xmlns:xlink="http://www.w3.org/1999/xlink"
                           resourceRelationType="creatorOf"
                           xlink:href="FRAN_IR_042861"
                           xlink:type="simple">
            <relationEntry localType="archival">Minutes et répertoires du notaire Nicolas II VASSART, 13 mars 1584 - 16 janvier 1588 (étude LXXXVII)</relationEntry>
         </resourceRelation>
      </relations>
   </cpfDescription>
</eac-cpf>
