<eac-cpf xmlns="urn:isbn:1-931666-33-4"
         xmlns:xsi="http://www.w3.org/2001/XMLSchema-instance"
         xsi:schemaLocation="urn:isbn:1-931666-33-4 cpf.xsd">
   <control>
      <recordId>FRAN_NP_010523</recordId>
      <otherRecordId localType="Ancien_identifiant">FRDAFANCH00MC_NANOTAIRE00236</otherRecordId>
      <maintenanceStatus>derived</maintenanceStatus>
      <maintenanceAgency>
         <agencyName>Archives nationales de France</agencyName>
      </maintenanceAgency>
      <languageDeclaration>
         <language languageCode="fre">Français</language>
         <script scriptCode="Latn"/>
      </languageDeclaration>
      <conventionDeclaration>
         <citation>Notice établie conformément à la norme ICA-ISAAR (CPF) 2004, aux normes ISO 8601 pour le système de normalisation des dates utilisé, ainsi que AFNOR NF Z 44-061, juin 1986. Catalogage : forme et structure des vedettes noms de personne, des vedettes titres, des rubriques de classement et des titres forgés.</citation>
      </conventionDeclaration>
      <localControl localType="niveau_de_detail">
         <term>Moyenne</term>
      </localControl>
      <maintenanceHistory>
         <maintenanceEvent>
            <eventType>derived</eventType>
            <eventDateTime>2013-04-23</eventDateTime>
            <agentType>machine</agentType>
            <agent>Migration ETANOT</agent>
         </maintenanceEvent>
      </maintenanceHistory>
      <sources>
         <source>
            <descriptiveNote>
               <p>M. F. LIMON, Les notaires au Châtelet sous le règne de Louis XIV, Toulouse, presses universitaires du Mirail, 1992, p. 415</p>
            </descriptiveNote>
         </source>
      </sources>
   </control>
   <cpfDescription>
      <identity>
         <entityType>person</entityType>
         <nameEntry localType="autorisée" scriptCode="Latn" xml:lang="fre">
            <part>Sainfray, Jean</part>
         </nameEntry>
         <nameEntry>
            <part>Sainfray, Jean Joseph</part>
         </nameEntry>
      </identity>
      <description>
         <existDates>
            <dateRange>
               <fromDate standardDate="1718-02-26">26 février 1718</fromDate>
               <toDate standardDate="1741-03-06">6 mars 1741</toDate>
            </dateRange>
            <descriptiveNote>
               <p>Les dates d'existence de la personne ne sont pas connues et sont évaluées d'après les dates d'exercice en tant que notaire</p>
            </descriptiveNote>
         </existDates>
         <places>
            <place>
               <placeRole>Lieu de Paris</placeRole>
               <placeEntry localType="paroisse" vocabularySource="d3nyvow9c3--1ln2rhczl581f">saint-eustache (paroisse)</placeEntry>
               <placeEntry localType="quartier" vocabularySource="d3nyvgrw7m-1ulx41q7n6nbj">saint-eustache (quartier)</placeEntry>
               <placeEntry localType="voie" vocabularySource="d3nzcqca60--15myx6rt2iwr">prouvaires (rue des)</placeEntry>
               <placeEntry localType="nomLieu">rue des Prouvaires</placeEntry>
            </place>
         </places>
         <functions>
            <function>
               <term vocabularySource="d3nyui3o8w--11y7jgy8q3wnt">notaire à paris</term>
               <dateRange>
                  <fromDate standardDate="1718-02-26">26 février 1718</fromDate>
                  <toDate standardDate="1741-03-06">6 mars 1741</toDate>
               </dateRange>
            </function>
         </functions>
         <biogHist>
            <p>fils de Charles Sainfray, notaire de l'étude XX</p>
            <p>marié à Marguerite Huguet (voir ET/XCVI/267, 22 avril 1721, contrat de mariage)</p>
            <p>échevin de Paris en 1739</p>
         </biogHist>
      </description>
      <relations>
         <cpfRelation xmlns:xlink="http://www.w3.org/1999/xlink"
                      cpfRelationType="associative"
                      xlink:href="FRAN_NP_010143"
                      xlink:type="simple">
            <relationEntry>Etude notariale XVI</relationEntry>
            <dateRange>
               <fromDate standardDate="1718-02-26">26 février 1718</fromDate>
               <toDate standardDate="1741-03-06">6 mars 1741</toDate>
            </dateRange>
         </cpfRelation>
         <resourceRelation resourceRelationType="other">
            <relationEntry localType="archival">ET/II/388, 14 février 1718, traité d'office de notaire entre Jean-Louis Le Semelier et Jean Sainfray</relationEntry>
         </resourceRelation>
         <resourceRelation resourceRelationType="other">
            <relationEntry localType="archival">ET/LXXV/557, 30 janvier 1734, inventaire après décès de Marguerite Huguet, son épouse</relationEntry>
         </resourceRelation>
         <resourceRelation resourceRelationType="other">
            <relationEntry localType="archival">ET/LXXV/575, 13 mars 1741, vente, par Philippe Leblanc tuteur de ses enfants, de son office à François Dubois, son principal clerc</relationEntry>
         </resourceRelation>
         <resourceRelation resourceRelationType="other">
            <relationEntry localType="archival">ET/LXXV/575, 16 mars 1741, inventaire après décès</relationEntry>
         </resourceRelation>
         <resourceRelation xmlns:xlink="http://www.w3.org/1999/xlink"
                           resourceRelationType="creatorOf"
                           xlink:href="FRAN_IR_041471"
                           xlink:type="simple">
            <relationEntry localType="archival">Minutes et répertoires du notaire Jean SAINFRAY, mars 1718 - 27 mars 1741 (étude XVI)</relationEntry>
         </resourceRelation>
         <resourceRelation xmlns:xlink="http://www.w3.org/1999/xlink"
                           resourceRelationType="creatorOf"
                           xlink:href="FRAN_IR_051814"
                           xlink:type="simple">
            <relationEntry localType="archival">Images du répertoire du notaire Jean Sainfray pour l'étude XVI</relationEntry>
         </resourceRelation>
      </relations>
   </cpfDescription>
</eac-cpf>
