<eac-cpf xmlns="urn:isbn:1-931666-33-4"
         xmlns:xsi="http://www.w3.org/2001/XMLSchema-instance"
         xsi:schemaLocation="urn:isbn:1-931666-33-4 cpf.xsd">
   <control>
      <recordId>FRAN_NP_010501</recordId>
      <otherRecordId localType="Ancien_identifiant">FRDAFANCH00MC_NANOTAIRE00212</otherRecordId>
      <maintenanceStatus>derived</maintenanceStatus>
      <maintenanceAgency>
         <agencyName>Archives nationales de France</agencyName>
      </maintenanceAgency>
      <languageDeclaration>
         <language languageCode="fre">Français</language>
         <script scriptCode="Latn"/>
      </languageDeclaration>
      <conventionDeclaration>
         <citation>Notice établie conformément à la norme ICA-ISAAR (CPF) 2004, aux normes ISO 8601 pour le système de normalisation des dates utilisé, ainsi que AFNOR NF Z 44-061, juin 1986. Catalogage : forme et structure des vedettes noms de personne, des vedettes titres, des rubriques de classement et des titres forgés.</citation>
      </conventionDeclaration>
      <localControl localType="niveau_de_detail">
         <term>Moyenne</term>
      </localControl>
      <maintenanceHistory>
         <maintenanceEvent>
            <eventType>derived</eventType>
            <eventDateTime>2013-04-23</eventDateTime>
            <agentType>machine</agentType>
            <agent>Migration ETANOT</agent>
         </maintenanceEvent>
      </maintenanceHistory>
      <sources>
         <source>
            <descriptiveNote>
               <p>Philippe BERTHOLET, Etudes et notaires parisiens en 1803, au moment de la loi du 25 ventôse an XI (16 mars 1803), Paris, 2004, p. 267-269</p>
            </descriptiveNote>
         </source>
      </sources>
   </control>
   <cpfDescription>
      <identity>
         <entityType>person</entityType>
         <nameEntry localType="autorisée" scriptCode="Latn" xml:lang="fre">
            <part>Trubert, Jean Etienne</part>
         </nameEntry>
      </identity>
      <description>
         <existDates>
            <dateRange>
               <fromDate standardDate="1779-01-02">2 janvier 1779</fromDate>
               <toDate standardDate="1812-07-15">15 juillet 1812</toDate>
            </dateRange>
            <descriptiveNote>
               <p>Les dates d'existence de la personne ne sont pas connues et sont évaluées d'après les dates d'exercice en tant que notaire</p>
            </descriptiveNote>
         </existDates>
         <places>
            <place>
               <placeRole>Lieu de Paris</placeRole>
               <placeEntry localType="paroisse" vocabularySource="d3nyvow9c3--1ln2rhczl581f">saint-eustache (paroisse)</placeEntry>
               <placeEntry localType="quartier" vocabularySource="d3nyvgrw7m-1ulx41q7n6nbj">saint-eustache (quartier)</placeEntry>
               <placeEntry localType="quartier" vocabularySource="d3nyvgeuq1--ys2q6qcqeojf">montmartre (quartier)</placeEntry>
               <placeEntry localType="voie" vocabularySource="d3nzc47wbl-1a2g6xqjbuj5s">montmartre (rue)</placeEntry>
               <placeEntry localType="voie" vocabularySource="d3nzdq8nvt--d2xw4qhjmnog">vieux-augustins (rue des)</placeEntry>
               <placeEntry localType="voie" vocabularySource="d3nzc47wbl-1a2g6xqjbuj5s">montmartre (rue)</placeEntry>
               <placeEntry localType="nomLieu">rue Montmartre, près la rue de la Jussienne (de 1779 à 1782), rue des Vieux-Augustins, près la rue Coquillière (de 1782 à 1790), 148 rue Montmartre près Saint-Joseph (de 1791 à 1812)</placeEntry>
            </place>
         </places>
         <functions>
            <function>
               <term vocabularySource="d3nyui3o8w--11y7jgy8q3wnt">notaire à paris</term>
               <dateRange>
                  <fromDate standardDate="1779-01-02">2 janvier 1779</fromDate>
                  <toDate standardDate="1812-07-15">15 juillet 1812</toDate>
               </dateRange>
            </function>
         </functions>
         <biogHist>
            <p>né le 10 juin 1748 à Paris</p>
            <p>marié à Marie Loys-Dumoussay (voir ET/LXIX/753, 10 mai 1779, contrat de mariage)</p>
            <p>son fils Alexandre lui succède</p>
            <p>président de la Chambre des notaires en 1811</p>
            <p>décédé le 24 février 1827</p>
         </biogHist>
      </description>
      <relations>
         <cpfRelation xmlns:xlink="http://www.w3.org/1999/xlink"
                      cpfRelationType="associative"
                      xlink:href="FRAN_NP_010169"
                      xlink:type="simple">
            <relationEntry>Etude notariale XLII</relationEntry>
            <dateRange>
               <fromDate standardDate="1779-01-02">2 janvier 1779</fromDate>
               <toDate standardDate="1812-07-15">15 juillet 1812</toDate>
            </dateRange>
         </cpfRelation>
         <resourceRelation resourceRelationType="other">
            <relationEntry localType="archival">ET/LXXV/749, 17 décembre 1778, traité d'office de notaire entre Guillaume Angot et Jean Etienne Trubert</relationEntry>
         </resourceRelation>
         <resourceRelation resourceRelationType="other">
            <relationEntry localType="archival">ET/LXVII/962, 1er mars 1827, notoriété après décès</relationEntry>
         </resourceRelation>
         <resourceRelation xmlns:xlink="http://www.w3.org/1999/xlink"
                           resourceRelationType="creatorOf"
                           xlink:href="FRAN_IR_052008"
                           xlink:type="simple">
            <relationEntry localType="archival">Images des répertoires du notaire Jean Etienne Trubert pour l'étude XLII</relationEntry>
         </resourceRelation>
      </relations>
   </cpfDescription>
</eac-cpf>
