<eac-cpf xmlns="urn:isbn:1-931666-33-4"
         xmlns:xsi="http://www.w3.org/2001/XMLSchema-instance"
         xsi:schemaLocation="urn:isbn:1-931666-33-4 cpf.xsd">
   <control>
      <recordId>FRAN_NP_010594</recordId>
      <otherRecordId localType="Ancien_identifiant">FRDAFANCH00MC_NANOTAIRE00316</otherRecordId>
      <maintenanceStatus>derived</maintenanceStatus>
      <maintenanceAgency>
         <agencyName>Archives nationales de France</agencyName>
      </maintenanceAgency>
      <languageDeclaration>
         <language languageCode="fre">Français</language>
         <script scriptCode="Latn"/>
      </languageDeclaration>
      <conventionDeclaration>
         <citation>Notice établie conformément à la norme ICA-ISAAR (CPF) 2004, aux normes ISO 8601 pour le système de normalisation des dates utilisé, ainsi que AFNOR NF Z 44-061, juin 1986. Catalogage : forme et structure des vedettes noms de personne, des vedettes titres, des rubriques de classement et des titres forgés.</citation>
      </conventionDeclaration>
      <localControl localType="niveau_de_detail">
         <term>Moyenne</term>
      </localControl>
      <maintenanceHistory>
         <maintenanceEvent>
            <eventType>derived</eventType>
            <eventDateTime>2013-04-23</eventDateTime>
            <agentType>machine</agentType>
            <agent>Migration ETANOT</agent>
         </maintenanceEvent>
      </maintenanceHistory>
   </control>
   <cpfDescription>
      <identity>
         <entityType>person</entityType>
         <nameEntry localType="autorisée" scriptCode="Latn" xml:lang="fre">
            <part>Soudée, Mathieu</part>
         </nameEntry>
      </identity>
      <description>
         <existDates>
            <dateRange>
               <fromDate standardDate="1643-11-19">19 novembre 1643</fromDate>
               <toDate standardDate="1647-11-10">10 novembre 1647</toDate>
            </dateRange>
            <descriptiveNote>
               <p>Les dates d'existence de la personne ne sont pas connues et sont évaluées d'après les dates d'exercice en tant que notaire</p>
            </descriptiveNote>
         </existDates>
         <places>
            <place>
               <placeRole>Lieu de Paris</placeRole>
               <placeEntry localType="paroisse" vocabularySource="d3nyvp8zed--rdzkw0dkb1pg">saint-paul (paroisse)</placeEntry>
               <placeEntry localType="paroisse" vocabularySource="d3nyvoxn4o-1v8ltgercbj9c">saint-gervais (paroisse)</placeEntry>
               <placeEntry localType="voie" vocabularySource="d3nzd15vbw-k0h1w454w4f8">saint-antoine (rue)</placeEntry>
               <placeEntry localType="nomLieu">rue Saint-Antoine</placeEntry>
            </place>
         </places>
         <functions>
            <function>
               <term vocabularySource="d3nyui3o8w--11y7jgy8q3wnt">notaire à paris</term>
               <dateRange>
                  <fromDate standardDate="1643-11-19">19 novembre 1643</fromDate>
                  <toDate standardDate="1647-11-10">10 novembre 1647</toDate>
               </dateRange>
            </function>
         </functions>
         <biogHist>
            <p>Marié à Marie Grenin</p>
         </biogHist>
      </description>
      <relations>
         <cpfRelation xmlns:xlink="http://www.w3.org/1999/xlink"
                      cpfRelationType="associative"
                      xlink:href="FRAN_NP_010234"
                      xlink:type="simple">
            <relationEntry>Etude notariale CVII</relationEntry>
            <dateRange>
               <fromDate standardDate="1643-11-19">19 novembre 1643</fromDate>
               <toDate standardDate="1647-11-10">10 novembre 1647</toDate>
            </dateRange>
         </cpfRelation>
         <resourceRelation resourceRelationType="other">
            <relationEntry localType="archival">ET/LXII/159, 19 novembre 1647, vente par Marie Grenin, veuve de Mathieu Soudée, de l'office de notaire dont ce dernier était pourvu à Benjamin Moufle</relationEntry>
         </resourceRelation>
         <resourceRelation xmlns:xlink="http://www.w3.org/1999/xlink"
                           resourceRelationType="creatorOf"
                           xlink:href="FRAN_IR_043218"
                           xlink:type="simple">
            <relationEntry localType="archival">Minutes et répertoires du notaire Mathieu SOUDÉE, 19 novembre 1643 - 10 novembre 1647 (étude CVII)</relationEntry>
         </resourceRelation>
      </relations>
   </cpfDescription>
</eac-cpf>
