<eac-cpf xmlns="urn:isbn:1-931666-33-4"
         xmlns:xsi="http://www.w3.org/2001/XMLSchema-instance"
         xsi:schemaLocation="urn:isbn:1-931666-33-4 cpf.xsd">
   <control>
      <recordId>FRAN_NP_010154</recordId>
      <otherRecordId localType="Ancien_identifiant">FRDAFANCH00MC_NAETUDE_027</otherRecordId>
      <maintenanceStatus>revised</maintenanceStatus>
      <maintenanceAgency>
         <agencyName>Archives nationales de France</agencyName>
      </maintenanceAgency>
      <languageDeclaration>
         <language languageCode="fre">Français</language>
         <script scriptCode="Latn"/>
      </languageDeclaration>
      <conventionDeclaration>
         <citation>Notice établie conformément à la norme ICA-ISAAR (CPF) 2004, aux normes ISO 8601 pour le système de normalisation des dates utilisé, ainsi que AFNOR NF Z 44-061, juin 1986. Catalogage : forme et structure des vedettes noms de personne, des vedettes titres, des rubriques de classement et des titres forgés.</citation>
      </conventionDeclaration>
      <localControl localType="niveau_de_detail">
         <term>Moyenne</term>
      </localControl>
      <maintenanceHistory>
         <maintenanceEvent>
            <eventType>derived</eventType>
            <eventDateTime>2013-04-23</eventDateTime>
            <agentType>machine</agentType>
            <agent>Migration ETANOT</agent>
         </maintenanceEvent>
         <maintenanceEvent>
            <eventType>revised</eventType>
            <eventDateTime>2014-10-06</eventDateTime>
            <agentType>human</agentType>
            <agent>Marie-Françoise LIMON-BONNET</agent>
            <eventDescription>F. Clavaud, 6 octobre 2014 : revu indexation fonction et liens IR</eventDescription>
         </maintenanceEvent>
      </maintenanceHistory>
      <sources>
         <source>
            <descriptiveNote>
               <p>
                  <span style="bold">Voir : </span>
               </p>
               <p>Limon-Bonnet (M.-F.) [dir.], 
      <span style="italic">122 minutes d'histoire. Actes des notaires de Paris, XVIe-XXe siècle</span>, Paris, 2012, pp. 58-59. 
     </p>
               <p>
                  <span style="italic">Annuaire officiel du notariat 2012</span>, p. 1000. 
     </p>
            </descriptiveNote>
         </source>
      </sources>
   </control>
   <cpfDescription>
      <identity>
         <entityType>corporateBody</entityType>
         <nameEntry localType="autorisée" scriptCode="Latn" xml:lang="fre">
            <part>Etude XXVII</part>
         </nameEntry>
         <nameEntry>
            <part>75111</part>
         </nameEntry>
         <nameEntry>
            <part>ANTOMARCHI-LAME Jacques, RICHARD Jean-Luc et LOISEAU-PRIEUR Delphine, SCP</part>
         </nameEntry>
      </identity>
      <description>
         <existDates>
            <dateRange>
               <fromDate standardDate="1695-01-01">1695</fromDate>
            </dateRange>
         </existDates>
         <places>
            <place>
               <placeRole>Lieu de Paris</placeRole>
               <placeEntry localType="nomLieu">94, boulevard du Montparnasse, 75014 Paris</placeEntry>
               <placeEntry localType="voie" vocabularySource="d3nzc4ax6h-8f7455cjcoga">Montparnasse (boulevard du)</placeEntry>
               <placeEntry localType="arrondissement_actuel"
                           vocabularySource="d3nyv8kgpz-117o9k86ze75x">14e arrondissement</placeEntry>
            </place>
         </places>
         <legalStatuses>
            <legalStatus>
               <term>office notarial</term>
            </legalStatus>
         </legalStatuses>
         <functions>
            <function>
               <term vocabularySource="d3nyui3o8w--11y7jgy8q3wnt">notaire à Paris</term>
               <dateRange>
                  <fromDate standardDate="1695-01-01">1695</fromDate>
               </dateRange>
            </function>
         </functions>
         <mandates>
            <mandate/>
         </mandates>
         <generalContext>
            <p>Les minutes de cette étude ont été versées aux Archives nationales (2014) jusqu'au 31 décembre 1938, mais elles ne sont pas encore cotées. Leur communication en salle de lecture n'est donc pas encore possible.</p>
         </generalContext>
         <biogHist>
            <p>Cette étude est installée depuis son origine au faubourg Saint-Germain : rue de Buci de 1695 à 1776 ; rue Dauphine de 1777 à 1808 ; rue du Pont-de-Lodi de 1809 à 1826. Elle s'installe quai Voltaire en 1827, gagne la rue du Cherche-Midi en 1864, puis le boulevard Montparnasse. Dans cette étude sont recueillies, de 1704 à 1728, les déclarations au terrier de Saint-Germain-des-Prés. Les habitants du faubourg qui la fréquentent constituent une clientèle riche et quelque peu cosmopolite comme entémoigne la présence de nombreux Anglais : Jean-Baptiste de La Croix de Saint-Vallier, évêque de Québec, y passe de nombreux actes au début du XVIIIe siècle ; on y trouve l'inventaire après décès du financier Joseph Gage, mort en 1767 ; le roi de Pologne y passe en 1778 ; l'inventaire du libraire Le Breton, qui diffuse l' 
     <span style="italic">Encyclopédie</span>, y est dressé le 11 octobre 1779. Pour le XIXe siècle, deux sociétés au moins méritent d'être signalées : l'une pour une filature (1846), l'autre pour une entreprise de sciage mécanique de bois (1851). 
    </p>
            <p>Le Minutier central conserve les minutes de l'étude XXVII à partir de l'année 1695.</p>
            <p>Les minutes de cette étude ont été versées aux Archives nationale (2014) jusqu'au 31 décembre 1938, mais elles ne sont pas encore cotées. Leur communication en salle de lecture n'est donc pas encore possible.</p>
         </biogHist>
      </description>
      <relations>
         <cpfRelation xmlns:xlink="http://www.w3.org/1999/xlink"
                      cpfRelationType="associative"
                      xlink:href="FRAN_NP_011332"
                      xlink:type="simple">
            <relationEntry>Lamé, André Paul Joseph</relationEntry>
            <dateRange>
               <fromDate standardDate="1957-07-03">3 juillet 1957</fromDate>
               <toDate standardDate="1979-10-03">3 octobre 1979</toDate>
            </dateRange>
         </cpfRelation>
         <cpfRelation xmlns:xlink="http://www.w3.org/1999/xlink"
                      cpfRelationType="associative"
                      xlink:href="FRAN_NP_012205"
                      xlink:type="simple">
            <relationEntry>Demanche, Auguste Jean Maurice</relationEntry>
            <dateRange>
               <fromDate standardDate="1905-02-02">2 février 1905</fromDate>
               <toDate standardDate="1927-12-13">13 décembre 1927</toDate>
            </dateRange>
         </cpfRelation>
         <cpfRelation xmlns:xlink="http://www.w3.org/1999/xlink"
                      cpfRelationType="associative"
                      xlink:href="FRAN_NP_012206"
                      xlink:type="simple">
            <relationEntry>Duport, Jérome</relationEntry>
            <dateRange>
               <fromDate standardDate="1727-06-07">7 juin 1727</fromDate>
               <toDate standardDate="1744-10-15">15 octobre 1744</toDate>
            </dateRange>
         </cpfRelation>
         <cpfRelation xmlns:xlink="http://www.w3.org/1999/xlink"
                      cpfRelationType="associative"
                      xlink:href="FRAN_NP_010578"
                      xlink:type="simple">
            <relationEntry>Serize, Louis</relationEntry>
            <dateRange>
               <fromDate standardDate="1803-03-12">12 mars 1803</fromDate>
               <toDate standardDate="1812-09-09">9 septembre 1812</toDate>
            </dateRange>
         </cpfRelation>
         <cpfRelation xmlns:xlink="http://www.w3.org/1999/xlink"
                      cpfRelationType="associative"
                      xlink:href="FRAN_NP_011161"
                      xlink:type="simple">
            <relationEntry>Meunié, Louis Marie Georges</relationEntry>
            <dateRange>
               <fromDate standardDate="1896-01-16">16 janvier 1896</fromDate>
               <toDate standardDate="1905-02-02">2 février 1905</toDate>
            </dateRange>
         </cpfRelation>
         <cpfRelation xmlns:xlink="http://www.w3.org/1999/xlink"
                      cpfRelationType="associative"
                      xlink:href="FRAN_NP_010427"
                      xlink:type="simple">
            <relationEntry>Thibault, Jean Charles Marie</relationEntry>
            <dateRange>
               <fromDate standardDate="1927-12-13">13 décembre 1927</fromDate>
               <toDate standardDate="1946-02-08">8 février 1946</toDate>
            </dateRange>
         </cpfRelation>
         <cpfRelation xmlns:xlink="http://www.w3.org/1999/xlink"
                      cpfRelationType="associative"
                      xlink:href="FRAN_NP_010706"
                      xlink:type="simple">
            <relationEntry>Robineau, François</relationEntry>
            <dateRange>
               <fromDate standardDate="1744-10-16">16 octobre 1744</fromDate>
               <toDate standardDate="1766-12-31">31 décembre 1766</toDate>
            </dateRange>
         </cpfRelation>
         <cpfRelation xmlns:xlink="http://www.w3.org/1999/xlink"
                      cpfRelationType="associative"
                      xlink:href="FRAN_NP_010662"
                      xlink:type="simple">
            <relationEntry>Richard, Jean-Luc</relationEntry>
            <dateRange>
               <fromDate standardDate="1995-01-18">18 janvier 1995</fromDate>
            </dateRange>
         </cpfRelation>
         <cpfRelation xmlns:xlink="http://www.w3.org/1999/xlink"
                      cpfRelationType="associative"
                      xlink:href="FRAN_NP_013173"
                      xlink:type="simple">
            <relationEntry>Avril, Maurice Lucien Roger</relationEntry>
            <dateRange>
               <fromDate standardDate="1946-02-08">8 février 1946</fromDate>
               <toDate standardDate="1957-07-03">3 juillet 1957</toDate>
            </dateRange>
         </cpfRelation>
         <cpfRelation xmlns:xlink="http://www.w3.org/1999/xlink"
                      cpfRelationType="associative"
                      xlink:href="FRAN_NP_013134"
                      xlink:type="simple">
            <relationEntry>Antomarchi-Lame, Jacques</relationEntry>
            <dateRange>
               <fromDate standardDate="1976-08-11">11 août 1976</fromDate>
               <toDate standardDate="2012-03-21">21 mars 2012</toDate>
            </dateRange>
         </cpfRelation>
         <cpfRelation xmlns:xlink="http://www.w3.org/1999/xlink"
                      cpfRelationType="associative"
                      xlink:href="FRAN_NP_013017"
                      xlink:type="simple">
            <relationEntry>Boursier, Louis</relationEntry>
            <dateRange>
               <fromDate standardDate="1767-01-08">8 janvier 1767</fromDate>
               <toDate standardDate="1803-03-12">12 mars 1803</toDate>
            </dateRange>
         </cpfRelation>
         <cpfRelation xmlns:xlink="http://www.w3.org/1999/xlink"
                      cpfRelationType="associative"
                      xlink:href="FRAN_NP_010759"
                      xlink:type="simple">
            <relationEntry>Rozès, Denis</relationEntry>
            <dateRange>
               <fromDate standardDate="1979-10-03">3 octobre 1979</fromDate>
               <toDate standardDate="1995-08-18">18 août 1995</toDate>
            </dateRange>
         </cpfRelation>
         <cpfRelation xmlns:xlink="http://www.w3.org/1999/xlink"
                      cpfRelationType="associative"
                      xlink:href="FRAN_NP_013278"
                      xlink:type="simple">
            <relationEntry>Loiseau-Prieur, Delphine</relationEntry>
            <dateRange>
               <fromDate standardDate="2005-10-07">7 octobre 2005</fromDate>
            </dateRange>
         </cpfRelation>
         <cpfRelation xmlns:xlink="http://www.w3.org/1999/xlink"
                      cpfRelationType="associative"
                      xlink:href="FRAN_NP_011160"
                      xlink:type="simple">
            <relationEntry>Meunié, Léonard</relationEntry>
            <dateRange>
               <fromDate standardDate="1866-11-09">9 novembre 1866</fromDate>
               <toDate standardDate="1896-01-16">16 janvier 1896</toDate>
            </dateRange>
         </cpfRelation>
         <cpfRelation xmlns:xlink="http://www.w3.org/1999/xlink"
                      cpfRelationType="associative"
                      xlink:href="FRAN_NP_012207"
                      xlink:type="simple">
            <relationEntry>Duport, Nicolas</relationEntry>
            <dateRange>
               <fromDate standardDate="1695-07-12">12 juillet 1695</fromDate>
               <toDate standardDate="1727-05-20">20 mai 1727</toDate>
            </dateRange>
         </cpfRelation>
         <cpfRelation xmlns:xlink="http://www.w3.org/1999/xlink"
                      cpfRelationType="associative"
                      xlink:href="FRAN_NP_012528"
                      xlink:type="simple">
            <relationEntry>Cousin, Antoine</relationEntry>
            <dateRange>
               <fromDate standardDate="1812-09-09">9 septembre 1812</fromDate>
               <toDate standardDate="1842-01-22">22 janvier 1842</toDate>
            </dateRange>
         </cpfRelation>
         <cpfRelation xmlns:xlink="http://www.w3.org/1999/xlink"
                      cpfRelationType="associative"
                      xlink:href="FRAN_NP_012529"
                      xlink:type="simple">
            <relationEntry>Cousin, Jean-Adrien</relationEntry>
            <dateRange>
               <fromDate standardDate="1842-01-22">22 janvier 1842</fromDate>
               <toDate standardDate="1866-11-09">9 novembre 1866</toDate>
            </dateRange>
         </cpfRelation>
         <cpfRelation xmlns:xlink="http://www.w3.org/1999/xlink"
                      cpfRelationType="associative"
                      xlink:href="FRAN_NP_013545"
                      xlink:type="simple">
            <relationEntry>Thomas-David, Barbara</relationEntry>
            <dateRange>
               <fromDate standardDate="2012-03-21">21 mars 2012</fromDate>
            </dateRange>
         </cpfRelation>
         <resourceRelation xmlns:xlink="http://www.w3.org/1999/xlink"
                           resourceRelationType="creatorOf"
                           xlink:href="FRAN_IR_041760"
                           xlink:type="simple">
            <relationEntry localType="archival">Archives de l'étude XXVII</relationEntry>
         </resourceRelation>
         <resourceRelation xmlns:xlink="http://www.w3.org/1999/xlink"
                           resourceRelationType="creatorOf"
                           xlink:href="FRAN_IR_051543"
                           xlink:type="simple">
            <relationEntry localType="archival">Images des répertoires du notaire Antoine Cousin pour l'étude XXVII</relationEntry>
         </resourceRelation>
         <resourceRelation xmlns:xlink="http://www.w3.org/1999/xlink"
                           resourceRelationType="creatorOf"
                           xlink:href="FRAN_IR_051255"
                           xlink:type="simple">
            <relationEntry localType="archival">Images des répertoires du notaire François Robineau pour l'étude XXVII</relationEntry>
         </resourceRelation>
         <resourceRelation xmlns:xlink="http://www.w3.org/1999/xlink"
                           resourceRelationType="creatorOf"
                           xlink:href="FRAN_IR_051544"
                           xlink:type="simple">
            <relationEntry localType="archival">Images des répertoires du notaire Jean Adrien Cousin pour l'étude XXVII</relationEntry>
         </resourceRelation>
         <resourceRelation xmlns:xlink="http://www.w3.org/1999/xlink"
                           resourceRelationType="creatorOf"
                           xlink:href="FRAN_IR_052854"
                           xlink:type="simple">
            <relationEntry localType="archival">Images des répertoires du notaire Louis Boursier pour l'étude XXVII</relationEntry>
         </resourceRelation>
         <resourceRelation xmlns:xlink="http://www.w3.org/1999/xlink"
                           resourceRelationType="creatorOf"
                           xlink:href="FRAN_IR_051323"
                           xlink:type="simple">
            <relationEntry localType="archival">Images des répertoires du notaire Louis Marie Georges Meunié pour l'étude XXVII</relationEntry>
         </resourceRelation>
         <resourceRelation xmlns:xlink="http://www.w3.org/1999/xlink"
                           resourceRelationType="creatorOf"
                           xlink:href="FRAN_IR_051240"
                           xlink:type="simple">
            <relationEntry localType="archival">Images des répertoires du notaire Louis Serize pour l'étude XXVII</relationEntry>
         </resourceRelation>
         <resourceRelation xmlns:xlink="http://www.w3.org/1999/xlink"
                           resourceRelationType="creatorOf"
                           xlink:href="FRAN_IR_051321"
                           xlink:type="simple">
            <relationEntry localType="archival">Images des répertoires du notaire Léonard Meunié pour l'étude XXVII</relationEntry>
         </resourceRelation>
         <resourceRelation xmlns:xlink="http://www.w3.org/1999/xlink"
                           resourceRelationType="creatorOf"
                           xlink:href="FRAN_IR_051488"
                           xlink:type="simple">
            <relationEntry localType="archival">Images des répertoires du notaire Nicolas Duport pour l'étude XXVII</relationEntry>
         </resourceRelation>
         <resourceRelation xmlns:xlink="http://www.w3.org/1999/xlink"
                           resourceRelationType="creatorOf"
                           xlink:href="FRAN_IR_051487"
                           xlink:type="simple">
            <relationEntry localType="archival">Images du répertoire du notaire Jérôme Duport pour l'étude XXVII</relationEntry>
         </resourceRelation>
         <resourceRelation xmlns:xlink="http://www.w3.org/1999/xlink"
                           resourceRelationType="creatorOf"
                           xlink:href="FRAN_IR_050584"
                           xlink:type="simple">
            <relationEntry localType="archival">«Mélanges» (dossiers de clients) de l'étude XXVII. MC/ET/XXVII/861-MC/ET/XXVII/864 (1578-1917)</relationEntry>
         </resourceRelation>
         <resourceRelation xmlns:xlink="http://www.w3.org/1999/xlink"
                           resourceRelationType="creatorOf"
                           xlink:href="FRAN_IR_050900"
                           xlink:type="simple">
            <relationEntry localType="archival">Minutes et répertoires du notaire Auguste Jean Maurice DEMANCHE, 2 février 1905 - 12 décembre 1927 (étude XXVII)</relationEntry>
         </resourceRelation>
         <resourceRelation xmlns:xlink="http://www.w3.org/1999/xlink"
                           resourceRelationType="creatorOf"
                           xlink:href="FRAN_IR_052222"
                           xlink:type="simple">
            <relationEntry localType="archival">Minutes et répertoires du notaire Jean Charles Marie THIBAULT, 13 décembre 1927 - 31 décembre 1939 (étude XXVII)</relationEntry>
         </resourceRelation>
         <resourceRelation xmlns:xlink="http://www.w3.org/1999/xlink"
                           resourceRelationType="creatorOf"
                           xlink:href="FRAN_IR_041761"
                           xlink:type="simple">
            <relationEntry localType="archival">Minutes et répertoires du notaire Nicolas DUPORT, 18 juillet 1695 - 20 mai 1727 (étude XXVII)</relationEntry>
         </resourceRelation>
         <resourceRelation xmlns:xlink="http://www.w3.org/1999/xlink"
                           resourceRelationType="creatorOf"
                           xlink:href="FRAN_IR_041762"
                           xlink:type="simple">
            <relationEntry localType="archival">Minutes et répertoires du notaire Jérôme DUPORT, 7 juin 1727 - 15 octobre 1744 (étude XXVII)</relationEntry>
         </resourceRelation>
         <resourceRelation xmlns:xlink="http://www.w3.org/1999/xlink"
                           resourceRelationType="creatorOf"
                           xlink:href="FRAN_IR_041763"
                           xlink:type="simple">
            <relationEntry localType="archival">Minutes et répertoires du notaire François ROBINEAU, 17 octobre 1744 - décembre 1766 (étude XXVII)</relationEntry>
         </resourceRelation>
         <resourceRelation xmlns:xlink="http://www.w3.org/1999/xlink"
                           resourceRelationType="creatorOf"
                           xlink:href="FRAN_IR_041764"
                           xlink:type="simple">
            <relationEntry localType="archival">Minutes et répertoires du notaire Louis BOURSIER, 8 janvier 1767 - 11 mars 1803 (étude XXVII)</relationEntry>
         </resourceRelation>
         <resourceRelation xmlns:xlink="http://www.w3.org/1999/xlink"
                           resourceRelationType="creatorOf"
                           xlink:href="FRAN_IR_041766"
                           xlink:type="simple">
            <relationEntry localType="archival">Minutes et répertoires du notaire Louis BOURSIER, 8 janvier 1767 - décembre 1770 (étude XXVII)</relationEntry>
         </resourceRelation>
         <resourceRelation xmlns:xlink="http://www.w3.org/1999/xlink"
                           resourceRelationType="creatorOf"
                           xlink:href="FRAN_IR_041767"
                           xlink:type="simple">
            <relationEntry localType="archival">Minutes et répertoires du notaire Louis BOURSIER, janvier 1771 - décembre 1780 (étude XXVII)</relationEntry>
         </resourceRelation>
         <resourceRelation xmlns:xlink="http://www.w3.org/1999/xlink"
                           resourceRelationType="creatorOf"
                           xlink:href="FRAN_IR_041768"
                           xlink:type="simple">
            <relationEntry localType="archival">Minutes et répertoires du notaire Louis BOURSIER, janvier 1781 - décembre 1790 (étude XXVII)</relationEntry>
         </resourceRelation>
         <resourceRelation xmlns:xlink="http://www.w3.org/1999/xlink"
                           resourceRelationType="creatorOf"
                           xlink:href="FRAN_IR_041769"
                           xlink:type="simple">
            <relationEntry localType="archival">Minutes et répertoires du notaire Louis BOURSIER, janvier 1791 - 21 mars 1801 (étude XXVII)</relationEntry>
         </resourceRelation>
         <resourceRelation xmlns:xlink="http://www.w3.org/1999/xlink"
                           resourceRelationType="creatorOf"
                           xlink:href="FRAN_IR_041770"
                           xlink:type="simple">
            <relationEntry localType="archival">Minutes et répertoires du notaire Louis BOURSIER, 22 mars 1801 - 11 mars 1803 (étude XXVII)</relationEntry>
         </resourceRelation>
         <resourceRelation xmlns:xlink="http://www.w3.org/1999/xlink"
                           resourceRelationType="creatorOf"
                           xlink:href="FRAN_IR_041771"
                           xlink:type="simple">
            <relationEntry localType="archival">Minutes et répertoires du notaire Louis SERIZE, 12 mars 1803 - 8 septembre 1812 (étude XXVII)</relationEntry>
         </resourceRelation>
         <resourceRelation xmlns:xlink="http://www.w3.org/1999/xlink"
                           resourceRelationType="creatorOf"
                           xlink:href="FRAN_IR_041772"
                           xlink:type="simple">
            <relationEntry localType="archival">Minutes et répertoires du notaire Antoine COUSIN, 10 septembre 1812 - 21 janvier 1842 (étude XXVII)</relationEntry>
         </resourceRelation>
         <resourceRelation xmlns:xlink="http://www.w3.org/1999/xlink"
                           resourceRelationType="creatorOf"
                           xlink:href="FRAN_IR_041773"
                           xlink:type="simple">
            <relationEntry localType="archival">Minutes et répertoires du notaire Jean Adrien COUSIN, 22 janvier 1842 - 7 novembre 1866 (étude XXVII)</relationEntry>
         </resourceRelation>
         <resourceRelation xmlns:xlink="http://www.w3.org/1999/xlink"
                           resourceRelationType="creatorOf"
                           xlink:href="FRAN_IR_041775"
                           xlink:type="simple">
            <relationEntry localType="archival">Minutes et répertoires du notaire Louis Marie Georges MEUNIÉ, 16 janvier 1896 - 1er février 1905 (étude XXVII)</relationEntry>
         </resourceRelation>
         <resourceRelation xmlns:xlink="http://www.w3.org/1999/xlink"
                           resourceRelationType="creatorOf"
                           xlink:href="FRAN_IR_041774"
                           xlink:type="simple">
            <relationEntry localType="archival">Minutes et répertoires du notaire Léonard MEUNIÉ, 10 novembre 1866 - 16 janvier 1896 (étude XXVII)</relationEntry>
         </resourceRelation>
      </relations>
   </cpfDescription>
</eac-cpf>
