<eac-cpf xmlns="urn:isbn:1-931666-33-4"
         xmlns:xsi="http://www.w3.org/2001/XMLSchema-instance"
         xsi:schemaLocation="urn:isbn:1-931666-33-4 cpf.xsd">
   <control>
      <recordId>FRAN_NP_010506</recordId>
      <otherRecordId localType="Ancien_identifiant">FRDAFANCH00MC_NANOTAIRE00217</otherRecordId>
      <maintenanceStatus>revised</maintenanceStatus>
      <maintenanceAgency>
         <agencyName>Archives nationales de France</agencyName>
      </maintenanceAgency>
      <languageDeclaration>
         <language languageCode="fre">Français</language>
         <script scriptCode="Latn"/>
      </languageDeclaration>
      <conventionDeclaration>
         <citation>Notice établie conformément à la norme ICA-ISAAR (CPF) 2004, aux normes ISO 8601 pour le système de normalisation des dates utilisé, ainsi que AFNOR NF Z 44-061, juin 1986. Catalogage : forme et structure des vedettes noms de personne, des vedettes titres, des rubriques de classement et des titres forgés.</citation>
      </conventionDeclaration>
      <localControl localType="niveau_de_detail">
         <term>Moyenne</term>
      </localControl>
      <maintenanceHistory>
         <maintenanceEvent>
            <eventType>derived</eventType>
            <eventDateTime>2013-04-23</eventDateTime>
            <agentType>machine</agentType>
            <agent>Migration ETANOT</agent>
         </maintenanceEvent>
         <maintenanceEvent>
            <eventType>revised</eventType>
            <eventDateTime>2015-09-30</eventDateTime>
            <agentType>human</agentType>
            <agent>Marie-Françoise LIMON-BONNET</agent>
            <eventDescription/>
         </maintenanceEvent>
      </maintenanceHistory>
      <sources>
         <source>
            <descriptiveNote>
               <p>V/1/352 pièce 157, 20 novembre 1747, lettre de provision d'office</p>
               <p>ET/XXX/435, 10 novembre 1772, inventaire après décès</p>
               <p/>
            </descriptiveNote>
         </source>
      </sources>
   </control>
   <cpfDescription>
      <identity>
         <entityType>person</entityType>
         <nameEntry localType="autorisée" scriptCode="Latn" xml:lang="fre">
            <part>Trutat, Claude-François</part>
         </nameEntry>
      </identity>
      <description>
         <existDates>
            <dateRange>
               <fromDate standardDate="1747-11-22">22 novembre 1747</fromDate>
               <toDate standardDate="1772-11-02">2 novembre 1772</toDate>
            </dateRange>
            <descriptiveNote>
               <p>Les dates d'existence de la personne ne sont pas connues et sont évaluées d'après les dates d'exercice en tant que notaire</p>
            </descriptiveNote>
         </existDates>
         <places>
            <place>
               <placeRole>Lieu de Paris</placeRole>
               <placeEntry localType="paroisse" vocabularySource="d3nyvpcbgs-1cppi2iacclig">Saint-Sulpice (paroisse)</placeEntry>
               <placeEntry localType="quartier" vocabularySource="d3nyvgazoq--1c50yrnvnvk9s">Luxembourg (quartier)</placeEntry>
               <placeEntry localType="voie" vocabularySource="d3nz9mpz7b--u53aku88xgmu">Condé (rue de)</placeEntry>
               <placeEntry localType="nomLieu">rue de Condé, vis-à-vis l'hôtel de Condé</placeEntry>
            </place>
         </places>
         <functions>
            <function>
               <term vocabularySource="d3nyui3o8w--11y7jgy8q3wnt">notaire à Paris</term>
               <dateRange>
                  <fromDate standardDate="1747-11-22">22 novembre 1747</fromDate>
                  <toDate standardDate="1772-11-02">2 novembre 1772</toDate>
               </dateRange>
            </function>
         </functions>
         <occupations>
            <occupation>
               <term vocabularySource="d3nyu9x713-9kcjiv44l4wh">notaire</term>
            </occupation>
         </occupations>
         <biogHist>
            <p>Claude François Trutat laisse deux héritiers à sa mort en 1772 : sa fille, Marie-Madeleine, mineure anticipée par son mariage avec Etienne Charles François Phelippon, directeur de la Manufacture de tabacs de Paris ; son fils, Denis, avocat en parlement, notaire rue de Condé, émancipé par lettres du 7 novembre 1772 (Y/4970/A).</p>
         </biogHist>
      </description>
      <relations>
         <cpfRelation xmlns:xlink="http://www.w3.org/1999/xlink"
                      cpfRelationType="associative"
                      xlink:href="FRAN_NP_010185"
                      xlink:type="simple">
            <relationEntry>Etude notariale LVIII</relationEntry>
            <dateRange>
               <fromDate standardDate="1747-11-22">22 novembre 1747</fromDate>
               <toDate standardDate="1772-11-02">2 novembre 1772</toDate>
            </dateRange>
         </cpfRelation>
         <resourceRelation xmlns:xlink="http://www.w3.org/1999/xlink"
                           resourceRelationType="creatorOf"
                           xlink:href="FRAN_IR_042354"
                           xlink:type="simple">
            <relationEntry localType="archival">Minutes et répertoires du notaire Claude François TRUTAT, 22 novembre 1747 - 18 novembre 1772 (étude LVIII)</relationEntry>
         </resourceRelation>
         <resourceRelation xmlns:xlink="http://www.w3.org/1999/xlink"
                           resourceRelationType="creatorOf"
                           xlink:href="FRAN_IR_042786"
                           xlink:type="simple">
            <relationEntry localType="archival">Minutes et répertoires du notaire Louis GERVAIS, 22 juin 1730 - 23 juillet 1762 (étude LXXXIII)</relationEntry>
         </resourceRelation>
         <resourceRelation xmlns:xlink="http://www.w3.org/1999/xlink"
                           resourceRelationType="creatorOf"
                           xlink:href="FRAN_IR_053550"
                           xlink:type="simple">
            <relationEntry localType="archival">Images du répertoire du notaire Claude François Trutat pour l'étude LVIII</relationEntry>
         </resourceRelation>
      </relations>
   </cpfDescription>
</eac-cpf>
