<?xml version="1.0" encoding="UTF-8"?><?xml-stylesheet type='text/css' href='ead.css'?>
<ead>
 <eadheader dateencoding="iso8601" langencoding="iso639-2b" repositoryencoding="iso15511">
  <eadid>FRAN_IR_029864</eadid>
  <filedesc>
   <titlestmt>
    <titleproper>Série S</titleproper>
    <subtitle>Répertoire (CP/S//1B-CP/S//6626)</subtitle>
    <author>Par Nadine Gastaldi</author>
   </titlestmt>
   <publicationstmt>
    <publisher>Archives nationales (France)</publisher>
    <date calendar="gregorian" era="ce" normal="2016-01-01/2016-12-31">2016</date>
   </publicationstmt>
  </filedesc>
  <profiledesc>
   <creation>Cet instrument de recherche a été encodé en 2012 par l'entreprise Numen dans le cadre du chantier de dématérialisation des instruments de recherche des Archives Nationales sur la base d'une DTD conforme à la DTD EAD (encoded archival description) et créée par le service de dématérialisation des instruments de recherche des Archives Nationales</creation>
  </profiledesc>
 </eadheader>
 <frontmatter>
  <div>
   <p/>
  </div>
 </frontmatter>
 <archdesc level="fonds">
 <did>
   <unitid type="cote-groupee">CP/S//1/B-CP/S//6626</unitid>
   <unittitle>Série S</unittitle>
   <physloc>Paris</physloc>
  </did>
  <dsc>
   <c id="d_1">
   <did>
     <unitid type="cote-de-consultation">CP/S//1/B</unitid>
     <unittitle>Plan et élévation d'une échoppe sise sur le parvis Notre-Dame, près de la fontaine du parvis, avec dessins de la statue dite « du Grand Jeûneur », [XVIIIe s.]. - 
      <emph render="bold">2 pièces</emph>. Dim. 43,5 x 29,5 et 23 x 30,5 cm.
     </unittitle>
    </did>
   </c>
   <c id="d_2">
   <did>
     <unitid type="cote-de-consultation">CP/S//25</unitid>
     <unittitle>Elévation de la charpente du clocher de la chapelle Saint-Leufroy, 1617. - 
      <emph render="bold">1 pièce</emph>. Dim. 71 x 61 cm.
     </unittitle>
    </did>
   </c>
   <c id="d_3">
   <did>
     <unitid type="cote-de-consultation">CP/S//30</unitid>
     <unittitle>Coupes transversales d'une maison sise rue de la Ferronnerie, 1671. - 
      <emph render="bold">1 pièce</emph>. Dim. 58 x 43,5 cm.
     </unittitle>
    </did>
   </c>
   <c id="d_4">
   <did>
     <unitid type="cote-de-consultation">CP/S//33</unitid>
     <unittitle>Elévation d'une maison, rue de la Ferronnerie, [1670-1671]. - 
      <emph render="bold">1 pièce</emph>. Dim. 82 x 28,5.
     </unittitle>
    </did>
   </c>
   <c id="d_5">
   <did>
     <unitid type="cote-de-consultation">CP/S//232</unitid>
     <unittitle>« Dessein pour la construction d'un pont entre St-Paul et la Tournelle » , 1617. - 
      <emph render="bold">1 pièce</emph>. Dim. 59 x 43,5 cm.
     </unittitle>
    </did>
   </c>
   <c id="d_6">
   <did>
     <unitid type="cote-de-consultation">CP/S//233</unitid>
     <unittitle>Plans parcellaires de l'île Saint-Louis, avec indication du nom des propriétaires, [XVIIe s.]. - 
      <emph render="bold">3 pièces</emph>. Dim. 51 x 72,5, 79,5 x 54,5 et 61,5 x 20 cm.
     </unittitle>
    </did>
   </c>
   <c id="d_7">
   <did>
     <unitid type="cote-de-consultation">CP/S//267</unitid>
     <unittitle>Plan d'arpentage de terres à Bussy-Saint-Georges et Ferrières (Seine-et-Marne), par Marteau, 1766. - 
      <emph render="bold">1 pièce</emph>. Dim. 102,5 x 67 cm.
     </unittitle>
    </did>
   </c>
   <c id="d_8">
   <did>
     <unitid type="cote-de-consultation">CP/S//292</unitid>
     <unittitle>Plan du château, des jardins et du bois de Champigny-l'Hôpitau (commune de La Grande-Paroisse, Seine-et-Marne), [XVIIIe s.]. - 
      <emph render="bold">1 pièce</emph>. Dim. 174 x 54 cm.
     </unittitle>
    </did>
   </c>
   <c id="d_9">
   <did>
     <unitid type="cote-de-consultation">CP/S//317</unitid>
     <unittitle>Plan et élévation de l'église de Lardy (Essonne), par Leblanc, 1663. - 
      <emph render="bold">1 pièce</emph>. Dim. 74,5 x 52 cm.
     </unittitle>
    </did>
   </c>
   <c id="d_10">
   <did>
     <unitid type="cote-de-consultation">CP/S//352</unitid>
     <unittitle>Plan figuratif du village et moulin d'Outrebois et de la ville de Doullens (Somme), [XVIe s.]. - 
      <emph render="bold">1 pièce</emph>. Dim. 38,5 x 28 cm.
     </unittitle>
    </did>
   </c>
   <c id="d_11">
   <did>
     <unitid type="cote-de-consultation">CP/S//384</unitid>
     <unittitle>Plan figuratif du Bois-Pelé, dépendant de la forêt de Sénart, 1549. - 
      <emph render="bold">1 pièce</emph>. Dim. 74,5 x 52 cm.
     </unittitle>
    </did>
   </c>
   <c id="d_12">
   <did>
     <unitid type="cote-de-consultation">CP/S//393</unitid>
     <unittitle>Plans d'arpentage du bourg de Sucy-en-Brie (Val-de-Marne), avec indication du nom des propriétaires, 1766. - 
      <emph render="bold">3 pièces</emph>. Dim. 135,5 x 103, 140,5 x 126 et 53 x 74,5 cm.
     </unittitle>
    </did>
   </c>
   <c id="d_13">
   <did>
     <unitid type="cote-de-consultation">CP/S//418</unitid>
     <unittitle>Plan de terrains sis à Villejuif (Val-de-Marne), lieux-dits Gournay et Lavalloir, [XVIIe s.]. - 
      <emph render="bold">1 pièce</emph>. Dim. 66 x 37,5 cm.
     </unittitle>
    </did>
   </c>
   <c id="d_14">
   <did>
     <unitid type="cote-de-consultation">CP/S//429</unitid>
     <unittitle>Plans figuratifs des terres et héritages de la ferme de Vitry-sur-Seine, sis à Gournay, Villejuif (Val-de-Marne)et aux terres de la Vallée [rue du Chevaleret], par Devilles et Rougeot, 1695. - 
      <emph render="bold">1 pièce</emph>. Dim. 86 x 57,5 cm.
     </unittitle>
    </did>
   </c>
   <c id="d_15">
   <did>
     <unitid type="cote-de-consultation">CP/S//437</unitid>
     <unittitle>Plan de bornage du village de Viry-Noureuil (Aisne), 1758. - 
      <emph render="bold">1 pièce</emph>. Dim. 99,5 x 119 cm.
     </unittitle>
    </did>
   </c>
   <c id="d_16">
   <did>
     <unitid type="cote-de-consultation">CP/S//466</unitid>
     <unittitle>Plan figuratif des bâtiments et jardin d'une ferme relevant des seigneuries d'Epône et Mézières-sur-Seine (Yvelines), [par Bernon Trégon, peintre à Mantes, 1532]. - 
      <emph render="bold">1 pièce</emph>, avec retombe. Dim.74 x 69,5 cm.
     </unittitle>
    </did>
   </c>
   <c id="d_17">
   <did>
     <unitid type="cote-de-consultation">CP/S//869</unitid>
     <unittitle>Plan figuratif d'une partie de l'actuel quartier du Luxembourg, entre la porte Saint-Michel et le couvent des Chartreux, avec représentation des maisons, des jeux de paume du quartier et du moulin de l'Hôtel-Dieu, par François Quesnel, 1615. - 
      <emph render="bold">1 pièce</emph>, parchemin. Dim. 66 x 78,5 cm.
     </unittitle>
    </did>
   </c>
   <c id="d_18">
   <did>
     <unitid type="cote-de-consultation">CP/S//945</unitid>
     <unittitle>Plan de maisons, rue du Four, au faubourg Saint-Germain, [XVIIe ou XVIIIe s.]. - 
      <emph render="bold">1 pièce</emph>. Dim. 59,5 x 43 cm.
     </unittitle>
    </did>
   </c>
   <c id="d_19">
   <did>
     <unitid type="cote-de-consultation">CP/S//1015</unitid>
     <unittitle>Plan du prieuré Sainte-Catherine du Val des Ecoliers, rue de Sévigné, 1768. - 
      <emph render="bold">1 pièce</emph>. Dim. 71 x 61 cm.
     </unittitle>
    </did>
   </c>
   <c id="d_20">
   <did>
     <unitid type="cote-de-consultation">CP/S//1025</unitid>
     <unittitle>Plan figuratif de l'église du prieuré Sainte-Catherine du Val des Ecoliers, de partie des maisons de la place Royale et de quinze maisons rue Saint-Antoine, [XVIIe s.]. - 
      <emph render="bold">1 pièce</emph>. Dim. 43 x 35 cm.
     </unittitle>
    </did>
   </c>
   <c id="d_21">
   <did>
     <unitid type="cote-de-consultation">CP/S//1145</unitid>
     <unittitle>« Plan de bornage des terres qui sont du domaine du Roi dans les paroisses de Saint-Germain-en-Laye, Saint-Léger, du Pec et de Marly...Fait...par M. Philippeaux, intendant de Paris, en vertu d'arrêt du Conseil d' Etat du 23 septembre 1702 », 1703. - 
      <emph render="bold">1 pièce</emph>. Dim. 85 x 56 cm.
     </unittitle>
    </did>
   </c>
   <c id="d_22">
   <did>
     <unitid type="cote-de-consultation">CP/S//1513</unitid>
     <unittitle>Plan-masse du palais du Luxembourg, de ses dépendances et du jardin, par Baillif, 1700. - 
      <emph render="bold">1 pièce</emph>. Dim. 92 x 61 cm.
     </unittitle>
    </did>
   </c>
   <c id="d_23">
   <did>
     <unitid type="cote-de-consultation">CP/S//1824</unitid>
     <unittitle>- Plan figuratif du fief de Saint-Honoré, dit des Treize Arpents , avec élévation des maisons entre le rempart de la ville, la rue Saint-Honoré et la rue Croix-des-Petits-Champs et emplacement du Palais Royal, par Marbais, 1640. - 
      <emph render="bold">1 pièce</emph>. Dim.77,5 x 58 cm.
     </unittitle>
     <unittitle>- « Plan...du fief de St-Honoré, dit des Treize Arpens, appartenant à Mrs du Chapitre St-Honoré », entre la rue de Richelieu et la rue Croix-des-Petits-Champs, avec indication des bâtiments du Palais Royal, [v.1783]. 
      <emph render="bold">1 pièce</emph>. Dim. 72 x 74 cm.
     </unittitle>
    </did>
   </c>
   <c id="d_24">
   <did>
     <unitid type="cote-de-consultation">CP/S//1825</unitid>
     <unittitle>« Plan général des bâtiments du Palais Royal, tant anciens que nouveaux construits, avec les environs et l'indication de l'ancien fossé de la ville », par Victor Louis, 1782. - 
      <emph render="bold">1 pièce</emph>. Dim. 49,5 x 62,5 cm.
     </unittitle>
    </did>
   </c>
   <c id="d_25">
   <did>
     <unitid type="cote-de-consultation">CP/S//2152</unitid>
     <unittitle>Plan figuratif des villages de Puiseaux et de Briarres-sur-Essonne (Loiret), avec représentation de trois moulins hydrauliques (Châtillon, Charreau et Briarres), 1497. - 
      <emph render="bold">1 pièce</emph>, parchemin. Dim. 67 x 40 cm.
     </unittitle>
    </did>
   </c>
   <c id="d_26">
   <did>
     <unitid type="cote-de-consultation">CP/S//2262/A</unitid>
     <unittitle>« Plan de la seigneurie de Staint où est distingué ce qui étoit de St-Léger, Pierrefitte et Dugny, ainsi que la dixme de Monsieur le Curé », 1703. - 
      <emph render="bold">1 pièce</emph>. Dim. 53,5 x 90 cm.
     </unittitle>
    </did>
   </c>
   <c id="d_27">
   <did>
     <unitid type="cote-de-consultation">CP/S//2271</unitid>
     <unittitle>Plan du château des Ternes et de son parc, par Borde, 1749. - 
      <emph render="bold">1 pièce</emph>. Dim. 58,5 x 32,5 cm.
     </unittitle>
    </did>
   </c>
   <c id="d_28">
   <did>
     <unitid type="cote-de-consultation">CP/S//2905</unitid>
     <unittitle>- Plan du château de Berny à Antony (Hauts-de-Seine), par François Mansart, 1623. - 
      <emph render="bold">1 pièce</emph>, avec trois retombes. Dim. 69,5 x 49,5 cm.
     </unittitle>
     <unittitle>- Vue perspective du château de Berny à Antony (Hauts-de-Seine), du côté de la cour, par François Mansart, 1623. - 
      <emph render="bold">1 pièce</emph>. Dim. 122,5 x 69 cm.
     </unittitle>
    </did>
   </c>
   <c id="d_29">
   <did>
     <unitid type="cote-de-consultation">CP/S//2961</unitid>
     <unittitle>« Plan de la terre et seigneurie de St Germain lez Couilly », avec vue cavalière du village de Couilly-Pont-aux-Dames (Seine-et-Marne), 1672. - 
      <emph render="bold">1 pièce</emph>, parchemin. Dim. 83,5 x 70 cm.
     </unittitle>
    </did>
   </c>
   <c id="d_30">
   <did>
     <unitid type="cote-de-consultation">CP/S//3730</unitid>
     <unittitle>« Figure et plan des terres et héritages scizes ès faulxbourgs St Germain des Prez, derrière le clos des Carmes deschaussez, au lieudict La Fosse à l'Ausmonier », rue de Vaugirard, avec plan schématique du couvent des Carmes et vue cavalière de maisons et du couvent des Filles du Saint-Sacrement, par Marbais, 1636. - 
      <emph render="bold">1 pièce</emph>. Dim.65 x 46,5 cm.
     </unittitle>
    </did>
   </c>
   <c id="d_31">
   <did>
     <unitid type="cote-de-consultation">CP/S//3960</unitid>
     <unittitle>Plan du couvent des Chartreux et des terrains avoisinants, [v.1617-1618]. - 
      <emph render="bold">1 pièce</emph>. Dim.72,5 x 59,5 cm.
     </unittitle>
    </did>
   </c>
   <c id="d_32">
   <did>
     <unitid type="cote-de-consultation">CP/S//4683</unitid>
     <unittitle>Plans figuratifs du couvent des Cordelières-Saint-Marcel, entre les rues des Cordelières et Croulebarbe, de leurs jardins, étangs, prés, enclos et terrains avoisinants, élévation des maisons de teinturiers bordant la Bièvre (Gobelins), vue cavalière du moulin de Croulebarbe, [XVIe s.].- 
      <emph render="bold">4 pièces</emph>, parchemin. Dim. 61 x 80, 78 x 67, 73 x 58,5 et 70 x 59 cm.
     </unittitle>
    </did>
   </c>
   <c id="d_33">
   <did>
     <unitid type="cote-de-consultation">CP/S//5063</unitid>
     <unittitle>« Plan et pourtraicture des rues des coustures et marests du Temple », entre la rue des Quatre-Fils et la rue de Bretagne, [v.1608]. - 
      <emph render="bold">2 pièces</emph>. Dim. 107 x 79 et 73 x 56 cm.
     </unittitle>
    </did>
   </c>
   <c id="d_34">
   <did>
     <unitid type="cote-de-consultation">CP/S//5247</unitid>
     <unittitle>"Figure des terrouers de Launoy, des Bordes et Florigny" (Fleurigny, Yonne), et bornage des terres relevant de la commanderie de Launay, [v. 1530]. - 
      <emph render="bold">1 pièce</emph>. Dim. 52 x 38,5 cm.
     </unittitle>
    </did>
   </c>
   <c id="d_35">
   <did>
     <unitid type="cote-de-consultation">CP/S//5255</unitid>
     <unittitle>Plan figuratif de terres et héritages relevant de la commanderie de la Braque, dite Chaintrain, en Brabant hollandais, par Anthonis, 1788. - 
      <emph render="bold">1 pièce</emph>. Dim. 82 x 63,5 cm.
     </unittitle>
    </did>
   </c>
   <c id="d_36">
   <did>
     <unitid type="cote-de-consultation">CP/S//6626</unitid>
     <unittitle>« Plan figuré et description du lieu apellé la Ville Neufve sur Gravois » [actuel faubourg Poissonnière], avec vue cavalière du tissu bâti, des portes Saint-Denis et Montmartre, des fortifications de la ville, d'un moulin à vent ; parmi les signataires du document, le peintre Jean Cousin ; 1559. - 
      <emph render="bold">1 pièce</emph>, parchemin. Dim. 84 x 63 cm.
     </unittitle>
    </did>
   </c>
  </dsc>
 </archdesc>
</ead>