<?xml version="1.0" encoding="UTF-8"?><?xml-stylesheet type='text/css' href='ead.css'?>
<ead>
 <eadheader dateencoding="iso8601" langencoding="iso639-2b" repositoryencoding="iso15511">
  <eadid>FRAN_IR_005296</eadid>
  <filedesc>
   <titlestmt>
    <titleproper>Archives de l'Agence d'architecture des Archives nationales (1812-1950)</titleproper>
    <subtitle>Répertoire numérique détaillé (AJ/54/1-AJ/54/56)</subtitle>
    <author>Par Br. Labat-Poussin</author>
   </titlestmt>
   <publicationstmt>
    <publisher>Archives nationales</publisher>
    <date calendar="gregorian" era="ce" normal="1978-01-01/1978-12-31">1978</date>
   </publicationstmt>
  </filedesc>
  <profiledesc>
   <creation>Cet instrument de recherche a été encodé par l'entreprise diadeis dans le cadre du chantier de dématérialisation des instruments de recherche des Archives Nationales sur la base d'une DTD conforme à la DTD EAD (encoded archival description) et créée par le service de dématérialisation des instruments de recherche des Archives Nationales</creation>
  </profiledesc>
 </eadheader>
 <frontmatter>
  <div>
   <p/>
  </div>
 </frontmatter>
 <archdesc level="fonds">
  <did>
   <unitid type="cote-groupee">AJ/54/1-AJ/54/56</unitid>
   <unittitle>Archives de l'Agence d'architecture des Archives nationales</unittitle>
   <unittitle>AJ 
    <emph render="super">54</emph>
   </unittitle>
   <unittitle>ARCHIVES DE L'AGENCE D'ARCHITECTURE DES ARCHIVES NATIONALES</unittitle>
   <unittitle>Inventaire par Brigitte Labat-Poussin</unittitle>
   <unitdate calendar="gregorian" era="ce" normal="1812-01-01/1950-12-31">1812-1950</unitdate><origination><corpname authfilenumber="FRAN_NP_009958">Agence d'architecture des Archives nationales (France)</corpname></origination>
   <physloc>Pierrefitte</physloc>
  </did>
  <scopecontent>
   <scopecontent>
    <p>Introduction</p>
    <p>Les papiers de l'Agence d'architecture des Archives nationales 
     <note>
      <p>Sur l'historique des agences de travaux, voir l'introduction de P.-D. PARISET à l' 
       <emph render="underline">Inventaire des archives du Service des Bâtiments civils et Palais nationaux et du Conseil général des Bâtiments de France</emph>, 1979, p. V. 
      </p>
     </note> ont été versés par l'Agence des Monuments historiques installée à l'hôtel Sully. C'est un complément substantiel aux documents provenant du Service des Bâtiments civils et Palais nationaux, déjà cotés dans la sous-série F 
     <emph render="super">21</emph>. 
    </p>
    <p>Il s'agit cette fois des archives des différents architectes qui se sont succédés depuis le début des grands travaux des Archives nationales en 1838 (création des dépôts dits de Louis-Philippe) jusqu'au départ, en 1947, de Tournon qui avait succédé à Robert Danis auquel on doit l'essentiel de la restauration de l'hôtel de Rohan 
     <note>
      <p>Quelques documents sont postérieurs au départ de Tournon remplacé par M. Musetti. On trouvera en annexe la liste chronologique des architectes. L'actuel architecte, M. Aureau, architecte en chef des Bâtiments civils et Palais nationaux, est installé à la Cour des comptes, 13 rue Cambon. A l'origine, l'Agence avait son bureau au Palais Soubise, dans l'ancienne bibliothèque du Prince qui sert actuellement de bureau au Conservateur du Musée.</p>
     </note>. 
    </p>
    <p>On y voit, au fil des ans, les Archives nationales, toujours à l'étroit, s'agrandir d'abord sur leur propre terrain (construction des dépôts Louis-Philippe et Napoléon III et de l'aile longeant la rue des Archives, aménagement d'immeubles sur la rue des Francs-Bourgeois), puis, après le départ de l'Imprimerie nationale en 1925, sur le terrain de l'hôtel de Rohan 
     <note>
      <p>Pour l'histoire des différents hôtels composant les Archives nationales, comme pour l'histoire des Archives nationales dans le quadrilatère du "chantier du Temple", voir J.-P. BAHELON, 
       <emph render="underline">Histoire et description des bâtiments des Archives nationales</emph>, t. I du 
       <emph render="underline">Musée de l'histoire de France</emph>, Paris, 1969. 
      </p>
      <p>F. Rabelon y ayant fait le point sur la bibliographie du sujet, il a paru superflu de la re onner ici. Citons cependant l'un des ouvrages les plus importants, CH.-V. LANGLOIS, 
       <emph render="underline">Les hôtels de Clisson, de cuise et de Rohan-Soubise au Marais</emph>, Paris, 1922. 
      </p>
     </note>. 
    </p>
    <p>A travers la correspondance, les attachements et mémoires de travaux, on suit à la fois les compagnes successives de grands travaux, les aménagements intérieurs, la restauration et la protection des appartements de Soubise et de Rohan, après avoir assisté, non sans étonnement, à la pose de rayonnages dans ces mêmes appartements pour y entreposer des archives. L'octroi de l'hôtel de Rohan aux Archives nationales met fin à des années de lutte entre la direction des Archives et d'autres administrations pour l'acquisition de ces locaux 
     <note>
      <p>Les péripéties de cette annexion ont été longuement décrites par Henri COURTAULT dans 
       <emph render="underline">Les Archives nationales de 1902 à 1936</emph>, Paris, 1933. 
      </p>
     </note>. L'action de l'architecte Danis se concentre alors sur la restauration de cet hôtel et son aménagement : démolition des ateliers de l'Imprimerie nationale, remise en état des appartements de réception, installation des bureaux, équipement des dépôts en matériel métallique, etc. Pendant la dernière guerre, la défense passive s'installe, on évacue boiseries, tapisseries et tableaux dans la crypte du Panthéon. Après la guerre, tout sera remis en place. 
    </p>
    <p>Nous sommes en présence, essentiellement, des archives du service comptable de l'Agence. La plus grande partie des documents est donc constituée de devis, attachements, mémoires de travaux et toutes pièces comptables pouvant justifier de ceux-ci devant l'administration du Service des Bâtiments civils et Palais nationaux 
     <note>
      <p>Sur l'histoire de ce service, voir 
       <emph render="underline">Notice historique sur le Service des travaux des Bâtiments civils et sur le Conseil général des Bâtiments de France</emph>. Notice parue en 4 parties, sous les noms de Gourlier, Questel et Lestang. 
      </p>
     </note>, actuelle Direction de l'Architecture : c'est en effet cette administration qui décidait des crédits à accorder, qu'il s'agisse de grands travaux, de grosses réparations ou d'entretien. Les attachements de travaux, pour être plus compréhensibles, sont très souvent accompagnés de plans ou de dessins souvent rehaussés de couleurs, explicant un détail ou l'ensemble des travaux exécutés. Ces dessins sont effectués soit directement dans la marge des documents, soit sur des feuilles jointes. A cela s'ajoute la correspondance, axée à la fois sur la comptabilité et sur les rapports avec la Direction des Archives et avec les entrepreneurs ; elle ne forme un tout cohérent qu'avec l'arrivée de Robert Danis pour diriger les travaux. 
    </p>
    <p>Ces papiers montrent comment l'Agence fait la jonction entre l'Etat qui ordonne et paie les travaux, et les entrepreneurs qui les exécutent. En effet, c'est l'Agence qui donne les ordres aux entrepreneurs et surveille les travaux d'une part, c'est elle d'autre part, qui justifie des dépenses auprès du Service des Bâtiments civils et Palais nationaux et plus particulièrement auprès du Bureau de la Liquidation des dépenses.</p>
    <p>Voilà pourquoi les papiers de l'Agence sont le complément ou le double des Archives du Service des Bâtiments civils déjà versées aux Archives nationales 
     <note>
      <p>Sous-série F21.</p>
     </note>. En effet, nous sommes ici bien souvent en présence des doubles des pièces justificatives que l'architecte envoie au service "payeur". Il ne faut donc pas s'étonner de retrouver les mêmes pièces dans les deux fonds, l'original et le double ou la minute. Une étude sur les bâtiments des Archives nationales doit donc se faire à l'aide d'une part, du fonds de l'Agence d'architecture chargée des travaux et de l'autre, du fonds des Bâtiments civils et Palais nationaux. Il faut ajouter à cette documentation, celle des archives du Service des Monuments historiques 
     <note>
      <p>A la bibliothèque de la Direction de l'architecture, 3 rue de Valois.</p>
     </note> ainsi que les documents conservés sur place par le Secrétariat des Archives nationales. 
    </p>
    <p>On trouvera en annexe à cette introduction la liste des principales références concernant les bâtiments des Archives nationales aux XIXème et XXeme siècles. Peut-être pourra-t-elle servir de "liste-type" pour d'autres recherches sur des édifices comparables aux notres, à condition de considérer chacun d'eux comme un cas particulier qui pose nécessairement des problèmes spécifiques.</p>
    <p>Le fonds, coté AJ 
     <emph render="super">54</emph>, se compose de 56 liasses. Un classement chronologique et topographique s'est imposé de lui-même. En tête vient l'hôtel de Soubise (AJ 
     <emph render="super">54</emph> 1 à 34), puis l'hôtel de Rohan (AJ 
     <emph render="super">54</emph> 35 à 44), ensuite les articles dans lesquels les deux hôtels sont indissociables (AJ 
     <emph render="super">54</emph> 45 à 51) et enfin tout ce qui touche à l'activité des architectes en dehors des Archives nationales : travaux extérieurs de l'Agence, associations d'architectes, etc. (AJ 
     <emph render="super">54</emph> 52 à 56). 
    </p>
    <p>Les éliminations ont été pratiquées de façon très modérée, car il était difficile de faire la différence entre grands travaux et travaux d'entretien. Par exemple, il est presque impossible de faire la distinction, dans les documents, entre la réfection totale et la réfection partielle d'une toiture. Dans le doute, étant donné le faible volume du fonds, on a préféré garder trop que trop peu. Souvent aussi de menues affaires étaient mêlées à d'autres plus importantes et il n'était pas raisonnable de déposer les dossiers. Enfin certaines pièces sont déjà conservées dans F 
     <emph render="super">21</emph>, mais il n'était pas pensable d'en vérifier l'existence dans des dizaines de liasses. Il nous a paru aussi indispensable de conserver tout ce qui concerne les appartements princiers de Soubise et de Rohan (peinture, dorure, pose de rayonnage...) ce qui permettra peut-être de mieux comprendre l'état actuel de ces salons. 
    </p>
    <p>Dans l'inventaire, une analyse détaillée a été donnée chaque fois que cela était possible et paraissait souhaitable. Mais les attachements de travaux et leurs très nombreux dessins, aussi bien en maçonnerie, en menuiserie qu'en serrurerie, n'ont pas toujours pu être précisés et cela d'autant plus que la localisation des travaux était parfois difficile à faire.</p>
    <p>En conclusion, on notera l'intérêt du fonds qui nous fait toucher du doigt le constant effort de modernisation et d'agrandissement des Archives nationales, tout en regrettant que ce ne soit, le plus souvent, qu'à travers la comptabilité du service. Le travail purement architectural de l'Agence manque : les études et projets préliminaires à la construction des dépôts Louis-Philippe et Napoléon III, les vues d'ensemble de Denis sur la restauration de l'hôtel de Rohan ou les études sur l'hôtel de Cuise avant sa démolition complète. Par voie de conséquence, en dehors de quelques dessins d'architecture et mis à part les 28 précieux carnets de dessins et croquis de l'Agence qui s'échelonnent de 1838 à 1884 
     <note>
      <p>Cotés AJ 
       <emph render="super">54</emph> 1 dr. II. M. Babelon a utilisé certains de ces dessins dans son étude 
       <emph render="underline">Nouveaux documents pour la restauration de l'hôtel de Guise, 58 rue des Archives</emph>, parue dans 
       <emph render="underline">La vie urbaine</emph>, juillet-septembre 1965, fase. 3 
      </p>
     </note>, il nous manque une série de plans des Archives 
     <note>
      <p>Un certain nombre de plans reliés en atlas et provenant de l'Agence sont cotés dans les papiers du Secrétariat des Archives (AB 
       <emph render="super">VB</emph> 1 à 11) et à la bibliothèque (E 
       <emph render="super">III</emph>268 
       <emph render="super">1</emph> et 
       <emph render="super">2</emph>, H 
       <emph render="super">IX</emph> 257). Ils sont probablement restés sur place pour les besoin du service. 
      </p>
     </note> analogue à celle que l'Agence du Louvre a versée pour le Louvre et les Tuileries 
     <note>
      <p>Fonds coté 64 AJ.</p>
     </note>. 
    </p>
    <p>Même incomplet, ce fonds d'archives est très précieux et fait souhaiter qu'à l'avenir on parvienne à une meilleure conservation de ces documents et en particulier des documents graphiques qui sont une source essentielle de l'histoire architecturale des XIXème et XXème siècles.</p>
   </scopecontent>
   <scopecontent>
    <p>Les sources de l'histoire des bâtiments des Archives nationales 
     <note>
      <p>On n'a relevé que ce qui concernait les Archives nationales aux palais Rohan et Soubise, puisque c'est l'objet du présent inventaire, excluant volontairement les emplacements provisoires ou simplement projetés des archives, tels que Sainte Chapelle, Corps législatif, Ile des Cygnes. Néanmoins, dans certains articles, ces établissements peuvent également figurer. De même on a éliminé les références relatives à ces palais avant l'installation des Archives puisqu'aucun document antérieur à cette installation ne figure dans le fonds de l'Agence.</p>
     </note> XIXème - XXème siècles 
    </p>
    <p>I - Dossiers de travaux</p>
    <p>Les décisions prises pour les travaux, à quelque époque que ce soit, se retrouvent dans les procès-verbaux et les avis du Conseil des Bâtiments civils : F21 1839-1844 (1822-1875)</p>
    <p>F21 1863-1869 (Seine, 1813-1873)</p>
    <p>F21* 2470-2542 
     <emph render="super">20</emph> (an IV-1856) 
    </p>
    <p>F21 6392-6500 (1857-1970)</p>
    <p>A. Travaux antérieurs à 1842.</p>
    <p>F 
     <emph render="super">13</emph> 1035 à 1041 : correspondance, rapports, devis relatifs aux travaux (an IX - 1836). 
    </p>
    <p>F 
     <emph render="super">13</emph> 203 dr. 4 : maison rue de Paradis attribuée aux Archives (1er Empire) 
    </p>
    <p>F 
     <emph render="super">13</emph> 205 dr. 41 : rapports sur les travaux (1808-1809). 
    </p>
    <p>F 
     <emph render="super">13</emph> 496 : mémoires de travaux au pavillon du Garde général (entre 1811 et 1830). 
    </p>
    <p>F 
     <emph render="super">13</emph> 623 : réclamation des entrepreneurs, constructions dans la cour de Soubise (1813). 
    </p>
    <p>F 
     <emph render="super">13</emph> 625 : description des bâtiments (1833). 
    </p>
    <p>F 
     <emph render="super">13</emph> 661 : personnel employé aux travaux (1823-1842). 
    </p>
    <p>F 
     <emph render="super">13</emph> 633 : visite de Napoléon et décision de transfert des Archives (1811). 
    </p>
    <p>F 
     <emph render="super">13</emph> 768 : fourniture de carrelage pour la maison du Garde général (1832-1837). 
    </p>
    <p>F 
     <emph render="super">13</emph> 879 : passage à travers l'hôtel de Soubise accordé à l'Imprimerie impériale (entre 1811 et 1814). 
    </p>
    <p>F 
     <emph render="super">13</emph> 885 : demande du remplacement de l'architecte décédé et indication des travaux urgents à faire (1824). 
    </p>
    <p>F 
     <emph render="super">13</emph> 1353 : états de distribution d'acomptes sur les travaux (1806-1811) 
    </p>
    <p>F 
     <emph render="super">17</emph> 13540 dr. 2 : Bâtiments et mobilier (1858-1882). 
    </p>
    <p>F 
     <emph render="super">21</emph> 1343 : Correspondance, devis, plans des travaux. 1812-1842. 
    </p>
    <p>B. Travaux de 1838 à nos jours.</p>
    <p>Documents des Archives nationales.</p>
    <p>F 
     <emph render="super">21</emph> 747 : Palais Soubise, correspondance, devis, plans (1849-1879). 
    </p>
    <p>F 
     <emph render="super">21</emph> 737 : 
     <emph render="underline">idem</emph> (1852) 
    </p>
    <p>F 
     <emph render="super">21</emph> 1343 à 1346 : 
     <emph render="underline">idem</emph> (1812-1865) 
    </p>
    <p>F 
     <emph render="super">21</emph> 2291 : 
     <emph render="underline">idem</emph> (1875-1903) 
    </p>
    <p>F 
     <emph render="super">21</emph> 2910 
     <emph render="super">1-5</emph> : 
     <emph render="underline">idem</emph> (grands travaux) (1859-1870) 
    </p>
    <p>F 
     <emph render="super">21</emph> 2911 
     <emph render="super">1-17</emph> : 
     <emph render="underline">idem</emph> (grands travaux et entretien) (1870-1898) 
    </p>
    <p>F 
     <emph render="super">21</emph> 3706 : Hôtel de Rohan : restauration et aménagement (1928-1933). 
    </p>
    <p>F 
     <emph render="super">21</emph> 5848-5849 : Palais Soubise : entretien et grosses réparations (plans de 1862, 1877 et 1880). (1862-1937) 
    </p>
    <p>F 
     <emph render="super">21</emph> 6533 à 6535 : avis et rapports du Conseil général des Bâtiments civils sur les travaux des Archives nationales (1872-1833) 
    </p>
    <p>F 
     <emph render="super">21</emph> 6537 et 6538 : 
     <emph render="underline">idem</emph> (1898-1904) 
    </p>
    <p>F 
     <emph render="super">21</emph> 6669 : 
     <emph render="underline">idem</emph> (1959-1966) 
    </p>
    <p>AB 
     <emph render="super">VB</emph> 1 à 9 : Papiers du Secrétariat des Archives sur les agrandissements, l'entretien, les acquisitions d'immeubles voisins, l'installation du musée, le chauffage, l'électricité, le téléphone, etc. ; rapports entre la Direction des Archives et les architectes (XIXè-XXè siècles). 
    </p>
    <p>Archives du Service des Monuments historiques 
     <note>
      <p>Bibliothèque de la Direction de l'Architecture, 3 rue de Valois.</p>
     </note>
    </p>
    <p>1/ Dossiers de classement. 1862-1980.</p>
    <p>- Classement de la Porte Clisson (1892-1923)</p>
    <p>- " des Chevaux du soleil (1900)</p>
    <p>- " de l'Hôtel de Rohan : façade, grand vestibule, grands salons du 1er, façade sur la rue Vieille-du-Temple, cour des écuries (1924).</p>
    <p>- Arrêté d'aménagement des Archives nationales : démolitions et expropriations rue des Quatre-Fils, rue des Archives, rue Vieille-du-Temple (1941).</p>
    <p>- Dossier de protection de l'Hôtel de Rohan (1925)</p>
    <p>- Declassement éventuel d'une partie des terrains de Rohan (1926).</p>
    <p>- Acquisition d'une tapisserie aux armes du Cardinal de Rohan : Achille découvert par Ulysse (1963)</p>
    <p>- Reconstitution du décor d'origine du Salon oval, chambre du Prince de Soubise (1970)</p>
    <p>- Soirée à l'hôtel de Rohan (1971)</p>
    <p>- Demande de transfert d'une cheminée déposée au Service d'architecture au Louvre (1972)</p>
    <p>- Nouveau système de chauffage à installer avant la restauration du Salon des singes (1973)</p>
    <p>- Restauration des Chevaux du soleil (1977-1980)</p>
    <p>2/ C 1207 (4) : travaux ou surveillance de travaux entreprise aux Archives nationales ou à proximité. 1889-1965.</p>
    <p>I - Archives nationales (1946-1965).</p>
    <p>Travaux dans le quartier : école rue de la Perle, ravalement de différentes façades.</p>
    <p>Travaux à la Maison des archivistes, à l'aile en retour du "bâtiment Sud".</p>
    <p>II - Hôtel de Rohan, ancienne Imprimerie nationale (1905-1925) Affectation aux Archives nationales, début des travaux de Danis, plans.</p>
    <p>III - Hôtel de Rohan (1927-1947)</p>
    <p>Construction neuve au 93 rue des Quatre-Fils (plans, hotes). 1947.</p>
    <p>Façade de la cour des Chevaux du soleil (plans). 1928.</p>
    <p>IV - Hôtel de Clisson - Hôtel de Soubise (1921-1982).</p>
    <p>Protestations contre le grattage des colonnes de la cour de Soubise (1889).</p>
    <p>Travaux de la Cour d'honneur et des couvertures (1896).</p>
    <p>Réfection des boiseries du cabinet de l'architecte (petit cabine de lecture du Prince) (1905-1906).</p>
    <p>Inscription sur l'ogive de la porte de Clisson (1910).</p>
    <p>Restauration de la Chambre du Prince (1908-1913 et 1922-1923).</p>
    <p>Restauration du Petit cabinet des livres du Prince : photos et relevés des boiseries (1924).</p>
    <p>Restauration des parties endommagées des façades, des toitures et des tourelles (1922).</p>
    <p>Réfection d'une des cheminées du pignon de l'hôtel de Clisson (1922-1923).</p>
    <p>Réfection des peintures des appartements de la Princesse (1950).</p>
    <p>Installation d'un poste de transformation au 53 rue des Archives (1951).</p>
    <p>V - Hôtels de Soubise et de Rohan (1929-1947).</p>
    <p>- Hôtel de Soubise.</p>
    <p>Remise en état des dorures et peinture de la Chambre du Prince (1929).- Réfection de la façade, annulée faute d'argent (1931). Projet d'aménagement d'un nouveau bâtiment (1935).</p>
    <p>- Hôtel de Rohan.</p>
    <p>Aménagement des grands appartements et mise en état des dépôts (1936).</p>
    <p>- 13 rue Rambuteau.</p>
    <p>Construction d'une marquise en béton armé (1947).</p>
    <p>II - Plans et documents iconographiques 
     <note>
      <p>Cette liste ne répertorie pas les plans contenus dans les dossiers.</p>
     </note>
    </p>
    <p>Dépôt des Archives nationales.</p>
    <p>- Service des Plans.</p>
    <p>- N III Seine 1141. Hôtel de Soubise (1828).</p>
    <p>- F 
     <emph render="super">21</emph> 1901 dr. 80. Bâtiment pour le Garde général (1827). 
    </p>
    <p>- F 
     <emph render="super">21</emph> 3505 
     <emph render="super">A</emph> art. 1-28. Archives nationales (1816-1936). 
    </p>
    <p>- F 
     <emph render="super">21</emph> 3505 
     <emph render="super">B</emph> art. 1-39. Hôtel de Guise et cour de Clisson (1875-1939). 
    </p>
    <p>- F 
     <emph render="super">21</emph> 3505 
     <emph render="super">C</emph> art. 1-47. Hôtel de Rohan (1930-1939). 
    </p>
    <p>- F 
     <emph render="super">21</emph> 3505 
     <emph render="super">D</emph> art. 1-23. Hôtel de Soubise (XVIIIe - 1940). 
    </p>
    <p>- Versement de l'Architecture</p>
    <p>Boite 4 n° 23-27. Projets et états des dépôts (1857-1880).</p>
    <p>Portefeuille CXCV n° 1-18. Projets de dépôts et de salle de lecture (1881-1882).</p>
    <p>idem n° 19-21. Projet de salle de lecture (1890).</p>
    <p>- Secrétariat.</p>
    <p>AB 
     <emph render="super">VB*</emph> 1-11 Plans des Archives nationales. XIXème s. - 1951. 
    </p>
    <p>Notamment :</p>
    <p>AB 
     <emph render="super">VB*</emph> 2 Atlas de plans (1849-1851). 
    </p>
    <p>AB 
     <emph render="super">VB*</emph> 3 Travaux exécutés aux Archives nationales : atlas de 10 plans signés par Ch. Lelong et A. Gréterin (1838-1843). 
    </p>
    <p>AB 
     <emph render="super">VB*</emph> 6 Atlas de 10 feuilles de dessins pour servir à l'intelligence des devis estimatifs. Plans signés Ch. Lelong concernant l'hôtel d'Assy, l'escalier principal, les casiers et dépôts. Des plans joints à l'atlas concernent, en particulier, les bâtiments à consolider rue de Chaume (1846-1851). 
    </p>
    <p>AB 
     <emph render="super">VB*</emph> 7 Atlas de 4 planches comprenant plans, coupe et élévation d'un projet d'agrandissement des bâtiments, signées Ch. Lelong et A. Gréterin. Elles sont suivies d'une série de plans de Ch. Lelong, entre autre sur les projets de travaux rue de Chaume : vues de l'hôtel de Guise et des bâtiments projetés (1849-1850). 
    </p>
    <p>AB 
     <emph render="super">VB*</emph> 8 Album de 14 photographies du Palais Sousise (Fin XIXème s.). 
    </p>
    <p>AB 
     <emph render="super">VB*</emph> 10 Plans des Archives nationales au Palais Sousise (1951). 
    </p>
    <p>- Bibliothèque.</p>
    <p>E 
     <emph render="super">III</emph> 268 
     <emph render="super">1</emph> Atlas de plans des dépôts (1898). 
    </p>
    <p>E 
     <emph render="super">III</emph> 268 
     <emph render="super">2</emph> Atlas de plans des dépôts (1951). Double de AB 
     <emph render="super">VB*</emph> 10. 
    </p>
    <p>H 
     <emph render="super">IX</emph> 257 Recueil factice de plans et gravures du Palais des Archives : plans de Ch. Lelong (1846-1851). 
    </p>
    <p>M 
     <emph render="super">II</emph> 442. Recueil de vues des Archives nationales éditées par Guérinet d'après les héliotypes de E. Le Deley. [Fin XIXème]. In-f°. 
    </p>
    <p>- Bureau des architectes.</p>
    <p>Plans d'ensemble des bâtiments : plans de 1880, plans de Paris et de Musetti (1925-1961).</p>
    <p>Rue des Francs-Bourgeois : plans des hôtels d'Assy, de Breteuil, de Fontenay et de Jaucourt. Environs 70 plans surtout sur calques (1949-1963).</p>
    <p>Hôtels de Soubise, de Clisson, de Guise : monte-charge, musée, salons, façade sur la cour de Clisson. Environ 30 plans surtout sur calques (Vers 1950).</p>
    <p>Hôtel de Rohan : salles de classement, Salon vert, aile droite du bâtiment principal, Cour des Chevaux du soleil, minutier, hôtel de Boisgelin (microfilm) ; bâtiments G et H (reliure), immeubles sur la rue des Quatre-Fils. Environ 60 calques (1928-1957).</p>
    <p>Dépôt Louis-Philippe : équipement, extension par le bâtiment Braibant, projet d'extension sur la rue des Quatre-Fils, construction du dépôt sud sur les jardins, aménagement de la salle de vente des sceaux. Environs 35 plans plus des plans roulés (1955-1960).</p>
    <p>Bibliothèque de la Direction de l'Architecture</p>
    <p>Archives photographiques</p>
    <p>Série topographique : hôtels du Marais, Soubise, Rohan. Fin XIXe. Importante suite de photographies.</p>
   </scopecontent>
  </scopecontent>
  <dsc>
   <c id="d_1">
    <did>
     <unittitle>I HÔTEL DE SOUBISE</unittitle>
    </did>
   </c>
   <c id="d_2">
    <did>
     <unitid type="cote-groupee">AJ/54/1-AJ/54/4</unitid>
     <unittitle>Restauration du Palais Soubise et construction des nouveaux dépôts, dits "dépôts Louis-Philippe". 1812 - 1883.</unittitle>
    </did>
    <c id="d_2_1">
     <did>
      <unitid type="cote-de-consultation">AJ/54/1</unitid>
      <unittitle>Travaux et contentieux. 1812-1883.</unittitle>
     </did>
     <c id="d_2_1_1">
      <did>
       <unitid>I.</unitid>
       <unittitle altrender="titre1">Agrandissement et restauration par les architectes Dubois et Lelong. 1838-1839.</unittitle>
       <unittitle>- Etats de situation et propositions d'acomptes sur les travaux.</unittitle>
       <unittitle>- Aperçus des travaux et mémoires de maçonnerie et de charpente.</unittitle>
       <unittitle>- Attachements de travaux de maçonnerie, charpente, poëlerie, décoration pour la pose de la première pierre par le Ministre de l'Intérieur, le 6 septembre 1838.</unittitle>
      </did>
     </c>
     <c id="d_2_1_2">
      <did>
       <unitid>II.</unitid>
       <unittitle altrender="titre1">Plans, carnets de notes, de croquis et de dossiers des architectes. XIXe s.</unittitle>
       <unittitle>- 3 carnets de notes et de dessins d'architectes (1838-1840).- 25 carnets de croquis de l'agence (carnets 1 et 2 sans date, carnets 3 à 25 datés de 1862 à 1884).- Dossiers de plans et de croquis (fin XIXe s.).</unittitle>
      </did>
     </c>
     <c id="d_2_1_3">
      <did>
       <unitid>III.</unitid>
       <unittitle altrender="titre1">Contentieux. 1812 - 1883.</unittitle>
       <unittitle>Affaires de mitoyenneté et de servitudes entre l'Imprimerie nationale et ses voisins.</unittitle>
      </did>
     </c>
    </c>
    <c id="d_2_2">
     <did>
      <unitid type="cote-de-consultation">AJ/54/2</unitid>
      <unittitle>Travaux menés par les architectes Dubois et Lelong. 1839-1851.</unittitle>
     </did>
     <c id="d_2_2_1">
      <did>
       <unitid>I.</unitid>
       <unittitle>Aperçus, états et mémoires de travaux (maçonnerie, charpente, serrurerie), devis de menuiserie pour les casiers (1841), devis de travaux pour l'achèvement des nouveaux bâtiments (1842). 1840-1842.</unittitle>
      </did>
     </c>
     <c id="d_2_2_2">
      <did>
       <unitid>II.</unitid>
       <unittitle>Etats de situation des travaux et propositions d'acomptes. 1840-1841.</unittitle>
      </did>
     </c>
     <c id="d_2_2_3">
      <did>
       <unitid>III.</unitid>
       <unittitle>Attachements des travaux de maçonnerie. 1840-1848.</unittitle>
      </did>
     </c>
     <c id="d_2_2_4">
      <did>
       <unitid>IV.</unitid>
       <unittitle>Attachements des travaux de charpente. 1840-1847.</unittitle>
      </did>
     </c>
     <c id="d_2_2_5">
      <did>
       <unitid>V.</unitid>
       <unittitle>Attachements des travaux de plomberie, couverture, menuiserie, serrurerie. 1839-1841.</unittitle>
      </did>
     </c>
     <c id="d_2_2_6">
      <did>
       <unitid>VI.</unitid>
       <unittitle>Attachements de travaux divers exécutés dans l'hôtel du Garde général. 1841.</unittitle>
      </did>
     </c>
     <c id="d_2_2_7">
      <did>
       <unitid>VII.</unitid>
       <unittitle>Etats des indemnités aux ouvriers blessés. 1840-1851.</unittitle>
      </did>
     </c>
    </c>
    <c id="d_2_3">
     <did>
      <unitid type="cote-de-consultation">AJ/54/3</unitid>
      <unittitle>Attachements de travaux menés par les architectes Lelong et Gréterin. 1846-1851.</unittitle>
     </did>
     <c id="d_2_3_1">
      <did>
       <unitid>I.</unitid>
       <unittitle altrender="titre1">1846.</unittitle>
       <unittitle>Jardinage et maçonnerie (travaux sur les chapiteaux et pilastres).</unittitle>
      </did>
     </c>
     <c id="d_2_3_2">
      <did>
       <unitid>II.</unitid>
       <unittitle altrender="titre1">1846-1851.</unittitle>
       <unittitle>Peinture et vitrerie (1846-1848).- Marbrerie (1846-1851).- Menuiserie (1846-1848).</unittitle>
      </did>
     </c>
     <c id="d_2_3_3">
      <did>
       <unitid>III.</unitid>
       <unittitle altrender="titre1">1847-1848.</unittitle>
       <unittitle>Maçonnerie : en particulier travaux au grand escalier et aux tourelles (1847).- Sculpture : restauration des figures et groupes de la façade principale et travaux pour le grand escalier (1847).- Rocaille : rivière dans le jardin (1847).- Charpente (1847-1848).- Plomberie (1847-1848).</unittitle>
      </did>
     </c>
     <c id="d_2_3_4">
      <did>
       <unitid>IV.</unitid>
       <unittitle altrender="titre1">1848-1850.</unittitle>
       <unittitle>Maçonnerie (1848).- Charpente (1848).- Serrurerie (1848).- Pavage, déblais, trottoire (1848).- Couverture (1848-1850).- Maçonnerie (1848-1850).</unittitle>
      </did>
     </c>
    </c>
    <c id="d_2_4">
     <did>
      <unitid type="cote-de-consultation">AJ/54/4</unitid>
      <unittitle altrender="titre1">Attachements de travaux menés par les architectes Lelong et Gréterin 1846-1851.</unittitle>
      <unittitle>Serrurerie (1849).- Peinture (1849-1850).- Maçonnerie (1849) Plomberie (1849).- Charpente (1849-1850).- Maçonnerie : adjudication pour la construction d'une partie du mur de face du bâtiment projeté sur la rue des Quatre-Fils (1850).- Serrurerie (1850).- Menuiserie : pose du "tableau des Jésuites" 
       <emph altrender="appnote">1</emph>, rayonnages et comptoirs des dépôts (1849-1850). Plomberie (1850).- Charpente (1850-1851).- Serrurerie (1850) Menuiserie (1850).- Maçonnerie (1850-1851). 
      </unittitle>
     </did>
     <scopecontent>
      <note>
       <p>1. Sur ce tableau, voir J.P. BABELON, 
        <emph render="underline">ep. cit</emph>. p. 39 n. 4. le tableau a été restauré par Ottez en 1846 cf. F21 48 dr. Ottez. 
       </p>
      </note>
     </scopecontent>
    </c>
   </c>
   <c id="d_3">
    <did>
     <unitid type="cote-de-consultation">AJ/54/5</unitid>
     <unittitle>Travaux exécutés sous la direction de l'architecte Janniard. 1856 - 1860.</unittitle>
    </did>
    <c id="d_3_1">
     <did>
      <unitid>I.</unitid>
      <unittitle altrender="titre1">1856.</unittitle>
      <unittitle>Journal ou carnet d'attachements des travaux.</unittitle>
     </did>
    </c>
    <c id="d_3_2">
     <did>
      <unitid>II.</unitid>
      <unittitle altrender="titre1">1857.</unittitle>
      <unittitle>Notes et croquis de Janniard.- Journal ou carnet d'attachements des travaux.- Sommiers des grands travaux et des attachements de travaux (maçonnerie, charpente, menuiserie, serrurerie, couverture, papeterie).</unittitle>
     </did>
    </c>
    <c id="d_3_3">
     <did>
      <unitid>III.</unitid>
      <unittitle altrender="titre1">1858.</unittitle>
      <unittitle>Notes et correspondance de Janniard.- Journal ou carnet d'attachements des travaux.- Sommiers des grands travaux de maçonnerie, charpente, sculpture 
       <emph altrender="appnote">1</emph>, couverture et sommiers des attachements des travaux de maçonnerie, charpente, sculpture, couverture, serrurerie, peinture et vitrerie. 
      </unittitle>
     </did>
     <scopecontent>
      <note>
       <p>1. Réparations, à l'étage, des sculptures des corniches et rosaces des anciens salons et de la salle des bustes ou salle d'assemblée, cf. 
        <emph render="underline">op. cit</emph>., p. 39. 
       </p>
      </note>
     </scopecontent>
    </c>
    <c id="d_3_4">
     <did>
      <unitid>IV.</unitid>
      <unittitle altrender="titre1">1859.</unittitle>
      <unittitle>Journal ou carnet d'attachements des travaux.- Sommiers des grands travaux de maçonnerie, charpente, dorure, serrurerie, peinture, menuiserie et sommiers des attachements de travaux de dorure (salle des bustes), serrurerie, menuiserie.- Mémoire des travaux de plomberie.- Mémoires et décomptes des travaux de maçonnerie (1859-1860).- Mémoires et attachements des travaux de peinture (1859).</unittitle>
     </did>
    </c>
   </c>
   <c id="d_4">
    <did>
     <unitid type="cote-de-consultation">AJ/54/6</unitid>
     <unittitle>Travaux des architectes Janniard puis Grisart : correspondance, attachements de travaux. 1860-1866.</unittitle>
    </did>
    <c id="d_4_1">
     <did>
      <unitid>I.</unitid>
      <unittitle altrender="titre1">Notes, correspondance, mémoires de travaux. 1861-1866.</unittitle>
      <unittitle>A noter : calcul du poids des différents types d'archives (registres, parchemins, liasses de papier).</unittitle>
     </did>
    </c>
    <c id="d_4_2">
     <did>
      <unitid>II.</unitid>
      <unittitle altrender="titre1">Notes, correspondance, mémoires sur les travaux de 1864.</unittitle>
      <unittitle>Grands travaux, trottoirs, eaux et égouts.</unittitle>
     </did>
    </c>
    <c id="d_4_3">
     <did>
      <unitid>III.</unitid>
      <unittitle altrender="titre1">Attachements de maçonnerie. 1861-1865.</unittitle>
      <unittitle>- Travaux de restauration (1862).</unittitle>
      <unittitle>- Travaux pour l'Ecole des chartes, rue de Paradis 
       <emph altrender="appnote">1</emph> (1863-1865).- Grands travaux (égouts, ravalement sur cour, construction de l'aile sur la rue des Quatre-Fils (1861-1865). 
      </unittitle>
     </did>
     <scopecontent>
      <note>
       <p>1. rue des Francs-Bourgeois.</p>
      </note>
     </scopecontent>
    </c>
    <c id="d_4_4">
     <did>
      <unitid>IV.</unitid>
      <unittitle>Attachements de charpente. 1862-1865.</unittitle>
     </did>
    </c>
    <c id="d_4_5">
     <did>
      <unitid>V.</unitid>
      <unittitle>Attachements de plomberie et de couverture. 1860-1865.</unittitle>
     </did>
    </c>
   </c>
   <c id="d_5">
    <did>
     <unitid type="cote-de-consultation">AJ/54/7</unitid>
     <unittitle>Travaux des architectes Janniard puis Grisart : attachements de travaux. 1862-1865.</unittitle>
    </did>
    <c id="d_5_1">
     <did>
      <unitid>I.</unitid>
      <unittitle>Menuiserie 
       <emph altrender="appnote">1</emph>. 1862-1865. 
      </unittitle>
     </did>
     <scopecontent>
      <note>
       <p>1. Travaux au "vieux bâtiment" dans les salons de l'étage qui portent le nom général de "salons dorés".</p>
      </note>
     </scopecontent>
    </c>
    <c id="d_5_2">
     <did>
      <unitid>II.</unitid>
      <unittitle>Serrurerie. 1862-1865.</unittitle>
     </did>
    </c>
    <c id="d_5_3">
     <did>
      <unitid>III.</unitid>
      <unittitle>Peinture 
       <emph altrender="appnote">1</emph> et vitrerie. 1861-1865. 
      </unittitle>
     </did>
     <scopecontent>
      <note>
       <p>1. 
        <emph render="underline">Idem</emph>. 
       </p>
      </note>
     </scopecontent>
    </c>
    <c id="d_5_4">
     <did>
      <unitid>IV.</unitid>
      <unittitle>Chauffage et funisterie. 1862-1865.</unittitle>
     </did>
    </c>
    <c id="d_5_5">
     <did>
      <unitid>V.</unitid>
      <unittitle>Décoration (peinture et dorure). 1861-1863.</unittitle>
     </did>
    </c>
    <c id="d_5_6">
     <did>
      <unitid>VI.</unitid>
      <unittitle>Marbrerie, sculpture, tapisserie et appareils à gaz. 1862-1864.</unittitle>
     </did>
    </c>
    <c id="d_5_7">
     <did>
      <unitid>VII.</unitid>
      <unittitle>Pavage. 1863-1865.</unittitle>
     </did>
    </c>
   </c>
   <c id="d_6">
    <did>
     <unitid type="cote-groupee">AJ/54/8-AJ/54/9</unitid>
     <unittitle>Travaux menés par l'architecte Grisart. 1862 - 1875.</unittitle>
    </did>
    <c id="d_6_1">
     <did>
      <unitid type="cote-de-consultation">AJ/54/8</unitid>
      <unittitle>1862 - 1875.</unittitle>
     </did>
     <c id="d_6_1_1">
      <did>
       <unitid>I.</unitid>
       <unittitle altrender="titre1">Correspondance sur les crédits, rapports sur les travaux, lettres aux entrepreneurs. 1869-1874.</unittitle>
       <unittitle>
        <emph render="underline">A signaler</emph> : projet de convention entre l'Ecole des chartes et le propriétaire du n° 58 de la rue des Francs-Bourgeois, à propos de la surélévation du mur mitoyen. 
       </unittitle>
      </did>
     </c>
     <c id="d_6_1_2">
      <did>
       <unitid>II.</unitid>
       <unittitle altrender="titre1">Devis et attachements de travaux. 1862-1875.</unittitle>
       <unittitle>Maçonnerie, charpente, couverture et plomberie, pavage et bitume, menuiserie, serrurerie.</unittitle>
      </did>
     </c>
     <c id="d_6_1_3">
      <did>
       <unitid>III.</unitid>
       <unittitle>Bordereaux des mémoires de travaux. 1866-1874.</unittitle>
      </did>
     </c>
     <c id="d_6_1_4">
      <did>
       <unitid>IV.</unitid>
       <unittitle altrender="titre1">Travaux. 1866.</unittitle>
       <unittitle>Lettres d'autorisations de crédits.</unittitle>
       <unittitle>Attachements de travaux de maçonnerie, serrurerie, pavage.-</unittitle>
       <unittitle>Attachements et devis de travaux de peinture et vitrerie ;- de sculpture en bois et en pierre ;- de funisterie ;- de menuiserie (casiers des bâtiments neufs).</unittitle>
      </did>
     </c>
    </c>
    <c id="d_6_2">
     <did>
      <unitid type="cote-de-consultation">AJ/54/9</unitid>
      <unittitle>1867-1871.</unittitle>
     </did>
     <c id="d_6_2_1">
      <did>
       <unitid>I.</unitid>
       <unittitle altrender="titre1">1867.</unittitle>
       <unittitle>Propositions relatives aux travaux à exécuter (travaux demandés par le directeur et grands travaux), états des crédits, correspondance.- Attachements de travaux de maçonnerie, charpente, serrurerie, peinture et vitrerie, menuiserie, éclairage.</unittitle>
      </did>
     </c>
     <c id="d_6_2_2">
      <did>
       <unitid>II.</unitid>
       <unittitle altrender="titre1">1868.</unittitle>
       <unittitle>Correspondance sur le budget et les autorisations de crédits.- Attachements de travaux de maçonnerie, serrurerie, peinture et vitrerie, menuiserie, marbrerie, plomberie, fumisterie.</unittitle>
      </did>
     </c>
     <c id="d_6_2_3">
      <did>
       <unitid>III.</unitid>
       <unittitle altrender="titre1">1869.</unittitle>
       <unittitle>Etats des propositions de crédits.- Attachements des travaux de maçonnerie, menuiserie, charpente, peinture et vitrerie, sculpture, serrurerie.- Devis de travaux de serrurerie.</unittitle>
      </did>
     </c>
     <c id="d_6_2_4">
      <did>
       <unitid>IV.</unitid>
       <unittitle altrender="titre1">1870.</unittitle>
       <unittitle>Correspondance notamment minute d'une lettre de l'architecte au directeur général des Archives sur les mesures de protection prises pour les bâtiments : destruction du vieux bâtiment sur la rue de Chaume 
        <emph altrender="appnote">1</emph>, sauf le rez de chaussée, protection du bâtiment neuf sur la rue des Quatre-Fils en particulier. - Attachements de travaux de maçonnerie (démolition du vieux bâtiment sur la rue de Chaume), menuiserie, serrurerie, peinture et vitrerie, plomberie, fumisterie. 
       </unittitle>
      </did>
      <scopecontent>
       <note>
        <p>1. rue des Archives. Il s'agit des restes de l'hôtel de Cuise. Voir J.P. BAGELON, cp. cit. p. 79.</p>
       </note>
      </scopecontent>
     </c>
     <c id="d_6_2_5">
      <did>
       <unitid>V.</unitid>
       <unittitle altrender="titre1">1871.</unittitle>
       <unittitle>Attachements de travaux de maçonnerie, menuiserie, serrurerie charpente, peinture et vitrerie, pavage, fumisterie.</unittitle>
      </did>
     </c>
    </c>
   </c>
   <c id="d_7">
    <did>
     <unitid type="cote-de-consultation">AJ/54/10</unitid>
     <unittitle>Travaux menés par l'architecte Guillaume. 1874-1880.</unittitle>
    </did>
    <c id="d_7_1">
     <did>
      <unitid>I.</unitid>
      <unittitle altrender="titre1">1874.</unittitle>
      <unittitle>Etat des demandes de travaux et désignation explicative des travaux à faire. - Notes et bordereaux des mémoires de travaux d'entretien et grosses réparations. - Attachements des travaux de serrurerie, menuiserie, pavage, peinture et vitrerie, sculpture.</unittitle>
     </did>
    </c>
    <c id="d_7_2">
     <did>
      <unitid>II.</unitid>
      <unittitle altrender="titre1">1874-1875.</unittitle>
      <unittitle>Elargissement de la rue des Quatre-Fils (démolition d'un mur en mauvais état, mise à l'alignement du mur de cloture des Archives) : correspondance avec la Préfecture de la Seine, plans, arrêté de la Préfecture.</unittitle>
     </did>
    </c>
    <c id="d_7_3">
     <did>
      <unitid>III.</unitid>
      <unittitle altrender="titre1">1874-1876.</unittitle>
      <unittitle>Canalisations : correspondances, plans et devis.</unittitle>
     </did>
    </c>
    <c id="d_7_4">
     <did>
      <unitid>IV.</unitid>
      <unittitle altrender="titre1">1875.</unittitle>
      <unittitle>Travaux d'entretien et grosses réparations.</unittitle>
      <unittitle>Etat de travaux à faire ; - attachements de travaux de menuiserie, serrurerie état de situation des travaux de pavage exécutés ; - mémoire des travaux de terrasse et maçonnerie ;- bordereaux des mémoires de travaux.</unittitle>
     </did>
    </c>
    <c id="d_7_5">
     <did>
      <unitid>V.</unitid>
      <unittitle altrender="titre1">1876.</unittitle>
      <unittitle>Grands travaux : reconstruction, sur l'emplacement de l'ancien bâtiment démoli, et reconstruction d'une galerie à la suite, rejoignant l'ancienne porte de Guise.</unittitle>
      <unittitle>Lettres sur les travaux et les crédits, bordereaux des mémoires de travaux, plan, mémoires des travaux de maçonneri de charpente et de serrurerie.</unittitle>
      <unittitle>Travaux d'entretien et de grosses réparations.</unittitle>
      <unittitle>Etat sommaire des propositions pour l'entretien, correspondance sur les crédits. - Bordereaux des mémoires de travaux.</unittitle>
     </did>
    </c>
    <c id="d_7_6">
     <did>
      <unitid>VI.</unitid>
      <unittitle altrender="titre1">1873-1880.</unittitle>
      <unittitle>Renseignements divers.</unittitle>
      <unittitle>- Séries de prix du ciment métallique (1871 et s.d.), autorisation d'éclairage au gas donnée par le Préfet de la Seine (1876).</unittitle>
      <unittitle>- Devis et demandes de travaux par l'administration des Archives nationales : états annuels des demandes (1873-1878).</unittitle>
      <unittitle>- Correspondance générale du Ministère des Travaux publics : crédits, entrepreneurs, personnel... (1873-1880).</unittitle>
      <unittitle>
       <emph render="underline">A signaler</emph> : rapport sur l'humidité dans le pavillon d'angle de la rue de Chaume et de la rue des Quatre-Fils (1875) ; rapport du baron de Watteville sur le Service de la photographie de la Direction des Sciences et lettres (imp. 1877). 
      </unittitle>
     </did>
    </c>
   </c>
   <c id="d_8">
    <did>
     <unitid type="cote-de-consultation">AJ/54/11</unitid>
     <unittitle>Travaux menés par les architectes Guillaume et Leclerc 
      <emph altrender="appnote">1</emph>. 1877-1880. 
     </unittitle>
    </did>
    <scopecontent>
     <note>
      <p>1. Leclerc succède à Guillaume en 1879.</p>
     </note>
    </scopecontent>
    <c id="d_8_1">
     <did>
      <unitid>I.</unitid>
      <unittitle altrender="titre1">1877-1879.</unittitle>
      <unittitle>- Entretien et grosses réparations (1877).</unittitle>
      <unittitle>Notes et correspondance, notamment pour la restauration des sculptures du pavillon central, par Louis Noël et Habille, et pour l'agrandissement de la bibliothèque.</unittitle>
      <unittitle>- Bordereaux des mémoires de travaux.</unittitle>
      <unittitle>- Grands travaux (1877).</unittitle>
      <unittitle>Correspondance sur les crédits accordés et bordereaux des mémoires de travaux des entrepreneurs.</unittitle>
      <unittitle>- Sécurité (1877).</unittitle>
      <unittitle>
       <emph render="underline">A signaler</emph> : rapport de l'architecte sur des dangers de vol et d'incendie et sur les mesures à prendre ; devis de restauration ou d'installation des paratonnerres. 
      </unittitle>
      <unittitle>- Décoration du grand escalier d'honneur (1877-1878).</unittitle>
      <unittitle>Peintures décoratives confiées à Jobbé-Duval 
       <emph altrender="appnote">1</emph> et à Ouri. 
      </unittitle>
     </did>
     <scopecontent>
      <note>
       <p>1. Voir aussi F21 228 dr. Jobbé-Duval.</p>
      </note>
     </scopecontent>
    </c>
    <c id="d_8_2">
     <did>
      <unitid>II.</unitid>
      <unittitle altrender="titre1">1878.</unittitle>
      <unittitle>- Grands travaux.</unittitle>
      <unittitle>Correspondance sur les travaux à faire et sur les crédits accordés.</unittitle>
      <unittitle>- Etats de situation des travaux.</unittitle>
      <unittitle>- Bordereaux des mémoires des entrepreneurs.</unittitle>
      <unittitle>- Musée de sigillographie.</unittitle>
      <unittitle>Installation d'une exposition pendant l'Exposition Universelle (dessins des vitrines du musée).</unittitle>
      <unittitle>- Entretien et grosses réparations.</unittitle>
      <unittitle>Correspondance, états de situation des travaux, bordereaux des mémoires des entrepreneurs.</unittitle>
     </did>
    </c>
    <c id="d_8_3">
     <did>
      <unitid>III.</unitid>
      <unittitle altrender="titre1">Travaux. 1879.</unittitle>
      <unittitle>- Entretien et grosses réparations.</unittitle>
      <unittitle>Correspondance, états de situation des travaux, bordereaux des mémoires, cahiers des charges pour l'entretien (pavage et asphalte, couverture et plomberie, terrasse et maçonnerie).</unittitle>
      <unittitle>- Grands travaux : continuation du bâtiment sur la rue des Archives.</unittitle>
      <unittitle>Correspondance, états de situation des travaux, bordereaux des mémoires et attachements des travaux.</unittitle>
     </did>
    </c>
    <c id="d_8_4">
     <did>
      <unitid>IV.</unitid>
      <unittitle altrender="titre1">Personnel. 1880.</unittitle>
      <unittitle>Indemnité de fin d'année accordées au personnel du service d'architecture de l'Agence.</unittitle>
     </did>
    </c>
   </c>
   <c id="d_9">
    <did>
     <unitid type="cote-de-consultation">AJ/54/12</unitid>
     <unittitle>Attachements et mémoires de travaux. 1877 - 1880.</unittitle>
     <unittitle>Maçonnerie, serrurerie, charpente, plomberie et couverture, peinture et vitrerie, menuiserie, ciment métallique, pavage, marbrerie.</unittitle>
    </did>
   </c>
   <c id="d_10">
    <did>
     <unitid type="cote-de-consultation">AJ/54/13</unitid>
     <unittitle>Correspondance et registres des travaux des architectes Albert Thomas, Gautier et Duquesne. 1881 - 1939.</unittitle>
    </did>
    <c id="d_10_1">
     <did>
      <unitid>I.</unitid>
      <unittitle altrender="titre1">Copies des lettres d'Albert Thomas. 1881-1884.</unittitle>
      <unittitle>1 registre.</unittitle>
     </did>
    </c>
    <c id="d_10_2">
     <did>
      <unitid>II.</unitid>
      <unittitle altrender="titre1">Correspondance, rapports et mémoires. 1897-1921.</unittitle>
      <unittitle>Création d'une nouvelle salle du public ; installation du chauffage et de l'électricité ; aménagement des dépôts des archives de la Marine 
       <emph altrender="appnote">1</emph> et de la Salle des gardes ; restauration de la Chambre du Prince. 
      </unittitle>
     </did>
     <scopecontent>
      <note>
       <p>1. Dans la Salle d'assemblée.</p>
      </note>
     </scopecontent>
    </c>
    <c id="d_10_3">
     <did>
      <unitid>III.</unitid>
      <unittitle altrender="titre1">Registres des travaux. 1909-1939.</unittitle>
      <unittitle>- Ordres de l'Agence (1876-1882).</unittitle>
      <unittitle>2 registres des ordres quotidiens de service.</unittitle>
      <unittitle>- Comptabilité des dépenses (1909-1939).</unittitle>
      <unittitle>1 registre chronologique, des paiements aux entrepreneurs.</unittitle>
      <unittitle>- Journal des travaux de l'Agence (1916-1928).</unittitle>
      <unittitle>1 registre classé par matières : couverture, électricité, fumisterie, gasiers, maçonnerie, etc.</unittitle>
      <unittitle>- Ordres de service de l'architecte (1910-1923). 2 registres.</unittitle>
     </did>
    </c>
   </c>
   <c id="d_11">
    <did>
     <unitid type="cote-groupee">AJ/54/14-AJ/54/19</unitid>
     <unittitle>Travaux menés par l'architecte Albert Thomas. 1881-1906.</unittitle>
    </did>
    <c id="d_11_1">
     <did>
      <unitid type="cote-de-consultation">AJ/54/14</unitid>
      <unittitle>Correspondance, devis et mémoires. 1876-1882.</unittitle>
     </did>
     <c id="d_11_1_1">
      <did>
       <unitid>I.</unitid>
       <unittitle altrender="titre1">Correspondance, notes et rapports. 1881-1882.</unittitle>
       <unittitle>A signaler :</unittitle>
       <unittitle>Travaux de stuc (cour de Clisson, escalier de Guise), travaux de marbrerie dans l'escalier de Guise ; achèvement du bâtiment neuf sur la rue des Archives.</unittitle>
      </did>
     </c>
     <c id="d_11_1_2">
      <did>
       <unitid>II.</unitid>
       <unittitle altrender="titre1">Gestion et comptabilité. 1876-1881.</unittitle>
       <unittitle>- Cahiers des charges et adjudications des travaux (1876-1880).</unittitle>
       <unittitle>Peinture et vitrerie, ferronnerie et serrurerie, terrasse et maçonnerie, couverture et plomberie, charpente, menuiserie.</unittitle>
       <unittitle>- Etats de situation des travaux et comptabilité des paiements aux entrepreneurs (1881).</unittitle>
      </did>
     </c>
     <c id="d_11_1_3">
      <did>
       <unitid>III.</unitid>
       <unittitle altrender="titre1">Devis, mémoires et attachements de travaux. 1876-1882.</unittitle>
       <unittitle>Maçonnerie, couverture et plomberie, serrurerie, menuiserie (aménagement du musée et des dépôts), peinture et vitrerie, stuc (escalier de Guise), asphalte.</unittitle>
      </did>
     </c>
     <c id="d_11_1_4">
      <did>
       <unitid>IV.</unitid>
       <unittitle altrender="titre1">Bordereaux des mémoires des grands travaux. 1881.</unittitle>
       <unittitle>Quelques mémoires d'entrepreneurs : mémoires de photographie de stuc (escalier de Guise), de restauration de tableaux de Restout et de Trémolière 
        <emph altrender="appnote">1</emph>. 
       </unittitle>
      </did>
      <scopecontent>
       <note>
        <p>1. Des tableaux de ces artistes déjà restaurés en 1846.68. F21 48 dr. Ottes.</p>
       </note>
      </scopecontent>
     </c>
    </c>
    <c id="d_11_2">
     <did>
      <unitid type="cote-de-consultation">AJ/54/15</unitid>
      <unittitle>Correspondance générale. 1883-1892.</unittitle>
     </did>
     <c id="d_11_2_1">
      <did>
       <unitid>I.</unitid>
       <unittitle altrender="titre1">1883-1884.</unittitle>
       <unittitle>Correspondance générale (travaux, demandes de crédits, promotions du personnel de l'Agence) ; états de propositions de travaux.</unittitle>
       <unittitle>
        <emph render="underline">A signaler</emph> : dégâts importants dus à une fuite d'eau. 
       </unittitle>
      </did>
     </c>
     <c id="d_11_2_2">
      <did>
       <unitid>II.</unitid>
       <unittitle altrender="titre1">1885.</unittitle>
       <unittitle>Correspondance générale, restauration des combles (cours de Clisson et de Guise), dégâts de l'inondation, états des propositions de travaux, devis, bordereaux des mémoires des entrepreneurs.</unittitle>
      </did>
     </c>
     <c id="d_11_2_3">
      <did>
       <unitid>III.</unitid>
       <unittitle altrender="titre1">1886.</unittitle>
       <unittitle>Correspondance générale (personnel de l'Agence, commande du buste du marquis de Laborde à Léon Pilet 
        <emph altrender="appnote">1</emph>, du buste de Camus à Icard 
        <emph altrender="appnote">2</emph>, donation au Louvre, par Thomas, de fragments d'architecture d'Asie Mineure), devis, attachements de travaux, bordereaux des mémoires des entrepreneurs. 
       </unittitle>
      </did>
      <scopecontent>
       <note>
        <p>1. Voir le dossier de commande à Léon Pilet dans P21 2105 de L. Pilet</p>
       </note>
       <note>
        <p>2. Voir le dossier de commande à Icard dans F21 2088 dr. Icard.</p>
       </note>
      </scopecontent>
     </c>
     <c id="d_11_2_4">
      <did>
       <unitid>IV.</unitid>
       <unittitle altrender="titre1">1887.</unittitle>
       <unittitle>Correspondance générale (crédits, travaux dont l'aménagement des combles de l'hôtel Soubise, demandes de personnel, projet de reconstruction de l'Ecole des chartes, à l'angle des rues Cujas et Saint-Jacques) ; mémoirés de travaux.</unittitle>
       <unittitle>
        <emph render="underline">A signaler</emph> : minute d'une lettre explicative du tableau dit des Jésuites 
        <emph altrender="appnote">1</emph> ; moulage des boiseries sculptées. 
       </unittitle>
      </did>
      <scopecontent>
       <note>
        <p>1. Voir n. 1 p. 15.</p>
       </note>
      </scopecontent>
     </c>
     <c id="d_11_2_5">
      <did>
       <unitid>V.</unitid>
       <unittitle altrender="titre1">1888.</unittitle>
       <unittitle>Correspondance générale (crédits, travaux à faire) ; devis de travaux.</unittitle>
      </did>
     </c>
     <c id="d_11_2_6">
      <did>
       <unitid>VI.</unitid>
       <unittitle altrender="titre1">1889.</unittitle>
       <unittitle>- Projet d'acquisition de l'immeuble du 56 rue des France-Bourges correspondance, mémoires, affiches.</unittitle>
       <unittitle>- correspondance générale.</unittitle>
      </did>
     </c>
     <c id="d_11_2_7">
      <did>
       <unitid>VII.</unitid>
       <unittitle altrender="titre1">1890-1891.</unittitle>
       <unittitle>- Devis général des travaux à effectuer pour l'installation de la salle du public, pour l'achèvement de l'hôtel Soubise (rez-de-Chaussée, 1er étage) pour l'achèvement de l'aménagement de la Section judiciaire dans les combles du bâtiment (1890).</unittitle>
       <unittitle>- Correspondance sur les travaux (installation de la salle du public...) et mémoires de travaux (1891).</unittitle>
       <unittitle>
        <emph render="underline">A signaler</emph> : dossier sur les peintures de Boucher. 
       </unittitle>
      </did>
     </c>
     <c id="d_11_2_8">
      <did>
       <unitid>VIII.</unitid>
       <unittitle altrender="titre1">1892.</unittitle>
       <unittitle>Correspondance sur les travaux à faire, notes et rapports.</unittitle>
       <unittitle>
        <emph render="underline">A signaler</emph> : devis général des travaux d'achèvement de l'hôtel Soubise (ravalement de la façade sur la Cour de Clisson, transformation de la Salle des gardes en salle du public, installation de l'électricité et du téléphone) ; travaux dans les deux premières salles du rez-de-Chaussée, restauration de la Salle des colonnes, ancienne chambre du Prince 
        <emph altrender="appnote">1</emph>. 
       </unittitle>
      </did>
      <scopecontent>
       <note>
        <p>1. Voir J.P. BABELON, 
         <emph render="underline">on. cit.</emph>, p. 35. 
        </p>
       </note>
      </scopecontent>
     </c>
    </c>
    <c id="d_11_3">
     <did>
      <unitid type="cote-de-consultation">AJ/54/16</unitid>
      <unittitle>Correspondance et mémoires de travaux. 1894-1900.</unittitle>
     </did>
     <c id="d_11_3_1">
      <did>
       <unitid>I.</unitid>
       <unittitle altrender="titre1">1894.</unittitle>
       <unittitle>Bordereaux des mémoires : travaux d'entretien et travaux de sculpture (exécution des groupes du Printemps et de l'Automne par Tony Noël, du groupe de l'Eté par Louis Martin et de celui de l'Hiver par Demaille.</unittitle>
      </did>
     </c>
     <c id="d_11_3_2">
      <did>
       <unitid>II.</unitid>
       <unittitle altrender="titre1">1897 - 1899.</unittitle>
       <unittitle>- Correspondance (1899).</unittitle>
       <unittitle>- Adjudication des travaux de pavage, granit et asphalte et de couverture, plomberie de 1897 à 1899.</unittitle>
       <unittitle>- Mémoires de travaux d'entretien : maçonnerie, couverture et plomberie, menuiserie, serrurerie, peinture, funisterie, sonneries électriques et à air (téléphone), conduites et appareils à gaz, pavage et asphalte.</unittitle>
      </did>
     </c>
     <c id="d_11_3_3">
      <did>
       <unitid>III.</unitid>
       <unittitle altrender="titre1">1900.</unittitle>
       <unittitle>Mémoires de travaux : couverture et plomberie, menuiserie, peinture, funisterie, gaz.</unittitle>
      </did>
     </c>
    </c>
    <c id="d_11_4">
     <did>
      <unitid type="cote-de-consultation">AJ/54/17</unitid>
      <unittitle>Correspondance, mémoires et attachements de travaux. 1901.</unittitle>
     </did>
     <c id="d_11_4_1">
      <did>
       <unitid>I.</unitid>
       <unittitle altrender="titre1">Correspondance, mémoires, devis et plans.</unittitle>
       <unittitle>Projet de chauffage, salle du public.</unittitle>
       <unittitle>A noter : quelques pièces à propos des travaux de l'Agence pour l'Exposition universelle de 1900.</unittitle>
      </did>
     </c>
     <c id="d_11_4_2">
      <did>
       <unitid>II.</unitid>
       <unittitle altrender="titre1">Attachements de travaux, factures et mémoires.</unittitle>
       <unittitle>Chauffage, salle du public.</unittitle>
      </did>
     </c>
     <c id="d_11_4_3">
      <did>
       <unitid>III.</unitid>
       <unittitle altrender="titre1">Mémoires de travaux.</unittitle>
       <unittitle>Maçonnerie, ciment armé, menuiserie, couverture et plomberie, serrurerie, peinture.</unittitle>
      </did>
     </c>
    </c>
    <c id="d_11_5">
     <did>
      <unitid type="cote-de-consultation">AJ/54/18</unitid>
      <unittitle>Etat sommaire des projets de travaux d'entretien et grosses réparations et mémoires de travaux. 1902.</unittitle>
      <unittitle>Maçonnerie, serrurerie, menuiserie, peinture, stuc, marbreries, sculptures et dessins, fumisterie et chauffage.</unittitle>
     </did>
    </c>
    <c id="d_11_6">
     <did>
      <unitid type="cote-de-consultation">AJ/54/19</unitid>
      <unittitle>Devis, mémoires et attachements de travaux. 1903-1906.</unittitle>
     </did>
     <c id="d_11_6_1">
      <did>
       <unitid>I.</unitid>
       <unittitle>Attachements et mémoires de travaux. 1903.</unittitle>
      </did>
     </c>
     <c id="d_11_6_2">
      <did>
       <unitid>II.</unitid>
       <unittitle>Devis, attachements, mémoires de travaux. 1904.</unittitle>
      </did>
     </c>
     <c id="d_11_6_3">
      <did>
       <unitid>III.</unitid>
       <unittitle>
        <emph render="underline">idem</emph>. 1905. 
       </unittitle>
      </did>
     </c>
     <c id="d_11_6_4">
      <did>
       <unitid>IV.</unitid>
       <unittitle>
        <emph render="underline">idem</emph>. 1906. 
       </unittitle>
      </did>
     </c>
    </c>
   </c>
   <c id="d_12">
    <did>
     <unitid type="cote-groupee">AJ/54/20-AJ/54/22</unitid>
     <unittitle>Travaux menés par l'architecte Gautier. 1907 - 1913.</unittitle>
    </did>
    <c id="d_12_1">
     <did>
      <unitid type="cote-de-consultation">AJ/54/20</unitid>
      <unittitle>Soumissions, devis et attachements de travaux. 1907-1913.</unittitle>
     </did>
     <c id="d_12_1_1">
      <did>
       <unitid>I.</unitid>
       <unittitle>Soumissions pour l'exécution de travaux de menuiserie, peinture, serrurerie, fumisterie, plomberie. 1907-1913.</unittitle>
      </did>
     </c>
     <c id="d_12_1_2">
      <did>
       <unitid>II.</unitid>
       <unittitle altrender="titre1">Devis de travaux. 1907-1909.</unittitle>
       <unittitle>Notamment travaux de sculpture sur bois, travaux aux boiseries de la chambre à coucher du Prince de Soubise.</unittitle>
      </did>
     </c>
     <c id="d_12_1_3">
      <did>
       <unitid>III.</unitid>
       <unittitle altrender="titre1">Devis, attachements, mémoires de travaux. 1907.</unittitle>
       <unittitle>Maçonnerie, menuiserie, couverture, plomberie.</unittitle>
      </did>
     </c>
     <c id="d_12_1_4">
      <did>
       <unitid>IV.</unitid>
       <unittitle>
        <emph render="underline">Idem</emph>. 1903. 
       </unittitle>
      </did>
     </c>
     <c id="d_12_1_5">
      <did>
       <unitid>V.</unitid>
       <unittitle>
        <emph render="underline">Idem</emph>. 1909. 
       </unittitle>
      </did>
     </c>
    </c>
    <c id="d_12_2">
     <did>
      <unitid type="cote-de-consultation">AJ/54/21</unitid>
      <unittitle>Devis, attachements et mémoires de travaux. 1910-1912.</unittitle>
     </did>
     <c id="d_12_2_1">
      <did>
       <unitid>I.</unitid>
       <unittitle altrender="titre1">1910.</unittitle>
       <unittitle>Devis, notamment pour la couverture et pour la menuiserie de la Chambre du Prince.</unittitle>
       <unittitle>Attachements et mémoires de travaux : couverture, plomberie entre autres.</unittitle>
      </did>
     </c>
     <c id="d_12_2_2">
      <did>
       <unitid>II.</unitid>
       <unittitle altrender="titre1">1911.</unittitle>
       <unittitle>Attachements et mémoires de travaux.</unittitle>
      </did>
     </c>
     <c id="d_12_2_3">
      <did>
       <unitid>III.</unitid>
       <unittitle altrender="titre1">1912.</unittitle>
       <unittitle>
        <emph render="underline">Idem</emph>. 
       </unittitle>
      </did>
     </c>
    </c>
    <c id="d_12_3">
     <did>
      <unitid type="cote-de-consultation">AJ/54/22</unitid>
      <unittitle>Devis et attachements de travaux. 1913-1917.</unittitle>
     </did>
     <c id="d_12_3_1">
      <did>
       <unitid>I.</unitid>
       <unittitle altrender="titre1">Devis des travaux demandés par le Directeur des Archives. 1913-1917.</unittitle>
       <unittitle>Chauffage, monte-charge électrique, installation de l'électricité (plans), menuiserie de la Chambre du Prince.</unittitle>
      </did>
     </c>
     <c id="d_12_3_2">
      <did>
       <unitid>II.</unitid>
       <unittitle>Attachements et mémoires de travaux. 1913.</unittitle>
      </did>
     </c>
    </c>
   </c>
   <c id="d_13">
    <did>
     <unitid type="cote-de-consultation">AJ/54/23</unitid>
     <unittitle>Devis, mémoires et attachements des travaux menés par les architectes Gautier en 1914, puis Duquesme. 1814-1918.</unittitle>
    </did>
    <c id="d_13_1">
     <did>
      <unitid>I.</unitid>
      <unittitle altrender="titre1">1914.</unittitle>
      <unittitle>Mémoires de travaux de maçonnerie, peinture et couverture.</unittitle>
     </did>
    </c>
    <c id="d_13_2">
     <did>
      <unitid>II.</unitid>
      <unittitle altrender="titre1">1915.</unittitle>
      <unittitle>Attachements et mémoires de travaux de peinture, couverture, menuiserie. A noter : déplacement du "salon vert" 
       <emph altrender="appnote">1</emph>. 
      </unittitle>
     </did>
     <scopecontent>
      <note>
       <p>1. Ou cabinet des fables, voir J.P. BABELON, 
        <emph render="underline">op. cit</emph>., p. 46. Il était exposé au Musée avant son transfert à l'hôtel de Bahan. 
       </p>
      </note>
     </scopecontent>
    </c>
    <c id="d_13_3">
     <did>
      <unitid>III.</unitid>
      <unittitle altrender="titre1">1916.</unittitle>
      <unittitle>Devis de travaux de canalisation et mémoires de travaux de maçonnerie, couverture et serrurerie.</unittitle>
     </did>
    </c>
    <c id="d_13_4">
     <did>
      <unitid>IV.</unitid>
      <unittitle altrender="titre1">1917.</unittitle>
      <unittitle>Travaux de serrurerie (monte-charge), menuiserie (musée, dépôts), plomberie, maçonnerie (monte-charge), électricité (bureaux, monte-charge), ciment métallique.</unittitle>
     </did>
    </c>
    <c id="d_13_5">
     <did>
      <unitid>V.</unitid>
      <unittitle altrender="titre1">1918.</unittitle>
      <unittitle>Installation d'un monte-charge, protection contre les bombardements puis suppression de cette protection.</unittitle>
      <unittitle>Peinture, menuiserie, maçonnerie, serrurerie.</unittitle>
     </did>
    </c>
   </c>
   <c id="d_14">
    <did>
     <unitid type="cote-de-consultation">AJ/54/24</unitid>
     <unittitle>Devis et mémoires des travaux menés par l'architecte Duquesne. 1919-1924.</unittitle>
    </did>
    <c id="d_14_1">
     <did>
      <unitid>I.</unitid>
      <unittitle altrender="titre1">Devis. 1919-1921.</unittitle>
      <unittitle>Couverture, menuiserie et maçonnerie pour l'installation des sous-sols, électricité (en particulier pour la salle de lecture), peinture, chauffage, canalisations, pavage.</unittitle>
     </did>
    </c>
    <c id="d_14_2">
     <did>
      <unitid>II.</unitid>
      <unittitle altrender="titre1">Mémoires de travaux. 1919.</unittitle>
      <unittitle>Installation des sous-sols, musée (salle du Prince).</unittitle>
     </did>
    </c>
    <c id="d_14_3">
     <did>
      <unitid>III.</unitid>
      <unittitle altrender="titre1">Devis, mémoires et attachements de travaux classés par entrepreneurs. 1919-1925.</unittitle>
      <unittitle>Fumisterie (chauffage).- Pavage, égouts et canalisations.-</unittitle>
      <unittitle>Electricité : éclairage de la salle du public 
       <emph altrender="appnote">1</emph>.- Menuiserie d'art (entretien).- Peinture et vitrerie.- Couverture.- Stuc (porte de Clissen, cour de Guise, cour d'honneur). 
      </unittitle>
     </did>
     <scopecontent>
      <note>
       <p>1. Dessin du modèle la lampe de bureau prévue.</p>
      </note>
     </scopecontent>
    </c>
   </c>
   <c id="d_15">
    <did>
     <unitid type="cote-groupee">AJ/54/25-AJ/54/34</unitid>
     <unittitle>Travaux menés par l'architecte Danis 
      <emph altrender="appnote">1</emph>. 
     </unittitle>
    </did>
    <scopecontent>
     <note>
      <p>1. Quelques pièces concernant l'hôtel de Rohan.</p>
     </note>
    </scopecontent>
    <c id="d_15_1">
     <did>
      <unitid type="cote-de-consultation">AJ/54/25</unitid>
      <unittitle>Correspondance générale. 1924-1930.</unittitle>
     </did>
    </c>
    <c id="d_15_2">
     <did>
      <unitid type="cote-de-consultation">AJ/54/26</unitid>
      <unittitle>
       <emph render="underline">Idem</emph>. 1931-1934. 
      </unittitle>
     </did>
    </c>
    <c id="d_15_3">
     <did>
      <unitid type="cote-de-consultation">AJ/54/27</unitid>
      <unittitle>
       <emph render="underline">Idem</emph>. 1935-1939. 
      </unittitle>
     </did>
    </c>
    <c id="d_15_4">
     <did>
      <unitid type="cote-de-consultation">AJ/54/28</unitid>
      <unittitle>Mémoires de travaux. 1921-1932.</unittitle>
     </did>
     <c id="d_15_4_1">
      <did>
       <unitid>I.</unitid>
       <unittitle altrender="titre1">1921-1924.</unittitle>
       <unittitle>1921. Restauration de la Chambre du Prince : sculpture, dorure, peinture, menuiserie.- Plomberie, égouts et canalisation.</unittitle>
       <unittitle>1922. Restauration de la Chambre et du Salon du Prince.- Restauration du portail de l'hôtel de Clisson.- Couverture menuiserie.</unittitle>
       <unittitle>1923. Chauffage et électricité (salle du public).- Couverture, maçonnerie, plomberie.</unittitle>
       <unittitle>1924. Réfection de la rivière du jardin du Directeur (plan).- Restauration du petit cabinet du livre du Prince de Soubise 
        <emph altrender="appnote">1</emph>.- Installation du téléphone. 
       </unittitle>
      </did>
      <scopecontent>
       <note>
        <p>1. Voir J.P. BABELON, 
         <emph render="underline">op. cit</emph>. p. 38-39. 
        </p>
       </note>
      </scopecontent>
     </c>
     <c id="d_15_4_2">
      <did>
       <unitid>II.</unitid>
       <unittitle altrender="titre1">1928-1932.</unittitle>
       <unittitle>1928-1932. Réfection des façades de Soubise, de la galerie de la cour d'honneur, du cartouche de la porte de Clisson, des façades sur la cour d'honneur et sur jardin.</unittitle>
       <unittitle>1929-1930. Appartement du Directeur : peinture, plomberie, fumisterie, électricité, serrurerie, maçonnerie.</unittitle>
       <unittitle>1930. Installation de l'électricité.</unittitle>
       <unittitle>1930-1932. Remise en état des couvertures.</unittitle>
       <unittitle>1931-1932. Installation de chauffage-central.</unittitle>
      </did>
     </c>
    </c>
    <c id="d_15_5">
     <did>
      <unitid type="cote-de-consultation">AJ/54/29</unitid>
      <unittitle>Devis et situation de travaux. 1934-1939.</unittitle>
     </did>
     <c id="d_15_5_1">
      <did>
       <unitid>I.</unitid>
       <unittitle altrender="titre1">Devis. 1934-1938.</unittitle>
       <unittitle>Réfection des couvertures, projet d'un bâtiment sur jardin, perpendiculaire à l'hôtel de Rohan, travaux au musée, réfection de la façade et de l'entrée principale, rue les Francs-Bourgeois, aménagements divers, électricité, chauffage.</unittitle>
      </did>
     </c>
     <c id="d_15_5_2">
      <did>
       <unitid>II.</unitid>
       <unittitle altrender="titre1">Situation des travaux. 1936-1939.</unittitle>
       <unittitle>Etats.</unittitle>
      </did>
     </c>
     <c id="d_15_5_3">
      <did>
       <unitid>III.</unitid>
       <unittitle altrender="titre1">Devis. 1939.</unittitle>
       <unittitle>Serrurerie, électricité, stores, rayonnages (hôtel de Rohan).</unittitle>
      </did>
     </c>
    </c>
    <c id="d_15_6">
     <did>
      <unitid type="cote-de-consultation">AJ/54/30</unitid>
      <unittitle>Correspondance, mémoires et devis de travaux. 1938-1940.</unittitle>
      <unittitle>Travaux de couverture, protection contre l'incendie (murs coupe-feux), installation de locaux pour le Centre national de placement des travailleurs intellectuels, aménagement du sous-sol du "bâtiment H" 
       <emph altrender="appnote">1</emph>. 
      </unittitle>
     </did>
     <scopecontent>
      <note>
       <p>1. ancien hall des machines de l'Imprimerie nationale. Voir J.P. Babelon, 
        <emph render="underline">op. cit</emph>., p. 88, n. 2. 
       </p>
      </note>
     </scopecontent>
    </c>
    <c id="d_15_7">
     <did>
      <unitid type="cote-de-consultation">AJ/54/31</unitid>
      <unittitle>Correspondance, mémoires et devis de travaux. 1941.</unittitle>
      <unittitle>Ascenceur monte-charge, protection contre l'incendie, rayonnages, chauffage, couverture.</unittitle>
     </did>
    </c>
    <c id="d_15_8">
     <did>
      <unitid type="cote-de-consultation">AJ/54/32</unitid>
      <unittitle>
       <emph render="underline">Idem</emph>. 1942-1946. 
      </unittitle>
      <unittitle>Couverture, rayonnage, remplacement des statues des Quatre saison (1942), chauffage, dégats causés par le bombardement du 26 août 1944, aménagement des combles, placement des statues des Quatre saisons refaites.</unittitle>
     </did>
    </c>
    <c id="d_15_9">
     <did>
      <unitid type="cote-de-consultation">AJ/54/33</unitid>
      <unittitle>Correspondance générale, fourniture de matériaux, travaux d'entretien. 1939-1948.</unittitle>
     </did>
     <c id="d_15_9_1">
      <did>
       <unitid>I.</unitid>
       <unittitle altrender="titre1">Correspondance générale. 1939-1948.</unittitle>
       <unittitle>
        <emph render="underline">A signaler</emph> : bas-reliefs provenant du Louvre, à placer sur les murs du passage à voitures entre la cour d'honneur et celle de Clisson 
        <emph altrender="appnote">1</emph>.- Projet d'expropriations autour des Archives nationales.- Visite du château de Gambais pour y installer des archives.- Acquisition de l'hôtel de Boisgelin.- Bombardements d'août 1944. 
       </unittitle>
      </did>
      <scopecontent>
       <note>
        <p>1. Voir leur description dans l'ouvrage de J.P. BALBON, 
         <emph render="underline">op. cit</emph>., p. 34, n. 2. 
        </p>
       </note>
      </scopecontent>
     </c>
     <c id="d_15_9_2">
      <did>
       <unitid>II.</unitid>
       <unittitle altrender="titre1">Distributions de matériaux. 1941-1948.</unittitle>
       <unittitle>Correspondance des entreprises demandant des matériaux (1941-1944).- Distributions classées chronologiquement (1941-1948).</unittitle>
      </did>
     </c>
     <c id="d_15_9_3">
      <did>
       <unitid>III.</unitid>
       <unittitle altrender="titre1">Travaux d'entretien. 1940-1944.</unittitle>
       <unittitle>Correspondance, états des travaux.</unittitle>
      </did>
     </c>
    </c>
    <c id="d_15_10">
     <did>
      <unitid type="cote-de-consultation">AJ/54/34</unitid>
      <unittitle>Défense passive. 1935-1940.</unittitle>
     </did>
     <c id="d_15_10_1">
      <did>
       <unitid>I.</unitid>
       <unittitle altrender="titre1">Organisation. 1939-1940.</unittitle>
       <unittitle>Correspondance, instructions, propositions de différentes entreprises pour des abris et la protection contre le feu.- Protection des bâtiments : installation d'un poste de guetteur, défense contre les bombardements aériens.</unittitle>
      </did>
     </c>
     <c id="d_15_10_2">
      <did>
       <unitid>II.</unitid>
       <unittitle altrender="titre1">Abris à Soubise et à Rohan. 1935-1936.</unittitle>
       <unittitle>Plans, correspondance.</unittitle>
      </did>
     </c>
    </c>
   </c>
   <c id="d_16">
    <did>
     <unittitle>II HÔTEL DE ROHAN</unittitle>
    </did>
   </c>
   <c id="d_17">
    <did>
     <unitid type="cote-groupee">AJ/54/35-AJ/54/38</unitid>
     <unittitle>Correspondance générale sur la restauration de l'hôtel et son aménagement, après le départ de l'Imprimerie nationale.</unittitle>
     <unittitle>1924-1939.</unittitle>
    </did>
    <c id="d_17_1">
     <did>
      <unitid type="cote-de-consultation">AJ/54/35</unitid>
      <unittitle>1924-1927.</unittitle>
      <unittitle>Correspondance et rapports sur différents projets d'affectation des bâtiments ; projets, devis estimatifs, plans, photographies (ascenceurs, casiers métalliques) ; utilisation de certains bâtiments par le Ministère des Finances.</unittitle>
     </did>
    </c>
    <c id="d_17_2">
     <did>
      <unitid type="cote-de-consultation">AJ/54/36</unitid>
      <unittitle>1928-1931.</unittitle>
      <unittitle>Pose de rayonnage, du chauffage ; installation des "Archives américaines" chargées de photographier les documents concernant les Etats-Unis ; travaux dans le "bâtiment H 
       <emph altrender="appnote">1</emph>" ; installation des archives du Haut commissariat de la République française dans les provinces du Rhin 
       <emph altrender="appnote">2</emph>. 
      </unittitle>
     </did>
     <scopecontent>
      <note>
       <p>1. Voir n. 1 p.28</p>
      </note>
      <note>
       <p>2. archives cotées AJ 
        <emph render="super">9</emph>. 
       </p>
      </note>
     </scopecontent>
    </c>
    <c id="d_17_3">
     <did>
      <unitid type="cote-de-consultation">AJ/54/37</unitid>
      <unittitle>1932-1934.</unittitle>
      <unittitle>Pose du chauffage, d'un ascenseur, installation du Minutier des notaires.</unittitle>
     </did>
    </c>
    <c id="d_17_4">
     <did>
      <unitid type="cote-de-consultation">AJ/54/38</unitid>
      <unittitle>1935-1939.</unittitle>
      <unittitle>Remise en état des bâtiments précedemment affectés au Ministère des Finances. - Aménagement des casiers métalliques. - Démolition de bâtiments. - Aménagement des grands appartements, notamment pose des boiseries du salon des fables 
       <emph altrender="appnote">1</emph> (1937). - Aménagement des jardins. - Projet de bâtiments neufs sur les jardins. - Restauration des sculptures des boiseries anciennes des grands appartements. 
      </unittitle>
     </did>
     <scopecontent>
      <note>
       <p>1. Boiseries provenant des appartements détruits de l'aile de l'hôtel de Soubise, parallèle à la rue des Archives. Voir J.P. BABELON, 
        <emph render="underline">op. cit</emph>., p. 46. 
       </p>
      </note>
     </scopecontent>
    </c>
   </c>
   <c id="d_18">
    <did>
     <unitid type="cote-de-consultation">AJ/54/39</unitid>
     <unittitle>Memoires de travaux de maçonnerie. 1927-1928.</unittitle>
    </did>
   </c>
   <c id="d_19">
    <did>
     <unitid type="cote-de-consultation">AJ/54/40</unitid>
     <unittitle>
      <emph render="underline">Idem</emph>. 1929. 
     </unittitle>
    </did>
   </c>
   <c id="d_20">
    <did>
     <unitid type="cote-de-consultation">AJ/54/41</unitid>
     <unittitle>
      <emph render="underline">Idem</emph>. 1930-1932. 
     </unittitle>
    </did>
   </c>
   <c id="d_21">
    <did>
     <unitid type="cote-de-consultation">AJ/54/42</unitid>
     <unittitle>Mémoires de travaux. 1925-1932.</unittitle>
    </did>
    <c id="d_21_1">
     <did>
      <unitid>I.</unitid>
      <unittitle>Charpente (1925-1932).</unittitle>
     </did>
    </c>
    <c id="d_21_2">
     <did>
      <unitid>II.</unitid>
      <unittitle>Couverture et plomberie (1927-1931).</unittitle>
     </did>
    </c>
   </c>
   <c id="d_22">
    <did>
     <unitid type="cote-de-consultation">AJ/54/43</unitid>
     <unittitle>
      <emph render="underline">Idem</emph>. 1924-1932. 
     </unittitle>
    </did>
    <c id="d_22_1">
     <did>
      <unitid>I.</unitid>
      <unittitle>Menuiserie. 1924-1932.</unittitle>
     </did>
    </c>
    <c id="d_22_2">
     <did>
      <unitid>II.</unitid>
      <unittitle>Serrurerie. 1927-1932.</unittitle>
     </did>
    </c>
    <c id="d_22_3">
     <did>
      <unitid>III.</unitid>
      <unittitle>Peinture. 1924-1931.</unittitle>
     </did>
    </c>
   </c>
   <c id="d_23">
    <did>
     <unitid type="cote-de-consultation">AJ/54/44</unitid>
     <unittitle>Travaux. 1931-1933.</unittitle>
     <unittitle>Charpente. - Rayonnages métalliques. - Electricité. - Peinture. - Plomberie. - Maçonnerie. - Serrurerie. - Couverture. - Menuiserie.</unittitle>
    </did>
   </c>
   <c id="d_24">
    <did>
     <unittitle>III HÔTELS DE ROHAN ET DE SOUBISE RÉUNIS</unittitle>
    </did>
   </c>
   <c id="d_25">
    <did>
     <unitid type="cote-de-consultation">AJ/54/45</unitid>
     <unittitle>Correspondance générale accompagnée de factures et de devis.</unittitle>
    </did>
    <c id="d_25_1">
     <did>
      <unitid>I.</unitid>
      <unittitle altrender="titre1">1936-1938.</unittitle>
      <unittitle>
       <emph render="underline">A signaler</emph> : 
      </unittitle>
      <unittitle>Aménagement des jardins (plan). - Restauration des boudoirs des "Tables de La Fontaine" 
       <emph altrender="appnote">1</emph>. - Protection contre l'incendie. - Situation des travaux au départ du directeur Courtault. - Laboratoire de photographie (plan). - Eclairage. - Restauration de la chapelle à l'hôtel Soubise. - Chauffage. - Aménagement des dépôts. 
      </unittitle>
     </did>
     <scopecontent>
      <note>
       <p>1. Voir n. p. 30.</p>
      </note>
     </scopecontent>
    </c>
    <c id="d_25_2">
     <did>
      <unitid>II.</unitid>
      <unittitle altrender="titre1">1939-1942.</unittitle>
      <unittitle>
       <emph render="underline">A signaler</emph> : 
      </unittitle>
      <unittitle>Chauffage urbain. - Ascenseur. - Ascenseur. - Réfection des toitures. - Protection des bâtiments (défense passive).</unittitle>
     </did>
    </c>
   </c>
   <c id="d_26">
    <did>
     <unitid type="cote-de-consultation">AJ/54/46</unitid>
     <unittitle>Cahiers des charges et devis. 1933-1937.</unittitle>
    </did>
    <c id="d_26_1">
     <did>
      <unitid>I.</unitid>
      <unittitle altrender="titre1">Cahiers des charges. 1935-1937.</unittitle>
      <unittitle>Maçonnerie, menuiserie, décoration, tapisserie, serrurerie, funisterie, marbrerie, peinture et dorure, casiers métalliques, démolition de bâtiments, électricité : hôtel de Rohan et cour des chevaux d'Apollon.</unittitle>
     </did>
    </c>
    <c id="d_26_2">
     <did>
      <unitid>II.</unitid>
      <unittitle altrender="titre1">Devis. 1933-1937.</unittitle>
      <unittitle>Achèvement et remise en état des bâtiments des dépôts des hôtels de Rohan et de Soubise.</unittitle>
     </did>
    </c>
    <c id="d_26_3">
     <did>
      <unitid>III.</unitid>
      <unittitle altrender="titre1">Devis. 1937.</unittitle>
      <unittitle>Restauration et aménagement des bâtiments à conserver à l'hôtel de Rohan.</unittitle>
     </did>
    </c>
   </c>
   <c id="d_27">
    <did>
     <unitid type="cote-de-consultation">AJ/54/47</unitid>
     <unittitle>Devis de travaux. 1935-1942.</unittitle>
    </did>
    <c id="d_27_1">
     <did>
      <unitid>I.</unitid>
      <unittitle>Devis pour les deux hôtels. 1938.</unittitle>
     </did>
    </c>
    <c id="d_27_2">
     <did>
      <unitid>II.</unitid>
      <unittitle>Devis des constructions projetées, formant jonction entre Rohan et Soubise dans les sous-sols. 1941-1942.</unittitle>
     </did>
    </c>
    <c id="d_27_3">
     <did>
      <unitid>III.</unitid>
      <unittitle>Devis expédiés, en cours d'exécution. 1935-1937.</unittitle>
     </did>
    </c>
    <c id="d_27_4">
     <did>
      <unitid>IV.</unitid>
      <unittitle>Devis expédiés, non exécutés. 1936.</unittitle>
     </did>
    </c>
    <c id="d_27_5">
     <did>
      <unitid>V.</unitid>
      <unittitle>Réception définitive des travaux. 1939.</unittitle>
     </did>
    </c>
   </c>
   <c id="d_28">
    <did>
     <unitid type="cote-de-consultation">AJ/54/48</unitid>
     <unittitle>Gestion générale de travaux. 1902-1939.</unittitle>
     <unittitle>- Ordres journaliers des travaux. 4 cahiers. 1930-1939.</unittitle>
     <unittitle>- 2 Recueils des plans des bâtiments de l'Imprimerie nationale. 1902 et s.d.</unittitle>
     <unittitle>- Comptabilité des mémoires des entrepreneurs. 1 registre. 1924-1939.</unittitle>
    </did>
   </c>
   <c id="d_29">
    <did>
     <unitid type="cote-de-consultation">AJ/54/49</unitid>
     <unittitle>Plans. 1940-1951 et s.d.</unittitle>
    </did>
    <c id="d_29_1">
     <did>
      <unitid>I.</unitid>
      <unittitle altrender="titre1">Plans divers. s.d.</unittitle>
      <unittitle>Surtout des calques.</unittitle>
     </did>
    </c>
    <c id="d_29_2">
     <did>
      <unitid>II.</unitid>
      <unittitle altrender="titre1">Plans divers. 1940-1941.</unittitle>
      <unittitle>Raccordement du chauffage. Ailes de liaison à usage de dépôts. - </unittitle>
      <unittitle>Dépôts. - Plans d'ensemble.</unittitle>
     </did>
    </c>
    <c id="d_29_3">
     <did>
      <unitid>III.</unitid>
      <unittitle>Levées de plans. 1950-1951.</unittitle>
     </did>
    </c>
   </c>
   <c id="d_30">
    <did>
     <unitid type="cote-de-consultation">AJ/54/50</unitid>
     <unittitle>Travaux divers. 1924-1947.</unittitle>
    </did>
    <c id="d_30_1">
     <did>
      <unitid>I.</unitid>
      <unittitle altrender="titre1">Hôtels de Rohan et de Soubise. 1924-1936.</unittitle>
      <unittitle>- Devis (1924).</unittitle>
      <unittitle>- Maçonnerie (1924-1925). - Meubles du Mobilier national (1925-1936). - Situation des travaux en 1925, travaux de maçonnerie, fumisterie, électricité (1925-1928). - Situation des travaux en 1929.</unittitle>
     </did>
    </c>
    <c id="d_30_2">
     <did>
      <unitid>II.</unitid>
      <unittitle altrender="titre1">Hôtel de Rohan. 1927-1930.</unittitle>
      <unittitle>- Devis de travaux pour la remise en état de l'aménagement des bâtiments à conserver.</unittitle>
     </did>
    </c>
    <c id="d_30_3">
     <did>
      <unitid>III.</unitid>
      <unittitle altrender="titre1">Hôtel de Rohan. 1930-1932.</unittitle>
      <unittitle>Mémoires de travaux de peinture.</unittitle>
     </did>
    </c>
    <c id="d_30_4">
     <did>
      <unitid>IV.</unitid>
      <unittitle altrender="titre1">
       <emph render="underline">Idem</emph>. 1934. 
      </unittitle>
      <unittitle>Chauffage central : correspondance, plans, programme de concours, cahier des charges, rapport.</unittitle>
     </did>
    </c>
    <c id="d_30_5">
     <did>
      <unitid>V.</unitid>
      <unittitle altrender="titre1">Hôtels de Rohan et de Soubise. 1929-1938.</unittitle>
      <unittitle>Aménagement des jardins. - Peintures. - Révision des prix des diverses entreprises.</unittitle>
     </did>
    </c>
    <c id="d_30_6">
     <did>
      <unitid>VI.</unitid>
      <unittitle altrender="titre1">Hotels de Rohan et de Soubise. 1938 - 1945.</unittitle>
      <unittitle>Galeries souterraines reliant les deux hôtels (plan). - </unittitle>
      <unittitle>Préparation de l'exposition intitulée "Quatre siècles du Service des Bâtiments" (1938). - Défense passive : protection des bâtiments, enlèvement des oeuvres d'art en 1939 (boiseries, tableaux, dessus de portes, tapisseries entreposés au Panthéon) et réinstallation en 1945. - Démolition des bâtiments situés contre le mur mitoyen de 85 rue Vieille-du-Temple (1941-1942). - Installation du Centre d'information sur les prisonniers de guerre, à l'hôtel de Rohan (1941-1942). - Remise en état des grands appartéments de Rohan et de Soubise ;- remise en état des jardins. - Aménagement des combles et protection contre l'incendie.</unittitle>
     </did>
    </c>
    <c id="d_30_7">
     <did>
      <unitid>VII.</unitid>
      <unittitle altrender="titre1">Dépôt dit "Bâtiment H" 
       <emph altrender="appnote">1</emph>. 1947. 
      </unittitle>
      <unittitle>Travaux à exécuter après l'inondation : correspondance, devis.</unittitle>
     </did>
     <scopecontent>
      <note>
       <p>1. Voir n. 1 p. 28</p>
      </note>
     </scopecontent>
    </c>
   </c>
   <c id="d_31">
    <did>
     <unitid type="cote-de-consultation">AJ/54/51</unitid>
     <unittitle>Installation de rayonnages métalliques. 1928-1938.</unittitle>
     <unittitle>Dossiers des fournisseurs pour l'installation de la salle du rez-de-chaussée de l'hôtel de Rohan 
      <emph altrender="appnote">1</emph>, à gauche du péristyle : Baudet, Donon et Roussel. - Favaron. - Forges de Strasbourg. - Laboramétal. - Manchelle et Peltier. - Marcadet. - Organisation Economique Moderne. - Ronée. - Someta. 
     </unittitle>
    </did>
    <scopecontent>
     <note>
      <p>1. Actuelles salles de classement de la Section Moderne.</p>
     </note>
    </scopecontent>
   </c>
   <c id="d_32">
    <did>
     <unittitle>IV TRAVAUX DE L'AGENCE EXTERIEURS AUX ARCHIVES NATIONALES</unittitle>
    </did>
   </c>
   <c id="d_33">
    <did>
     <unitid type="cote-de-consultation">AJ/54/52</unitid>
     <unittitle>Bâtiments publics et privés : mémoires de travaux. 1906-1933.</unittitle>
    </did>
    <c id="d_33_1">
     <did>
      <unitid>I.</unitid>
      <unittitle altrender="titre1">Faculté de théologie protestante, boulevard Arago 
       <emph altrender="appnote">1</emph>. 
      </unittitle>
      <unittitle>1908-1912.</unittitle>
     </did>
     <scopecontent>
      <note>
       <p>1. Architecte Gautier.</p>
      </note>
     </scopecontent>
    </c>
    <c id="d_33_2">
     <did>
      <unitid>II.</unitid>
      <unittitle altrender="titre1">Institut des langues vivantes, rue de l'Ecole de médecine.</unittitle>
      <unittitle>1930-1932.</unittitle>
     </did>
    </c>
    <c id="d_33_3">
     <did>
      <unitid>III.</unitid>
      <unittitle>Faculté des lettres. 1933.</unittitle>
     </did>
    </c>
    <c id="d_33_4">
     <did>
      <unitid>IV.</unitid>
      <unittitle>Fondation Curie. 1933.</unittitle>
     </did>
    </c>
   </c>
   <c id="d_34">
    <did>
     <unitid type="cote-de-consultation">AJ/54/53</unitid>
     <unittitle>Bâtiments publics et privés. 1880-1950.</unittitle>
    </did>
    <c id="d_34_1">
     <did>
      <unitid>I.</unitid>
      <unittitle altrender="titre1">Ministère de la Justice, place Vendôme et rue Cambon. 1938-1939.</unittitle>
      <unittitle>Protection de la dépense passive.</unittitle>
     </did>
    </c>
    <c id="d_34_2">
     <did>
      <unitid>II.</unitid>
      <unittitle altrender="titre1">Défense passive pour divers monuments. 1938-1941.</unittitle>
      <unittitle>Travaux pour la Colonne Vendôme (plan) et pour le monument de Louis XIV, place des Victoires (plans).</unittitle>
     </did>
    </c>
    <c id="d_34_3">
     <did>
      <unitid>III.</unitid>
      <unittitle altrender="titre1">Hôpital des Quinze-Vingt. 1940-1948.</unittitle>
      <unittitle>Registre de comptabilité des dépenses dites "grosses réparations".</unittitle>
      <unittitle>Registre de comptabilité des dépenses dites "entretien".</unittitle>
     </did>
    </c>
    <c id="d_34_4">
     <did>
      <unitid>IV.</unitid>
      <unittitle altrender="titre1">Basilique St-Denis. 1950.</unittitle>
      <unittitle>Levés de plans.</unittitle>
     </did>
    </c>
    <c id="d_34_5">
     <did>
      <unitid>V.</unitid>
      <unittitle altrender="titre1">Travaux privés. 1880, 1931-1938.</unittitle>
      <unittitle>- Projet de mairie à Thiais. 1880.</unittitle>
      <unittitle>- Monument élevé à la mémoire de Turenne à Jurkheim. 1931-1933.</unittitle>
      <unittitle>Correspondance, dessins, photographies, brochures imprimées.</unittitle>
      <unittitle>- Projet d'extension de la biscuiterie Belin à Chateau-Thierry.</unittitle>
      <unittitle>1938. Plan, devis.</unittitle>
     </did>
    </c>
   </c>
   <c id="d_35">
    <did>
     <unitid type="cote-de-consultation">AJ/54/54</unitid>
     <unittitle>Travaux privés à l'hôtel de Hollande. 1924-1932.</unittitle>
     <unittitle>Correspondance, plans, mémoires de travaux et état des lieux.</unittitle>
    </did>
   </c>
   <c id="d_36">
    <did>
     <unittitle>V ASSOCIATIONS D'ARCHITECTES, AFNOR</unittitle>
    </did>
   </c>
   <c id="d_37">
    <did>
     <unitid type="cote-de-consultation">AJ/54/55</unitid>
     <unittitle>Amicale des architectes, vérificateurs des Bâtiments civils, Palais nationaux et Monuments historiques. 1930-1937.</unittitle>
    </did>
    <c id="d_37_1">
     <did>
      <unitid>I.</unitid>
      <unittitle>Statuts, procès-verbaux des assemblées générales. 1931-1937.</unittitle>
     </did>
    </c>
    <c id="d_37_2">
     <did>
      <unitid>II.</unitid>
      <unittitle>Correspondance. 1930-1937.</unittitle>
     </did>
    </c>
    <c id="d_37_3">
     <did>
      <unitid>III.</unitid>
      <unittitle>Actions entreprises par l'Amicale. 1933-1937.</unittitle>
     </did>
    </c>
   </c>
   <c id="d_38">
    <did>
     <unitid type="cote-de-consultation">AJ/54/56</unitid>
     <unittitle>Associations d'architectes, AFNOR. 1933 - 1943.</unittitle>
    </did>
    <c id="d_38_1">
     <did>
      <unitid>I.</unitid>
      <unittitle altrender="titre1">Associations et Fédération des groupements de vérificateurs, réviseurs et contrôleurs des travaux d'architecture. 1933-1938.</unittitle>
      <unittitle>Statuts de ces associations et fédération, annuaire de membres correspondance, congrès de 1937, questions à l'étude (fiscalité, enseignement...), vérificateurs étrangers, géomètres experts (congrès).</unittitle>
     </did>
    </c>
    <c id="d_38_2">
     <did>
      <unitid>II.</unitid>
      <unittitle altrender="titre1">Association française de normalisation (AFNOR). 1941-1943.</unittitle>
      <unittitle>Etudes sur la normalisation des documents administratifs (en-têtes de lettres, enveloppes, types de papier, formats...)</unittitle>
      <unittitle>Procès-verbaux des sous-commissions et Commissions.</unittitle>
     </did>
    </c>
   </c>
  </dsc>
 </archdesc>
</ead>