<?xml version="1.0" encoding="UTF-8"?><?xml-stylesheet type='text/css' href='ead.css'?>
<ead xmlns:xlink="http://www.w3.org/1999/xlink">
 <eadheader countryencoding="iso3166-1" dateencoding="iso8601" langencoding="iso639-2b" repositoryencoding="iso15511" scriptencoding="iso15924">
  <eadid xlink:type="simple" xlink:href="http://www.siv.archives-nationales.culture.gouv.fr/siv/IR/FRAN_IR_041563">FRAN_IR_041563</eadid>
  <filedesc>
   <titlestmt>
    <titleproper>Archives de l'étude XIX</titleproper>
    <subtitle>Répertoire numérique détaillé</subtitle>
    <author>Minutier central des notaires de Paris</author>
   </titlestmt>
   <editionstmt>
    <edition>2e édition électronique</edition>
   </editionstmt>
   <publicationstmt>
    <publisher>Archives nationales</publisher>
    <address>
     <addressline>Paris</addressline>
    </address>
    <date calendar="gregorian" era="ce" normal="2014-01-01/2014-12-31">2014</date>
   </publicationstmt>
  </filedesc>
  <profiledesc>
   <creation>Cet instrument de recherche est le résultat de la conversion de la base de données du Minutier central dans le système d'information archivistique des Archives nationales. </creation>
   <langusage>
    <language langcode="fre">Français</language>
   </langusage>
   <descrules>Conforme à la norme ISAD(G) et aux règles d'application de la DTD EAD (version 2002) aux Archives nationales.</descrules>
  </profiledesc>
 </eadheader>
 <frontmatter>
  <div>
   <p/>
  </div>
 </frontmatter>
 <archdesc level="fonds">
 <did>
  <unitid type="identifiant">MC/ET/XIX/15 - MC/ET/XIX/1309, MC/RE/XIX/2 - MC/RE/XIX/14</unitid>
   <unittitle>Etude XIX</unittitle>
   <unitdate calendar="gregorian" era="ce" normal="1484-01-14/1889-02-22">14 janvier 1484 - 22 février 1889</unitdate>
   <origination>
    <corpname authfilenumber="FRAN_NP_010146">Etude XIX</corpname>
   </origination>
   <langmaterial>
    <language langcode="fre">Français</language>
   </langmaterial>
   <repository>Archives nationales de France</repository>
   <physloc>Paris</physloc>
  </did>
  <accessrestrict>
   <p>
    <emph render="bold">Minutes et répertoires : </emph>la loi 2008-696 du 15 juillet 2008 relative aux archives a fixé à 75 ans à compter de la date de l'acte, ou à 25 ans à compter de la date du décès de l'intéressé si ce délai est plus bref, le délai de communication des minutes et répertoires des notaires ; ce délai est porté à 100 ans à compter de la date de l'acte si le document se rapporte à un mineur (code du Patrimoine, articles L213-2, 4e d et 5e). </p>
   <p>
    <emph render="bold">Autres documents de l'étude (dossiers de clients, comptabilité...) : </emph>s'agissant d'archives privées, ces documents sont communicables selon les modalités fixées par le déposant ou le donateur. </p>
   <p>Certains documents ne sont pas accessibles en raison de leur mauvais état de conservation.</p>
  </accessrestrict>
  <userestrict>
   <p>Les documents peuvent être librement reproduits à usage privé du copiste, sous réserve des contraintes liées à leur état matériel et dans le respect des textes relatifs à la réutilisation des informations publiques.</p>
  </userestrict>
  <acqinfo>
   <p>Versement, don</p>
  </acqinfo>
  <scopecontent>
   <p altrender="links">
    <ref role="IR">Liste des instruments de recherche par notaire : <archref href="FRAN_IR_041564">Minutes et répertoires du notaire Pierre I PICHON (14 janvier 1465 - 1533)</archref>
     <archref href="FRAN_IR_041572">Minutes et répertoires du notaire Pierre II PICHON (1493 -
      1533)</archref>
     <archref href="FRAN_IR_041573">Minutes et répertoires du notaire Guillaume I PAYEN (22 avril
      1530 - juin 1566)</archref>
     <archref href="FRAN_IR_041574">Minutes et répertoires du notaire
      Jean TROUVÉ (1533 - 25 mars 1578)</archref>
     <archref href="FRAN_IR_041580">Minutes et
      répertoires du notaire Michel COLLAS (28 février 1533 - mars 1534)</archref>
     <archref href="FRAN_IR_041581">Minutes et répertoires du notaire Nicolas DELAVIGNE (3 janvier
      1556 - 13 novembre 1570)</archref>
     <archref href="FRAN_IR_041582">Minutes et répertoires du
      notaire Jean PAYEN (1571 - 14 mars 1586)</archref>
     <archref href="FRAN_IR_041583">Minutes et répertoires du notaire René I TROUVÉ (8 janvier 1574
      - avril 1583)</archref>
     <archref href="FRAN_IR_041584">Minutes et répertoires du notaire Pierre
      de ROSSIGNOL (9 octobre 1578 - 1612)</archref>
     <archref href="FRAN_IR_041585">Minutes et
      répertoires du notaire Guillaume HAUDRY (1579 - 1579)</archref>
     <archref href="FRAN_IR_041586">Minutes et répertoires du notaire Nicolas POTDEVIN (29 décembre
      1612 - 8 mai 1623)</archref>
     <archref href="FRAN_IR_041587">Minutes et répertoires du notaire Nicolas BAULDRY (6 juillet
      1623 - 8 mai 1656)</archref>
     <archref href="FRAN_IR_041592">Minutes et répertoires du notaire Pierre GAUDION (8 mai 1656 -
      16 juillet 1685)</archref>
     <archref href="FRAN_IR_041593">Minutes et répertoires du notaire Nicolas TABOUÉ (janvier 1684 -
      14 juin 1713)</archref>
     <archref href="FRAN_IR_041594">Minutes et répertoires du notaire Jean BERRUYER (14 avril 1713 -
      20 juillet 1743)</archref>
     <archref href="FRAN_IR_041595">Minutes et répertoires du notaire Charles Louis QUENTIN (23
      juillet 1743 - 9 août 1768)</archref>
     <archref href="FRAN_IR_041596">Minutes et répertoires du notaire Louis François de SAINT-PAUL
      (20 août 1768 - 13 mars 1783)</archref>
     <archref href="FRAN_IR_041597">Minutes et répertoires du notaire Simon LEFEBVRE (17 mars 1783 -
      10 septembre 1798)</archref>
     <archref href="FRAN_IR_041598">Minutes et répertoires du notaire Alexandre DELACOUR (14
      septembre 1798 - 2 décembre 1824)</archref>
     <archref href="FRAN_IR_041599">Minutes et répertoires du notaire Louis Henri DULONG (7 décembre
      1824 - 17 mai 1839)</archref>
     <archref href="FRAN_IR_041600">Minutes et répertoires du notaire Jean-Baptiste HATIN (22 mai
      1839 - 17 juillet 1874)</archref>
     <archref href="FRAN_IR_041601">Minutes et répertoires du notaire Eugène Julien HATIN (17
      juillet 1874 - 22 février 1889)</archref>
    </ref>
    <ref role="IR">Images des répertoires de l'étude XIX :  <archref href="FRAN_IR_056537">Images
      des répertoires du notaire Nicolas Bauldry (6 juillet 1623 - 8 mai 1656)</archref>
     <archref href="FRAN_IR_051202">Images des répertoires du notaire Nicolas Taboué (11 janvier
      1684 - 14 juin 1713)</archref>
     <archref href="FRAN_IR_051593">Images du répertoire du notaire Jean Berruyer (14 avril 1713 -
      20 juillet 1743)</archref>
     <archref href="FRAN_IR_051262">Images du répertoire du notaire Charles Louis Quentin (23
      juillet 1743 - 9 août 1768)</archref>
     <archref href="FRAN_IR_051233">Images des répertoires du notaire Louis François de Saint-Paul
      (20 août 1768 - 13 mars 1783)</archref>
     <archref href="FRAN_IR_051373">Images du répertoire du notaire Simon Lefebvre (17 mars 1783 -
      10 septembre 1798)</archref>
     <archref href="FRAN_IR_051475">Images des répertoires du notaire Alexandre Delacour (14
      septembre 1798 - 2 décembre 1824)</archref>
     <archref href="FRAN_IR_051474">Images des répertoires du notaire Louis Henri Dulong (7 décembre
      1824 - 17 mai 1839)</archref>
     <archref href="FRAN_IR_051413">Images des répertoires du notaire Jean-Baptiste Hatin (22 mai
      1839 - 17 juillet 1874)</archref>
     <archref href="FRAN_IR_051412">Images des répertoires du notaire Eugène Julien Hatin (17
      juillet 1874 - 22 février 1889)</archref>
    </ref>
    <ref role="IR">Liste des instruments de recherche pour les autres archives de l'étude
     (archives privées) : <archref href="FRAN_IR_050868">«Mélanges» (dossiers de clients) de l’étude
      XIX. MC/ET/XIX/950 (1480-1658)</archref>
    </ref>
   </p>
  </scopecontent>
  <dsc/>
 </archdesc>
</ead>