<?xml version="1.0" encoding="UTF-8"?><?xml-stylesheet type='text/css' href='ead.css'?>
<ead xmlns:xlink="http://www.w3.org/1999/xlink">
 <eadheader countryencoding="iso3166-1" dateencoding="iso8601" langencoding="iso639-2b" repositoryencoding="iso15511" scriptencoding="iso15924">
  <eadid xlink:type="simple" xlink:href="http://www.siv.archives-nationales.culture.gouv.fr/siv/IR/FRAN_IR_041482">FRAN_IR_041482</eadid>
  <filedesc>
   <titlestmt>
    <titleproper>Archives de l'étude XVII</titleproper>
    <subtitle>Répertoire numérique détaillé</subtitle>
    <author>Minutier central des notaires de Paris</author>
   </titlestmt>
   <editionstmt>
    <edition>2e édition électronique</edition>
   </editionstmt>
   <publicationstmt>
    <publisher>Archives nationales</publisher>
    <address>
     <addressline>Paris</addressline>
    </address>
    <date calendar="gregorian" era="ce" normal="2014-01-01/2014-12-31">2014</date>
   </publicationstmt>
  </filedesc>
  <profiledesc>
   <creation>Cet instrument de recherche est le résultat de la conversion de la base de données du Minutier central dans le système d'information archivistique des Archives nationales.</creation>
   <langusage>
    <language langcode="fre">Français</language>
   </langusage>
   <descrules>Conforme à la norme ISAD(G) et aux règles d'application de la DTD EAD (version 2002) aux Archives nationales.</descrules>
  </profiledesc>
 </eadheader>
 <frontmatter>
  <div>
   <p/>
  </div>
 </frontmatter>
 <archdesc level="fonds">
 <did>
  <unitid type="identifiant">MC/ET/XVII/1 - MC/ET/XVII/1527, MC/RE/XVII/1 - MC/RE/XVII/18</unitid>
   <unittitle>Etude XVII</unittitle>
   <unitdate calendar="gregorian" era="ce" normal="1555-06-28/1902-11-19">28 juin 1555 - 19 novembre 1902</unitdate>
   <origination>
    <corpname authfilenumber="FRAN_NP_010144">Etude XVII</corpname>
   </origination>
   <physdesc>
   <extent>(à évaluer)</extent>
   </physdesc>
   <langmaterial>
    <language langcode="fre">Français</language>
   </langmaterial>
   <repository>Archives nationales de France</repository>
   <physloc>paris</physloc>
  </did>
  <accessrestrict>
   <p>
    <emph render="bold">Minutes et répertoires : </emph>la loi 2008-696 du 15 juillet 2008 relative aux archives a fixé à 75 ans à compter de la date de l'acte, ou à 25 ans à compter de la date du décès de l'intéressé si ce délai est plus bref, le délai de communication des minutes et répertoires des notaires ; ce délai est porté à 100 ans à compter de la date de l'acte si le document se rapporte à un mineur (code du Patrimoine, articles L213-2, 4e d et 5e). 
   </p>
   <p>
    <emph render="bold">Autres documents de l'étude (dossiers de clients, comptabilité...) : </emph>s'agissant d'archives privées, ces documents sont communicables selon les modalités fixées par le déposant ou le donateur. 
   </p>
   <p>Certains documents ne sont pas accessibles en raison de leur mauvais état de conservation.</p>
  </accessrestrict>
  <userestrict>
   <p>Les documents peuvent être librement reproduits à usage privé du copiste, sous réserve des contraintes liées à leur état matériel et dans le respect des textes relatifs à la réutilisation des informations publiques.</p>
  </userestrict>
  <acqinfo>
   <p>Versement, don</p>
  </acqinfo>
  <scopecontent>
   <p altrender="links">
    <ref role="IR">Liste des instruments de recherche par notaire : <archref href="FRAN_IR_041483">Minutes et répertoires du notaire François DELAFONS (28 juin 1555 - 1er mai
      1592)</archref>
     <archref href="FRAN_IR_041484">Minutes et répertoires du notaire Pierre
      BARBEREAU (2 janvier 1588 - 8 décembre 1589)</archref>
     <archref href="FRAN_IR_041485">Minutes et répertoires du notaire Nicolas NOURRY (6 juin 1592 -
      21 juillet 1644)</archref>
     <archref href="FRAN_IR_041486">Minutes et répertoires du notaire Jacques NOURRY (11 août 1644 -
      7 octobre 1660)</archref>
     <archref href="FRAN_IR_041487">Minutes et répertoires du notaire
      Philippe GUNEAU (28 novembre 1653 - mai 1663)</archref>
     <archref href="FRAN_IR_041488">Minutes et répertoires du notaire Gilbert BONODAT (8 octobre
      1660 - 28 octobre 1670)</archref>
     <archref href="FRAN_IR_041489">Minutes et répertoires du notaire Adrien AUMONT (9 janvier 1671
      - 20 avril 1701)</archref>
     <archref href="FRAN_IR_041490">Minutes et répertoires du notaire Jean FROMONT (20 mai 1701 - 24
      janvier 1730)</archref>
     <archref href="FRAN_IR_041491">Minutes et répertoires du notaire Jean MICHELIN (25 janvier 1730
      - 11 février 1751)</archref>
     <archref href="FRAN_IR_041492">Minutes et répertoires du notaire Nicolas FREMYN (12 février
      1751 - 3 mars 1761)</archref>
     <archref href="FRAN_IR_041493">Minutes et répertoires du notaire Charles LE BRUN (7 mars 1761 -
      15 juin 1787)</archref>
     <archref href="FRAN_IR_041495">Minutes et répertoires du notaire Pierre Louis LANGLOIS (16 juin
      1787 - 19 septembre 1799)</archref>
     <archref href="FRAN_IR_041494">Minutes et répertoires du notaire Prosper Louis LÉGER (28
      septembre 1799 - 5 novembre 1813)</archref>
     <archref href="FRAN_IR_041496">Minutes et répertoires du notaire Auguste Pierre LEROY (6
      novembre 1813 - 3 octobre 1826)</archref>
     <archref href="FRAN_IR_041497">Minutes et répertoires du notaire Charles Georges CLAUSSE (4
      octobre 1826 - 4 août 1837)</archref>
     <archref href="FRAN_IR_041498">Minutes et répertoires du notaire Henri Joseph YVER (5 août 1837
      - 14 août 1868)</archref>
     <archref href="FRAN_IR_041499">Minutes et répertoires du notaire Albert Henri YVER (14 août
      1868 - 19 novembre 1902)</archref>
    </ref>
    <ref role="IR">Images des répertoires de l'étude XVII :  <archref href="FRAN_IR_053554">Images
      du répertoire du notaire Jean Michelin (25 janvier 1730 - 12 février 1751)</archref>
     <archref href="FRAN_IR_051836">Images du répertoire du notaire Nicolas Fremyn (12 février 1751
      - 3 mars 1761)</archref>
     <archref href="FRAN_IR_051834">Images des répertoires du notaire Charles Le Brun (7 mars 1761 -
      12 mai 1787)</archref>
     <archref href="FRAN_IR_051831">Images du répertoire du notaire Pierre Louis Langlois (18 mai
      1787 - 19 septembre 1799)</archref>
     <archref href="FRAN_IR_051835">Images des répertoires du notaire Prosper Louis Léger (28
      septembre 1799 - 5 novembre 1813)</archref>
     <archref href="FRAN_IR_051837">Images des répertoires du notaire Auguste Pierre Leroy (6
      novembre 1813 - 4 octobre 1826)</archref>
     <archref href="FRAN_IR_051839">Images des répertoires du notaire Charles Georges Clausse (4
      octobre 1826 - 4 août 1837)</archref>
     <archref href="FRAN_IR_051833">Images des répertoires du notaire Henri Joseph Yver (5 août 1837
      - 14 août 1868)</archref>
     <archref href="FRAN_IR_051830">Images des répertoires du notaire Albert Henri Yver (14 août
      1868 - 19 novembre 1902)</archref>
    </ref>
    <ref role="IR">Liste des instruments de recherche pour les autres archives de l'étude
     (archives privées) <archref href="FRAN_IR_050517">«Mélanges» (dossiers de clients) de l’étude
      XVII (1377-1862)</archref>
    </ref>
   </p>
  </scopecontent>
  <dsc/>
 </archdesc>
</ead>