<?xml version="1.0" encoding="UTF-8"?><?xml-stylesheet type='text/css' href='ead.css'?>
<ead xmlns:xlink="http://www.w3.org/1999/xlink">
 <eadheader countryencoding="iso3166-1" dateencoding="iso8601" langencoding="iso639-2b" repositoryencoding="iso15511" scriptencoding="iso15924">
  <eadid xlink:type="simple" xlink:href="http://www.siv.archives-nationales.culture.gouv.fr/siv/IR/FRAN_IR_043511">FRAN_IR_043511</eadid>
 <filedesc>
  <titlestmt>
   <titleproper>Archives de l'étude CXXII</titleproper>
    <subtitle>Répertoire numérique détaillé</subtitle>
    <author>Minutier central des notaires de Paris</author>
   </titlestmt>
   <editionstmt>
    <edition>2e édition électronique</edition>
   </editionstmt>
   <publicationstmt>
   <publisher>Archives nationales</publisher>
    <address>
     <addressline>Paris</addressline>
    </address>
    <date calendar="gregorian" era="ce" normal="2013-06-18/2013-06-18">2015</date>
   </publicationstmt>
  </filedesc>
  <profiledesc>
  <creation>Cet instrument de recherche est le résultat de la conversion de la base de données du Minutier central dans le système d'information archivistique des Archives nationales.</creation>
   <langusage>
    <language langcode="fre">Français</language>
   </langusage>
   <descrules>Conforme à la norme ISAD(G) et aux règles d'application de la DTD EAD (version 2002) aux Archives nationales.</descrules>
  </profiledesc>
 </eadheader>
 <frontmatter>
  <div>
   <p/>
  </div>
 </frontmatter>
 <archdesc level="fonds">
 <did>
  <unitid type="identifiant">MC/ET/CXXII/1 - MC/ET/CXXII/2471, MC/RE/CXXII/1 - MC/RE/CXXII/25</unitid>
   <unittitle>Etude CXXII</unittitle>
   <unitdate calendar="gregorian" era="ce" normal="1224-01-01 / 1925-12-31">1224 - 1925</unitdate>
   <origination>
    <corpname authfilenumber="FRAN_NP_010249">Etude CXXII</corpname>
   </origination>
   <langmaterial>
    <language langcode="fre">Français</language>
   </langmaterial>
   <repository>Archives nationales de France</repository>
   <physloc>Paris</physloc>
  </did>
  <accessrestrict>
   <p>
    <emph render="bold">Minutes et répertoires : </emph>la loi 2008-696 du 15 juillet 2008 relative aux archives a fixé à 75 ans à compter de la date de l'acte, ou à 25 ans à compter de la date du décès de l'intéressé si ce délai est plus bref, le délai de communication des minutes et répertoires des notaires ; ce délai est porté à 100 ans à compter de la date de l'acte si le document se rapporte à un mineur (code du Patrimoine, articles L213-2, 4e d et 5e). </p>
   <p>
    <emph render="bold">Autres documents de l'étude (dossiers de clients, comptabilité...) : </emph>s'agissant d'archives privées, ces documents sont communicables selon les modalités fixées par le déposant ou le donateur. </p>
   <p>Certains documents ne sont pas accessibles en raison de leur mauvais état de conservation.</p>
  </accessrestrict>
  <userestrict>
   <p>Les documents peuvent être librement reproduits à usage privé du copiste, sous réserve des contraintes liées à leur état matériel et dans le respect des textes relatifs à la réutilisation des informations publiques.</p>
  </userestrict>
  <acqinfo>
   <p>Versement, don</p>
  </acqinfo>
  <scopecontent>
   <p altrender="links">
    <ref role="IR">Liste des instruments de recherche par notaire :<archref href="FRAN_IR_043512">Minutes et répertoires du notaire notaires divers (19 juillet 1499 - 1599)</archref>
     <archref href="FRAN_IR_043513">Minutes et répertoires du notaire Jean de CALAIS (mai 1500 -
      1530)</archref>
     <archref href="FRAN_IR_043514">Minutes et répertoires du notaire Charles DUGUÉ (30 mars
      1540 - 20 septembre 1559)</archref>
     <archref href="FRAN_IR_043515">Minutes et répertoires du notaire Claude DU HAULSOIS (17
      novembre 1555 -19 avril 1563)</archref>
     <archref href="FRAN_IR_043516">Minutes et répertoires du notaire Dreux CONTESSE (1508 - 10
      avril 1517)</archref>
     <archref href="FRAN_IR_043517">Minutes et répertoires du notaire Pierre I LEROY (1517 - janvier
      1548)</archref>
     <archref href="FRAN_IR_043518">Minutes et répertoires du notaire Simon LEGENDRE (8 juillet 1517
      - 14 février 1543)</archref>
     <archref href="FRAN_IR_043519">Minutes et répertoires du notaire Nicolas CONTESSE (21 juillet
      1517 - 1547)</archref>
     <archref href="FRAN_IR_043520">Minutes et répertoires du notaire Hector LESCUIER (1520 - 28
      décembre 1557)</archref>
     <archref href="FRAN_IR_043521">Minutes et répertoires du notaire Léonard FORGET (16 octobre
      1521 - 27 août 1547)</archref>
     <archref href="FRAN_IR_043522">Minutes et répertoires du notaire Michel LE TELLIER (5 janvier
      1541 -3 juillet 1561)</archref>
     <archref href="FRAN_IR_043523">Minutes et répertoires du notaire Firmin LOZEMAN (31 octobre
      1549 - 6 avril 1563)</archref>
     <archref href="FRAN_IR_043524">Minutes et répertoires du notaire Jacques LESAIGE (20 mai
      1547 - 4 juin 1558)</archref>
     <archref href="FRAN_IR_043525">Minutes et répertoires du notaire Michel BOULLE (1522 -
      1554)</archref>
     <archref href="FRAN_IR_043526">Minutes et répertoires du notaire Nicolas LESCUIER (31 décembre
      1557 - 7 août 1568)</archref>
     <archref href="FRAN_IR_043527">Minutes et répertoires du notaire Charles de RAOUVILLE (1523 -
      1533)</archref>
     <archref href="FRAN_IR_043528">Minutes et répertoires du notaire Philippe PALANQUIN (4 décembre
      1540 - 9 avril 1559)</archref>
     <archref href="FRAN_IR_043529">Minutes et répertoires du notaire Mathurin PATU (1523 -
      1568)</archref>
     <archref href="FRAN_IR_043530">Minutes et répertoires du notaire Jean de NEVERS (18 avril
      1526 - 20 novembre 1532)</archref>
     <archref href="FRAN_IR_043531">Minutes et répertoires du notaire Guillaume ESGRET (16 avril
      1525 - 7 avril 1533)</archref>
     <archref href="FRAN_IR_043532">Minutes et répertoires du notaire Gilles BOURGERY (6 août 1556 -
      18 juin 1573)</archref>
     <archref href="FRAN_IR_043533">Minutes et répertoires du notaire Jean BAILLY (1528 -
      1531)</archref>
     <archref href="FRAN_IR_043534">Minutes et répertoires du notaire Guillaume I NICOLAS (1530 - 27
      novembre 1562)</archref>
     <archref href="FRAN_IR_043535">Minutes et répertoires du notaire Antoine LÉAL (9 avril 1548 - 7
      mars 1572 )</archref>
     <archref href="FRAN_IR_043536">Minutes et répertoires du notaire Jean HINSELIN (20 juillet
      1527 - 5 mai 1557)</archref>
     <archref href="FRAN_IR_043537">Minutes et répertoires du notaire Eustache GOGUIER (11 juillet
      1548-22 aout 1572)</archref>
     <archref href="FRAN_IR_043538">Minutes et répertoires du notaire Henri I GOGUIER (1531 – 21
      octobre 1544)</archref>
     <archref href="FRAN_IR_043539">Minutes et répertoires du notaire Jacques LECLERC (1531 - 28
      décembre 1565)</archref>
     <archref href="FRAN_IR_043540">Minutes et répertoires du notaire Michel MÉRAULT (1531 -
      1568)</archref>
     <archref href="FRAN_IR_043541">Minutes et répertoires du notaire Nicolas CHAMPIN (1531 - 21
      juin 1544)</archref>
     <archref href="FRAN_IR_043542">Minutes et répertoires du notaire Jean BOREAU (28 avril 1531 -
      28 avril 1531)</archref>
     <archref href="FRAN_IR_043543">Minutes et répertoires du notaire Thibaud DUPONT (28 mars
      1544 - 16 décembre 1571)</archref>
     <archref href="FRAN_IR_043544">Minutes et répertoires du notaire Pierre CHARLET (1533 -
      1555)</archref>
     <archref href="FRAN_IR_043545">Minutes et répertoires du notaire Germain LE CHARRON (1533 -
      1560)</archref>
     <archref href="FRAN_IR_043546">Minutes et répertoires du notaire Adrien de SAINCT-YON (1536 -
      17 avril 1549)</archref>
     <archref href="FRAN_IR_043547">Minutes et répertoires du notaire Dominique JACQUESSON (14
      décembre 1541 - 1er septembre 1552)</archref>
     <archref href="FRAN_IR_043548">Minutes et répertoires du notaire François FRENICLE (1538 -
      1568)</archref>
     <archref href="FRAN_IR_043549">Minutes et répertoires du notaire Mathurin VIAU (8 septembre
      1539 - 11 février 1546)</archref>
     <archref href="FRAN_IR_043550">Minutes et répertoires du notaire Mathieu de L'OLIVE (18
      septembre 1539 - 12 avril 1544)</archref>
     <archref href="FRAN_IR_043551">Minutes et répertoires du notaire Pierre BOULLE (29 septembre
      1539 - 4 juillet 1548)</archref>
     <archref href="FRAN_IR_043552">Minutes et répertoires du notaire Pierre I VALET (10 avril 1540
      - 1568)</archref>
     <archref href="FRAN_IR_043553">Minutes et répertoires du notaire Thomas SAUVEGRAIN (juillet
      1542 - 1549)</archref>
     <archref href="FRAN_IR_043554">Minutes et répertoires du notaire Mathieu HENRY (15 avril
      1551 - 30 décembre 1573)</archref>
     <archref href="FRAN_IR_043555">Minutes et répertoires du notaire Jean ALART (15 avril 1545 -
      1573)</archref>
     <archref href="FRAN_IR_043556">Minutes et répertoires du notaire Jacques CHARLES (février 1546
      - 8 février 1559)</archref>
     <archref href="FRAN_IR_043557">Minutes et répertoires du notaire Guillaume CADIER (1547 -
      1586)</archref>
     <archref href="FRAN_IR_043558">Minutes et répertoires du notaire Léon LEDOYS (12 avril 1550 -
      1573)</archref>
     <archref href="FRAN_IR_043559">Minutes et répertoires du notaire Guillaume II NICOLAS (2 mai
      1552 - 30 juillet 1554)</archref>
     <archref href="FRAN_IR_043560">Minutes et répertoires du notaire Louis LEGENDRE (20 mars 1555 -
      20 mars 1555)</archref>
     <archref href="FRAN_IR_043561">Minutes et répertoires du notaire Jérôme LE CHARRON (1560 - 19
      mai 1566)</archref>
     <archref href="FRAN_IR_043562">Minutes et répertoires du notaire Pierre PAYEN (17 mai 1561 -
      septembre 1567)</archref>
     <archref href="FRAN_IR_043563">Minutes et répertoires du notaire René I CONTESSE (mars 1563 -
      mars 1563)</archref>
     <archref href="FRAN_IR_043564">Minutes et répertoires du notaire Pierre II VALET (15 octobre
      1571 - novembre 1572)</archref>
     <archref href="FRAN_IR_043565">Minutes et répertoires du notaire Pierre ROSSIGNOL (27 octobre
      1575 - 30 août 1583)</archref>
     <archref href="FRAN_IR_043566">Minutes et répertoires du notaire Mathurin LENAIN (1577 -
      juillet 1585)</archref>
     <archref href="FRAN_IR_043567">Minutes et répertoires du notaire Marc BRUYÈRE (juillet 1583 -
      21 octobre 1591)</archref>
     <archref href="FRAN_IR_043568">Minutes et répertoires du notaire Claude I de TROYES (1er
      octobre 1583 - 1625)</archref>
     <archref href="FRAN_IR_043574">Minutes et répertoires du notaire Jean BECQUET (juillet 1585 - 9
      août 1590)</archref>
     <archref href="FRAN_IR_043575">Minutes et répertoires du notaire Hector de TROYES (18 juin
      1625 - 13 mai 1631)</archref>
     <archref href="FRAN_IR_043576">Minutes et répertoires du notaire Claude III de TROYES (13 mai
      1631 - 12 mars 1668)</archref>
     <archref href="FRAN_IR_043577">Minutes et répertoires du notaire Claude IV de TROYES (12 mars
      1668 - 2 août 1683)</archref>
     <archref href="FRAN_IR_043578">Minutes et répertoires du notaire Étienne Michel BOUCHER (2 août
      1683 - mars 1704)</archref>
     <archref href="FRAN_IR_043579">Minutes et répertoires du notaire Jean François MAULTROT (13
      janvier 1705 - mars 1735)</archref>
     <archref href="FRAN_IR_043580">Minutes et répertoires du notaire Claude Louis ROBINEAU (1735 -
      mai 1749)</archref>
     <archref href="FRAN_IR_043581">Minutes et répertoires du notaire Jacques FELIZE (18 avril
      1749 - 10 août 1771)</archref>
     <archref href="FRAN_IR_043582">Minutes et répertoires du notaire Thomas GAILLARD (13 août
      1771 - 25 octobre 1799)</archref>
     <archref href="FRAN_IR_043583">Minutes et répertoires du notaire René BRISSEAU (1768 -
      1774)</archref>
     <archref href="FRAN_IR_043584">Minutes et répertoires du notaire Jean TARDIF (25 octobre
      1799 - 6 novembre 1819)</archref>
     <archref href="FRAN_IR_043585">Minutes et répertoires du notaire Alexandre Pierre CHRESTIEN (6
      novembre 1819 - 18 avril 1833)</archref>
     <archref href="FRAN_IR_043586">Minutes et répertoires du notaire Alphonse André LE TAVERNIER
      (18 avril 1833 - 11 mai 1853)</archref>
     <archref href="FRAN_IR_043587">Minutes et répertoires du notaire Alban Jules LAMBERT (11 mai
      1853 - 26 octobre 1861)</archref>
     <archref href="FRAN_IR_043588">Minutes et répertoires du notaire Edme Augustin COUROT (26
      octobre 1861 - 18 décembre 1889)</archref>
     <archref href="FRAN_IR_043589">Minutes et répertoires du notaire Paul Marie Frédéric COUSIN (18
      décembre 1889 - 27 juin 1902)</archref>
    </ref>
    <ref role="IR">Images des répertoires de l'étude CXXII : <archref href="FRAN_IR_053574">Images
      des répertoires du notaire Michel Boulle (1540 - 1542)</archref>
     <archref href="FRAN_IR_053571">Images du répertoire du notaire Adrien de Sainct-Yon (1544 -
      1545)</archref>
     <archref href="FRAN_IR_053576">Images du répertoire du notaire Pierre Boulle (1543 -
      1544)</archref>
     <archref href="FRAN_IR_053570">Images des répertoires du notaire Thomas Sauvegrain (1542 -
      1548)</archref>
     <archref href="FRAN_IR_053575">Images des répertoires du notaire Mathieu Henry (1553 -
      1557)</archref>
     <archref href="FRAN_IR_053141">Images du répertoire du notaire Claude I de Troyes (janvier 1614
      - avril 1625)</archref>
     <archref href="FRAN_IR_053144">Images du répertoire du notaire Claude III de Troyes (juin
      1631 - mars 1668)</archref>
     <archref href="FRAN_IR_053145">Images du répertoire du notaire Claude IV de Troyes (12 mars
      1668 - 21 juillet 1683)</archref>
     <archref href="FRAN_IR_053653">Images du répertoire du notaire Étienne Michel Boucher (3 août
      1683 - décembre 1693)</archref>
     <archref href="FRAN_IR_053200">Images du répertoire du notaire Jean François Maultrot (13
      janvier 1705 - décembre 1725)</archref>
     <archref href="FRAN_IR_053168">Images du répertoire du notaire Claude Louis Robineau (19
      janvier 1735 - 15 avril 1749)</archref>
     <archref href="FRAN_IR_053315">Images du répertoire du notaire Jacques Felize (18 avril
      1749 - 30 juillet 1771)</archref>
     <archref href="FRAN_IR_053292">Images des répertoires du notaire Thomas Gaillard (1er août
      1771 - 23 octobre 1799)</archref>
     <archref href="FRAN_IR_055286">Images des répertoires du notaire Jean Tardif (25 octobre
      1799 - 5 novembre 1819)</archref>
     <archref href="FRAN_IR_053446">Images des répertoires du notaire Alexandre Pierre Chrestien (6
      novembre 1819 - 17 avril 1833)</archref>
     <archref href="FRAN_IR_053243">Images des répertoires du notaire Alphonse André Le Tavernier
      (18 avril 1833 - 10 mai 1853)</archref>
     <archref href="FRAN_IR_053230">Images des répertoires du notaire Alban Jules Lambert (11 mai
      1853 - 26 octobre 1861)</archref>
     <archref href="FRAN_IR_053358">Images des répertoires du notaire Edme Augustin Courot (26
      octobre 1861 - 18 décembre 1889)</archref>
     <archref href="FRAN_IR_053448">Images des répertoires du notaire Paul Marie Frédéric Cousin (18
      décembre 1889 - décembre 1905)</archref>
    </ref>
    <ref role="IR">Liste des instruments de recherche pour les autres archives de l'étude (archives
      privées)<archref href="FRAN_IR_054692">«Mélanges» (dossiers de clients) de l’étude CXXII
      (1224-1925)</archref>
    </ref>
   </p>
  </scopecontent>
  <dsc/>
 </archdesc>
</ead>