<?xml version="1.0" encoding="UTF-8"?><?xml-stylesheet type='text/css' href='ead.css'?>
<ead xmlns:xlink="http://www.w3.org/1999/xlink">
 <eadheader countryencoding="iso3166-1" dateencoding="iso8601" langencoding="iso639-2b" repositoryencoding="iso15511" scriptencoding="iso15924">
  <eadid xlink:type="simple" xlink:href="http://www.siv.archives-nationales.culture.gouv.fr/siv/IR/FRAN_IR_043123">FRAN_IR_043123</eadid>
  <filedesc>
   <titlestmt>
    <titleproper>Archives de l'étude CIII</titleproper>
    <subtitle>Répertoire numérique détaillé</subtitle>
    <author>Minutier central des notaires de Paris</author>
   </titlestmt>
   <editionstmt>
    <edition>2e édition électronique</edition>
   </editionstmt>
   <publicationstmt>
    <publisher>Archives nationales</publisher>
    <address>
     <addressline>Paris</addressline>
    </address>
    <date calendar="gregorian" era="ce" normal="2015-01-01/2015-12-31">2015</date>
   </publicationstmt>
  </filedesc>
  <profiledesc>
   <creation>Cet instrument de recherche est le résultat de la conversion de la base de données du Minutier central dans le système d'information archivistique des Archives nationales. </creation>
   <langusage>
    <language langcode="fre">Français</language>
   </langusage>
   <descrules>Conforme à la norme ISAD(G) et aux règles d'application de la DTD EAD (version 2002) aux Archives nationales.</descrules>
  </profiledesc>
 </eadheader>
 <frontmatter>
  <div>
   <p/>
  </div>
 </frontmatter>
 <archdesc level="fonds">
 <did>
  <unitid type="identifiant">MC/ET/CIII/1 - MC/ET/CIII/4590, MC/RE/CIII/1 - MC/RE/CIII/2</unitid>
   <unittitle>Etude CIII</unittitle>
   <unitdate calendar="gregorian" era="ce" normal="1625-12-02 / 1938-12-31">2 décembre 1625 - 31 décembre 1938</unitdate>
   <origination>
    <corpname authfilenumber="FRAN_NP_010230">Etude CIII</corpname>
   </origination>
   <physdesc>
   <extent>ml</extent>
   </physdesc>
   <langmaterial>
    <language langcode="fre">Français</language>
   </langmaterial>
   <repository>Archives nationales de France</repository>
   <physloc>Paris</physloc>
  </did>
  <accessrestrict>
   <p>
    <emph render="bold">Minutes et répertoires : </emph>la loi 2008-696 du 15 juillet 2008 relative aux archives a fixé à 75 ans à compter de la date de l'acte, ou à 25 ans à compter de la date du décès de l'intéressé si ce délai est plus bref, le délai de communication des minutes et répertoires des notaires ; ce délai est porté à 100 ans à compter de la date de l'acte si le document se rapporte à un mineur (code du Patrimoine, articles L213-2, 4e d et 5e). </p>
   <p>
    <emph render="bold">Autres documents de l'étude (dossiers de clients, comptabilité...) : </emph>s'agissant d'archives privées, ces documents sont communicables selon les modalités fixées par le déposant ou le donateur. </p>
   <p>Certains documents ne sont pas accessibles en raison de leur mauvais état de conservation.</p>
  </accessrestrict>
  <userestrict>
   <p>Les documents peuvent être librement reproduits à usage privé du copiste, sous réserve des contraintes liées à leur état matériel et dans le respect des textes relatifs à la réutilisation des informations publiques.</p>
  </userestrict>
  <acqinfo>
   <p>Versement, don</p>
  </acqinfo>
  <scopecontent>
   <p altrender="links">
    <ref role="IR">Liste des instruments de recherche par notaire : <archref href="FRAN_IR_043125">Minutes et répertoires du notaire DAVANNE (1635 - 1649)</archref>
     <archref href="FRAN_IR_043124">Minutes et répertoires du notaire Pierre BETIN (1646 -
      1649)</archref>
     <archref href="FRAN_IR_043126">Minutes et répertoires du notaire Nicolas de LA SALLE (1646 -
      1687)</archref>
     <archref href="FRAN_IR_043127">Minutes et répertoires du notaire Jean GOURET (1649 -
      1651)</archref>
     <archref href="FRAN_IR_043128">Minutes et répertoires du notaire Claude JASSÉDÉ (1649 -
      1716)</archref>
     <archref href="FRAN_IR_043129">Minutes et répertoires du notaire TOUCHART (1666 -
      1669)</archref>
     <archref href="FRAN_IR_043130">Minutes et répertoires du notaire DE FENIS (1683 -
      1746)</archref>
     <archref href="FRAN_IR_043132">Minutes et répertoires du notaire Charles COIGNET (1er octobre
      1685 - 1734)</archref>
     <archref href="FRAN_IR_043131">Minutes et répertoires du notaire DESENS (1688 - 1697)</archref>
     <archref href="FRAN_IR_043133">Minutes et répertoires du notaire Étienne DELAFOSSE (1692 - mars
      1697)</archref>
     <archref href="FRAN_IR_043136">Minutes et répertoires du notaire Thomas de BEAUVAIS (13 mai
      1734 - 1745)</archref>
     <archref href="FRAN_IR_043135">Minutes et répertoires du notaire Simon Louis TINARD (10 juin
      1734 - 30 juin 1738)</archref>
     <archref href="FRAN_IR_043134">Minutes et répertoires du notaire Jean-Baptiste GENAL (3 mai
      1745 - 25 novembre 1755)</archref>
     <archref href="FRAN_IR_043137">Minutes et répertoires du notaire Joseph Guillaume SALLÉ (15
      juillet 1745 - 1747)</archref>
     <archref href="FRAN_IR_043138">Minutes et répertoires du notaire Charles René COIGNET (21
      décembre 1755 - 2 juin 1776)</archref>
     <archref href="FRAN_IR_043139">Minutes et répertoires du notaire MESCRAM (12 septembre 1773 -
      1789)</archref>
     <archref href="FRAN_IR_043140">Minutes et répertoires du notaire VIRTON (5 février 1786 - 7
      août 1801)</archref>
     <archref href="FRAN_IR_043141">Minutes et répertoires du notaire PARVY (22 août 1801 - 18 mai
      1805)</archref>
     <archref href="FRAN_IR_043142">Minutes et répertoires du notaire Cyr BARON (18 mai 1805 - 28
      février 1816)</archref>
     <archref href="FRAN_IR_043143">Minutes et répertoires du notaire Pierre Auguste PUIS (28
      février 1816 - 29 avril 1829)</archref>
     <archref href="FRAN_IR_043144">Minutes et répertoires du notaire François Charles VIEILLARD (29
      avril 1829 - 30 novembre 1835)</archref>
     <archref href="FRAN_IR_043145">Minutes et répertoires du notaire François Alexandre POSTANSQUE
      (1er décembre 1835 - 11 mars 1851)</archref>
     <archref href="FRAN_IR_043146">Minutes et répertoires du notaire Émile FERRIÈRE (11 mars 1851 -
      7 décembre 1858)</archref>
     <archref href="FRAN_IR_043147">Minutes et répertoires du notaire Pierre AVELINE (7 décembre
      1858 - 20 avril 1876)</archref>
     <archref href="FRAN_IR_043148">Minutes et répertoires du notaire Antoine Pierre LATAPIE de
      GERVAL (20 avril 1876 - 21 juin 1892)</archref>
     <archref href="FRAN_IR_043149">Minutes et répertoires du notaire Émile BOURDEL (22 juin 1892 -
      15 octobre 1920)</archref>
     <archref href="FRAN_IR_053807">Minutes et répertoires du notaire Jean BOURDEL (15 octobre 1920
      - 31 décembre 1938)</archref>
    </ref>
    <ref role="IR">Images des répertoires de l'étude CIII : <archref href="FRAN_IR_053470">Images
      des répertoires du notaire Émile Bourdel (1er décembre 1900 - 15 juin 1907)</archref>
    </ref>
    <ref role="IR">Note à propos des répertoires : aucun répertoire chronologique n'a été
     conservé dans cette étude avant 1905. On dispose cependant, sous la cote Z/2/4418, de quelques
     répertoires du tabellionage de Vanves (1594 - 1734) et, sous la cote MC/RE/CIII/1, d'un
     registre de formalités pour la période d'octobre 1900 à juillet 1903.</ref>
    <ref role="IR">Liste des instruments de recherche pour les autres archives de l'étude (archives
      privées)<archref href="FRAN_IR_054194">«Mélanges» (dossiers de clients) de l’étude CIII
      (1695-1801)</archref>
    </ref>
   </p>
  </scopecontent>
  <dsc/>
 </archdesc>
</ead>