<?xml version="1.0" encoding="UTF-8"?><?xml-stylesheet type='text/css' href='ead.css'?>
<ead xmlns:xlink="http://www.w3.org/1999/xlink">
 <eadheader countryencoding="iso3166-1" dateencoding="iso8601" langencoding="iso639-2b" repositoryencoding="iso15511" scriptencoding="iso15924">
  <eadid xlink:type="simple" xlink:href="http://www.siv.archives-nationales.culture.gouv.fr/siv/IR/FRAN_IR_041456">FRAN_IR_041456</eadid>
  <filedesc>
   <titlestmt>
    <titleproper>Archives de l'étude XVI</titleproper>
    <subtitle>Répertoire numérique détaillé</subtitle>
    <author>Minutier central des notaires de Paris</author>
   </titlestmt>
   <editionstmt>
    <edition>2e édition électronique</edition>
   </editionstmt>
   <publicationstmt>
    <publisher>Archives nationales</publisher>
    <address>
     <addressline>Paris</addressline>
    </address>
    <date calendar="gregorian" era="ce" normal="2014-01-01/2014-12-31">2014</date>
   </publicationstmt>
  </filedesc>
  <profiledesc>
   <creation>Cet instrument de recherche est le résultat de la conversion de la base de données du Minutier central dans le système d'information archivistique des Archives nationales.</creation>
   <langusage>
    <language langcode="fre">Français</language>
   </langusage>
   <descrules>Conforme à la norme ISAD(G) et aux règles d'application de la DTD EAD (version 2002) aux Archives nationales.</descrules>
  </profiledesc>
 </eadheader>
 <frontmatter>
  <div>
   <p/>
  </div>
 </frontmatter>
 <archdesc level="fonds">
 <did>
  <unitid type="identifiant">MC/ET/XVI/1 - MC/ET/XVI/1541, MC/RE/XVI/1 - MC/RE/XVI/25</unitid>
   <unittitle>Etude XVI</unittitle>
   <unitdate calendar="gregorian" era="ce" normal="1582-06-01/1900-09-19">juin 1582 - 19 septembre 1900</unitdate>
   <origination>
    <corpname authfilenumber="FRAN_NP_010143">Etude XVI</corpname>
   </origination>
   <langmaterial>
    <language langcode="fre">Français</language>
   </langmaterial>
   <repository>Archives nationales de France</repository>
   <physloc>Paris</physloc>
  </did>
  <accessrestrict>
   <p>
    <emph render="bold">Minutes et répertoires : </emph>la loi 2008-696 du 15 juillet 2008 relative aux archives a fixé à 75 ans à compter de la date de l'acte, ou à 25 ans à compter de la date du décès de l'intéressé si ce délai est plus bref, le délai de communication des minutes et répertoires des notaires ; ce délai est porté à 100 ans à compter de la date de l'acte si le document se rapporte à un mineur (code du Patrimoine, articles L213-2, 4e d et 5e). </p>
   <p>
    <emph render="bold">Autres documents de l'étude (dossiers de clients, comptabilité...) : </emph>s'agissant d'archives privées, ces documents sont communicables selon les modalités fixées par le déposant ou le donateur. </p>
   <p>Certains documents ne sont pas accessibles en raison de leur mauvais état de conservation.</p>
  </accessrestrict>
  <userestrict>
   <p>Les documents peuvent être librement reproduits à usage privé du copiste, sous réserve des contraintes liées à leur état matériel et dans le respect des textes relatifs à la réutilisation des informations publiques.</p>
  </userestrict>
  <acqinfo>
   <p>Versement, don</p>
  </acqinfo>
  <scopecontent>
   <p altrender="links">
    <ref role="IR">Liste des instruments de recherche par notaire : <archref href="FRAN_IR_041457">Minutes et répertoires du notaire François LE VASSEUR (juin 1582 - 9 janvier 1620)</archref>
     <archref href="FRAN_IR_041458">Minutes et répertoires du notaire Nicolas CONTENOT (juillet 1587
      - 29 novembre 1603)</archref>
     <archref href="FRAN_IR_041459">Minutes et répertoires du notaire
      Arthus LE VASSEUR (1590 - 20 février 1603)</archref>
     <archref href="FRAN_IR_041460">Minutes et
      répertoires du notaire Philibert CONTENOT (1605 - septembre 1636)</archref>
     <archref href="FRAN_IR_041461">Minutes et répertoires du notaire Guy RÉMOND (12 février 1620 -
      août 1663)</archref>
     <archref href="FRAN_IR_041463">Minutes et répertoires du notaire Philippe
      LE CAT (30 décembre 1628 - octobre 1662)</archref>
     <archref href="FRAN_IR_041466">Minutes et
      répertoires du notaire Pierre BUON (17 février 1633 - décembre 1674)</archref>
     <archref href="FRAN_IR_041464">Minutes et répertoires du notaire Jean LE SEMELIER (26 juin 1634
      - 1668)</archref>
     <archref href="FRAN_IR_041465">Minutes et répertoires du notaire Louis de
      SÉJOURNANT (11 octobre 1662 - juin 1669)</archref>
     <archref href="FRAN_IR_041467">Minutes et
      répertoires du notaire Thomas LE SEMELIER (29 août 1663 - 20 avril 1694)</archref>
     <archref href="FRAN_IR_041462">Minutes et répertoires du notaire Étienne RÉMOND (12 octobre 1663 - 14
      décembre 1665)</archref>
     <archref href="FRAN_IR_041468">Minutes et répertoires du notaire Jacques BUON (16 décembre 1665
      - 10 juin 1686)</archref>
     <archref href="FRAN_IR_041469">Minutes et répertoires du notaire Jean Louis LE SEMELIER (20
      avril 1694 - 23 février 1718)</archref>
     <archref href="FRAN_IR_041471">Minutes et répertoires du notaire Jean SAINFRAY (mars 1718 - 27
      mars 1741)</archref>
     <archref href="FRAN_IR_041472">Minutes et répertoires du notaire François Pascal DUBOIS (30
      mars 1741 - 9 juin 1760)</archref>
     <archref href="FRAN_IR_041470">Minutes et répertoires du notaire Gaspard MOMET (20 juin 1760 -
      25 septembre 1788)</archref>
     <archref href="FRAN_IR_041473">Minutes et répertoires du notaire Jean François DUFOULEUR (27
      septembre 1788 - 3 juin 1794)</archref>
     <archref href="FRAN_IR_041474">Minutes et répertoires du notaire Jean DELOCHE (14 août 1794 -
      1er juillet 1819)</archref>
     <archref href="FRAN_IR_041475">Minutes et répertoires du notaire René Fortuné MARTIN de LA
      PAQUERAIS (2 juillet 1819 - 14 octobre 1825)</archref>
     <archref href="FRAN_IR_041476">Minutes et répertoires du notaire Achille CATOIRE (15 octobre
      1825 - 26 février 1827)</archref>
     <archref href="FRAN_IR_041477">Minutes et répertoires du notaire Aimé Eugène MOISSON (27
      février 1827 - 12 avril 1837)</archref>
     <archref href="FRAN_IR_041478">Minutes et répertoires du notaire Philippe BEAUFEU (12 avril
      1837 - 17 novembre 1862)</archref>
     <archref href="FRAN_IR_041479">Minutes et répertoires du notaire Gustave GATINE (18 novembre
      1862 - novembre 1893)</archref>
     <archref href="FRAN_IR_041481">Minutes et répertoires du notaire Robert LISLE (décembre 1893 -
      26 avril 1899)</archref>
     <archref href="FRAN_IR_041480">Minutes et répertoires du notaire Charles Amédée LEFEBVRE (27
      avril 1893 - 19 septembre 1900)</archref>
    </ref>
    <ref role="IR">Images des répertoires de l'étude XVI : <archref href="FRAN_IR_051817">Images du répertoire du notaire Guy Rémond (12 février 1620 - 31 août 1663)</archref>
     <archref href="FRAN_IR_051819">Images du répertoire du notaire Thomas Le Semelier (29 août 1663 - 20
      avril 1694)</archref>
     <archref href="FRAN_IR_051813">Images du répertoire du notaire Étienne Rémond (12 octobre 1663
      - 14 décembre 1665)</archref>
     <archref href="FRAN_IR_056568">Images du répertoire du notaire Jacques Buon (16 décembre 1665 -
      10 juin 1686)</archref>
     <archref href="FRAN_IR_051821">Images des répertoires du notaire Jean Louis Le Semelier (20
      avril 1694 - 23 février 1718)</archref>
     <archref href="FRAN_IR_051814">Images du répertoire du notaire Jean Sainfray (1er mars 1718 - 5
      mars 1741)</archref>
     <archref href="FRAN_IR_056576">Images du répertoire du notaire François Pascal Dubois (6 mars
      1741 - 9 juin 1760)</archref>
     <archref href="FRAN_IR_051818">Images des répertoires du notaire Gaspard Momet (20 juin 1760 -
      25 septembre 1788)</archref>
     <archref href="FRAN_IR_051827">Images des répertoires du notaire Jean François Dufouleur (27
      septembre 1788 - 3 juin 1794)</archref>
     <archref href="FRAN_IR_051825">Images des répertoires du notaire Jean Deloche (14 août 1794 -
      1er juillet 1819)</archref>
     <archref href="FRAN_IR_051815">Images du répertoire du notaire René Fortuné Martin de La
      Paquerais (2 juillet 1819 - 14 octobre 1825)</archref>
     <archref href="FRAN_IR_051826">Images du répertoire du notaire Achille Catoire (15 octobre 1825
      - 26 février 1827)</archref>
     <archref href="FRAN_IR_051816">Images des répertoires du notaire Aimé Eugène Moisson (27
      février 1827 - 12 avril 1837)</archref>
     <archref href="FRAN_IR_051828">Images des répertoires du notaire Philippe Beaufeu (13 avril
      1837 - 17 novembre 1862)</archref>
     <archref href="FRAN_IR_051822">Images des répertoires du notaire Gustave Gatine (18 novembre
      1862 - 30 novembre 1893)</archref>
     <archref href="FRAN_IR_051823">Images du répertoire du notaire Robert Lisle (1er décembre 1893
      - 26 avril 1899)</archref>
     <archref href="FRAN_IR_051820">Images du répertoire du notaire Charles Amédée Lefebvre (27
      avril 1893 - 19 septembre 1900)</archref>
    </ref>
    <ref role="IR">Liste des instruments de recherche pour les autres archives de l'étude (archives
     privées) : <archref href="FRAN_IR_050369">«Mélanges» (dossiers de clients) de l’étude XVI
      (1338-1679)</archref>
    </ref>
   </p>
  </scopecontent>
  <dsc/>
 </archdesc>
</ead>