<?xml version="1.0" encoding="UTF-8"?><?xml-stylesheet type='text/css' href='ead.css'?>
<ead xmlns:xlink="http://www.w3.org/1999/xlink">
 <eadheader countryencoding="iso3166-1" dateencoding="iso8601" langencoding="iso639-2b" repositoryencoding="iso15511" scriptencoding="iso15924">
  <eadid xlink:type="simple" xlink:href="http://www.siv.archives-nationales.culture.gouv.fr/siv/IR/FRAN_IR_043357">FRAN_IR_043357</eadid>
  <filedesc>
   <titlestmt>
    <titleproper>Archives de l'étude CXIV</titleproper>
    <subtitle>Répertoire numérique détaillé</subtitle>
    <author>Minutier central des notaires de Paris</author>
   </titlestmt>
   <editionstmt>
    <edition>1ère édition électronique</edition>
   </editionstmt>
   <publicationstmt>
    <publisher>Archives nationales</publisher>
    <address>
     <addressline>Paris</addressline>
    </address>
    <date calendar="gregorian" era="ce" normal="2013-06-18/2013-06-18">18 juin 2013</date>
   </publicationstmt>
  </filedesc>
  <profiledesc>
   <creation>Cet instrument de recherche est le résultat de la conversion de la base de données du Minutier central dans le système d'information archivistique des Archives nationales. </creation>
   <langusage>
    <language langcode="fre">Français</language>
   </langusage>
   <descrules>Conforme à la norme ISAD(G) et aux règles d'application de la DTD EAD (version 2002) aux Archives nationales.</descrules>
  </profiledesc>
 </eadheader>
 <frontmatter>
  <div>
   <p/>
  </div>
 </frontmatter>
 <archdesc level="fonds">
 <did>
  <unitid type="identifiant">MC/ET/CXIV/1 - MC/ET/CXIV/612, MC/RE/CXIV/1 - MC/RE/CXIV/20</unitid>
   <unittitle>Etude CXIV</unittitle>
   <unitdate calendar="gregorian" era="ce" normal="1580-02-09 / 1938-12-31">9 février 1580 - 31 décembre 1938</unitdate>
   <origination>
    <corpname authfilenumber="FRAN_NP_010241">Etude CXIV</corpname>
   </origination>
   <langmaterial>
    <language langcode="fre">Français</language>
   </langmaterial>
   <repository>Archives nationales de France</repository>
   <physloc>Paris</physloc>
  </did>
  <accessrestrict>
   <p>
    <emph render="bold">Minutes et répertoires : </emph>la loi 2008-696 du 15 juillet 2008 relative aux archives a fixé à 75 ans à compter de la date de l'acte, ou à 25 ans à compter de la date du décès de l'intéressé si ce délai est plus bref, le délai de communication des minutes et répertoires des notaires ; ce délai est porté à 100 ans à compter de la date de l'acte si le document se rapporte à un mineur (code du Patrimoine, articles L213-2, 4e d et 5e). </p>
   <p>
    <emph render="bold">Autres documents de l'étude (dossiers de clients, comptabilité...) : </emph>s'agissant d'archives privées, ces documents sont communicables selon les modalités fixées par le déposant ou le donateur. </p>
   <p>Certains documents ne sont pas accessibles en raison de leur mauvais état de conservation.</p>
  </accessrestrict>
  <userestrict>
   <p>Les documents peuvent être librement reproduits à usage privé du copiste, sous réserve des contraintes liées à leur état matériel et dans le respect des textes relatifs à la réutilisation des informations publiques.</p>
  </userestrict>
  <acqinfo>
   <p>Versement</p>
  </acqinfo>
  <scopecontent>
   <p altrender="links">
    <ref role="IR">Liste des instruments de recherche par notaire : : <archref href="FRAN_IR_043358">Minutes et répertoires du notaire Pierre GODEAU (9 février 1580 - 1590)</archref>
     <archref href="FRAN_IR_043359">Minutes et répertoires du notaire Jacques I HAUMOIRE (1591 -
      1596)</archref>
     <archref href="FRAN_IR_043366">Minutes et répertoires du notaire Jacques II HAUMOIRE
      (1593 - 1596)</archref>
     <archref href="FRAN_IR_043362">Minutes et répertoires du notaire Michel LEFEBVRE
      (1598)</archref>
     <archref href="FRAN_IR_043364">Minutes et répertoires du notaire François PERROTTE (1596 - 30
      mars 1606)</archref>
     <archref href="FRAN_IR_043369">Minutes et répertoires du notaire PERIER
      (1601 - 1627)</archref>
     <archref href="FRAN_IR_043361">Minutes et répertoires du notaire BEZÉE (5 janvier 1606 - 19
      mars 1608)</archref>
     <archref href="FRAN_IR_043365">Minutes et répertoires du notaire BRACONNIER (22 juin 1609- 25
      août 1609)</archref>
     <archref href="FRAN_IR_043360">Minutes et répertoires du notaire PHELIPPES (8 juillet 1613 - 5
      mai 1614)</archref>
     <archref href="FRAN_IR_043363">Minutes et répertoires du notaire PICHON (1618 - 1619)</archref>
     <archref href="FRAN_IR_043367">Minutes et répertoires du notaire Marcel I VENANT
      (1622 - 1644)</archref>
     <archref href="FRAN_IR_043370">Minutes et répertoires du notaire
      Joachim BOUQUIN (20 février 1624 - 1656)</archref>
     <archref href="FRAN_IR_043368">Minutes et
      répertoires du notaire Martin LE SUEUR (1626-1648)</archref>
     <archref href="FRAN_IR_043371">Minutes et répertoires du notaire Jacques I CASIN (1649 - 1668)</archref>
     <archref href="FRAN_IR_043373">Minutes et répertoires du notaire Louis CORNEILLEAU
      (1650 - 1653)</archref>
     <archref href="FRAN_IR_043375">Minutes et répertoires du notaire Pierre DUBOIS
      (1656 -1661)</archref>
     <archref href="FRAN_IR_043372">Minutes et répertoires du notaire SOUIN (1664 - 1667)</archref>
     <archref href="FRAN_IR_043374">Minutes et répertoires du notaire Pierre BOURDIN
      (1665 - 1669)</archref>
     <archref href="FRAN_IR_043378">Minutes et répertoires du notaire Didier
      de LA COURT (1669 - 1693)</archref>
     <archref href="FRAN_IR_043379">Minutes et répertoires du notaire Henri VENANT (26 juin 1693 -
      22 décembre 1708)</archref>
     <archref href="FRAN_IR_043377">Minutes et répertoires du notaire Pierre RAGET (1707 - 27 mai
      1757)</archref>
     <archref href="FRAN_IR_043380">Minutes et répertoires du notaire Marcel II
      VENANT (18 septembre 1709 - 31 octobre 1742)</archref>
     <archref href="FRAN_IR_043382">Minutes et répertoires du notaire Claude de ROUVROY (4 mars 1729
      - 4 décembre 1730)</archref>
     <archref href="FRAN_IR_043385">Minutes et répertoires du notaire Claude DARGENTEL (20 février
      1731 - 24 décembre 1731)</archref>
     <archref href="FRAN_IR_043383">Minutes et répertoires du notaire Nicolas WATELET (3 mars
      1732 - 9 septembre 1734)</archref>
     <archref href="FRAN_IR_043384">Minutes et répertoires du notaire Étienne RANDONNET (22 avril
      1735 - 4 juillet 1735)</archref>
     <archref href="FRAN_IR_043381">Minutes et répertoires du notaire LA BARRIÈRE (28 mars 1743 - 26
      avril 1744)</archref>
     <archref href="FRAN_IR_043386">Minutes et répertoires du notaire Gilbert NOËL (26 septembre
      1744 - 3 avril 1752)</archref>
     <archref href="FRAN_IR_043387">Minutes et répertoires du notaire Augustin GRELIER-DELANOË (9
      mai 1752 - 1759)</archref>
     <archref href="FRAN_IR_043388">Minutes et répertoires du notaire
      Pierre HEUZET (3 mars 1755 - 10 novembre 1793)</archref>
     <archref href="FRAN_IR_043389">Minutes
      et répertoires du notaire Pierre MACRET (2 juin 1757 - 9 juin 1793)</archref>
     <archref href="FRAN_IR_043376">Minutes et répertoires du notaire ALLAVOYNE (8 mars 1660 - 11 septembre
      1691)</archref>
     <archref href="FRAN_IR_043390">Minutes et répertoires du notaire Jacques JARDIN (1760 - juin
      1771)</archref>
     <archref href="FRAN_IR_043391">Minutes et répertoires du notaire JANNOT (15 juin 1771 - août
      1785)</archref>
     <archref href="FRAN_IR_043392">Minutes et répertoires du notaire Alexandre François PETIT
      (septembre 1785 -  17 janvier 1802)</archref>
     <archref href="FRAN_IR_043393">Minutes et répertoires du notaire François GUIBERT (18 janvier
      1802 - 7 mars 1822)</archref>
     <archref href="FRAN_IR_043396">Minutes et répertoires du notaire
      Jean LABIE (7 mars 1822 - 27 avril 1832)</archref>
     <archref href="FRAN_IR_043398">Minutes et répertoires du notaire Narcisse Désiré ANCELLE (28
      avril 1832 - 30 avril 1851)</archref>
     <archref href="FRAN_IR_043397">Minutes et répertoires du notaire Vincent BLANCHÉ (30 avril
      1851 - 15 novembre 1860)</archref>
     <archref href="FRAN_IR_043394">Minutes et répertoires du notaire Jacques Louis POTIER de LA
      BERTHELLIÈRE (15 novembre 1860 - 26 février 1867)</archref>
     <archref href="FRAN_IR_043395">Minutes et répertoires du notaire Salomon Joseph RAYNAL (26
      février 1867 - 20 novembre 1873)</archref>
     <archref href="FRAN_IR_043400">Minutes et répertoires du notaire Eugène Philippe MICHELEZ (20
      novembre 1873 - 27 avril 1891)</archref>
    </ref>
    <ref role="IR">Auteuil et Passy : des répertoires sont conservés aux Archives nationales, hors
     du département du Minutier central sous les cotes ZZ/1/12 (1600 - 1634), ZZ/1/13 (1657 - 1681),
     ZZ/1/14 (1712 - 1752). </ref>
    <ref role="IR">Images des répertoires de l'étude CXIV : <archref href="FRAN_IR_053183">Images du
      répertoire du notaire Alexandre François Petit (1er septembre 1785 -  12 janvier
      1802)</archref>
     <archref href="FRAN_IR_053409">Images des répertoires du notaire François Guibert (22 janvier
      1802 - 2 mars 1822)</archref>
     <archref href="FRAN_IR_053226">Images des répertoires du notaire Jean Labie (3 mars 1822 - 30
      avril 1832)</archref>
     <archref href="FRAN_IR_053481">Images des répertoires du notaire Narcisse Désiré Ancelle (1er
      mai 1832 - 30 avril 1851)</archref>
     <archref href="FRAN_IR_053467">Images des répertoires du notaire Vincent Blanché (30 avril
      1851 - 14 novembre 1860)</archref>
     <archref href="FRAN_IR_053187">Images des répertoires du notaire Jacques Louis Potier de La
      Berthellière (16 novembre 1860 - 25 février 1867)</archref>
     <archref href="FRAN_IR_053156">Images des répertoires du notaire Salomon Joseph Raynal (26
      février 1867 - 20 novembre 1873)</archref>
     <archref href="FRAN_IR_053206">Images des répertoires du notaire Eugène Philippe Michelez (21
      novembre 1873 - 27 avril 1891)</archref>
    </ref>
   </p>
  </scopecontent>
  <dsc/>
 </archdesc>
</ead>