<?xml version="1.0" encoding="UTF-8"?><?xml-stylesheet type='text/css' href='ead.css'?>
<ead xmlns:xlink="http://www.w3.org/1999/xlink">
 <eadheader countryencoding="iso3166-1" dateencoding="iso8601" langencoding="iso639-2b" repositoryencoding="iso15511" scriptencoding="iso15924">
  <eadid xlink:type="simple" xlink:href="http://www.siv.archives-nationales.culture.gouv.fr/siv/IR/FRAN_IR_041799">FRAN_IR_041799</eadid>
 <filedesc>
  <titlestmt>
   <titleproper>Archives de l'étude XXIX</titleproper>
    <subtitle>Répertoire numérique détaillé</subtitle>
    <author>Minutier central des notaires de Paris</author>
   </titlestmt>
   <editionstmt>
    <edition>2e édition électronique</edition>
   </editionstmt>
   <publicationstmt>
    <publisher>Archives nationales de France</publisher>
    <address>
     <addressline>Paris</addressline>
    </address>
    <date calendar="gregorian" era="ce" normal="2016-01-01 / 2016-12-31">2016</date>
   </publicationstmt>
  </filedesc>
  <profiledesc>
  <creation>Cet instrument de recherche est le résultat de la conversion de la base de données du Minutier central dans le système d'information archivistique des Archives nationales.</creation>
   <langusage>
    <language langcode="fre">Français</language>
   </langusage>
   <descrules>Conforme à la norme ISAD(G) et aux règles d'application de la DTD EAD (version 2002) aux Archives nationales.</descrules>
  </profiledesc>
  <revisiondesc>
   <change>
    <date calendar="gregorian" era="ce" normal="2016-07-26">26 juillet 2016</date>
    <item>Ajout des dates extrêmes aux liens sur les archives privées de l'étude</item>
   </change>
  </revisiondesc>
 </eadheader>
 <frontmatter>
  <div>
   <p/>
  </div>
 </frontmatter>
 <archdesc level="fonds">
 <did>
  <unitid type="identifiant">MC/ET/XXIX/1 - MC/ET/XXIX/1534, MC/RE/XXIX/1 - MC/RE/XXIX/39, MC/DC/XXIX/1 - MC/DC/XXIX/39</unitid>
   <unittitle>Etude XXIX</unittitle>
   <unitdate calendar="gregorian" era="ce" normal="1475-01-01/1955-12-31">1475 - 1955</unitdate>
   <origination>
    <corpname authfilenumber="FRAN_NP_010156">Etude XXIX</corpname>
   </origination>
   <physdesc>
   <extent>n ml</extent>
   </physdesc>
   <langmaterial>
    <language langcode="fre">Français</language>
   </langmaterial>
   <repository>Archives nationales de France</repository>
   <physloc>Paris</physloc>
  </did>
  <accessrestrict>
   <p>
    <emph render="bold">Minutes et répertoires : </emph>la loi 2008-696 du 15 juillet 2008 relative aux archives a fixé à 75 ans à compter de la date de l'acte, ou à 25 ans à compter de la date du décès de l'intéressé si ce délai est plus bref, le délai de communication des minutes et répertoires des notaires ; ce délai est porté à 100 ans à compter de la date de l'acte si le document se rapporte à un mineur (code du Patrimoine, articles L213-2, 4e d et 5e). </p>
   <p>
    <emph render="bold">Autres documents de l'étude (dossiers de clients, comptabilité...) : </emph>s'agissant d'archives privées, ces documents sont communicables selon les modalités fixées par le déposant ou le donateur. </p>
   <p>Certains documents ne sont pas accessibles en raison de leur mauvais état de conservation.</p>
  </accessrestrict>
  <userestrict>
   <p>Les documents peuvent être librement reproduits à usage privé du copiste, sous réserve des contraintes liées à leur état matériel et dans le respect des textes relatifs à la réutilisation des informations publiques.</p>
  </userestrict>
  <acqinfo>
   <p>Versements, don, dépôt</p>
  </acqinfo>
  <scopecontent>
   <p altrender="links">
    <ref role="IR">Liste des instruments de recherche par notaire :<archref href="FRAN_IR_041800">Minutes et répertoires du notaire Claude LENORMAND (14 mai 1538 - 21 août 1559)</archref>
     <archref href="FRAN_IR_041801">Minutes et répertoires du notaire Olivier ROGER (1543 -
      1574)</archref>
     <archref href="FRAN_IR_041802">Minutes et répertoires du notaire Jacques JOYEUX (1547 -
      1585)</archref>
     <archref href="FRAN_IR_041803">Minutes et répertoires du notaire Antoine FORTIN
      (19 décembre 1552 - décembre 1579)</archref>
     <archref href="FRAN_IR_041804">Minutes et
      répertoires du notaire Jacques BARDIN (7 avril 1561 - 3 novembre 1579)</archref>
     <archref href="FRAN_IR_041806">Minutes et répertoires du notaire Rémi CORNEILLAU (24 janvier 1567 - 26
      mars 1585)</archref>
     <archref href="FRAN_IR_041805">Minutes et répertoires du notaire Olivier LEMOYNE (8 novembre
      1575 - 28 février 1590)</archref>
     <archref href="FRAN_IR_041809">Minutes et répertoires du
      notaire Philippe II COTHEREAU (janvier 1578 - 21 octobre 1613)</archref>
     <archref href="FRAN_IR_041810">Minutes et répertoires du notaire Jacques ROBERT (janvier 1584 -
      novembre 1584)</archref>
     <archref href="FRAN_IR_041811">Minutes et répertoires du notaire
      Gilles JOYEUX (1587 - 5 février 1602)</archref>
     <archref href="FRAN_IR_041808">Minutes et
      répertoires du notaire Hugues BABINET (mars 1590 - 1607)</archref>
     <archref href="FRAN_IR_041812">Minutes et répertoires du notaire François CHAUVIN (21 août 1598 - 25
      avril 1625)</archref>
     <archref href="FRAN_IR_041813">Minutes et répertoires du notaire notaires
      divers (1600 - 1650)</archref>
     <archref href="FRAN_IR_041807">Minutes et répertoires du notaire Antoine LEMOYNE (10 octobre
      1605 - 1er août 1614)</archref>
     <archref href="FRAN_IR_041815">Minutes et répertoires du notaire François LEMOYNE (1612 - 24
      septembre 1640)</archref>
     <archref href="FRAN_IR_041816">Minutes et répertoires du notaire Bon COTHEREAU (26 octobre 1613
      - 11 janvier 1631)</archref>
     <archref href="FRAN_IR_041817">Minutes et répertoires du notaire
      Jean COUSTART (1626 - 26 septembre 1637)</archref>
     <archref href="FRAN_IR_041814">Minutes et
      répertoires du notaire Philippe LEMOYNE (23 octobre 1637 - 1658)</archref>
     <archref href="FRAN_IR_041819">Minutes et répertoires du notaire Étienne CORROZET (6 novembre
      1637 - 21 mai 1666)</archref>
     <archref href="FRAN_IR_041818">Minutes et répertoires du notaire Charles GARNIER (27 mai 1666 -
      18 août 1703)</archref>
     <archref href="FRAN_IR_041820">Minutes et répertoires du notaire Martin BOURON (22 août 1703 -
      28 juin 1734)</archref>
     <archref href="FRAN_IR_041825">Minutes et répertoires du notaire François BOURON (1er juillet
      1734 - 22 septembre 1780)</archref>
     <archref href="FRAN_IR_041826">Minutes et répertoires du notaire Charles DENIS de VILLIERS (2
      octobre 1780 - 6 mai 1822)</archref>
     <archref href="FRAN_IR_041832">Minutes et répertoires du notaire Achille TOURIN (7 mai 1822 -
      19 octobre 1842)</archref>
     <archref href="FRAN_IR_041833">Minutes et répertoires du notaire François LEFORT (20 octobre
      1842 - 31 mars 1865)</archref>
     <archref href="FRAN_IR_041834">Minutes et répertoires du notaire Henri DESCHARS (1er avril 1865
      - 28 avril 1882)</archref>
     <archref href="FRAN_IR_041835">Minutes et répertoires du notaire Camille Charles TOLLU (29
      avril 1882 - 4 juin 1908)</archref>
    </ref>
    <ref role="IR">Images des répertoires de l'étude XXIX :  <archref href="FRAN_IR_051575">Images du répertoire du notaire Jacques Bardin (1er août 1579 - 3 novembre 1579)</archref>
     <archref href="FRAN_IR_053449">Images des répertoires du notaire Hugues Babinet (1591 -
      1597)</archref>
     <archref href="FRAN_IR_051545">Images du répertoire du notaire Étienne Corrozet (1er janvier
      1650 - 21 mai 1666)</archref>
     <archref href="FRAN_IR_051433">Images du répertoire du notaire Charles Garnier (27 mai 1666 -
      31 août 1703)</archref>
     <archref href="FRAN_IR_051616">Images du répertoire du notaire Martin Bouron (10 mars 1713 - 6
      mars 1720)</archref>
     <archref href="FRAN_IR_051490">Images des répertoires du notaire Charles Denis de Villiers (2
      octobre 1780 - 6 mai 1822)</archref>
     <archref href="FRAN_IR_051225">Images des répertoires du notaire Achille Tourin (7 mai 1822 -
      19 octobre 1842)</archref>
     <archref href="FRAN_IR_056170">Images des répertoires du notaire François Lefort (20 octobre
      1842 - 31 mars 1865)</archref>
     <archref href="FRAN_IR_051489">Images des répertoires du notaire Henri Deschars (1er avril 1865
      - 28 avril 1882)</archref>
     <archref href="FRAN_IR_051223">Images des répertoires du notaire Camille Charles Tollu (29
      avril 1882 - 11 avril 1892)</archref>
    </ref>
    <ref role="IR">Liste des instruments de recherche pour les autres archives de l'étude (archives
     privées) :<archref href="FRAN_IR_050376">Dossiers de clients de l'étude XXIX
      (1723-1955)</archref>
     <archref href="FRAN_IR_050887">«Mélanges» (dossiers de clients) de l’étude XXIX.
      MC/ET/XXIX/678-MC/ET/XXIX/704, MC/ET/XXIX/1519-MC/ET/XXIX/1530 (1475-1930)</archref>
    </ref>
   </p>
  </scopecontent>
  <dsc/>
 </archdesc>
</ead>