<?xml version="1.0" encoding="UTF-8"?><?xml-stylesheet type='text/css' href='ead.css'?>
<ead xmlns:xlink="http://www.w3.org/1999/xlink">
 <eadheader countryencoding="iso3166-1" dateencoding="iso8601" langencoding="iso639-2b" repositoryencoding="iso15511" scriptencoding="iso15924">
  <eadid xlink:type="simple" xlink:href="http://www.siv.archives-nationales.culture.gouv.fr/siv/IR/FRAN_IR_041875">FRAN_IR_041875</eadid>
  <filedesc>
   <titlestmt>
    <titleproper>Archives de l'étude XXXIII</titleproper>
    <subtitle>Répertoire numérique détaillé</subtitle>
    <author>Minutier central des notaires de Paris</author>
   </titlestmt>
   <editionstmt>
    <edition>2e édition électronique</edition>
   </editionstmt>
   <publicationstmt>
    <publisher>Archives nationales</publisher>
    <address>
     <addressline>Paris</addressline>
    </address>
    <date calendar="gregorian" era="ce" normal="2014-01-01/2014-12-31">2014</date>
   </publicationstmt>
  </filedesc>
  <profiledesc>
   <creation>Cet instrument de recherche est le résultat de la conversion de la base de données du Minutier central dans le système d'information archivistique des Archives nationales. </creation>
   <langusage>
    <language langcode="fre">Français</language>
   </langusage>
   <descrules>Conforme à la norme ISAD(G) et aux règles d'application de la DTD EAD (version 2002) aux Archives nationales.</descrules>
  </profiledesc>
 </eadheader>
 <frontmatter>
  <div>
   <p/>
  </div>
 </frontmatter>
 <archdesc level="fonds">
 <did>
  <unitid type="identifiant">MC/ET/XXXIII/1 - MC/ET/XXXIII/2180, MC/RE/XXXIII/1 - MC/RE/XXXIII/27</unitid>
   <unittitle>Etude XXXIII</unittitle>
   <unitdate calendar="gregorian" era="ce" normal="1498-07-30/1938-12-31">30 juillet 1498 - 31 décembre 1938</unitdate>
   <origination>
    <corpname authfilenumber="FRAN_NP_010160">Etude XXXIII</corpname>
   </origination>
   <physdesc>
    <extent>241 mètres linéaires</extent>
   </physdesc>
   <langmaterial>
    <language langcode="fre">Français</language>
   </langmaterial>
   <repository>Archives nationales de France</repository>
   <physloc>Paris</physloc>
  </did>
  <accessrestrict>
   <p>
    <emph render="bold">Minutes et répertoires : </emph>la loi 2008-696 du 15 juillet 2008 relative aux archives a fixé à 75 ans à compter de la date de l'acte, ou à 25 ans à compter de la date du décès de l'intéressé si ce délai est plus bref, le délai de communication des minutes et répertoires des notaires ; ce délai est porté à 100 ans à compter de la date de l'acte si le document se rapporte à un mineur (code du Patrimoine, articles L213-2, 4e d et 5e). </p>
   <p>
    <emph render="bold">Autres documents de l'étude (dossiers de clients, comptabilité...) : </emph>s'agissant d'archives privées, ces documents sont communicables selon les modalités fixées par le déposant ou le donateur. </p>
   <p>Certains documents ne sont pas accessibles en raison de leur mauvais état de conservation.</p>
  </accessrestrict>
  <userestrict>
   <p>Les documents peuvent être librement reproduits à usage privé du copiste, sous réserve des contraintes liées à leur état matériel et dans le respect des textes relatifs à la réutilisation des informations publiques.</p>
  </userestrict>
  <acqinfo>
   <p>Versement, don</p>
  </acqinfo>
  <scopecontent>
   <p altrender="links">
    <ref role="IR">Liste des instruments de recherche par notaire : <archref href="FRAN_IR_041876">Minutes et répertoires du notaire Jean CROZON (30 juillet 1498 - 1521)</archref>
     <archref href="FRAN_IR_041877">Minutes et répertoires du notaire Pierre CROZON (27 mars 1517 -
      5 mars 1532)</archref>
     <archref href="FRAN_IR_041878">Minutes et répertoires du notaire Yves BOURGEOIS (20 septembre
      1539 - 26 août 1549)</archref>
     <archref href="FRAN_IR_041879">Minutes et répertoires du notaire Catherin FARDEAU (7 septembre
      1539 - 1573)</archref>
     <archref href="FRAN_IR_041884">Minutes et répertoires du notaire Claude LENORMAND (7 avril 1553
      - 6 juillet 1558)</archref>
     <archref href="FRAN_IR_041890">Minutes et répertoires du notaire Olivier ROGER (29 novembre
      1560 - 26 octobre 1575)</archref>
     <archref href="FRAN_IR_041891">Minutes et répertoires du notaire Olivier LEMOYNE (3 octobre
      1578 - 14 février 1590)</archref>
     <archref href="FRAN_IR_041893">Minutes et répertoires du notaire Hugues BABINET (2 mars 1590 -
      1607)</archref>
     <archref href="FRAN_IR_041895">Minutes et répertoires du notaire Antoine LEMOYNE (1608 -
      novembre 1613)</archref>
     <archref href="FRAN_IR_041896">Minutes et répertoires du notaire François LEMOYNE (1614 - 4
      novembre 1639)</archref>
     <archref href="FRAN_IR_041898">Minutes et répertoires du notaire Philippe LEMOYNE (1640 - 4
      septembre 1676)</archref>
     <archref href="FRAN_IR_041897">Minutes et répertoires du notaire Jean CHUPPIN (19 avril 1661 -
      5 août 1690)</archref>
     <archref href="FRAN_IR_041903">Minutes et répertoires du notaire François COURTOIS (8 février
      1689 - 15 avril 1719)</archref>
     <archref href="FRAN_IR_041885">Minutes et répertoires du notaire Philippe LAMIRAL (23 avril
      1555 - 25 septembre 1590)</archref>
     <archref href="FRAN_IR_041892">Minutes et répertoires du notaire Nicolas FARDEAU (1574 - 15
      novembre 1596)</archref>
     <archref href="FRAN_IR_041894">Minutes et répertoires du notaire Nicolas CRESSÉ (3 avril 1597 -
      décembre 1625)</archref>
     <archref href="FRAN_IR_041899">Minutes et répertoires du notaire Pierre CRESSÉ (23 mars 1626 -
      12 juillet 1636)</archref>
     <archref href="FRAN_IR_041900">Minutes et répertoires du notaire René DAVID (30 juillet 1636 -
      juin 1638)</archref>
     <archref href="FRAN_IR_041901">Minutes et répertoires du notaire René MAHEUT (1638 - 30
      décembre 1657)</archref>
     <archref href="FRAN_IR_041902">Minutes et répertoires du notaire Georges I ROBILLARD (2 février
      1658 - 9 avril 1661)</archref>
     <archref href="FRAN_IR_041905">Minutes et répertoires du notaire Barthélémy BINOIS (5 mai 1719
      - 21 février 1721)</archref>
     <archref href="FRAN_IR_041904">Minutes et répertoires du notaire Pierre BAUDOUIN (mars 1721 -
      20 mars 1729)</archref>
     <archref href="FRAN_IR_041906">Minutes et répertoires du notaire Dominique CRESTIENNOT (23 mars
      1729 - 1er juillet 1748)</archref>
     <archref href="FRAN_IR_041907">Minutes et répertoires du notaire Claude Pierre FOURESTIER (4
      juillet 1748 - 22 janvier 1756)</archref>
     <archref href="FRAN_IR_041908">Minutes et répertoires du notaire René POULTIER (24 janvier 1756
      - 11 novembre 1779)</archref>
     <archref href="FRAN_IR_041909">Minutes et répertoires du notaire Toussaint GIRARD (13 novembre
      1779 - 18 février 1794)</archref>
     <archref href="FRAN_IR_041910">Minutes et répertoires du notaire Joseph GRELET (18 août 1794 -
      28 avril 1818)</archref>
     <archref href="FRAN_IR_041911">Minutes et répertoires du notaire Louis VILCOCQ (29 avril 1818 -
      17 mai 1832)</archref>
     <archref href="FRAN_IR_041912">Minutes et répertoires du notaire Florestan BONNAIRE (18 mai
      1832 - 16 septembre 1845)</archref>
     <archref href="FRAN_IR_041913">Minutes et répertoires du notaire Pierre PLANCHAT (17 septembre
      1845 - 7 août 1873)</archref>
     <archref href="FRAN_IR_041914">Minutes et répertoires du notaire Louis GENTIEN (8 août 1873 -
      12 août 1885)</archref>
     <archref href="FRAN_IR_041915">Minutes et répertoires du notaire Pierre DELAFON (13 août 1885 -
      28 octobre 1920)</archref>
     <archref href="FRAN_IR_050153">Minutes et répertoires du notaire Ismaël Paul Gaston CHAUVEAU
      (29 octobre 1920 - 31 décembre 1938)</archref>
    </ref>
    <ref role="IR">Images des répertoires de l'étude XXXIII : <archref href="FRAN_IR_053114">Images
      des répertoires du notaire Philippe Lamiral (13 mai 1555 - 31 décembre 1590)</archref>
     <archref href="FRAN_IR_053545">Images des répertoires du notaire Nicolas Cressé (3 avril 1597 -
      31 décembre 1624)</archref>
     <archref href="FRAN_IR_054292">Images des répertoires du notaire François Lemoyne (10 janvier
      1615 - 4 novembre 1639)</archref>
     <archref href="FRAN_IR_054294">Images des répertoires du notaire Philippe Lemoyne (23 mars 1640
      - 4 septembre 1676)</archref>
     <archref href="FRAN_IR_054315">Images des répertoires du notaire Jean Chuppin (19 avril 1661 -
      5 août 1690)</archref>
     <archref href="FRAN_IR_054318">Images des répertoires du notaire François Courtois (10 février
      1689 - 15 avril 1719)</archref>
     <archref href="FRAN_IR_051909">Images du répertoire du notaire Barthélémy Binois (5 mai 1719 -
      28 janvier 1721)</archref>
     <archref href="FRAN_IR_056157">Images du répertoire du notaire Pierre Baudouin (1er mars 1721 -
      19 mars 1729)</archref>
     <archref href="FRAN_IR_051907">Images des répertoires du notaire Dominique Crestiennot (23 mars
      1729 - 1er juillet 1748)</archref>
     <archref href="FRAN_IR_051902">Images du répertoire du notaire Claude Pierre Fourestier (4
      juillet 1748 - 22 janvier 1756)</archref>
     <archref href="FRAN_IR_054278">Images des répertoires du notaire René Poultier (24 janvier 1756
      - 5 novembre 1779)</archref>
     <archref href="FRAN_IR_051900">Images des répertoires du notaire Toussaint Girard (13 novembre
      1779 - 7 février 1794)</archref>
     <archref href="FRAN_IR_051901">Images des répertoires du notaire Joseph Grelet (20 août 1794 -
      27 avril 1818)</archref>
     <archref href="FRAN_IR_051893">Images des répertoires du notaire Louis Vilcocq (28 avril 1818 -
      17 mai 1832)</archref>
     <archref href="FRAN_IR_056159">Images des répertoires du notaire Florestan Bonnaire (18 mai
      1832 - 16 septembre 1845)</archref>
     <archref href="FRAN_IR_051894">Images des répertoires du notaire Pierre Planchat (17 septembre
      1845 - 7 août 1873)</archref>
     <archref href="FRAN_IR_051899">Images des répertoires du notaire Louis Gentien (8 août 1873 -
      11 août 1885)</archref>
     <archref href="FRAN_IR_056165">Images des répertoires du notaire Pierre Delafon (13 août 1885 -
      22 juillet 1896)</archref>
    </ref>
    <ref role="IR">Liste des instruments de recherche pour les autres archives de l'étude (archives
     privées) <archref href="FRAN_IR_050934">«Mélanges» (dossiers de clients) de l’étude XXXIII
      (1838-1840)</archref>
    </ref>
   </p>
  </scopecontent>
  <dsc/>
 </archdesc>
</ead>