<?xml version="1.0" encoding="UTF-8"?><?xml-stylesheet type='text/css' href='ead.css'?>
<ead xmlns:xlink="http://www.w3.org/1999/xlink">
 <eadheader countryencoding="iso3166-1" dateencoding="iso8601" langencoding="iso639-2b" repositoryencoding="iso15511" scriptencoding="iso15924">
  <eadid xlink:type="simple" xlink:href="http://www.siv.archives-nationales.culture.gouv.fr/siv/IR/FRAN_IR_041255">FRAN_IR_041255</eadid>
  <filedesc>
   <titlestmt>
    <titleproper>Archives de l'étude VIII</titleproper>
    <subtitle>Répertoire numérique détaillé</subtitle>
    <author>Minutier central des notaires de Paris</author>
   </titlestmt>
   <editionstmt>
    <edition>2e édition électronique</edition>
   </editionstmt>
   <publicationstmt>
    <publisher>Archives nationales</publisher>
    <address>
     <addressline>Paris</addressline>
    </address>
    <date calendar="gregorian" era="ce" normal="2014-01-01/2014-12-31">2014</date>
   </publicationstmt>
  </filedesc>
  <profiledesc>
   <creation>Cet instrument de recherche est le résultat de la conversion de la base de données du Minutier central dans le système d'information archivistique des Archives nationales.</creation>
   <langusage>
    <language langcode="fre">Français</language>
   </langusage>
   <descrules>Conforme à la norme ISAD(G) et aux règles d'application de la DTD EAD (version 2002) aux Archives nationales.</descrules>
  </profiledesc>
 </eadheader>
 <frontmatter>
  <div>
   <p/>
  </div>
 </frontmatter>
 <archdesc level="fonds">
 <did>
  <unitid type="identifiant">MC/ET/VIII/1 - MC/ET/VIII/1978, MC/RE/VIII/1 - MC/RE/VIII/28</unitid>
   <unittitle>Etude VIII</unittitle>
   <unitdate calendar="gregorian" era="ce" normal="1471-02-13/1906-03-16">13 février 1471 - 16 mars 1906</unitdate>
   <origination>
    <corpname authfilenumber="FRAN_NP_010135">Etude VIII</corpname>
   </origination>
   <physdesc>
   <extent>(à compléter après la coillecte)</extent>
   </physdesc>
   <langmaterial>
    <language langcode="fre">Français</language>
   </langmaterial>
   <repository>Archives nationales de France</repository>
   <physloc>paris</physloc>
  </did>
  <accessrestrict>
   <p>
    <emph render="bold">Minutes et répertoires : </emph>la loi 2008-696 du 15 juillet 2008 relative aux archives a fixé à 75 ans à compter de la date de l'acte, ou à 25 ans à compter de la date du décès de l'intéressé si ce délai est plus bref, le délai de communication des minutes et répertoires des notaires ; ce délai est porté à 100 ans à compter de la date de l'acte si le document se rapporte à un mineur (code du Patrimoine, articles L213-2, 4e d et 5e). 
   </p>
   <p>
    <emph render="bold">Autres documents de l'étude (dossiers de clients, comptabilité...) : </emph>s'agissant d'archives privées, ces documents sont communicables selon les modalités fixées par le déposant ou le donateur. 
   </p>
   <p>Certains documents ne sont pas accessibles en raison de leur mauvais état de conservation.</p>
  </accessrestrict>
  <userestrict>
   <p>Les documents peuvent être librement reproduits à usage privé du copiste, sous réserve des contraintes liées à leur état matériel et dans le respect des textes relatifs à la réutilisation des informations publiques.</p>
  </userestrict>
  <acqinfo>
   <p>Versement, don</p>
  </acqinfo>
  <scopecontent>
   <p altrender="links">
    <ref role="IR">Liste des instruments de recherche par notaire : <archref href="FRAN_IR_041256">Minutes et répertoires du notaire notaires divers (13 février 1471 - 3 mai 1577)</archref>
     <archref href="FRAN_IR_041258">Minutes et répertoires du notaire Pierre CHEVALIER (9 novembre
      1479 - 28 mars 1523)</archref>
     <archref href="FRAN_IR_041267">Minutes et répertoires du notaire ROHART (11 avril 1509 - 26
      mars 1510)</archref>
     <archref href="FRAN_IR_041266">Minutes et répertoires du notaire Simon BAUDEQUIN (1er avril
      1483 - 1528)</archref>
     <archref href="FRAN_IR_041269">Minutes et répertoires du notaire Aignan PICHON (26 mai 1509 -
      16 mars 1535)</archref>
     <archref href="FRAN_IR_041268">Minutes et répertoires du notaire Roger ROHART (26 mai 1509 - 13
      novembre 1529)</archref>
     <archref href="FRAN_IR_041270">Minutes et répertoires du notaire Jean BOREAU (20 août 1516 - 28
      mars 1545)</archref>
     <archref href="FRAN_IR_041275">Minutes et répertoires du notaire Claude II BOREAU (1537 -
      1590)</archref>
     <archref href="FRAN_IR_041285">Minutes et répertoires du notaire Pierre CAYARD (octobre 1558 -
      28 mai 1588)</archref>
     <archref href="FRAN_IR_041271">Minutes et répertoires du notaire Philippe BOISSELET (13 mai
      1523 - octobre 1557)</archref>
     <archref href="FRAN_IR_041274">Minutes et répertoires du notaire Nicolas BRAHIER (1535 -
      1551)</archref>
     <archref href="FRAN_IR_041273">Minutes et répertoires du notaire Vincent MAUPEOU (23 mai 1532 -
      1570)</archref>
     <archref href="FRAN_IR_041272">Minutes et répertoires du notaire François BASTONNEAU (26
      janvier 1526 - 18 avril 1549)</archref>
     <archref href="FRAN_IR_041283">Minutes et répertoires du notaire Laurent HAULTDESENS (juin 1552
      - 1596)</archref>
     <archref href="FRAN_IR_041265">Minutes et répertoires du notaire Jean ANGIRARD (janvier 1535 -
      3 décembre 1571)</archref>
     <archref href="FRAN_IR_041286">Minutes et répertoires du notaire François CROISET (29 mars 1559
      - 1602)</archref>
     <archref href="FRAN_IR_041264">Minutes et répertoires du notaire Claude I FRANQUELIN (1541 -
      1579)</archref>
     <archref href="FRAN_IR_041257">Minutes et répertoires du notaire Claude BRESSON (15 février
      1553 - 16 janvier 1559)</archref>
     <archref href="FRAN_IR_041282">Minutes et répertoires du notaire Jean ALART (18 février 1542 -
      25 avril 1575)</archref>
     <archref href="FRAN_IR_041284">Minutes et répertoires du notaire Guillaume SIMON (1554 -
      juillet 1566)</archref>
     <archref href="FRAN_IR_041292">Minutes et répertoires du notaire Quiriace CHAMPY (1561 - 18
      juin 1572)</archref>
     <archref href="FRAN_IR_041293">Minutes et répertoires du notaire Roland HACTE (1570 -
      1575)</archref>
     <archref href="FRAN_IR_041294">Minutes et répertoires du notaire François DARBONNE (1580 -
      1580)</archref>
     <archref href="FRAN_IR_041295">Minutes et répertoires du notaire François CHAUVET (1582 -
      décembre 1594)</archref>
     <archref href="FRAN_IR_041296">Minutes et répertoires du notaire Mathurin NUTRAT (1587 - 6 mars
      1595)</archref>
     <archref href="FRAN_IR_041287">Minutes et répertoires du notaire Guillaume NUTRAT (6 mai 1597 -
      février 1619)</archref>
     <archref href="FRAN_IR_041297">Minutes et répertoires du notaire François NUTRAT (18 février
      1619 - 12 janvier 1622)</archref>
     <archref href="FRAN_IR_041298">Minutes et répertoires du notaire Jean DUPUYS (24 septembre 1616
      - décembre 1621)</archref>
     <archref href="FRAN_IR_041300">Minutes et répertoires du notaire Fiacre JUTET (20 janvier 1622
      - 27 octobre 1632)</archref>
     <archref href="FRAN_IR_041301">Minutes et répertoires du notaire Charles SADRON (9 juin 1633 -
      17 juin 1641)</archref>
     <archref href="FRAN_IR_041302">Minutes et répertoires du notaire Antoine HUART (2 juin 1641 -
      25 avril 1681)</archref>
     <archref href="FRAN_IR_041309">Minutes et répertoires du notaire Alexis COUVREUR (26 avril 1681
      - 26 janvier 1699)</archref>
     <archref href="FRAN_IR_041299">Minutes et répertoires du notaire Antoine NAVARRE (28 février
      1699 - 30 mars 1718)</archref>
     <archref href="FRAN_IR_041311">Minutes et répertoires du notaire Pierre DESPLASSES (2 avril
      1718 - 20 octobre 1738)</archref>
     <archref href="FRAN_IR_041313">Minutes et répertoires du notaire Charles SAUVAIGE (13 novembre
      1738 - décembre 1771)</archref>
     <archref href="FRAN_IR_041316">Minutes et répertoires du notaire Alexandre Philippe SAUVAIGE (4
      janvier 1772 - mars 1790)</archref>
     <archref href="FRAN_IR_041315">Minutes et répertoires du notaire Louis Nicolas GASCHE (24 avril
      1790 - 12 juin 1800)</archref>
     <archref href="FRAN_IR_041310">Minutes et répertoires du notaire Auguste de FAUCOMPRET (13 juin
      1800 - 27 septembre 1814)</archref>
     <archref href="FRAN_IR_041314">Minutes et répertoires du notaire Jacques Louis DEPUILLE (28
      septembre 1814 - 19 décembre 1826)</archref>
     <archref href="FRAN_IR_041312">Minutes et répertoires du notaire Jacques FLORENT (20 décembre
      1826 - 7 novembre 1832)</archref>
     <archref href="FRAN_IR_041317">Minutes et répertoires du notaire Émile FOULD (7 novembre 1832 -
      6 août 1880)</archref>
     <archref href="FRAN_IR_041318">Minutes et répertoires du notaire Félix François Georges
      BERTRAND (6 août 1880 - 26 juin 1902)</archref>
     <archref href="FRAN_IR_041319">Minutes et répertoires du notaire Louis Emile RAFIN (26 juin
      1902 - 16 mars 1906)</archref>
    </ref>
    <ref role="IR">Images des répertoires de l'étude VIII : <archref href="FRAN_IR_053363">Images
      des répertoires du notaire Jean Boreau (6 novembre 1539 - 28 mars 1545)</archref>
     <archref href="FRAN_IR_053651">Images des répertoires du notaire Claude II Boreau (11 septembre
      1539 - 24 avril 1585)</archref>
     <archref href="FRAN_IR_053351">Images des répertoires du notaire Pierre Cayard (4 septembre
      1564 - 31 décembre 1576)</archref>
     <archref href="FRAN_IR_053362">Images des répertoires du notaire Nicolas Brahier (1er avril
      1540 - 29 janvier 1552)</archref>
     <archref href="FRAN_IR_053352">Images des répertoires du notaire François Croiset (2 avril 1559
      - 30 juin 1601)</archref>
     <archref href="FRAN_IR_056694">Images des répertoires du notaire Claude I Franquelin (22
      juillet 1541 - 31 décembre 1579)</archref>
     <archref href="FRAN_IR_053410">Images des répertoires du notaire Roland Hacte (1570 -
      1575)</archref>
     <archref href="FRAN_IR_053178">Images des répertoires du notaire Mathurin Nutrat (1587 -
      1593)</archref>
     <archref href="FRAN_IR_053179">Images des répertoires du notaire Guillaume Nutrat (6 mai 1597 -
      30 juin 1614)</archref>
     <archref href="FRAN_IR_051408">Images des répertoires du notaire Fiacre Jutet (20 janvier 1622
      - 27 octobre 1632)</archref>
     <archref href="FRAN_IR_051230">Images du répertoire du notaire Charles Sadron (13 juin 1633 -
      16 juin 1641)</archref>
     <archref href="FRAN_IR_051424">Images du répertoire du notaire Antoine Huart (17 juin 1641 - 25
      avril 1681)</archref>
     <archref href="FRAN_IR_051533">Images du répertoire du notaire Alexis Couvreur (26 avril 1681 -
      26 janvier 1699)</archref>
     <archref href="FRAN_IR_052755">Images du répertoire du notaire Antoine Navarre (28 février 1699
      - 30 mars 1718)</archref>
     <archref href="FRAN_IR_052815">Images du répertoire du notaire Pierre Desplasses (2 avril 1718
      - 20 octobre 1738)</archref>
     <archref href="FRAN_IR_056701">Images des répertoires du notaire Charles Sauvaige (13 novembre
      1738 - 31 décembre 1771)</archref>
     <archref href="FRAN_IR_056709">Images des répertoires du notaire Alexandre Philippe Sauvaige (4
      janvier 1772 - 12 mars 1790)</archref>
     <archref href="FRAN_IR_053034">Images des répertoires du notaire Louis Nicolas Gasche (4 juin
      1790 - 12 juin 1800)</archref>
     <archref href="FRAN_IR_053026">Images des répertoires du notaire Auguste de Faucompret (13 juin
      1800 - 27 septembre 1814)</archref>
     <archref href="FRAN_IR_053028">Images des répertoires du notaire Jacques Louis Depuille (28
      septembre 1814 - 19 décembre 1826)</archref>
     <archref href="FRAN_IR_056711">Images des répertoires du notaire Jacques Florent (20 décembre
      1826 - 7 novembre 1832)</archref>
     <archref href="FRAN_IR_055579">Images des répertoires du notaire Émile Fould (7 novembre 1832 -
      5 août 1880)</archref>
     <archref href="FRAN_IR_056713">Images des répertoires du notaire Félix François Georges
      Bertrand (6 août 1880 - 18 juillet 1894)</archref>
    </ref>
    <ref role="IR">Liste des instruments de recherche pour les autres archives de l'étude (archives
     privées) : <archref href="FRAN_IR_050294">«Mélanges» (dossiers de clients) de l’étude VIII
      (1371-1940)</archref>
    </ref>
   </p>
  </scopecontent>
  <dsc/>
 </archdesc>
</ead>