<?xml version="1.0" encoding="UTF-8"?><?xml-stylesheet type='text/css' href='ead.css'?>
<ead xmlns:xlink="http://www.w3.org/1999/xlink">
 <eadheader countryencoding="iso3166-1" dateencoding="iso8601" langencoding="iso639-2b" repositoryencoding="iso15511" scriptencoding="iso15924">
  <eadid xlink:type="simple" xlink:href="http://www.siv.archives-nationales.culture.gouv.fr/siv/IR/FRAN_IR_041957">FRAN_IR_041957</eadid>
 <filedesc>
  <titlestmt>
   <titleproper>Archives de l'étude XXXVI</titleproper>
    <subtitle>Répertoire numérique détaillé</subtitle>
    <author>Minutier central des notaires de Paris</author>
   </titlestmt>
   <editionstmt>
    <edition>2e édition électronique</edition>
   </editionstmt>
   <publicationstmt>
   <publisher>Archives nationales</publisher>
    <address>
     <addressline>Paris</addressline>
    </address>
    <date calendar="gregorian" era="ce" normal="2016-01-01 / 2016-12-31">2016</date>
   </publicationstmt>
  </filedesc>
  <profiledesc>
  <creation>Cet instrument de recherche est le résultat de la conversion de la base de données du Minutier central dans le système d'information archivistique des Archives nationales.</creation>
   <langusage>
    <language langcode="fre">Français</language>
   </langusage>
   <descrules>Conforme à la norme ISAD(G) et aux règles d'application de la DTD EAD (version 2002) aux Archives nationales.</descrules>
  </profiledesc>
  <revisiondesc>
   <change>
    <date calendar="gregorian" era="ce" normal="2016-07-26">26 juillet 2016</date>
    <item>Ajout des dates extrêmes aux liens des archives privées.</item>
   </change>
  </revisiondesc>
 </eadheader>
 <frontmatter>
  <div>
   <p/>
  </div>
 </frontmatter>
 <archdesc level="fonds">
 <did>
  <unitid type="identifiant">MC/ET/XXXVI/1 - MC/ET/XXXVI/1442, MC/RE/XXXVI/1 - MC/RE/XXXVI/21, MC/DC/XXXVI/1</unitid>
   <unittitle>Etude XXXVI</unittitle>
   <unitdate calendar="gregorian" era="ce" normal="1523-04-08 / 1938-12-31">8 avril 1523 - 31 décembre 1938</unitdate>
   <origination> <corpname authfilenumber="FRAN_NP_010163">Etude XXXVI</corpname>
   </origination>
   <langmaterial>
    <language langcode="fre">Français</language>
   </langmaterial>
   <repository>Archives nationales de France</repository>
   <physloc>Paris</physloc>
  </did>
  <accessrestrict>
   <p>
    <emph render="bold">Minutes et répertoires : </emph>la loi 2008-696 du 15 juillet 2008 relative aux archives a fixé à 75 ans à compter de la date de l'acte, ou à 25 ans à compter de la date du décès de l'intéressé si ce délai est plus bref, le délai de communication des minutes et répertoires des notaires ; ce délai est porté à 100 ans à compter de la date de l'acte si le document se rapporte à un mineur (code du Patrimoine, articles L213-2, 4e d et 5e). </p>
   <p>
    <emph render="bold">Autres documents de l'étude (dossiers de clients, comptabilité...) : </emph>s'agissant d'archives privées, ces documents sont communicables selon les modalités fixées par le déposant ou le donateur. </p>
   <p>Certains documents ne sont pas accessibles en raison de leur mauvais état de conservation.</p>
  </accessrestrict>
  <userestrict>
   <p>Les documents peuvent être librement reproduits à usage privé du copiste, sous réserve des contraintes liées à leur état matériel et dans le respect des textes relatifs à la réutilisation des informations publiques.</p>
  </userestrict>
  <acqinfo>
   <p>Versement, don</p>
  </acqinfo>
  <scopecontent>
   <p altrender="links">
    <ref role="IR">Liste des instruments de recherche par notaire :<archref href="FRAN_IR_041958">Minutes et répertoires du notaire François HAMELIN (8 avril 1523 - 14 mai 1547)</archref>
     <archref href="FRAN_IR_041959">Minutes et répertoires du notaire François FRENICLE (1547 -
      1567)</archref>
     <archref href="FRAN_IR_041960">Minutes et répertoires du notaire Charles BOURDEREAU (11 juillet
      1558 - 13 avril 1559)</archref>
     <archref href="FRAN_IR_041961">Minutes et répertoires du notaire Charles DUGUÉ (29 mars 1559 -
      20 septembre 1559)</archref>
     <archref href="FRAN_IR_041962">Minutes et répertoires du notaire Nicolas I VASSART (août 1560 -
      1575)</archref>
     <archref href="FRAN_IR_041963">Minutes et répertoires du notaire Jean YVER (1562 - 6 novembre
      1573)</archref>
     <archref href="FRAN_IR_041964">Minutes et répertoires du notaire Ancelot FANIN (21 octobre 1568
      - 1586)</archref>
     <archref href="FRAN_IR_041965">Minutes et répertoires du notaire Gédéon
      DELAISTRE (9 novembre 1573 - 27 juillet 1574)</archref>
     <archref href="FRAN_IR_041966">Minutes et répertoires du notaire Philippe VACHOT (30 septembre
      1586 - 10 décembre 1604)</archref>
     <archref href="FRAN_IR_041967">Minutes et répertoires du notaire Nicolas JOLLY (18 octobre 1590
      - 18 octobre 1631)</archref>
     <archref href="FRAN_IR_041968">Minutes et répertoires du notaire notaires divers (1603 -
      1605)</archref>
     <archref href="FRAN_IR_041969">Minutes et répertoires du notaire Jacques LAISNÉ (10 novembre
      1631 - décembre 1642)</archref>
     <archref href="FRAN_IR_041970">Minutes et répertoires du notaire François CRESPIN (9 janvier
      1643 - 14 juin 1651)</archref>
     <archref href="FRAN_IR_041971">Minutes et répertoires du notaire Martin ANCEAU (19 novembre
      1651 - 13 mars 1666)</archref>
     <archref href="FRAN_IR_041972">Minutes et répertoires du notaire Joachim ROUTIER (23 mars 1666
      - 11 mai 1683)</archref>
     <archref href="FRAN_IR_041973">Minutes et répertoires du notaire Charles TOUVENOT (13 juillet
      1681 - 25 novembre 1721)</archref>
     <archref href="FRAN_IR_041974">Minutes et répertoires du notaire François TOUVENOT (29 novembre
      1721 - 12 mars 1754)</archref>
     <archref href="FRAN_IR_041975">Minutes et répertoires du notaire Antoine TOUVENOT (19 mars 1754
      - 20 juin 1771)</archref>
     <archref href="FRAN_IR_041976">Minutes et répertoires du notaire Jean-Baptiste TRUDON de ROISSY
      (22 juin 1771 - 25 février 1778)</archref>
     <archref href="FRAN_IR_041977">Minutes et répertoires du notaire Louis COLLAS de MARIMON (27
      février 1778 - 20 juillet 1781)</archref>
     <archref href="FRAN_IR_041978">Minutes et répertoires du notaire Denis Charles BONNOMET (21
      juillet 1781 - 3 juillet 1807)</archref>
     <archref href="FRAN_IR_041979">Minutes et répertoires du notaire Charles Louis BÉVILLE (4
      juillet 1807 - 6 janvier 1813)</archref>
     <archref href="FRAN_IR_041980">Minutes et répertoires du notaire René François DESHAYES (7
      janvier 1813 - 16 novembre 1846)</archref>
     <archref href="FRAN_IR_041981">Minutes et répertoires du notaire Jules César TRÉPAGNE (17
      novembre 1846 - 4 juillet 1873)</archref>
     <archref href="FRAN_IR_041982">Minutes et répertoires du notaire Alfred BEZANSON (5 juillet
      1873 - 17 avril 1890)</archref>
     <archref href="FRAN_IR_041983">Minutes et répertoires du notaire Louis Jean Philippe FAUCHEY
      (19 avril 1890 - 22 octobre 1913)</archref>
    </ref>
    <ref role="IR">Images des répertoires de l'étude XXXVI : <archref href="FRAN_IR_051937">Images
      du répertoire du notaire Joachim Routier (mars 1666 - mai 1683)</archref>
     <archref href="FRAN_IR_051934">Images des répertoires du notaire Charles Touvenot (13 juillet
      1681 - 25 novembre 1721)</archref>
     <archref href="FRAN_IR_054268">Images du répertoire du notaire François Touvenot (29 novembre
      1721 - 12 mars 1754)</archref>
     <archref href="FRAN_IR_051931">Images du répertoire du notaire Antoine Touvenot (19 mars 1754 -
      20 juin 1771)</archref>
     <archref href="FRAN_IR_051936">Images du répertoire du notaire Jean-Baptiste Trudon de Roissy
      (22 juin 1771 - 25 février 1778)</archref>
     <archref href="FRAN_IR_051940">Images du répertoire du notaire Louis Collas de Marimon (25
      février 1778 - 19 juillet 1781)</archref>
     <archref href="FRAN_IR_055343">Images des répertoires du notaire Denis Charles Bonnomet (21
      juillet 1781 - 30 juin 1807)</archref>
     <archref href="FRAN_IR_051941">Images du répertoire du notaire Charles Louis Béville (4 juillet
      1807 - 6 janvier 1813)</archref>
     <archref href="FRAN_IR_051939">Images des répertoires du notaire René François Deshayes (7
      janvier 1813 - 16 novembre 1846)</archref>
     <archref href="FRAN_IR_051935">Images des répertoires du notaire Jules César Trépagne (17
      novembre 1846 - 4 juillet 1873)</archref>
     <archref href="FRAN_IR_051942">Images des répertoires du notaire Alfred Bezanson (5 juillet
      1873 - 17 avril 1890)</archref>
     <archref href="FRAN_IR_051938">Images des répertoires du notaire Louis Jean Philippe Fauchey
      (18 avril 1890 - 5 janvier 1899)</archref>
    </ref>
    <ref role="IR">Liste des instruments de recherche pour les autres archives de l'étude (archives
     privées) :<archref href="FRAN_IR_050942">«Mélanges» (dossiers de clients) de l’étude XXXVI.
      MC/ET/XXXVI/148, MC/ET/XXXVI/669, MC/ET/XXXVI/671, MC/ET/XXXVI/777/A-MC/ET/XXXVI/777/F
      (1551-1952)</archref>
     <archref href="FRAN_IR_053868">Dossiers de clients de l'étude XXXVI (1734)</archref>
    </ref>
   </p>
  </scopecontent>
  <dsc/>
 </archdesc>
</ead>