<?xml version="1.0" encoding="UTF-8"?><?xml-stylesheet type='text/css' href='ead.css'?>
<ead xmlns:xlink="http://www.w3.org/1999/xlink">
 <eadheader countryencoding="iso3166-1" dateencoding="iso8601" langencoding="iso639-2b" repositoryencoding="iso15511" scriptencoding="iso15924">
  <eadid xlink:type="simple" xlink:href="http://www.siv.archives-nationales.culture.gouv.fr/siv/IR/FRAN_IR_041437">FRAN_IR_041437</eadid>
  <filedesc>
   <titlestmt>
    <titleproper>Archives de l'étude XV</titleproper>
    <subtitle>Répertoire numérique détaillé</subtitle>
    <author>Minutier central des notaires de Paris</author>
   </titlestmt>
   <editionstmt>
    <edition>2e édition électronique</edition>
   </editionstmt>
   <publicationstmt>
    <publisher>Archives nationales</publisher>
    <address>
     <addressline>Paris</addressline>
    </address>
    <date calendar="gregorian" era="ce" normal="2014-02-03/2014-02-03">3 février 2014</date>
   </publicationstmt>
  </filedesc>
  <profiledesc>
   <creation>Cet instrument de recherche est le résultat de la conversion de la base de données du Minutier central dans le système d'information archivistique des Archives nationales. </creation>
   <langusage>
    <language langcode="fre">Français</language>
   </langusage>
   <descrules>Conforme à la norme ISAD(G) et aux règles d'application de la DTD EAD (version 2002) aux Archives nationales.</descrules>
  </profiledesc>
 </eadheader>
 <frontmatter>
  <div>
   <p/>
  </div>
 </frontmatter>
 <archdesc level="fonds">
 <did>
  <unitid type="identifiant">MC/ET/XV/1 - MC/ET/XV/2734, MC/RE/XV/1 - MC/RE/XV/36</unitid>
   <unittitle>Etude XV</unittitle>
   <unitdate calendar="gregorian" era="ce" normal="1594-01-01 / 1938-12-31">1594 - 1938</unitdate>
   <origination>
    <corpname authfilenumber="FRAN_NP_010142">Etude XV</corpname>
   </origination>
   <langmaterial>
    <language langcode="fre">Français</language>
   </langmaterial>
   <repository>Archives nationales de France</repository>
   <physloc>Paris</physloc>
  </did>
  <accessrestrict>
   <p>
    <emph render="bold">Minutes et répertoires : </emph>la loi 2008-696 du 15 juillet 2008 relative aux archives a fixé à 75 ans à compter de la date de l'acte, ou à 25 ans à compter de la date du décès de l'intéressé si ce délai est plus bref, le délai de communication des minutes et répertoires des notaires ; ce délai est porté à 100 ans à compter de la date de l'acte si le document se rapporte à un mineur (code du Patrimoine, articles L213-2, 4e d et 5e). </p>
   <p>
    <emph render="bold">Autres documents de l'étude (dossiers de clients, comptabilité...) : </emph>s'agissant d'archives privées, ces documents sont communicables selon les modalités fixées par le déposant ou le donateur. </p>
   <p>Certains documents ne sont pas accessibles en raison de leur mauvais état de conservation.</p>
  </accessrestrict>
  <userestrict>
   <p>Les documents peuvent être librement reproduits à usage privé du copiste, sous réserve des contraintes liées à leur état matériel et dans le respect des textes relatifs à la réutilisation des informations publiques.</p>
  </userestrict>
  <acqinfo>
   <p>Versement</p>
  </acqinfo>
  <scopecontent>
   <p altrender="links">
    <ref role="IR">Liste des instruments de recherche par notaire : <archref href="FRAN_IR_041438">Minutes et répertoires du notaire Richard CUVILLIER (1594 - 1630)</archref>
     <archref href="FRAN_IR_041439">Minutes et répertoires du notaire Michel DESPREZ (3 janvier 1631
      - 17 février 1666)</archref>
     <archref href="FRAN_IR_041440">Minutes et répertoires du notaire Adrien DEVIN (20 février 1666
      - 16 mars 1680)</archref>
     <archref href="FRAN_IR_041442">Minutes et répertoires du notaire Artus Jean DESGRANGES (12
      avril 1680 - 4 août 1694)</archref>
     <archref href="FRAN_IR_041441">Minutes et répertoires du notaire Mathieu GAILLARDIE (26 août
      1694 - 9 juillet 1727)</archref>
     <archref href="FRAN_IR_041446">Minutes et répertoires du notaire Étienne Alexandre de VISIGNY
      (12 juillet 1727 - 3 décembre 1738)</archref>
     <archref href="FRAN_IR_041444">Minutes et répertoires du notaire Louis CHOMEL (9 décembre 1738
      - 23 juin 1773)</archref>
     <archref href="FRAN_IR_041445">Minutes et répertoires du notaire Louis Narcisse THIERRION (28
      juin 1773 - 25 janvier 1781)</archref>
     <archref href="FRAN_IR_041443">Minutes et répertoires du notaire Théodore GIRARDIN (30 janvier
      1781 - 26 novembre 1793)</archref>
     <archref href="FRAN_IR_041447">Minutes et répertoires du notaire Claude CHODRON (19 août 1794 -
      22 juin 1836)</archref>
     <archref href="FRAN_IR_041453">Minutes et répertoires du notaire Auguste Henri CHATELAIN (23
      juin 1836 - décembre 1861)</archref>
     <archref href="FRAN_IR_041454">Minutes et répertoires du notaire Gustave ROBIN (3 janvier 1862
      - 15 juillet 1886)</archref>
     <archref href="FRAN_IR_041455">Minutes et répertoires du notaire Maurice Adrien PLICQUE (17
      juillet 1886 - 2 mars 1911)</archref>
    </ref>
    <ref role="IR">Images des répertoires de l'étude XV : <archref href="FRAN_IR_055930">Images du répertoire du notaire Adrien Devin (20 février 1666 - 16 mars 1680)</archref>
     <archref href="FRAN_IR_051807">Images du répertoire du notaire Artus Jean Desgranges (7 janvier
      1691 - 4 août 1694)</archref>
     <archref href="FRAN_IR_051806">Images des répertoires du notaire Mathieu Gaillardie (26 août
      1694 - 25 octobre 1721)</archref>
     <archref href="FRAN_IR_051803">Images du répertoire du notaire Étienne Alexandre de Visigny (12
      juillet 1727 - 13 novembre 1738)</archref>
     <archref href="FRAN_IR_051812">Images des répertoires du notaire Louis Chomel (26 novembre 1738
      - 23 juin 1773)</archref>
     <archref href="FRAN_IR_051802">Images du répertoire du notaire Louis Narcisse Thierrion (28
      juin 1773 - 31 janvier 1781)</archref>
     <archref href="FRAN_IR_051808">Images des répertoires du notaire Théodore Girardin (30 janvier
      1781 - 8 novembre 1793)</archref>
     <archref href="FRAN_IR_051811">Images des répertoires du notaire Claude Chodron (19 août 1794 -
      22 juin 1836)</archref>
     <archref href="FRAN_IR_051810">Images des répertoires du notaire Auguste Henri Chatelain (23
      juin 1836 - 31 décembre 1861)</archref>
     <archref href="FRAN_IR_051804">Images des répertoires du notaire Gustave Robin (3 janvier 1862
      - 15 juillet 1886)</archref>
     <archref href="FRAN_IR_051805">Images des répertoires du notaire Maurice Adrien Plicque (17
      juillet 1886 - 24 avril 1899)</archref>
    </ref>
    <ref role="IR">Liste des instruments de recherche pour les autres archives de l'étude (archives
     privées) : <archref href="FRAN_IR_050350">«Mélanges» (dossiers de clients) de l’étude XV
      (1757-1827)</archref>
    </ref>
   </p>
  </scopecontent>
  <dsc/>
 </archdesc>
</ead>