<?xml version="1.0" encoding="UTF-8"?><?xml-stylesheet type='text/css' href='ead.css'?>
<ead xmlns:xlink="http://www.w3.org/1999/xlink">
 <eadheader countryencoding="iso3166-1" dateencoding="iso8601" langencoding="iso639-2b" repositoryencoding="iso15511" scriptencoding="iso15924">
  <eadid xlink:type="simple" xlink:href="http://www.siv.archives-nationales.culture.gouv.fr/siv/IR/FRAN_IR_042636">FRAN_IR_042636</eadid>
  <filedesc>
   <titlestmt>
    <titleproper>Archives de l'étude LXXIV</titleproper>
    <subtitle>Répertoire numérique détaillé</subtitle>
    <author>Minutier central des notaires de Paris</author>
   </titlestmt>
   <editionstmt>
    <edition>2e édition électronique</edition>
   </editionstmt>
   <publicationstmt>
    <publisher>Archives nationales</publisher>
    <address>
     <addressline>Paris</addressline>
    </address>
    <date calendar="gregorian" era="ce" normal="2015-01-01/2015-12-31">2015</date>
   </publicationstmt>
  </filedesc>
  <profiledesc>
   <creation>Cet instrument de recherche est le résultat de la conversion de la base de données du Minutier central dans le système d'information archivistique des Archives nationales. </creation>
   <langusage>
    <language langcode="fre">Français</language>
   </langusage>
   <descrules>Conforme à la norme ISAD(G) et aux règles d'application de la DTD EAD (version 2002) aux Archives nationales.</descrules>
  </profiledesc>
 </eadheader>
 <frontmatter>
  <div>
   <p/>
  </div>
 </frontmatter>
 <archdesc level="fonds">
 <did>
  <unitid type="identifiant">MC/ET/LXXIV/1 - MC/ET/LXXIV/1274, MC/RE/LXXIV/1 - MC/RE/LXXIV/36</unitid>
   <unittitle>Etude LXXIV</unittitle>
   <unitdate calendar="gregorian" era="ce" normal="1599-01-01/1902-07-12">1599 - 12 juillet 1902</unitdate>
   <origination>
   <corpname authfilenumber="FRAN_NP_010201">Etude LXXIV</corpname>
   </origination>
   <langmaterial>
    <language langcode="fre">Français</language>
   </langmaterial>
   <repository>Archives nationales de France</repository>
   <physloc>Paris</physloc>
  </did>
  <accessrestrict>
   <p>
    <emph render="bold">Minutes et répertoires : </emph>la loi 2008-696 du 15 juillet 2008 relative aux archives a fixé à 75 ans à compter de la date de l'acte, ou à 25 ans à compter de la date du décès de l'intéressé si ce délai est plus bref, le délai de communication des minutes et répertoires des notaires ; ce délai est porté à 100 ans à compter de la date de l'acte si le document se rapporte à un mineur (code du Patrimoine, articles L213-2, 4e d et 5e). 
   </p>
   <p>
    <emph render="bold">Autres documents de l'étude (dossiers de clients, comptabilité...) : </emph>s'agissant d'archives privées, ces documents sont communicables selon les modalités fixées par le déposant ou le donateur. 
   </p>
   <p>Certains documents ne sont pas accessibles en raison de leur mauvais état de conservation.</p>
  </accessrestrict>
  <userestrict>
   <p>Les documents peuvent être librement reproduits à usage privé du copiste, sous réserve des contraintes liées à leur état matériel et dans le respect des textes relatifs à la réutilisation des informations publiques.</p>
  </userestrict>
  <acqinfo>
   <p>Versement, don</p>
  </acqinfo>
  <scopecontent>
   <p altrender="links">
    <ref role="IR">Liste des instruments de recherche par notaire : <archref href="FRAN_IR_042643">Minutes et répertoires du notaire notaires divers (1611 - 1718)</archref>
     <archref href="FRAN_IR_042642">Minutes et répertoires du notaire Jean I DUBOIS (1618 -
      1635)</archref>
     <archref href="FRAN_IR_042640">Minutes et répertoires du notaire Charles NOBLET (1627 -
      1650)</archref>
     <archref href="FRAN_IR_042641">Minutes et répertoires du notaire Jean II DUBOIS (1629 -
      1684)</archref>
     <archref href="FRAN_IR_042647">Minutes et répertoires du notaire Jacques LEBOUC (1637 - 9 juin
      1642)</archref>
     <archref href="FRAN_IR_042637">Minutes et répertoires du notaire Louis BRETTEVILLE (1646 - 15
      novembre 1676)</archref>
     <archref href="FRAN_IR_042646">Minutes et répertoires du notaire François CORNU (16 août 1655 -
      11 juin 1676)</archref>
     <archref href="FRAN_IR_042649">Minutes et répertoires du notaire Michel BLONDIS (16 novembre
      1676 - 24 mars 1682)</archref>
     <archref href="FRAN_IR_042639">Minutes et répertoires du notaire Nicolas OSSY (24 mars 1682 - 3
      octobre 1694)</archref>
     <archref href="FRAN_IR_042638">Minutes et répertoires du notaire Jean CHRÉTIEN (17 novembre
      1694 - 15 février 1737)</archref>
     <archref href="FRAN_IR_042651">Minutes et répertoires du notaire Michel de MARS (1701 -
      1711)</archref>
     <archref href="FRAN_IR_042650">Minutes et répertoires du notaire Nicolas VALLIER (1704 -
      1720)</archref>
     <archref href="FRAN_IR_042655">Minutes et répertoires du notaire Jean GUIGNEBESCHE (16 mars
      1717 - 8 juillet 1729)</archref>
     <archref href="FRAN_IR_042654">Minutes et répertoires du notaire CARRÉ (8 juillet 1729 - 3
      octobre 1734)</archref>
     <archref href="FRAN_IR_042653">Minutes et répertoires du notaire GÉRARD (21 mai 1736 - 16 mars
      1748)</archref>
     <archref href="FRAN_IR_042644">Minutes et répertoires du notaire Robert AUBRY (10 mars 1737 -
      20 mars 1768)</archref>
     <archref href="FRAN_IR_042652">Minutes et répertoires du notaire Julien SIOT (14 mai 1743 - 2
      mai 1785)</archref>
     <archref href="FRAN_IR_042645">Minutes et répertoires du notaire Antoine Xavier HENNEQUIN (21
      juin 1768 - 21 décembre 1790)</archref>
     <archref href="FRAN_IR_042659">Minutes et répertoires du notaire Paul Alphonse BILLARD (2
      janvier 1791 - 3 mai 1803)</archref>
     <archref href="FRAN_IR_042658">Minutes et répertoires du notaire François Lambert BRETON (15
      novembre 1804 - 24 septembre 1812)</archref>
     <archref href="FRAN_IR_042660">Minutes et répertoires du notaire Pierre PRODHOMME (12 janvier
      1813 - 1er octobre 1815)</archref>
     <archref href="FRAN_IR_042661">Minutes et répertoires du notaire Élie DEGUINGAND (19 novembre
      1815 - 27 juillet 1824)</archref>
     <archref href="FRAN_IR_042662">Minutes et répertoires du notaire Charles Maurice LEROUX (28
      juillet 1824 - 1er juillet 1830)</archref>
     <archref href="FRAN_IR_042663">Minutes et répertoires du notaire Bernard Dominique BAZOCHE (1er
      juillet 1830 - 2 novembre 1832)</archref>
     <archref href="FRAN_IR_042664">Minutes et répertoires du notaire Auguste Prosper BALAGNY (3
      novembre 1832 - 5 août 1854)</archref>
     <archref href="FRAN_IR_042665">Minutes et répertoires du notaire Paul BARON (5 août 1854 - 29
      août 1877)</archref>
     <archref href="FRAN_IR_042666">Minutes et répertoires du notaire Edmond SABOT (29 août 1877 -
      12 juillet 1902)</archref>
    </ref>
    <ref role="IR">Images des répertoires de l'étude LXXIV :  <archref href="FRAN_IR_051552">Images du répertoire du notaire Jean Chrétien (17 novembre 1694 - 15 février 1737)</archref>
     <archref href="FRAN_IR_055799">Images des répertoires du notaire Robert Aubry (10 mars 1737 -
      18 septembre 1776)</archref>
     <archref href="FRAN_IR_051597">Images du répertoire du notaire Paul Alphonse Billard (2 janvier
      1791 - 3 mai 1803)</archref>
     <archref href="FRAN_IR_052856">Images des répertoires du notaire François Lambert Breton (23
      novembre 1804 - 16 septembre 1812)</archref>
     <archref href="FRAN_IR_051301">Images du répertoire du notaire Pierre Prodhomme (12 janvier
      1813 - 18 septembre 1815)</archref>
     <archref href="FRAN_IR_051504">Images des répertoires du notaire Élie Deguingand (19 novembre
      1815 - 27 juillet 1824)</archref>
     <archref href="FRAN_IR_051386">Images des répertoires du notaire Charles Maurice Leroux (28
      juillet 1824 - 1er juillet 1830)</archref>
     <archref href="FRAN_IR_051583">Images des répertoires du notaire Bernard Dominique Bazoche (2
      juillet 1830 - 14 juillet 1832)</archref>
     <archref href="FRAN_IR_051571">Images des répertoires du notaire Auguste Prosper Balagny (3
      novembre 1832 - 4 août 1854)</archref>
     <archref href="FRAN_IR_051578">Images des répertoires du notaire Paul Baron (5 août 1854 - 28
      août 1877)</archref>
     <archref href="FRAN_IR_051231">Images des répertoires du notaire Edmond Sabot (29 août 1877 -
      12 juillet 1902)</archref>
    </ref>
    <ref role="IR">Liste des instruments de recherche pour les autres archives de l'étude (archives
     privées) <archref href="FRAN_IR_053959">«Mélanges» (dossiers de clients) de l’étude LXXIV
      (XVIIe-XVIIIe siècles)</archref>
    </ref>
   </p>
  </scopecontent>
  <dsc/>
 </archdesc>
</ead>