<?xml version="1.0" encoding="UTF-8"?><?xml-stylesheet type='text/css' href='ead.css'?>
<ead xmlns:xlink="http://www.w3.org/1999/xlink">
 <eadheader countryencoding="iso3166-1" dateencoding="iso8601" langencoding="iso639-2b" repositoryencoding="iso15511" scriptencoding="iso15924">
  <eadid xlink:type="simple" xlink:href="http://www.siv.archives-nationales.culture.gouv.fr/siv/IR/FRAN_IR_041200">FRAN_IR_041200</eadid>
  <filedesc>
   <titlestmt>
    <titleproper>Archives de l'étude VI</titleproper>
    <subtitle>Répertoire numérique détaillé</subtitle>
    <author>Minutier central des notaires de Paris</author>
   </titlestmt>
   <editionstmt>
    <edition>1ère édition électronique</edition>
   </editionstmt>
   <publicationstmt>
    <publisher>Archives nationales</publisher>
    <address>
     <addressline>Paris</addressline>
    </address>
    <date calendar="gregorian" era="ce" normal="2013-06-18/2013-06-18">18 juin 2013</date>
   </publicationstmt>
  </filedesc>
  <profiledesc>
   <creation>Cet instrument de recherche est le résultat de la conversion de la base de données du Minutier central dans le système d'information archivistique des Archives nationales. </creation>
   <langusage>
    <language langcode="fre">Français</language>
   </langusage>
   <descrules>Conforme à la norme ISAD(G) et aux règles d'application de la DTD EAD (version 2002) aux Archives nationales.</descrules>
  </profiledesc>
 </eadheader>
 <frontmatter>
  <div>
   <p/>
  </div>
 </frontmatter>
 <archdesc level="fonds">
 <did>
  <unitid type="identifiant">MC/ET/VI/1 - MC/ET/VI/1443, MC/RE/VI/1 - MC/RE/VI/33</unitid>
   <unittitle>Etude VI</unittitle>
   <unitdate calendar="gregorian" era="ce" normal="1524-01-01/1899-09-30">1524 - septembre 1899</unitdate>
   <origination>
    <corpname authfilenumber="FRAN_NP_010133">Etude VI</corpname>
   </origination>
   <langmaterial>
    <language langcode="fre">Français</language>
   </langmaterial>
   <repository>Archives nationales de France</repository>
   <physloc>Paris</physloc>
  </did>
  <accessrestrict>
   <p>
    <emph render="bold">Minutes et répertoires : </emph>la loi 2008-696 du 15 juillet 2008 relative aux archives a fixé à 75 ans à compter de la date de l'acte, ou à 25 ans à compter de la date du décès de l'intéressé si ce délai est plus bref, le délai de communication des minutes et répertoires des notaires ; ce délai est porté à 100 ans à compter de la date de l'acte si le document se rapporte à un mineur (code du Patrimoine, articles L213-2, 4e d et 5e). </p>
   <p>
    <emph render="bold">Autres documents de l'étude (dossiers de clients, comptabilité...) : </emph>s'agissant d'archives privées, ces documents sont communicables selon les modalités fixées par le déposant ou le donateur. </p>
   <p>Certains documents ne sont pas accessibles en raison de leur mauvais état de conservation.</p>
  </accessrestrict>
  <userestrict>
   <p>Les documents peuvent être librement reproduits à usage privé du copiste, sous réserve des contraintes liées à leur état matériel et dans le respect des textes relatifs à la réutilisation des informations publiques.</p>
  </userestrict>
  <acqinfo>
   <p>Versement</p>
  </acqinfo>
  <scopecontent>
   <p altrender="links">
    <ref role="IR">Liste des instruments de recherche par notaire : <archref href="FRAN_IR_041201">Minutes et répertoires du notaire Jean de LOUVENCOURT (1524 - 4 août 1561)</archref>
     <archref href="FRAN_IR_041202">Minutes et répertoires du notaire François SARAZIN (janvier 1530
      - 16 mars 1540)</archref>
     <archref href="FRAN_IR_041203">Minutes et répertoires du notaire Étienne BRUSLÉ (10 février
      1542 - 8 novembre 1584)</archref>
     <archref href="FRAN_IR_041204">Minutes et répertoires du
      notaire Pierre TURPIN (28 mars 1543 - 28 janvier 1555)</archref>
     <archref href="FRAN_IR_041205">Minutes et répertoires du notaire Philippe I COTHEREAU (22 mars
      1556 - 3 mai 1588)</archref>
     <archref href="FRAN_IR_041206">Minutes et répertoires du notaire
      Vincent MAUPEOU (22 décembre 1563 - 16 avril 1565)</archref>
     <archref href="FRAN_IR_041207">Minutes et répertoires du notaire François ROSSIGNOL (1572 - 20 juillet 1586)</archref>
     <archref href="FRAN_IR_041208">Minutes et répertoires du notaire Simon de LA BARDE (février
      1588 - 2 septembre 1604)</archref>
     <archref href="FRAN_IR_041209">Minutes et répertoires du notaire Guillaume PAJOT (31 janvier
      1592 - 1er juillet 1605)</archref>
     <archref href="FRAN_IR_041210">Minutes et répertoires du notaire Jacques II PARQUE (24 mai 1603
      - 12 janvier 1640)</archref>
     <archref href="FRAN_IR_041212">Minutes et répertoires du notaire
      Étienne LEROY (avril 1608 - 24 octobre 1644)</archref>
     <archref href="FRAN_IR_041214">Minutes et répertoires du notaire Protais BIGRE (14 juin 1610 -
      22 octobre 1616)</archref>
     <archref href="FRAN_IR_041215">Minutes et répertoires du notaire
      Claude BOUCOT (4 août 1614 - 16 décembre 1648)</archref>
     <archref href="FRAN_IR_041216">Minutes et répertoires du notaire Étienne LANDRY (18 février
      1617 - 4 février 1619)</archref>
     <archref href="FRAN_IR_041211">Minutes et répertoires du notaire Philippe PARQUE (20 janvier
      1640 - 14 janvier 1659)</archref>
     <archref href="FRAN_IR_041213">Minutes et répertoires du
      notaire Jean-Baptiste LEROY (12 décembre 1644 - 1er juillet 1650)</archref>
     <archref href="FRAN_IR_041219">Minutes et répertoires du notaire notaires divers (1648 -
      1684)</archref>
     <archref href="FRAN_IR_041218">Minutes et répertoires du notaire Louis LANGLOIS (18 décembre
      1648 - 20 mars 1660)</archref>
     <archref href="FRAN_IR_041220">Minutes et répertoires du notaire
      Jean GABILLON (8 septembre 1650 - 27 avril 1674)</archref>
     <archref href="FRAN_IR_041221">Minutes et répertoires du notaire Jacques BOURIN (23 mars 1660 - 11 juillet 1666)</archref>
     <archref href="FRAN_IR_041222">Minutes et répertoires du notaire Pierre BIGOT (22 mars 1675 -
      20 août 1681)</archref>
     <archref href="FRAN_IR_041223">Minutes et répertoires du notaire Pierre de CLERSIN (3 octobre
      1681 - décembre 1714)</archref>
     <archref href="FRAN_IR_041224">Minutes et répertoires du notaire Antoine THOMAS (5 janvier 1715
      - 22 décembre 1721)</archref>
     <archref href="FRAN_IR_041225">Minutes et répertoires du notaire Jacques SILVESTRE (21 juin
      1723 - 1er février 1752)</archref>
     <archref href="FRAN_IR_041226">Minutes et répertoires du notaire Abraham Jacques SILVESTRE (2
      février 1752 - 17 novembre 1758)</archref>
     <archref href="FRAN_IR_041227">Minutes et répertoires du notaire Charles DU BARLE (18 novembre
      1758 - 20 novembre 1770)</archref>
     <archref href="FRAN_IR_041228">Minutes et répertoires du notaire Melchior Thomas MORIN (22
      novembre 1770 - 28 août 1805)</archref>
     <archref href="FRAN_IR_041229">Minutes et répertoires du notaire François DELACROIX (29 août
      1805 - 28 novembre 1822)</archref>
     <archref href="FRAN_IR_041230">Minutes et répertoires du notaire Jean-Baptiste GUÉRINET (29
      novembre 1822 - 15 décembre 1831)</archref>
     <archref href="FRAN_IR_041231">Minutes et répertoires du notaire François Paul HUILLIER (15
      décembre 1831 - 24 mars 1863)</archref>
     <archref href="FRAN_IR_041232">Minutes et répertoires du notaire Paul HUILLIER (25 mars 1863 -
      septembre 1899)</archref>
    </ref>
    <ref role="IR">Images des répertoires de l'étude VI : <archref href="FRAN_IR_056726">Images des
      répertoires du notaire Guillaume Pajot (1592 - 1595)</archref>
     <archref href="FRAN_IR_056727">Images des répertoires du notaire Protais Bigre (14 juin 1610 -
      31 décembre 1613)</archref>
     <archref href="FRAN_IR_056392">Images des répertoires du notaire Claude Boucot (2 janvier 1615
      - 16 décembre 1648)</archref>
     <archref href="FRAN_IR_056728">Images du répertoire du notaire Jacques II Parque (1er avril
      1605 - 31 décembre 1639)</archref>
     <archref href="FRAN_IR_051704">Images des répertoires du notaire Philippe Parque (20 janvier
      1640 - 14 janvier 1659)</archref>
     <archref href="FRAN_IR_056730">Images du répertoire du notaire Louis Langlois (18 décembre 1648
      - 20 mars 1660)</archref>
     <archref href="FRAN_IR_051716">Images du répertoire du notaire Jacques Bourin (23 mars 1660 -
      11 juillet 1666)</archref>
     <archref href="FRAN_IR_051719">Images des répertoires du notaire Étienne Leroy (1er avril 1608
      - 24 octobre 1644)</archref>
     <archref href="FRAN_IR_051707">Images du répertoire du notaire Jean-Baptiste Leroy (12 décembre
      1644 - 1er juillet 1650)</archref>
     <archref href="FRAN_IR_051710">Images du répertoire du notaire Jean Gabillon (22 septembre 1650
      - 27 avril 1674)</archref>
     <archref href="FRAN_IR_051715">Images du répertoire du notaire Pierre Bigot (22 mars 1675 - 20
      août 1681)</archref>
     <archref href="FRAN_IR_051714">Images des répertoires du notaire Pierre de Clersin (3 octobre
      1681 - 29 novembre 1714)</archref>
     <archref href="FRAN_IR_056733">Images du répertoire du notaire Jacques Silvestre (21 juin 1723
      - 1er février 1752)</archref>
     <archref href="FRAN_IR_056734">Images du répertoire du notaire Abraham Jacques Silvestre (4
      février 1752 - 17 novembre 1758)</archref>
     <archref href="FRAN_IR_056735">Images des répertoires du notaire Charles Du Barle (18 novembre
      1758 - 18 novembre 1770)</archref>
     <archref href="FRAN_IR_056738">Images des répertoires du notaire Melchior Thomas Morin (22
      novembre 1770 - 28 août 1805)</archref>
     <archref href="FRAN_IR_056746">Images des répertoires du notaire François Delacroix (29 août
      1805 - 28 novembre 1822)</archref>
     <archref href="FRAN_IR_051711">Images des répertoires du notaire Jean-Baptiste Guérinet (29
      novembre 1822 - 21 décembre 1831)</archref>
     <archref href="FRAN_IR_056749">Images des répertoires du notaire François Paul Huillier (15
      décembre 1831 - 24 mars 1863)</archref>
     <archref href="FRAN_IR_051709">Images des répertoires du notaire Paul Huillier (25 mars 1863 -
      30 septembre 1899)</archref>
    </ref>
   </p>
  </scopecontent>
  <dsc/>
 </archdesc>
</ead>