REF;VIDEO
c-100089;LH100\FRDAFAN84_O19800035v0005683_L.jpg
;LH100\FRDAFAN84_O19800035v0005684_L.jpg
;LH100\FRDAFAN84_O19800035v0005685_L.jpg
;LH100\FRDAFAN84_O19800035v0005686_L.jpg
;LH100\FRDAFAN84_O19800035v0005687_L.jpg
;LH100\FRDAFAN84_O19800035v0005688_L.jpg
;LH100\FRDAFAN84_O19800035v0005689_L.jpg
c-100088;LH100\FRDAFAN84_O19800035v0005690_L.jpg
;LH100\FRDAFAN84_O19800035v0005691_L.jpg
;LH100\FRDAFAN84_O19800035v0005692_L.jpg
;LH100\FRDAFAN84_O19800035v0005693_L.jpg
;LH100\FRDAFAN84_O19800035v0005694_L.jpg
;LH100\FRDAFAN84_O19800035v0005695_L.jpg
;LH100\FRDAFAN84_O19800035v0005696_L.jpg
;LH100\FRDAFAN84_O19800035v0005697_L.jpg
;LH100\FRDAFAN84_O19800035v0005698_L.jpg
c-100087;LH100\FRDAFAN84_O19800035v0005699_L.jpg
;LH100\FRDAFAN84_O19800035v0005700_L.jpg
;LH100\FRDAFAN84_O19800035v0005701_L.jpg
;LH100\FRDAFAN84_O19800035v0005702_L.jpg
;LH100\FRDAFAN84_O19800035v0005703_L.jpg
;LH100\FRDAFAN84_O19800035v0005704_L.jpg
;LH100\FRDAFAN84_O19800035v0005705_L.jpg
;LH100\FRDAFAN84_O19800035v0005706_L.jpg
;LH100\FRDAFAN84_O19800035v0005707_L.jpg
;LH100\FRDAFAN84_O19800035v0005708_L.jpg
;LH100\FRDAFAN84_O19800035v0005709_L.jpg
;LH100\FRDAFAN84_O19800035v0005710_L.jpg
;LH100\FRDAFAN84_O19800035v0005711_L.jpg
;LH100\FRDAFAN84_O19800035v0005712_L.jpg
;LH100\FRDAFAN84_O19800035v0005713_L.jpg
c-100086;LH100\FRDAFAN84_O19800035v0005714_L.jpg
;LH100\FRDAFAN84_O19800035v0005715_L.jpg
;LH100\FRDAFAN84_O19800035v0005716_L.jpg
;LH100\FRDAFAN84_O19800035v0005717_L.jpg
;LH100\FRDAFAN84_O19800035v0005718_L.jpg
;LH100\FRDAFAN84_O19800035v0005719_L.jpg
;LH100\FRDAFAN84_O19800035v0005720_L.jpg
;LH100\FRDAFAN84_O19800035v0005721_L.jpg
;LH100\FRDAFAN84_O19800035v0005722_L.jpg
;LH100\FRDAFAN84_O19800035v0005723_L.jpg
c-100085;LH100\FRDAFAN84_O19800035v0005724_L.jpg
;LH100\FRDAFAN84_O19800035v0005725_L.jpg
;LH100\FRDAFAN84_O19800035v0005726_L.jpg
;LH100\FRDAFAN84_O19800035v0005727_L.jpg
;LH100\FRDAFAN84_O19800035v0005728_L.jpg
;LH100\FRDAFAN84_O19800035v0005729_L.jpg
;LH100\FRDAFAN84_O19800035v0005730_L.jpg
;LH100\FRDAFAN84_O19800035v0005731_L.jpg
;LH100\FRDAFAN84_O19800035v0005732_L.jpg
;LH100\FRDAFAN84_O19800035v0005733_L.jpg
;LH100\FRDAFAN84_O19800035v0005734_L.jpg
;LH100\FRDAFAN84_O19800035v0005735_L.jpg
c-100084;LH100\FRDAFAN84_O19800035v0005736_L.jpg
;LH100\FRDAFAN84_O19800035v0005737_L.jpg
;LH100\FRDAFAN84_O19800035v0005738_L.jpg
;LH100\FRDAFAN84_O19800035v0005739_L.jpg
;LH100\FRDAFAN84_O19800035v0005740_L.jpg
;LH100\FRDAFAN84_O19800035v0005741_L.jpg
;LH100\FRDAFAN84_O19800035v0005742_L.jpg
;LH100\FRDAFAN84_O19800035v0005743_L.jpg
;LH100\FRDAFAN84_O19800035v0005744_L.jpg
;LH100\FRDAFAN84_O19800035v0005745_L.jpg
c-100083;LH100\FRDAFAN84_O19800035v0005746_L.jpg
;LH100\FRDAFAN84_O19800035v0005747_L.jpg
;LH100\FRDAFAN84_O19800035v0005748_L.jpg
;LH100\FRDAFAN84_O19800035v0005749_L.jpg
;LH100\FRDAFAN84_O19800035v0005750_L.jpg
;LH100\FRDAFAN84_O19800035v0005751_L.jpg
;LH100\FRDAFAN84_O19800035v0005752_L.jpg
;LH100\FRDAFAN84_O19800035v0005753_L.jpg
;LH100\FRDAFAN84_O19800035v0005754_L.jpg
;LH100\FRDAFAN84_O19800035v0005755_L.jpg
;LH100\FRDAFAN84_O19800035v0005756_L.jpg
;LH100\FRDAFAN84_O19800035v0005757_L.jpg
c-100082;LH100\FRDAFAN84_O19800035v0005758_L.jpg
;LH100\FRDAFAN84_O19800035v0005759_L.jpg
;LH100\FRDAFAN84_O19800035v0005760_L.jpg
;LH100\FRDAFAN84_O19800035v0005761_L.jpg
;LH100\FRDAFAN84_O19800035v0005762_L.jpg
;LH100\FRDAFAN84_O19800035v0005763_L.jpg
;LH100\FRDAFAN84_O19800035v0005764_L.jpg
;LH100\FRDAFAN84_O19800035v0005765_L.jpg
c-100081;LH100\FRDAFAN84_O19800035v0005766_L.jpg
;LH100\FRDAFAN84_O19800035v0005767_L.jpg
;LH100\FRDAFAN84_O19800035v0005768_L.jpg
;LH100\FRDAFAN84_O19800035v0005769_L.jpg
;LH100\FRDAFAN84_O19800035v0005770_L.jpg
;LH100\FRDAFAN84_O19800035v0005771_L.jpg
;LH100\FRDAFAN84_O19800035v0005772_L.jpg
;LH100\FRDAFAN84_O19800035v0005773_L.jpg
;LH100\FRDAFAN84_O19800035v0005774_L.jpg
;LH100\FRDAFAN84_O19800035v0005775_L.jpg
;LH100\FRDAFAN84_O19800035v0005776_L.jpg
;LH100\FRDAFAN84_O19800035v0005777_L.jpg
;LH100\FRDAFAN84_O19800035v0005778_L.jpg
;LH100\FRDAFAN84_O19800035v0005779_L.jpg
;LH100\FRDAFAN84_O19800035v0005780_L.jpg
;LH100\FRDAFAN84_O19800035v0005781_L.jpg
;LH100\FRDAFAN84_O19800035v0005782_L.jpg
;LH100\FRDAFAN84_O19800035v0005783_L.jpg
;LH100\FRDAFAN84_O19800035v0005784_L.jpg
;LH100\FRDAFAN84_O19800035v0005785_L.jpg
;LH100\FRDAFAN84_O19800035v0005786_L.jpg
;LH100\FRDAFAN84_O19800035v0005787_L.jpg
;LH100\FRDAFAN84_O19800035v0005788_L.jpg
;LH100\FRDAFAN84_O19800035v0005789_L.jpg
;LH100\FRDAFAN84_O19800035v0005790_L.jpg
;LH100\FRDAFAN84_O19800035v0005791_L.jpg
;LH100\FRDAFAN84_O19800035v0005792_L.jpg
;LH100\FRDAFAN84_O19800035v0005793_L.jpg
;LH100\FRDAFAN84_O19800035v0005794_L.jpg
;LH100\FRDAFAN84_O19800035v0005795_L.jpg
;LH100\FRDAFAN84_O19800035v0005796_L.jpg
;LH100\FRDAFAN84_O19800035v0005797_L.jpg
;LH100\FRDAFAN84_O19800035v0005798_L.jpg
;LH100\FRDAFAN84_O19800035v0005799_L.jpg
;LH100\FRDAFAN84_O19800035v0005800_L.jpg
;LH100\FRDAFAN84_O19800035v0005801_L.jpg
;LH100\FRDAFAN84_O19800035v0005802_L.jpg
;LH100\FRDAFAN84_O19800035v0005803_L.jpg
;LH100\FRDAFAN84_O19800035v0005804_L.jpg
;LH100\FRDAFAN84_O19800035v0005805_L.jpg
;LH100\FRDAFAN84_O19800035v0005806_L.jpg
;LH100\FRDAFAN84_O19800035v0005807_L.jpg
;LH100\FRDAFAN84_O19800035v0005808_L.jpg
;LH100\FRDAFAN84_O19800035v0005809_L.jpg
;LH100\FRDAFAN84_O19800035v0005810_L.jpg
;LH100\FRDAFAN84_O19800035v0005811_L.jpg
;LH100\FRDAFAN84_O19800035v0005812_L.jpg
c-100080;LH100\FRDAFAN84_O19800035v0005813_L.jpg
;LH100\FRDAFAN84_O19800035v0005814_L.jpg
;LH100\FRDAFAN84_O19800035v0005815_L.jpg
;LH100\FRDAFAN84_O19800035v0005816_L.jpg
;LH100\FRDAFAN84_O19800035v0005817_L.jpg
;LH100\FRDAFAN84_O19800035v0005818_L.jpg
;LH100\FRDAFAN84_O19800035v0005819_L.jpg
;LH100\FRDAFAN84_O19800035v0005820_L.jpg
;LH100\FRDAFAN84_O19800035v0005821_L.jpg
;LH100\FRDAFAN84_O19800035v0005822_L.jpg
;LH100\FRDAFAN84_O19800035v0005823_L.jpg
;LH100\FRDAFAN84_O19800035v0005824_L.jpg
;LH100\FRDAFAN84_O19800035v0005825_L.jpg
;LH100\FRDAFAN84_O19800035v0005826_L.jpg
;LH100\FRDAFAN84_O19800035v0005827_L.jpg
;LH100\FRDAFAN84_O19800035v0005828_L.jpg
;LH100\FRDAFAN84_O19800035v0005829_L.jpg
;LH100\FRDAFAN84_O19800035v0005830_L.jpg
;LH100\FRDAFAN84_O19800035v0005831_L.jpg
;LH100\FRDAFAN84_O19800035v0005832_L.jpg
;LH100\FRDAFAN84_O19800035v0005833_L.jpg
;LH100\FRDAFAN84_O19800035v0005834_L.jpg
;LH100\FRDAFAN84_O19800035v0005835_L.jpg
;LH100\FRDAFAN84_O19800035v0005836_L.jpg
;LH100\FRDAFAN84_O19800035v0005837_L.jpg
;LH100\FRDAFAN84_O19800035v0005838_L.jpg
;LH100\FRDAFAN84_O19800035v0005839_L.jpg
;LH100\FRDAFAN84_O19800035v0005840_L.jpg
;LH100\FRDAFAN84_O19800035v0005841_L.jpg
;LH100\FRDAFAN84_O19800035v0005842_L.jpg
;LH100\FRDAFAN84_O19800035v0005843_L.jpg
;LH100\FRDAFAN84_O19800035v0005844_L.jpg
;LH100\FRDAFAN84_O19800035v0005845_L.jpg
;LH100\FRDAFAN84_O19800035v0005846_L.jpg
;LH100\FRDAFAN84_O19800035v0005847_L.jpg
;LH100\FRDAFAN84_O19800035v0005848_L.jpg
;LH100\FRDAFAN84_O19800035v0005849_L.jpg
;LH100\FRDAFAN84_O19800035v0005850_L.jpg
;LH100\FRDAFAN84_O19800035v0005851_L.jpg
;LH100\FRDAFAN84_O19800035v0005852_L.jpg
;LH100\FRDAFAN84_O19800035v0005853_L.jpg
;LH100\FRDAFAN84_O19800035v0005854_L.jpg
;LH100\FRDAFAN84_O19800035v0005855_L.jpg
c-100079;LH100\FRDAFAN84_O19800035v0005856_L.jpg
;LH100\FRDAFAN84_O19800035v0005857_L.jpg
;LH100\FRDAFAN84_O19800035v0005858_L.jpg
;LH100\FRDAFAN84_O19800035v0005859_L.jpg
;LH100\FRDAFAN84_O19800035v0005860_L.jpg
;LH100\FRDAFAN84_O19800035v0005861_L.jpg
;LH100\FRDAFAN84_O19800035v0005862_L.jpg
;LH100\FRDAFAN84_O19800035v0005863_L.jpg
;LH100\FRDAFAN84_O19800035v0005864_L.jpg
;LH100\FRDAFAN84_O19800035v0005865_L.jpg
;LH100\FRDAFAN84_O19800035v0005866_L.jpg
;LH100\FRDAFAN84_O19800035v0005867_L.jpg
;LH100\FRDAFAN84_O19800035v0005868_L.jpg
;LH100\FRDAFAN84_O19800035v0005869_L.jpg
;LH100\FRDAFAN84_O19800035v0005870_L.jpg
;LH100\FRDAFAN84_O19800035v0005871_L.jpg
;LH100\FRDAFAN84_O19800035v0005872_L.jpg
;LH100\FRDAFAN84_O19800035v0005873_L.jpg
;LH100\FRDAFAN84_O19800035v0005874_L.jpg
;LH100\FRDAFAN84_O19800035v0005875_L.jpg
;LH100\FRDAFAN84_O19800035v0005876_L.jpg
;LH100\FRDAFAN84_O19800035v0005877_L.jpg
;LH100\FRDAFAN84_O19800035v0005878_L.jpg
c-100078;LH100\FRDAFAN84_O19800035v0005879_L.jpg
;LH100\FRDAFAN84_O19800035v0005880_L.jpg
;LH100\FRDAFAN84_O19800035v0005881_L.jpg
;LH100\FRDAFAN84_O19800035v0005882_L.jpg
;LH100\FRDAFAN84_O19800035v0005883_L.jpg
;LH100\FRDAFAN84_O19800035v0005884_L.jpg
;LH100\FRDAFAN84_O19800035v0005885_L.jpg
;LH100\FRDAFAN84_O19800035v0005886_L.jpg
;LH100\FRDAFAN84_O19800035v0005887_L.jpg
;LH100\FRDAFAN84_O19800035v0005888_L.jpg
;LH100\FRDAFAN84_O19800035v0005889_L.jpg
;LH100\FRDAFAN84_O19800035v0005890_L.jpg
;LH100\FRDAFAN84_O19800035v0005891_L.jpg
;LH100\FRDAFAN84_O19800035v0005892_L.jpg
;LH100\FRDAFAN84_O19800035v0005893_L.jpg
;LH100\FRDAFAN84_O19800035v0005894_L.jpg
;LH100\FRDAFAN84_O19800035v0005895_L.jpg
;LH100\FRDAFAN84_O19800035v0005896_L.jpg
;LH100\FRDAFAN84_O19800035v0005897_L.jpg
;LH100\FRDAFAN84_O19800035v0005898_L.jpg
;LH100\FRDAFAN84_O19800035v0005899_L.jpg
;LH100\FRDAFAN84_O19800035v0005900_L.jpg
;LH100\FRDAFAN84_O19800035v0005901_L.jpg
;LH100\FRDAFAN84_O19800035v0005902_L.jpg
;LH100\FRDAFAN84_O19800035v0005903_L.jpg
;LH100\FRDAFAN84_O19800035v0005904_L.jpg
;LH100\FRDAFAN84_O19800035v0005905_L.jpg
;LH100\FRDAFAN84_O19800035v0005906_L.jpg
;LH100\FRDAFAN84_O19800035v0005907_L.jpg
;LH100\FRDAFAN84_O19800035v0005908_L.jpg
;LH100\FRDAFAN84_O19800035v0005909_L.jpg
;LH100\FRDAFAN84_O19800035v0005910_L.jpg
;LH100\FRDAFAN84_O19800035v0005911_L.jpg
;LH100\FRDAFAN84_O19800035v0005912_L.jpg
;LH100\FRDAFAN84_O19800035v0005913_L.jpg
;LH100\FRDAFAN84_O19800035v0005914_L.jpg
;LH100\FRDAFAN84_O19800035v0005915_L.jpg
;LH100\FRDAFAN84_O19800035v0005916_L.jpg
;LH100\FRDAFAN84_O19800035v0005917_L.jpg
c-100077;LH100\FRDAFAN84_O19800035v0005918_L.jpg
;LH100\FRDAFAN84_O19800035v0005919_L.jpg
;LH100\FRDAFAN84_O19800035v0005920_L.jpg
;LH100\FRDAFAN84_O19800035v0005921_L.jpg
;LH100\FRDAFAN84_O19800035v0005922_L.jpg
;LH100\FRDAFAN84_O19800035v0005923_L.jpg
;LH100\FRDAFAN84_O19800035v0005924_L.jpg
;LH100\FRDAFAN84_O19800035v0005925_L.jpg
;LH100\FRDAFAN84_O19800035v0005926_L.jpg
;LH100\FRDAFAN84_O19800035v0005927_L.jpg
;LH100\FRDAFAN84_O19800035v0005928_L.jpg
c-100076;LH100\FRDAFAN84_O19800035v0005929_L.jpg
;LH100\FRDAFAN84_O19800035v0005930_L.jpg
;LH100\FRDAFAN84_O19800035v0005931_L.jpg
;LH100\FRDAFAN84_O19800035v0005932_L.jpg
;LH100\FRDAFAN84_O19800035v0005933_L.jpg
;LH100\FRDAFAN84_O19800035v0005934_L.jpg
;LH100\FRDAFAN84_O19800035v0005935_L.jpg
;LH100\FRDAFAN84_O19800035v0005936_L.jpg
;LH100\FRDAFAN84_O19800035v0005937_L.jpg
;LH100\FRDAFAN84_O19800035v0005938_L.jpg
;LH100\FRDAFAN84_O19800035v0005939_L.jpg
;LH100\FRDAFAN84_O19800035v0005940_L.jpg
;LH100\FRDAFAN84_O19800035v0005941_L.jpg
;LH100\FRDAFAN84_O19800035v0005942_L.jpg
;LH100\FRDAFAN84_O19800035v0005943_L.jpg
;LH100\FRDAFAN84_O19800035v0005944_L.jpg
;LH100\FRDAFAN84_O19800035v0005945_L.jpg
;LH100\FRDAFAN84_O19800035v0005946_L.jpg
;LH100\FRDAFAN84_O19800035v0005947_L.jpg
;LH100\FRDAFAN84_O19800035v0005948_L.jpg
;LH100\FRDAFAN84_O19800035v0005949_L.jpg
c-100075;LH100\FRDAFAN84_O19800035v0005950_L.jpg
;LH100\FRDAFAN84_O19800035v0005951_L.jpg
;LH100\FRDAFAN84_O19800035v0005952_L.jpg
;LH100\FRDAFAN84_O19800035v0005953_L.jpg
;LH100\FRDAFAN84_O19800035v0005954_L.jpg
;LH100\FRDAFAN84_O19800035v0005955_L.jpg
;LH100\FRDAFAN84_O19800035v0005956_L.jpg
;LH100\FRDAFAN84_O19800035v0005957_L.jpg
;LH100\FRDAFAN84_O19800035v0005958_L.jpg
;LH100\FRDAFAN84_O19800035v0005959_L.jpg
;LH100\FRDAFAN84_O19800035v0005960_L.jpg
;LH100\FRDAFAN84_O19800035v0005961_L.jpg
;LH100\FRDAFAN84_O19800035v0005962_L.jpg
;LH100\FRDAFAN84_O19800035v0005963_L.jpg
c-100074;LH100\FRDAFAN84_O19800035v0005964_L.jpg
;LH100\FRDAFAN84_O19800035v0005965_L.jpg
;LH100\FRDAFAN84_O19800035v0005966_L.jpg
;LH100\FRDAFAN84_O19800035v0005967_L.jpg
;LH100\FRDAFAN84_O19800035v0005968_L.jpg
;LH100\FRDAFAN84_O19800035v0005969_L.jpg
;LH100\FRDAFAN84_O19800035v0005970_L.jpg
;LH100\FRDAFAN84_O19800035v0005971_L.jpg
c-100073;LH100\FRDAFAN84_O19800035v0005972_L.jpg
;LH100\FRDAFAN84_O19800035v0005973_L.jpg
;LH100\FRDAFAN84_O19800035v0005974_L.jpg
;LH100\FRDAFAN84_O19800035v0005975_L.jpg
;LH100\FRDAFAN84_O19800035v0005976_L.jpg
;LH100\FRDAFAN84_O19800035v0005977_L.jpg
;LH100\FRDAFAN84_O19800035v0005978_L.jpg
;LH100\FRDAFAN84_O19800035v0005979_L.jpg
;LH100\FRDAFAN84_O19800035v0005980_L.jpg
c-100072;LH100\FRDAFAN84_O19800035v0005981_L.jpg
;LH100\FRDAFAN84_O19800035v0005982_L.jpg
;LH100\FRDAFAN84_O19800035v0005983_L.jpg
;LH100\FRDAFAN84_O19800035v0005984_L.jpg
;LH100\FRDAFAN84_O19800035v0005985_L.jpg
;LH100\FRDAFAN84_O19800035v0005986_L.jpg
;LH100\FRDAFAN84_O19800035v0005987_L.jpg
;LH100\FRDAFAN84_O19800035v0005988_L.jpg
c-100071;LH100\FRDAFAN84_O19800035v0005989_L.jpg
;LH100\FRDAFAN84_O19800035v0005990_L.jpg
;LH100\FRDAFAN84_O19800035v0005991_L.jpg
;LH100\FRDAFAN84_O19800035v0005992_L.jpg
;LH100\FRDAFAN84_O19800035v0005993_L.jpg
;LH100\FRDAFAN84_O19800035v0005994_L.jpg
;LH100\FRDAFAN84_O19800035v0005995_L.jpg
;LH100\FRDAFAN84_O19800035v0005996_L.jpg
c-100070;LH100\FRDAFAN84_O19800035v0005997_L.jpg
;LH100\FRDAFAN84_O19800035v0005998_L.jpg
;LH100\FRDAFAN84_O19800035v0005999_L.jpg
;LH100\FRDAFAN84_O19800035v0006000_L.jpg
;LH100\FRDAFAN84_O19800035v0006001_L.jpg
;LH100\FRDAFAN84_O19800035v0006002_L.jpg
;LH100\FRDAFAN84_O19800035v0006003_L.jpg
;LH100\FRDAFAN84_O19800035v0006004_L.jpg
c-100069;LH100\FRDAFAN84_O19800035v0006005_L.jpg
;LH100\FRDAFAN84_O19800035v0006006_L.jpg
;LH100\FRDAFAN84_O19800035v0006007_L.jpg
;LH100\FRDAFAN84_O19800035v0006008_L.jpg
;LH100\FRDAFAN84_O19800035v0006009_L.jpg
;LH100\FRDAFAN84_O19800035v0006010_L.jpg
;LH100\FRDAFAN84_O19800035v0006011_L.jpg
;LH100\FRDAFAN84_O19800035v0006012_L.jpg
;LH100\FRDAFAN84_O19800035v0006013_L.jpg
c-100068;LH100\FRDAFAN84_O19800035v0006014_L.jpg
;LH100\FRDAFAN84_O19800035v0006015_L.jpg
;LH100\FRDAFAN84_O19800035v0006016_L.jpg
;LH100\FRDAFAN84_O19800035v0006017_L.jpg
;LH100\FRDAFAN84_O19800035v0006018_L.jpg
;LH100\FRDAFAN84_O19800035v0006019_L.jpg
;LH100\FRDAFAN84_O19800035v0006020_L.jpg
;LH100\FRDAFAN84_O19800035v0006021_L.jpg
;LH100\FRDAFAN84_O19800035v0006022_L.jpg
;LH100\FRDAFAN84_O19800035v0006023_L.jpg
;LH100\FRDAFAN84_O19800035v0006024_L.jpg
;LH100\FRDAFAN84_O19800035v0006025_L.jpg
;LH100\FRDAFAN84_O19800035v0006026_L.jpg
;LH100\FRDAFAN84_O19800035v0006027_L.jpg
;LH100\FRDAFAN84_O19800035v0006028_L.jpg
;LH100\FRDAFAN84_O19800035v0006029_L.jpg
;LH100\FRDAFAN84_O19800035v0006030_L.jpg
c-100067;LH100\FRDAFAN84_O19800035v0006031_L.jpg
;LH100\FRDAFAN84_O19800035v0006032_L.jpg
;LH100\FRDAFAN84_O19800035v0006033_L.jpg
;LH100\FRDAFAN84_O19800035v0006034_L.jpg
;LH100\FRDAFAN84_O19800035v0006035_L.jpg
;LH100\FRDAFAN84_O19800035v0006036_L.jpg
;LH100\FRDAFAN84_O19800035v0006037_L.jpg
;LH100\FRDAFAN84_O19800035v0006038_L.jpg
;LH100\FRDAFAN84_O19800035v0006039_L.jpg
;LH100\FRDAFAN84_O19800035v0006040_L.jpg
;LH100\FRDAFAN84_O19800035v0006041_L.jpg
;LH100\FRDAFAN84_O19800035v0006042_L.jpg
;LH100\FRDAFAN84_O19800035v0006043_L.jpg
;LH100\FRDAFAN84_O19800035v0006044_L.jpg
;LH100\FRDAFAN84_O19800035v0006045_L.jpg
;LH100\FRDAFAN84_O19800035v0006046_L.jpg
;LH100\FRDAFAN84_O19800035v0006047_L.jpg
;LH100\FRDAFAN84_O19800035v0006048_L.jpg
;LH100\FRDAFAN84_O19800035v0006049_L.jpg
c-100066;LH100\FRDAFAN84_O19800035v0006050_L.jpg
;LH100\FRDAFAN84_O19800035v0006051_L.jpg
;LH100\FRDAFAN84_O19800035v0006052_L.jpg
;LH100\FRDAFAN84_O19800035v0006053_L.jpg
;LH100\FRDAFAN84_O19800035v0006054_L.jpg
;LH100\FRDAFAN84_O19800035v0006055_L.jpg
;LH100\FRDAFAN84_O19800035v0006056_L.jpg
;LH100\FRDAFAN84_O19800035v0006057_L.jpg
;LH100\FRDAFAN84_O19800035v0006058_L.jpg
;LH100\FRDAFAN84_O19800035v0006059_L.jpg
;LH100\FRDAFAN84_O19800035v0006060_L.jpg
;LH100\FRDAFAN84_O19800035v0006061_L.jpg
;LH100\FRDAFAN84_O19800035v0006062_L.jpg
;LH100\FRDAFAN84_O19800035v0006063_L.jpg
;LH100\FRDAFAN84_O19800035v0006064_L.jpg
;LH100\FRDAFAN84_O19800035v0006065_L.jpg
;LH100\FRDAFAN84_O19800035v0006066_L.jpg
c-100065;LH100\FRDAFAN84_O19800035v0006067_L.jpg
;LH100\FRDAFAN84_O19800035v0006068_L.jpg
;LH100\FRDAFAN84_O19800035v0006069_L.jpg
;LH100\FRDAFAN84_O19800035v0006070_L.jpg
;LH100\FRDAFAN84_O19800035v0006071_L.jpg
;LH100\FRDAFAN84_O19800035v0006072_L.jpg
;LH100\FRDAFAN84_O19800035v0006073_L.jpg
;LH100\FRDAFAN84_O19800035v0006074_L.jpg
;LH100\FRDAFAN84_O19800035v0006075_L.jpg
c-100064;LH100\FRDAFAN84_O19800035v0006076_L.jpg
;LH100\FRDAFAN84_O19800035v0006077_L.jpg
;LH100\FRDAFAN84_O19800035v0006078_L.jpg
;LH100\FRDAFAN84_O19800035v0006079_L.jpg
;LH100\FRDAFAN84_O19800035v0006080_L.jpg
;LH100\FRDAFAN84_O19800035v0006081_L.jpg
;LH100\FRDAFAN84_O19800035v0006082_L.jpg
;LH100\FRDAFAN84_O19800035v0006083_L.jpg
;LH100\FRDAFAN84_O19800035v0006084_L.jpg
;LH100\FRDAFAN84_O19800035v0006085_L.jpg
;LH100\FRDAFAN84_O19800035v0006086_L.jpg
;LH100\FRDAFAN84_O19800035v0006087_L.jpg
;LH100\FRDAFAN84_O19800035v0006088_L.jpg
;LH100\FRDAFAN84_O19800035v0006089_L.jpg
;LH100\FRDAFAN84_O19800035v0006090_L.jpg
;LH100\FRDAFAN84_O19800035v0006091_L.jpg
;LH100\FRDAFAN84_O19800035v0006092_L.jpg
;LH100\FRDAFAN84_O19800035v0006093_L.jpg
c-100063;LH100\FRDAFAN84_O19800035v0006094_L.jpg
;LH100\FRDAFAN84_O19800035v0006095_L.jpg
;LH100\FRDAFAN84_O19800035v0006096_L.jpg
;LH100\FRDAFAN84_O19800035v0006097_L.jpg
;LH100\FRDAFAN84_O19800035v0006098_L.jpg
;LH100\FRDAFAN84_O19800035v0006099_L.jpg
;LH100\FRDAFAN84_O19800035v0006100_L.jpg
;LH100\FRDAFAN84_O19800035v0006101_L.jpg
;LH100\FRDAFAN84_O19800035v0006102_L.jpg
;LH100\FRDAFAN84_O19800035v0006103_L.jpg
;LH100\FRDAFAN84_O19800035v0006104_L.jpg
;LH100\FRDAFAN84_O19800035v0006105_L.jpg
;LH100\FRDAFAN84_O19800035v0006106_L.jpg
;LH100\FRDAFAN84_O19800035v0006107_L.jpg
;LH100\FRDAFAN84_O19800035v0006108_L.jpg
;LH100\FRDAFAN84_O19800035v0006109_L.jpg
;LH100\FRDAFAN84_O19800035v0006110_L.jpg
;LH100\FRDAFAN84_O19800035v0006111_L.jpg
;LH100\FRDAFAN84_O19800035v0006112_L.jpg
;LH100\FRDAFAN84_O19800035v0006113_L.jpg
;LH100\FRDAFAN84_O19800035v0006114_L.jpg
;LH100\FRDAFAN84_O19800035v0006115_L.jpg
c-100062;LH100\FRDAFAN84_O19800035v0006116_L.jpg
;LH100\FRDAFAN84_O19800035v0006117_L.jpg
;LH100\FRDAFAN84_O19800035v0006118_L.jpg
;LH100\FRDAFAN84_O19800035v0006119_L.jpg
;LH100\FRDAFAN84_O19800035v0006120_L.jpg
;LH100\FRDAFAN84_O19800035v0006121_L.jpg
;LH100\FRDAFAN84_O19800035v0006122_L.jpg
;LH100\FRDAFAN84_O19800035v0006123_L.jpg
;LH100\FRDAFAN84_O19800035v0006124_L.jpg
;LH100\FRDAFAN84_O19800035v0006125_L.jpg
;LH100\FRDAFAN84_O19800035v0006126_L.jpg
c-100061;LH100\FRDAFAN84_O19800035v0006127_L.jpg
;LH100\FRDAFAN84_O19800035v0006128_L.jpg
;LH100\FRDAFAN84_O19800035v0006129_L.jpg
;LH100\FRDAFAN84_O19800035v0006130_L.jpg
;LH100\FRDAFAN84_O19800035v0006131_L.jpg
;LH100\FRDAFAN84_O19800035v0006132_L.jpg
;LH100\FRDAFAN84_O19800035v0006133_L.jpg
;LH100\FRDAFAN84_O19800035v0006134_L.jpg
;LH100\FRDAFAN84_O19800035v0006135_L.jpg
c-100060;LH100\FRDAFAN84_O19800035v0006136_L.jpg
;LH100\FRDAFAN84_O19800035v0006137_L.jpg
;LH100\FRDAFAN84_O19800035v0006138_L.jpg
;LH100\FRDAFAN84_O19800035v0006139_L.jpg
;LH100\FRDAFAN84_O19800035v0006140_L.jpg
;LH100\FRDAFAN84_O19800035v0006141_L.jpg
;LH100\FRDAFAN84_O19800035v0006142_L.jpg
;LH100\FRDAFAN84_O19800035v0006143_L.jpg
;LH100\FRDAFAN84_O19800035v0006144_L.jpg
;LH100\FRDAFAN84_O19800035v0006145_L.jpg
;LH100\FRDAFAN84_O19800035v0006146_L.jpg
c-100059;LH100\FRDAFAN84_O19800035v0006147_L.jpg
;LH100\FRDAFAN84_O19800035v0006148_L.jpg
;LH100\FRDAFAN84_O19800035v0006149_L.jpg
;LH100\FRDAFAN84_O19800035v0006150_L.jpg
;LH100\FRDAFAN84_O19800035v0006151_L.jpg
;LH100\FRDAFAN84_O19800035v0006152_L.jpg
;LH100\FRDAFAN84_O19800035v0006153_L.jpg
;LH100\FRDAFAN84_O19800035v0006154_L.jpg
;LH100\FRDAFAN84_O19800035v0006155_L.jpg
;LH100\FRDAFAN84_O19800035v0006156_L.jpg
;LH100\FRDAFAN84_O19800035v0006157_L.jpg
;LH100\FRDAFAN84_O19800035v0006158_L.jpg
;LH100\FRDAFAN84_O19800035v0006159_L.jpg
;LH100\FRDAFAN84_O19800035v0006160_L.jpg
;LH100\FRDAFAN84_O19800035v0006161_L.jpg
;LH100\FRDAFAN84_O19800035v0006162_L.jpg
;LH100\FRDAFAN84_O19800035v0006163_L.jpg
;LH100\FRDAFAN84_O19800035v0006164_L.jpg
;LH100\FRDAFAN84_O19800035v0006165_L.jpg
;LH100\FRDAFAN84_O19800035v0006166_L.jpg
;LH100\FRDAFAN84_O19800035v0006167_L.jpg
;LH100\FRDAFAN84_O19800035v0006168_L.jpg
;LH100\FRDAFAN84_O19800035v0006169_L.jpg
;LH100\FRDAFAN84_O19800035v0006170_L.jpg
;LH100\FRDAFAN84_O19800035v0006171_L.jpg
;LH100\FRDAFAN84_O19800035v0006172_L.jpg
;LH100\FRDAFAN84_O19800035v0006173_L.jpg
;LH100\FRDAFAN84_O19800035v0006174_L.jpg
;LH100\FRDAFAN84_O19800035v0006175_L.jpg
;LH100\FRDAFAN84_O19800035v0006176_L.jpg
;LH100\FRDAFAN84_O19800035v0006177_L.jpg
;LH100\FRDAFAN84_O19800035v0006178_L.jpg
;LH100\FRDAFAN84_O19800035v0006179_L.jpg
;LH100\FRDAFAN84_O19800035v0006180_L.jpg
;LH100\FRDAFAN84_O19800035v0006181_L.jpg
;LH100\FRDAFAN84_O19800035v0006182_L.jpg
;LH100\FRDAFAN84_O19800035v0006183_L.jpg
;LH100\FRDAFAN84_O19800035v0006184_L.jpg
;LH100\FRDAFAN84_O19800035v0006185_L.jpg
c-100058;LH100\FRDAFAN84_O19800035v0006186_L.jpg
;LH100\FRDAFAN84_O19800035v0006187_L.jpg
;LH100\FRDAFAN84_O19800035v0006188_L.jpg
;LH100\FRDAFAN84_O19800035v0006189_L.jpg
;LH100\FRDAFAN84_O19800035v0006190_L.jpg
;LH100\FRDAFAN84_O19800035v0006191_L.jpg
;LH100\FRDAFAN84_O19800035v0006192_L.jpg
;LH100\FRDAFAN84_O19800035v0006193_L.jpg
;LH100\FRDAFAN84_O19800035v0006194_L.jpg
;LH100\FRDAFAN84_O19800035v0006195_L.jpg
;LH100\FRDAFAN84_O19800035v0006196_L.jpg
;LH100\FRDAFAN84_O19800035v0006197_L.jpg
c-100057;LH100\FRDAFAN84_O19800035v0006198_L.jpg
;LH100\FRDAFAN84_O19800035v0006199_L.jpg
;LH100\FRDAFAN84_O19800035v0006200_L.jpg
;LH100\FRDAFAN84_O19800035v0006201_L.jpg
;LH100\FRDAFAN84_O19800035v0006202_L.jpg
;LH100\FRDAFAN84_O19800035v0006203_L.jpg
;LH100\FRDAFAN84_O19800035v0006204_L.jpg
;LH100\FRDAFAN84_O19800035v0006205_L.jpg
;LH100\FRDAFAN84_O19800035v0006206_L.jpg
;LH100\FRDAFAN84_O19800035v0006207_L.jpg
;LH100\FRDAFAN84_O19800035v0006208_L.jpg
;LH100\FRDAFAN84_O19800035v0006209_L.jpg
;LH100\FRDAFAN84_O19800035v0006210_L.jpg
;LH100\FRDAFAN84_O19800035v0006211_L.jpg
;LH100\FRDAFAN84_O19800035v0006212_L.jpg
;LH100\FRDAFAN84_O19800035v0006213_L.jpg
;LH100\FRDAFAN84_O19800035v0006214_L.jpg
;LH100\FRDAFAN84_O19800035v0006215_L.jpg
;LH100\FRDAFAN84_O19800035v0006216_L.jpg
;LH100\FRDAFAN84_O19800035v0006217_L.jpg
;LH100\FRDAFAN84_O19800035v0006218_L.jpg
;LH100\FRDAFAN84_O19800035v0006219_L.jpg
;LH100\FRDAFAN84_O19800035v0006220_L.jpg
;LH100\FRDAFAN84_O19800035v0006221_L.jpg
;LH100\FRDAFAN84_O19800035v0006222_L.jpg
;LH100\FRDAFAN84_O19800035v0006223_L.jpg
;LH100\FRDAFAN84_O19800035v0006224_L.jpg
;LH100\FRDAFAN84_O19800035v0006225_L.jpg
;LH100\FRDAFAN84_O19800035v0006226_L.jpg
;LH100\FRDAFAN84_O19800035v0006227_L.jpg
;LH100\FRDAFAN84_O19800035v0006228_L.jpg
;LH100\FRDAFAN84_O19800035v0006229_L.jpg
;LH100\FRDAFAN84_O19800035v0006230_L.jpg
;LH100\FRDAFAN84_O19800035v0006231_L.jpg
;LH100\FRDAFAN84_O19800035v0006232_L.jpg
;LH100\FRDAFAN84_O19800035v0006233_L.jpg
;LH100\FRDAFAN84_O19800035v0006234_L.jpg
;LH100\FRDAFAN84_O19800035v0006235_L.jpg
;LH100\FRDAFAN84_O19800035v0006236_L.jpg
;LH100\FRDAFAN84_O19800035v0006237_L.jpg
;LH100\FRDAFAN84_O19800035v0006238_L.jpg
;LH100\FRDAFAN84_O19800035v0006239_L.jpg
;LH100\FRDAFAN84_O19800035v0006240_L.jpg
;LH100\FRDAFAN84_O19800035v0006241_L.jpg
;LH100\FRDAFAN84_O19800035v0006242_L.jpg
;LH100\FRDAFAN84_O19800035v0006243_L.jpg
;LH100\FRDAFAN84_O19800035v0006244_L.jpg
;LH100\FRDAFAN84_O19800035v0006245_L.jpg
;LH100\FRDAFAN84_O19800035v0006246_L.jpg
;LH100\FRDAFAN84_O19800035v0006247_L.jpg
;LH100\FRDAFAN84_O19800035v0006248_L.jpg
;LH100\FRDAFAN84_O19800035v0006249_L.jpg
;LH100\FRDAFAN84_O19800035v0006250_L.jpg
c-100056;LH100\FRDAFAN84_O19800035v0006251_L.jpg
;LH100\FRDAFAN84_O19800035v0006252_L.jpg
;LH100\FRDAFAN84_O19800035v0006253_L.jpg
;LH100\FRDAFAN84_O19800035v0006254_L.jpg
;LH100\FRDAFAN84_O19800035v0006255_L.jpg
;LH100\FRDAFAN84_O19800035v0006256_L.jpg
;LH100\FRDAFAN84_O19800035v0006257_L.jpg
;LH100\FRDAFAN84_O19800035v0006258_L.jpg
;LH100\FRDAFAN84_O19800035v0006259_L.jpg
;LH100\FRDAFAN84_O19800035v0006260_L.jpg
;LH100\FRDAFAN84_O19800035v0006261_L.jpg
;LH100\FRDAFAN84_O19800035v0006262_L.jpg
;LH100\FRDAFAN84_O19800035v0006263_L.jpg
;LH100\FRDAFAN84_O19800035v0006264_L.jpg
;LH100\FRDAFAN84_O19800035v0006265_L.jpg
;LH100\FRDAFAN84_O19800035v0006266_L.jpg
;LH100\FRDAFAN84_O19800035v0006267_L.jpg
c-100055;LH100\FRDAFAN84_O19800035v0006268_L.jpg
;LH100\FRDAFAN84_O19800035v0006269_L.jpg
;LH100\FRDAFAN84_O19800035v0006270_L.jpg
;LH100\FRDAFAN84_O19800035v0006271_L.jpg
;LH100\FRDAFAN84_O19800035v0006272_L.jpg
;LH100\FRDAFAN84_O19800035v0006273_L.jpg
;LH100\FRDAFAN84_O19800035v0006274_L.jpg
;LH100\FRDAFAN84_O19800035v0006275_L.jpg
;LH100\FRDAFAN84_O19800035v0006276_L.jpg
;LH100\FRDAFAN84_O19800035v0006277_L.jpg
c-100054;LH100\FRDAFAN84_O19800035v0006278_L.jpg
;LH100\FRDAFAN84_O19800035v0006279_L.jpg
;LH100\FRDAFAN84_O19800035v0006280_L.jpg
;LH100\FRDAFAN84_O19800035v0006281_L.jpg
;LH100\FRDAFAN84_O19800035v0006282_L.jpg
;LH100\FRDAFAN84_O19800035v0006283_L.jpg
;LH100\FRDAFAN84_O19800035v0006284_L.jpg
;LH100\FRDAFAN84_O19800035v0006285_L.jpg
;LH100\FRDAFAN84_O19800035v0006286_L.jpg
;LH100\FRDAFAN84_O19800035v0006287_L.jpg
;LH100\FRDAFAN84_O19800035v0006288_L.jpg
;LH100\FRDAFAN84_O19800035v0006289_L.jpg
;LH100\FRDAFAN84_O19800035v0006290_L.jpg
;LH100\FRDAFAN84_O19800035v0006291_L.jpg
c-100053;LH100\FRDAFAN84_O19800035v0006292_L.jpg
;LH100\FRDAFAN84_O19800035v0006293_L.jpg
;LH100\FRDAFAN84_O19800035v0006294_L.jpg
;LH100\FRDAFAN84_O19800035v0006295_L.jpg
;LH100\FRDAFAN84_O19800035v0006296_L.jpg
;LH100\FRDAFAN84_O19800035v0006297_L.jpg
;LH100\FRDAFAN84_O19800035v0006298_L.jpg
;LH100\FRDAFAN84_O19800035v0006299_L.jpg
;LH100\FRDAFAN84_O19800035v0006300_L.jpg
;LH100\FRDAFAN84_O19800035v0006301_L.jpg
;LH100\FRDAFAN84_O19800035v0006302_L.jpg
;LH100\FRDAFAN84_O19800035v0006303_L.jpg
c-100052;LH100\FRDAFAN84_O19800035v0006304_L.jpg
;LH100\FRDAFAN84_O19800035v0006305_L.jpg
;LH100\FRDAFAN84_O19800035v0006306_L.jpg
;LH100\FRDAFAN84_O19800035v0006307_L.jpg
;LH100\FRDAFAN84_O19800035v0006308_L.jpg
;LH100\FRDAFAN84_O19800035v0006309_L.jpg
;LH100\FRDAFAN84_O19800035v0006310_L.jpg
;LH100\FRDAFAN84_O19800035v0006311_L.jpg
;LH100\FRDAFAN84_O19800035v0006312_L.jpg
;LH100\FRDAFAN84_O19800035v0006313_L.jpg
c-100051;LH100\FRDAFAN84_O19800035v0006314_L.jpg
;LH100\FRDAFAN84_O19800035v0006315_L.jpg
;LH100\FRDAFAN84_O19800035v0006316_L.jpg
;LH100\FRDAFAN84_O19800035v0006317_L.jpg
;LH100\FRDAFAN84_O19800035v0006318_L.jpg
;LH100\FRDAFAN84_O19800035v0006319_L.jpg
;LH100\FRDAFAN84_O19800035v0006320_L.jpg
;LH100\FRDAFAN84_O19800035v0006321_L.jpg
;LH100\FRDAFAN84_O19800035v0006322_L.jpg
;LH100\FRDAFAN84_O19800035v0006323_L.jpg
;LH100\FRDAFAN84_O19800035v0006324_L.jpg
;LH100\FRDAFAN84_O19800035v0006325_L.jpg
;LH100\FRDAFAN84_O19800035v0006326_L.jpg
;LH100\FRDAFAN84_O19800035v0006327_L.jpg
;LH100\FRDAFAN84_O19800035v0006328_L.jpg
;LH100\FRDAFAN84_O19800035v0006329_L.jpg
;LH100\FRDAFAN84_O19800035v0006330_L.jpg
;LH100\FRDAFAN84_O19800035v0006331_L.jpg
c-100050;LH100\FRDAFAN84_O19800035v0006332_L.jpg
;LH100\FRDAFAN84_O19800035v0006333_L.jpg
;LH100\FRDAFAN84_O19800035v0006334_L.jpg
;LH100\FRDAFAN84_O19800035v0006335_L.jpg
;LH100\FRDAFAN84_O19800035v0006336_L.jpg
;LH100\FRDAFAN84_O19800035v0006337_L.jpg
;LH100\FRDAFAN84_O19800035v0006338_L.jpg
;LH100\FRDAFAN84_O19800035v0006339_L.jpg
c-100049;LH100\FRDAFAN84_O19800035v0006340_L.jpg
;LH100\FRDAFAN84_O19800035v0006341_L.jpg
;LH100\FRDAFAN84_O19800035v0006342_L.jpg
;LH100\FRDAFAN84_O19800035v0006343_L.jpg
;LH100\FRDAFAN84_O19800035v0006344_L.jpg
;LH100\FRDAFAN84_O19800035v0006345_L.jpg
;LH100\FRDAFAN84_O19800035v0006346_L.jpg
;LH100\FRDAFAN84_O19800035v0006347_L.jpg
;LH100\FRDAFAN84_O19800035v0006348_L.jpg
;LH100\FRDAFAN84_O19800035v0006349_L.jpg
;LH100\FRDAFAN84_O19800035v0006350_L.jpg
;LH100\FRDAFAN84_O19800035v0006351_L.jpg
c-100048;LH100\FRDAFAN84_O19800035v0006352_L.jpg
;LH100\FRDAFAN84_O19800035v0006353_L.jpg
;LH100\FRDAFAN84_O19800035v0006354_L.jpg
;LH100\FRDAFAN84_O19800035v0006355_L.jpg
;LH100\FRDAFAN84_O19800035v0006356_L.jpg
;LH100\FRDAFAN84_O19800035v0006357_L.jpg
;LH100\FRDAFAN84_O19800035v0006358_L.jpg
;LH100\FRDAFAN84_O19800035v0006359_L.jpg
;LH100\FRDAFAN84_O19800035v0006360_L.jpg
;LH100\FRDAFAN84_O19800035v0006361_L.jpg
;LH100\FRDAFAN84_O19800035v0006362_L.jpg
;LH100\FRDAFAN84_O19800035v0006363_L.jpg
;LH100\FRDAFAN84_O19800035v0006364_L.jpg
;LH100\FRDAFAN84_O19800035v0006365_L.jpg
;LH100\FRDAFAN84_O19800035v0006366_L.jpg
;LH100\FRDAFAN84_O19800035v0006367_L.jpg
;LH100\FRDAFAN84_O19800035v0006368_L.jpg
;LH100\FRDAFAN84_O19800035v0006369_L.jpg
;LH100\FRDAFAN84_O19800035v0006370_L.jpg
;LH100\FRDAFAN84_O19800035v0006371_L.jpg
;LH100\FRDAFAN84_O19800035v0006372_L.jpg
;LH100\FRDAFAN84_O19800035v0006373_L.jpg
;LH100\FRDAFAN84_O19800035v0006374_L.jpg
;LH100\FRDAFAN84_O19800035v0006375_L.jpg
;LH100\FRDAFAN84_O19800035v0006376_L.jpg
;LH100\FRDAFAN84_O19800035v0006377_L.jpg
;LH100\FRDAFAN84_O19800035v0006378_L.jpg
;LH100\FRDAFAN84_O19800035v0006379_L.jpg
c-100047;LH100\FRDAFAN84_O19800035v0006380_L.jpg
;LH100\FRDAFAN84_O19800035v0006381_L.jpg
;LH100\FRDAFAN84_O19800035v0006382_L.jpg
c-100046;LH100\FRDAFAN84_O19800035v0006383_L.jpg
;LH100\FRDAFAN84_O19800035v0006384_L.jpg
;LH100\FRDAFAN84_O19800035v0006385_L.jpg
;LH100\FRDAFAN84_O19800035v0006386_L.jpg
;LH100\FRDAFAN84_O19800035v0006387_L.jpg
;LH100\FRDAFAN84_O19800035v0006388_L.jpg
c-100045;LH100\FRDAFAN84_O19800035v0006389_L.jpg
;LH100\FRDAFAN84_O19800035v0006390_L.jpg
;LH100\FRDAFAN84_O19800035v0006391_L.jpg
;LH100\FRDAFAN84_O19800035v0006392_L.jpg
;LH100\FRDAFAN84_O19800035v0006393_L.jpg
;LH100\FRDAFAN84_O19800035v0006394_L.jpg
;LH100\FRDAFAN84_O19800035v0006395_L.jpg
;LH100\FRDAFAN84_O19800035v0006396_L.jpg
;LH100\FRDAFAN84_O19800035v0006397_L.jpg
;LH100\FRDAFAN84_O19800035v0006398_L.jpg
;LH100\FRDAFAN84_O19800035v0006399_L.jpg
;LH100\FRDAFAN84_O19800035v0006400_L.jpg
c-100044;LH100\FRDAFAN84_O19800035v0006401_L.jpg
;LH100\FRDAFAN84_O19800035v0006402_L.jpg
;LH100\FRDAFAN84_O19800035v0006403_L.jpg
;LH100\FRDAFAN84_O19800035v0006404_L.jpg
;LH100\FRDAFAN84_O19800035v0006405_L.jpg
;LH100\FRDAFAN84_O19800035v0006406_L.jpg
;LH100\FRDAFAN84_O19800035v0006407_L.jpg
;LH100\FRDAFAN84_O19800035v0006408_L.jpg
c-100043;LH100\FRDAFAN84_O19800035v0006409_L.jpg
;LH100\FRDAFAN84_O19800035v0006410_L.jpg
;LH100\FRDAFAN84_O19800035v0006411_L.jpg
;LH100\FRDAFAN84_O19800035v0006412_L.jpg
;LH100\FRDAFAN84_O19800035v0006413_L.jpg
;LH100\FRDAFAN84_O19800035v0006414_L.jpg
;LH100\FRDAFAN84_O19800035v0006415_L.jpg
;LH100\FRDAFAN84_O19800035v0006416_L.jpg
;LH100\FRDAFAN84_O19800035v0006417_L.jpg
;LH100\FRDAFAN84_O19800035v0006418_L.jpg
;LH100\FRDAFAN84_O19800035v0006419_L.jpg
c-100042;LH100\FRDAFAN84_O19800035v0006420_L.jpg
;LH100\FRDAFAN84_O19800035v0006421_L.jpg
;LH100\FRDAFAN84_O19800035v0006422_L.jpg
;LH100\FRDAFAN84_O19800035v0006423_L.jpg
;LH100\FRDAFAN84_O19800035v0006424_L.jpg
;LH100\FRDAFAN84_O19800035v0006425_L.jpg
;LH100\FRDAFAN84_O19800035v0006426_L.jpg
;LH100\FRDAFAN84_O19800035v0006427_L.jpg
;LH100\FRDAFAN84_O19800035v0006428_L.jpg
;LH100\FRDAFAN84_O19800035v0006429_L.jpg
c-100041;LH100\FRDAFAN84_O19800035v0006430_L.jpg
;LH100\FRDAFAN84_O19800035v0006431_L.jpg
;LH100\FRDAFAN84_O19800035v0006432_L.jpg
;LH100\FRDAFAN84_O19800035v0006433_L.jpg
;LH100\FRDAFAN84_O19800035v0006434_L.jpg
;LH100\FRDAFAN84_O19800035v0006435_L.jpg
;LH100\FRDAFAN84_O19800035v0006436_L.jpg
;LH100\FRDAFAN84_O19800035v0006437_L.jpg
;LH100\FRDAFAN84_O19800035v0006438_L.jpg
;LH100\FRDAFAN84_O19800035v0006439_L.jpg
c-100040;LH100\FRDAFAN84_O19800035v0006440_L.jpg
;LH100\FRDAFAN84_O19800035v0006441_L.jpg
;LH100\FRDAFAN84_O19800035v0006442_L.jpg
;LH100\FRDAFAN84_O19800035v0006443_L.jpg
;LH100\FRDAFAN84_O19800035v0006444_L.jpg
;LH100\FRDAFAN84_O19800035v0006445_L.jpg
;LH100\FRDAFAN84_O19800035v0006446_L.jpg
;LH100\FRDAFAN84_O19800035v0006447_L.jpg
;LH100\FRDAFAN84_O19800035v0006448_L.jpg
;LH100\FRDAFAN84_O19800035v0006449_L.jpg
c-100039;LH100\FRDAFAN84_O19800035v0006450_L.jpg
;LH100\FRDAFAN84_O19800035v0006451_L.jpg
;LH100\FRDAFAN84_O19800035v0006452_L.jpg
;LH100\FRDAFAN84_O19800035v0006453_L.jpg
;LH100\FRDAFAN84_O19800035v0006454_L.jpg
;LH100\FRDAFAN84_O19800035v0006455_L.jpg
;LH100\FRDAFAN84_O19800035v0006456_L.jpg
;LH100\FRDAFAN84_O19800035v0006457_L.jpg
;LH100\FRDAFAN84_O19800035v0006458_L.jpg
;LH100\FRDAFAN84_O19800035v0006459_L.jpg
;LH100\FRDAFAN84_O19800035v0006460_L.jpg
;LH100\FRDAFAN84_O19800035v0006461_L.jpg
;LH100\FRDAFAN84_O19800035v0006462_L.jpg
;LH100\FRDAFAN84_O19800035v0006463_L.jpg
;LH100\FRDAFAN84_O19800035v0006464_L.jpg
;LH100\FRDAFAN84_O19800035v0006465_L.jpg
;LH100\FRDAFAN84_O19800035v0006466_L.jpg
;LH100\FRDAFAN84_O19800035v0006467_L.jpg
;LH100\FRDAFAN84_O19800035v0006468_L.jpg
;LH100\FRDAFAN84_O19800035v0006469_L.jpg
;LH100\FRDAFAN84_O19800035v0006470_L.jpg
c-100038;LH100\FRDAFAN84_O19800035v0006471_L.jpg
;LH100\FRDAFAN84_O19800035v0006472_L.jpg
;LH100\FRDAFAN84_O19800035v0006473_L.jpg
;LH100\FRDAFAN84_O19800035v0006474_L.jpg
;LH100\FRDAFAN84_O19800035v0006475_L.jpg
;LH100\FRDAFAN84_O19800035v0006476_L.jpg
c-100037;LH100\FRDAFAN84_O19800035v0006477_L.jpg
;LH100\FRDAFAN84_O19800035v0006478_L.jpg
;LH100\FRDAFAN84_O19800035v0006479_L.jpg
;LH100\FRDAFAN84_O19800035v0006480_L.jpg
;LH100\FRDAFAN84_O19800035v0006481_L.jpg
;LH100\FRDAFAN84_O19800035v0006482_L.jpg
;LH100\FRDAFAN84_O19800035v0006483_L.jpg
;LH100\FRDAFAN84_O19800035v0006484_L.jpg
;LH100\FRDAFAN84_O19800035v0006485_L.jpg
;LH100\FRDAFAN84_O19800035v0006486_L.jpg
;LH100\FRDAFAN84_O19800035v0006487_L.jpg
;LH100\FRDAFAN84_O19800035v0006488_L.jpg
;LH100\FRDAFAN84_O19800035v0006489_L.jpg
;LH100\FRDAFAN84_O19800035v0006490_L.jpg
c-100036;LH100\FRDAFAN84_O19800035v0006491_L.jpg
;LH100\FRDAFAN84_O19800035v0006492_L.jpg
;LH100\FRDAFAN84_O19800035v0006493_L.jpg
;LH100\FRDAFAN84_O19800035v0006494_L.jpg
;LH100\FRDAFAN84_O19800035v0006495_L.jpg
;LH100\FRDAFAN84_O19800035v0006496_L.jpg
;LH100\FRDAFAN84_O19800035v0006497_L.jpg
;LH100\FRDAFAN84_O19800035v0006498_L.jpg
;LH100\FRDAFAN84_O19800035v0006499_L.jpg
;LH100\FRDAFAN84_O19800035v0006500_L.jpg
;LH100\FRDAFAN84_O19800035v0006501_L.jpg
;LH100\FRDAFAN84_O19800035v0006502_L.jpg
;LH100\FRDAFAN84_O19800035v0006503_L.jpg
;LH100\FRDAFAN84_O19800035v0006504_L.jpg
;LH100\FRDAFAN84_O19800035v0006505_L.jpg
;LH100\FRDAFAN84_O19800035v0006506_L.jpg
;LH100\FRDAFAN84_O19800035v0006507_L.jpg
;LH100\FRDAFAN84_O19800035v0006508_L.jpg
;LH100\FRDAFAN84_O19800035v0006509_L.jpg
;LH100\FRDAFAN84_O19800035v0006510_L.jpg
c-100035;LH100\FRDAFAN84_O19800035v0006511_L.jpg
;LH100\FRDAFAN84_O19800035v0006512_L.jpg
;LH100\FRDAFAN84_O19800035v0006513_L.jpg
;LH100\FRDAFAN84_O19800035v0006514_L.jpg
;LH100\FRDAFAN84_O19800035v0006515_L.jpg
;LH100\FRDAFAN84_O19800035v0006516_L.jpg
;LH100\FRDAFAN84_O19800035v0006517_L.jpg
;LH100\FRDAFAN84_O19800035v0006518_L.jpg
;LH100\FRDAFAN84_O19800035v0006519_L.jpg
;LH100\FRDAFAN84_O19800035v0006520_L.jpg
;LH100\FRDAFAN84_O19800035v0006521_L.jpg
;LH100\FRDAFAN84_O19800035v0006522_L.jpg
c-100034;LH100\FRDAFAN84_O19800035v0006523_L.jpg
;LH100\FRDAFAN84_O19800035v0006524_L.jpg
;LH100\FRDAFAN84_O19800035v0006525_L.jpg
;LH100\FRDAFAN84_O19800035v0006526_L.jpg
;LH100\FRDAFAN84_O19800035v0006527_L.jpg
;LH100\FRDAFAN84_O19800035v0006528_L.jpg
;LH100\FRDAFAN84_O19800035v0006529_L.jpg
;LH100\FRDAFAN84_O19800035v0006530_L.jpg
;LH100\FRDAFAN84_O19800035v0006531_L.jpg
;LH100\FRDAFAN84_O19800035v0006532_L.jpg
c-100033;LH100\FRDAFAN84_O19800035v0006533_L.jpg
;LH100\FRDAFAN84_O19800035v0006534_L.jpg
;LH100\FRDAFAN84_O19800035v0006535_L.jpg
;LH100\FRDAFAN84_O19800035v0006536_L.jpg
;LH100\FRDAFAN84_O19800035v0006537_L.jpg
;LH100\FRDAFAN84_O19800035v0006538_L.jpg
;LH100\FRDAFAN84_O19800035v0006539_L.jpg
;LH100\FRDAFAN84_O19800035v0006540_L.jpg
;LH100\FRDAFAN84_O19800035v0006541_L.jpg
;LH100\FRDAFAN84_O19800035v0006542_L.jpg
;LH100\FRDAFAN84_O19800035v0006543_L.jpg
;LH100\FRDAFAN84_O19800035v0006544_L.jpg
;LH100\FRDAFAN84_O19800035v0006545_L.jpg
;LH100\FRDAFAN84_O19800035v0006546_L.jpg
;LH100\FRDAFAN84_O19800035v0006547_L.jpg
;LH100\FRDAFAN84_O19800035v0006548_L.jpg
c-100032;LH100\FRDAFAN84_O19800035v0006549_L.jpg
;LH100\FRDAFAN84_O19800035v0006550_L.jpg
;LH100\FRDAFAN84_O19800035v0006551_L.jpg
;LH100\FRDAFAN84_O19800035v0006552_L.jpg
;LH100\FRDAFAN84_O19800035v0006553_L.jpg
;LH100\FRDAFAN84_O19800035v0006554_L.jpg
;LH100\FRDAFAN84_O19800035v0006555_L.jpg
;LH100\FRDAFAN84_O19800035v0006556_L.jpg
;LH100\FRDAFAN84_O19800035v0006557_L.jpg
;LH100\FRDAFAN84_O19800035v0006558_L.jpg
;LH100\FRDAFAN84_O19800035v0006559_L.jpg
;LH100\FRDAFAN84_O19800035v0006560_L.jpg
;LH100\FRDAFAN84_O19800035v0006561_L.jpg
;LH100\FRDAFAN84_O19800035v0006562_L.jpg
;LH100\FRDAFAN84_O19800035v0006563_L.jpg
;LH100\FRDAFAN84_O19800035v0006564_L.jpg
;LH100\FRDAFAN84_O19800035v0006565_L.jpg
;LH100\FRDAFAN84_O19800035v0006566_L.jpg
;LH100\FRDAFAN84_O19800035v0006567_L.jpg
;LH100\FRDAFAN84_O19800035v0006568_L.jpg
;LH100\FRDAFAN84_O19800035v0006569_L.jpg
;LH100\FRDAFAN84_O19800035v0006570_L.jpg
;LH100\FRDAFAN84_O19800035v0006571_L.jpg
;LH100\FRDAFAN84_O19800035v0006572_L.jpg
;LH100\FRDAFAN84_O19800035v0006573_L.jpg
;LH100\FRDAFAN84_O19800035v0006574_L.jpg
;LH100\FRDAFAN84_O19800035v0006575_L.jpg
;LH100\FRDAFAN84_O19800035v0006576_L.jpg
;LH100\FRDAFAN84_O19800035v0006577_L.jpg
;LH100\FRDAFAN84_O19800035v0006578_L.jpg
;LH100\FRDAFAN84_O19800035v0006579_L.jpg
;LH100\FRDAFAN84_O19800035v0006580_L.jpg
;LH100\FRDAFAN84_O19800035v0006581_L.jpg
;LH100\FRDAFAN84_O19800035v0006582_L.jpg
;LH100\FRDAFAN84_O19800035v0006583_L.jpg
;LH100\FRDAFAN84_O19800035v0006584_L.jpg
;LH100\FRDAFAN84_O19800035v0006585_L.jpg
;LH100\FRDAFAN84_O19800035v0006586_L.jpg
;LH100\FRDAFAN84_O19800035v0006587_L.jpg
;LH100\FRDAFAN84_O19800035v0006588_L.jpg
;LH100\FRDAFAN84_O19800035v0006589_L.jpg
;LH100\FRDAFAN84_O19800035v0006590_L.jpg
;LH100\FRDAFAN84_O19800035v0006591_L.jpg
;LH100\FRDAFAN84_O19800035v0006592_L.jpg
;LH100\FRDAFAN84_O19800035v0006593_L.jpg
;LH100\FRDAFAN84_O19800035v0006594_L.jpg
;LH100\FRDAFAN84_O19800035v0006595_L.jpg
;LH100\FRDAFAN84_O19800035v0006596_L.jpg
;LH100\FRDAFAN84_O19800035v0006597_L.jpg
;LH100\FRDAFAN84_O19800035v0006598_L.jpg
;LH100\FRDAFAN84_O19800035v0006599_L.jpg
;LH100\FRDAFAN84_O19800035v0006600_L.jpg
;LH100\FRDAFAN84_O19800035v0006601_L.jpg
;LH100\FRDAFAN84_O19800035v0006602_L.jpg
;LH100\FRDAFAN84_O19800035v0006603_L.jpg
c-100031;LH100\FRDAFAN84_O19800035v0006604_L.jpg
;LH100\FRDAFAN84_O19800035v0006605_L.jpg
;LH100\FRDAFAN84_O19800035v0006606_L.jpg
;LH100\FRDAFAN84_O19800035v0006607_L.jpg
;LH100\FRDAFAN84_O19800035v0006608_L.jpg
;LH100\FRDAFAN84_O19800035v0006609_L.jpg
;LH100\FRDAFAN84_O19800035v0006610_L.jpg
;LH100\FRDAFAN84_O19800035v0006611_L.jpg
;LH100\FRDAFAN84_O19800035v0006612_L.jpg
;LH100\FRDAFAN84_O19800035v0006613_L.jpg
c-100030;LH100\FRDAFAN84_O19800035v0006614_L.jpg
;LH100\FRDAFAN84_O19800035v0006615_L.jpg
;LH100\FRDAFAN84_O19800035v0006616_L.jpg
;LH100\FRDAFAN84_O19800035v0006617_L.jpg
;LH100\FRDAFAN84_O19800035v0006618_L.jpg
;LH100\FRDAFAN84_O19800035v0006619_L.jpg
;LH100\FRDAFAN84_O19800035v0006620_L.jpg
;LH100\FRDAFAN84_O19800035v0006621_L.jpg
;LH100\FRDAFAN84_O19800035v0006622_L.jpg
;LH100\FRDAFAN84_O19800035v0006623_L.jpg
;LH100\FRDAFAN84_O19800035v0006624_L.jpg
;LH100\FRDAFAN84_O19800035v0006625_L.jpg
;LH100\FRDAFAN84_O19800035v0006626_L.jpg
;LH100\FRDAFAN84_O19800035v0006627_L.jpg
;LH100\FRDAFAN84_O19800035v0006628_L.jpg
;LH100\FRDAFAN84_O19800035v0006629_L.jpg
;LH100\FRDAFAN84_O19800035v0006630_L.jpg
;LH100\FRDAFAN84_O19800035v0006631_L.jpg
;LH100\FRDAFAN84_O19800035v0006632_L.jpg
;LH100\FRDAFAN84_O19800035v0006633_L.jpg
;LH100\FRDAFAN84_O19800035v0006634_L.jpg
;LH100\FRDAFAN84_O19800035v0006635_L.jpg
;LH100\FRDAFAN84_O19800035v0006636_L.jpg
;LH100\FRDAFAN84_O19800035v0006637_L.jpg
;LH100\FRDAFAN84_O19800035v0006638_L.jpg
;LH100\FRDAFAN84_O19800035v0006639_L.jpg
;LH100\FRDAFAN84_O19800035v0006640_L.jpg
;LH100\FRDAFAN84_O19800035v0006641_L.jpg
;LH100\FRDAFAN84_O19800035v0006642_L.jpg
;LH100\FRDAFAN84_O19800035v0006643_L.jpg
;LH100\FRDAFAN84_O19800035v0006644_L.jpg
;LH100\FRDAFAN84_O19800035v0006645_L.jpg
;LH100\FRDAFAN84_O19800035v0006646_L.jpg
c-100029;LH100\FRDAFAN84_O19800035v0006647_L.jpg
;LH100\FRDAFAN84_O19800035v0006648_L.jpg
;LH100\FRDAFAN84_O19800035v0006649_L.jpg
;LH100\FRDAFAN84_O19800035v0006650_L.jpg
;LH100\FRDAFAN84_O19800035v0006651_L.jpg
;LH100\FRDAFAN84_O19800035v0006652_L.jpg
c-100028;LH100\FRDAFAN84_O19800035v0006653_L.jpg
;LH100\FRDAFAN84_O19800035v0006654_L.jpg
;LH100\FRDAFAN84_O19800035v0006655_L.jpg
;LH100\FRDAFAN84_O19800035v0006656_L.jpg
;LH100\FRDAFAN84_O19800035v0006657_L.jpg
;LH100\FRDAFAN84_O19800035v0006658_L.jpg
;LH100\FRDAFAN84_O19800035v0006659_L.jpg
;LH100\FRDAFAN84_O19800035v0006660_L.jpg
c-100027;LH100\FRDAFAN84_O19800035v0006661_L.jpg
;LH100\FRDAFAN84_O19800035v0006662_L.jpg
;LH100\FRDAFAN84_O19800035v0006663_L.jpg
;LH100\FRDAFAN84_O19800035v0006664_L.jpg
;LH100\FRDAFAN84_O19800035v0006665_L.jpg
;LH100\FRDAFAN84_O19800035v0006666_L.jpg
;LH100\FRDAFAN84_O19800035v0006667_L.jpg
c-100026;LH100\FRDAFAN84_O19800035v0006668_L.jpg
;LH100\FRDAFAN84_O19800035v0006669_L.jpg
;LH100\FRDAFAN84_O19800035v0006670_L.jpg
;LH100\FRDAFAN84_O19800035v0006671_L.jpg
;LH100\FRDAFAN84_O19800035v0006672_L.jpg
;LH100\FRDAFAN84_O19800035v0006673_L.jpg
;LH100\FRDAFAN84_O19800035v0006674_L.jpg
;LH100\FRDAFAN84_O19800035v0006675_L.jpg
;LH100\FRDAFAN84_O19800035v0006676_L.jpg
;LH100\FRDAFAN84_O19800035v0006677_L.jpg
;LH100\FRDAFAN84_O19800035v0006678_L.jpg
;LH100\FRDAFAN84_O19800035v0006679_L.jpg
;LH100\FRDAFAN84_O19800035v0006680_L.jpg
;LH100\FRDAFAN84_O19800035v0006681_L.jpg
c-100025;LH100\FRDAFAN84_O19800035v0006682_L.jpg
;LH100\FRDAFAN84_O19800035v0006683_L.jpg
;LH100\FRDAFAN84_O19800035v0006684_L.jpg
;LH100\FRDAFAN84_O19800035v0006685_L.jpg
;LH100\FRDAFAN84_O19800035v0006686_L.jpg
;LH100\FRDAFAN84_O19800035v0006687_L.jpg
;LH100\FRDAFAN84_O19800035v0006688_L.jpg
;LH100\FRDAFAN84_O19800035v0006689_L.jpg
;LH100\FRDAFAN84_O19800035v0006690_L.jpg
;LH100\FRDAFAN84_O19800035v0006691_L.jpg
;LH100\FRDAFAN84_O19800035v0006692_L.jpg
c-100024;LH100\FRDAFAN84_O19800035v0006693_L.jpg
;LH100\FRDAFAN84_O19800035v0006694_L.jpg
;LH100\FRDAFAN84_O19800035v0006695_L.jpg
;LH100\FRDAFAN84_O19800035v0006696_L.jpg
;LH100\FRDAFAN84_O19800035v0006697_L.jpg
;LH100\FRDAFAN84_O19800035v0006698_L.jpg
;LH100\FRDAFAN84_O19800035v0006699_L.jpg
;LH100\FRDAFAN84_O19800035v0006700_L.jpg
;LH100\FRDAFAN84_O19800035v0006701_L.jpg
;LH100\FRDAFAN84_O19800035v0006702_L.jpg
;LH100\FRDAFAN84_O19800035v0006703_L.jpg
;LH100\FRDAFAN84_O19800035v0006704_L.jpg
;LH100\FRDAFAN84_O19800035v0006705_L.jpg
;LH100\FRDAFAN84_O19800035v0006706_L.jpg
;LH100\FRDAFAN84_O19800035v0006707_L.jpg
;LH100\FRDAFAN84_O19800035v0006708_L.jpg
;LH100\FRDAFAN84_O19800035v0006709_L.jpg
;LH100\FRDAFAN84_O19800035v0006710_L.jpg
;LH100\FRDAFAN84_O19800035v0006711_L.jpg
;LH100\FRDAFAN84_O19800035v0006712_L.jpg
;LH100\FRDAFAN84_O19800035v0006713_L.jpg
;LH100\FRDAFAN84_O19800035v0006714_L.jpg
;LH100\FRDAFAN84_O19800035v0006715_L.jpg
;LH100\FRDAFAN84_O19800035v0006716_L.jpg
;LH100\FRDAFAN84_O19800035v0006717_L.jpg
c-100023;LH100\FRDAFAN84_O19800035v0006718_L.jpg
;LH100\FRDAFAN84_O19800035v0006719_L.jpg
;LH100\FRDAFAN84_O19800035v0006720_L.jpg
;LH100\FRDAFAN84_O19800035v0006721_L.jpg
;LH100\FRDAFAN84_O19800035v0006722_L.jpg
c-100022;LH100\FRDAFAN84_O19800035v0006723_L.jpg
;LH100\FRDAFAN84_O19800035v0006724_L.jpg
;LH100\FRDAFAN84_O19800035v0006725_L.jpg
;LH100\FRDAFAN84_O19800035v0006726_L.jpg
;LH100\FRDAFAN84_O19800035v0006727_L.jpg
;LH100\FRDAFAN84_O19800035v0006728_L.jpg
;LH100\FRDAFAN84_O19800035v0006729_L.jpg
;LH100\FRDAFAN84_O19800035v0006730_L.jpg
;LH100\FRDAFAN84_O19800035v0006731_L.jpg
;LH100\FRDAFAN84_O19800035v0006732_L.jpg
;LH100\FRDAFAN84_O19800035v0006733_L.jpg
;LH100\FRDAFAN84_O19800035v0006734_L.jpg
;LH100\FRDAFAN84_O19800035v0006735_L.jpg
;LH100\FRDAFAN84_O19800035v0006736_L.jpg
c-100021;LH100\FRDAFAN84_O19800035v0006737_L.jpg
;LH100\FRDAFAN84_O19800035v0006738_L.jpg
;LH100\FRDAFAN84_O19800035v0006739_L.jpg
;LH100\FRDAFAN84_O19800035v0006740_L.jpg
;LH100\FRDAFAN84_O19800035v0006741_L.jpg
;LH100\FRDAFAN84_O19800035v0006742_L.jpg
;LH100\FRDAFAN84_O19800035v0006743_L.jpg
;LH100\FRDAFAN84_O19800035v0006744_L.jpg
;LH100\FRDAFAN84_O19800035v0006745_L.jpg
;LH100\FRDAFAN84_O19800035v0006746_L.jpg
;LH100\FRDAFAN84_O19800035v0006747_L.jpg
c-100020;LH100\FRDAFAN84_O19800035v0006748_L.jpg
;LH100\FRDAFAN84_O19800035v0006749_L.jpg
;LH100\FRDAFAN84_O19800035v0006750_L.jpg
;LH100\FRDAFAN84_O19800035v0006751_L.jpg
;LH100\FRDAFAN84_O19800035v0006752_L.jpg
;LH100\FRDAFAN84_O19800035v0006753_L.jpg
;LH100\FRDAFAN84_O19800035v0006754_L.jpg
;LH100\FRDAFAN84_O19800035v0006755_L.jpg
;LH100\FRDAFAN84_O19800035v0006756_L.jpg
;LH100\FRDAFAN84_O19800035v0006757_L.jpg
;LH100\FRDAFAN84_O19800035v0006758_L.jpg
;LH100\FRDAFAN84_O19800035v0006759_L.jpg
;LH100\FRDAFAN84_O19800035v0006760_L.jpg
;LH100\FRDAFAN84_O19800035v0006761_L.jpg
;LH100\FRDAFAN84_O19800035v0006762_L.jpg
;LH100\FRDAFAN84_O19800035v0006763_L.jpg
;LH100\FRDAFAN84_O19800035v0006764_L.jpg
;LH100\FRDAFAN84_O19800035v0006765_L.jpg
c-100019;LH100\FRDAFAN84_O19800035v0006766_L.jpg
;LH100\FRDAFAN84_O19800035v0006767_L.jpg
;LH100\FRDAFAN84_O19800035v0006768_L.jpg
;LH100\FRDAFAN84_O19800035v0006769_L.jpg
;LH100\FRDAFAN84_O19800035v0006770_L.jpg
;LH100\FRDAFAN84_O19800035v0006771_L.jpg
c-100018;LH100\FRDAFAN84_O19800035v0006772_L.jpg
;LH100\FRDAFAN84_O19800035v0006773_L.jpg
;LH100\FRDAFAN84_O19800035v0006774_L.jpg
;LH100\FRDAFAN84_O19800035v0006775_L.jpg
;LH100\FRDAFAN84_O19800035v0006776_L.jpg
;LH100\FRDAFAN84_O19800035v0006777_L.jpg
;LH100\FRDAFAN84_O19800035v0006778_L.jpg
;LH100\FRDAFAN84_O19800035v0006779_L.jpg
;LH100\FRDAFAN84_O19800035v0006780_L.jpg
;LH100\FRDAFAN84_O19800035v0006781_L.jpg
;LH100\FRDAFAN84_O19800035v0006782_L.jpg
;LH100\FRDAFAN84_O19800035v0006783_L.jpg
;LH100\FRDAFAN84_O19800035v0006784_L.jpg
;LH100\FRDAFAN84_O19800035v0006785_L.jpg
;LH100\FRDAFAN84_O19800035v0006786_L.jpg
c-100017;LH100\FRDAFAN84_O19800035v0006787_L.jpg
;LH100\FRDAFAN84_O19800035v0006788_L.jpg
;LH100\FRDAFAN84_O19800035v0006789_L.jpg
;LH100\FRDAFAN84_O19800035v0006790_L.jpg
;LH100\FRDAFAN84_O19800035v0006791_L.jpg
;LH100\FRDAFAN84_O19800035v0006792_L.jpg
;LH100\FRDAFAN84_O19800035v0006793_L.jpg
;LH100\FRDAFAN84_O19800035v0006794_L.jpg
;LH100\FRDAFAN84_O19800035v0006795_L.jpg
;LH100\FRDAFAN84_O19800035v0006796_L.jpg
;LH100\FRDAFAN84_O19800035v0006797_L.jpg
;LH100\FRDAFAN84_O19800035v0006798_L.jpg
c-100016;LH100\FRDAFAN84_O19800035v0006799_L.jpg
;LH100\FRDAFAN84_O19800035v0006800_L.jpg
;LH100\FRDAFAN84_O19800035v0006801_L.jpg
;LH100\FRDAFAN84_O19800035v0006802_L.jpg
;LH100\FRDAFAN84_O19800035v0006803_L.jpg
;LH100\FRDAFAN84_O19800035v0006804_L.jpg
;LH100\FRDAFAN84_O19800035v0006805_L.jpg
;LH100\FRDAFAN84_O19800035v0006806_L.jpg
;LH100\FRDAFAN84_O19800035v0006807_L.jpg
;LH100\FRDAFAN84_O19800035v0006808_L.jpg
;LH100\FRDAFAN84_O19800035v0006809_L.jpg
;LH100\FRDAFAN84_O19800035v0006810_L.jpg
;LH100\FRDAFAN84_O19800035v0006811_L.jpg
;LH100\FRDAFAN84_O19800035v0006812_L.jpg
;LH100\FRDAFAN84_O19800035v0006813_L.jpg
;LH100\FRDAFAN84_O19800035v0006814_L.jpg
;LH100\FRDAFAN84_O19800035v0006815_L.jpg
;LH100\FRDAFAN84_O19800035v0006816_L.jpg
;LH100\FRDAFAN84_O19800035v0006817_L.jpg
;LH100\FRDAFAN84_O19800035v0006818_L.jpg
c-100015;LH100\FRDAFAN84_O19800035v0006819_L.jpg
;LH100\FRDAFAN84_O19800035v0006820_L.jpg
;LH100\FRDAFAN84_O19800035v0006821_L.jpg
;LH100\FRDAFAN84_O19800035v0006822_L.jpg
;LH100\FRDAFAN84_O19800035v0006823_L.jpg
;LH100\FRDAFAN84_O19800035v0006824_L.jpg
;LH100\FRDAFAN84_O19800035v0006825_L.jpg
;LH100\FRDAFAN84_O19800035v0006826_L.jpg
;LH100\FRDAFAN84_O19800035v0006827_L.jpg
;LH100\FRDAFAN84_O19800035v0006828_L.jpg
;LH100\FRDAFAN84_O19800035v0006829_L.jpg
c-100014;LH100\FRDAFAN84_O19800035v0006830_L.jpg
;LH100\FRDAFAN84_O19800035v0006831_L.jpg
;LH100\FRDAFAN84_O19800035v0006832_L.jpg
;LH100\FRDAFAN84_O19800035v0006833_L.jpg
;LH100\FRDAFAN84_O19800035v0006834_L.jpg
;LH100\FRDAFAN84_O19800035v0006835_L.jpg
;LH100\FRDAFAN84_O19800035v0006836_L.jpg
;LH100\FRDAFAN84_O19800035v0006837_L.jpg
;LH100\FRDAFAN84_O19800035v0006838_L.jpg
;LH100\FRDAFAN84_O19800035v0006839_L.jpg
;LH100\FRDAFAN84_O19800035v0006840_L.jpg
;LH100\FRDAFAN84_O19800035v0006841_L.jpg
;LH100\FRDAFAN84_O19800035v0006842_L.jpg
;LH100\FRDAFAN84_O19800035v0006843_L.jpg
;LH100\FRDAFAN84_O19800035v0006844_L.jpg
;LH100\FRDAFAN84_O19800035v0006845_L.jpg
;LH100\FRDAFAN84_O19800035v0006846_L.jpg
;LH100\FRDAFAN84_O19800035v0006847_L.jpg
;LH100\FRDAFAN84_O19800035v0006848_L.jpg
;LH100\FRDAFAN84_O19800035v0006849_L.jpg
;LH100\FRDAFAN84_O19800035v0006850_L.jpg
;LH100\FRDAFAN84_O19800035v0006851_L.jpg
;LH100\FRDAFAN84_O19800035v0006852_L.jpg
;LH100\FRDAFAN84_O19800035v0006853_L.jpg
;LH100\FRDAFAN84_O19800035v0006854_L.jpg
;LH100\FRDAFAN84_O19800035v0006855_L.jpg
;LH100\FRDAFAN84_O19800035v0006856_L.jpg
;LH100\FRDAFAN84_O19800035v0006857_L.jpg
;LH100\FRDAFAN84_O19800035v0006858_L.jpg
;LH100\FRDAFAN84_O19800035v0006859_L.jpg
;LH100\FRDAFAN84_O19800035v0006860_L.jpg
;LH100\FRDAFAN84_O19800035v0006861_L.jpg
;LH100\FRDAFAN84_O19800035v0006862_L.jpg
;LH100\FRDAFAN84_O19800035v0006863_L.jpg
;LH100\FRDAFAN84_O19800035v0006864_L.jpg
;LH100\FRDAFAN84_O19800035v0006865_L.jpg
;LH100\FRDAFAN84_O19800035v0006866_L.jpg
c-100013;LH100\FRDAFAN84_O19800035v0006867_L.jpg
;LH100\FRDAFAN84_O19800035v0006868_L.jpg
;LH100\FRDAFAN84_O19800035v0006869_L.jpg
;LH100\FRDAFAN84_O19800035v0006870_L.jpg
;LH100\FRDAFAN84_O19800035v0006871_L.jpg
;LH100\FRDAFAN84_O19800035v0006872_L.jpg
;LH100\FRDAFAN84_O19800035v0006873_L.jpg
;LH100\FRDAFAN84_O19800035v0006874_L.jpg
;LH100\FRDAFAN84_O19800035v0006875_L.jpg
;LH100\FRDAFAN84_O19800035v0006876_L.jpg
c-100012;LH100\FRDAFAN84_O19800035v0006877_L.jpg
;LH100\FRDAFAN84_O19800035v0006878_L.jpg
;LH100\FRDAFAN84_O19800035v0006879_L.jpg
;LH100\FRDAFAN84_O19800035v0006880_L.jpg
;LH100\FRDAFAN84_O19800035v0006881_L.jpg
;LH100\FRDAFAN84_O19800035v0006882_L.jpg
;LH100\FRDAFAN84_O19800035v0006883_L.jpg
;LH100\FRDAFAN84_O19800035v0006884_L.jpg
;LH100\FRDAFAN84_O19800035v0006885_L.jpg
;LH100\FRDAFAN84_O19800035v0006886_L.jpg
;LH100\FRDAFAN84_O19800035v0006887_L.jpg
;LH100\FRDAFAN84_O19800035v0006888_L.jpg
;LH100\FRDAFAN84_O19800035v0006889_L.jpg
;LH100\FRDAFAN84_O19800035v0006890_L.jpg
;LH100\FRDAFAN84_O19800035v0006891_L.jpg
;LH100\FRDAFAN84_O19800035v0006892_L.jpg
;LH100\FRDAFAN84_O19800035v0006893_L.jpg
;LH100\FRDAFAN84_O19800035v0006894_L.jpg
;LH100\FRDAFAN84_O19800035v0006895_L.jpg
;LH100\FRDAFAN84_O19800035v0006896_L.jpg
;LH100\FRDAFAN84_O19800035v0006897_L.jpg
;LH100\FRDAFAN84_O19800035v0006898_L.jpg
;LH100\FRDAFAN84_O19800035v0006899_L.jpg
;LH100\FRDAFAN84_O19800035v0006900_L.jpg
;LH100\FRDAFAN84_O19800035v0006901_L.jpg
;LH100\FRDAFAN84_O19800035v0006902_L.jpg
;LH100\FRDAFAN84_O19800035v0006903_L.jpg
;LH100\FRDAFAN84_O19800035v0006904_L.jpg
c-100011;LH100\FRDAFAN84_O19800035v0006905_L.jpg
;LH100\FRDAFAN84_O19800035v0006906_L.jpg
;LH100\FRDAFAN84_O19800035v0006907_L.jpg
;LH100\FRDAFAN84_O19800035v0006908_L.jpg
;LH100\FRDAFAN84_O19800035v0006909_L.jpg
;LH100\FRDAFAN84_O19800035v0006910_L.jpg
c-100010;LH100\FRDAFAN84_O19800035v0006911_L.jpg
;LH100\FRDAFAN84_O19800035v0006912_L.jpg
;LH100\FRDAFAN84_O19800035v0006913_L.jpg
;LH100\FRDAFAN84_O19800035v0006914_L.jpg
;LH100\FRDAFAN84_O19800035v0006915_L.jpg
;LH100\FRDAFAN84_O19800035v0006916_L.jpg
;LH100\FRDAFAN84_O19800035v0006917_L.jpg
;LH100\FRDAFAN84_O19800035v0006918_L.jpg
;LH100\FRDAFAN84_O19800035v0006919_L.jpg
;LH100\FRDAFAN84_O19800035v0006920_L.jpg
;LH100\FRDAFAN84_O19800035v0006921_L.jpg
;LH100\FRDAFAN84_O19800035v0006922_L.jpg
;LH100\FRDAFAN84_O19800035v0006923_L.jpg
;LH100\FRDAFAN84_O19800035v0006924_L.jpg
;LH100\FRDAFAN84_O19800035v0006925_L.jpg
;LH100\FRDAFAN84_O19800035v0006926_L.jpg
;LH100\FRDAFAN84_O19800035v0006927_L.jpg
;LH100\FRDAFAN84_O19800035v0006928_L.jpg
;LH100\FRDAFAN84_O19800035v0006929_L.jpg
;LH100\FRDAFAN84_O19800035v0006930_L.jpg
;LH100\FRDAFAN84_O19800035v0006931_L.jpg
;LH100\FRDAFAN84_O19800035v0006932_L.jpg
;LH100\FRDAFAN84_O19800035v0006933_L.jpg
;LH100\FRDAFAN84_O19800035v0006934_L.jpg
;LH100\FRDAFAN84_O19800035v0006935_L.jpg
c-100009;LH100\FRDAFAN84_O19800035v0006936_L.jpg
;LH100\FRDAFAN84_O19800035v0006937_L.jpg
;LH100\FRDAFAN84_O19800035v0006938_L.jpg
;LH100\FRDAFAN84_O19800035v0006939_L.jpg
;LH100\FRDAFAN84_O19800035v0006940_L.jpg
;LH100\FRDAFAN84_O19800035v0006941_L.jpg
;LH100\FRDAFAN84_O19800035v0006942_L.jpg
;LH100\FRDAFAN84_O19800035v0006943_L.jpg
;LH100\FRDAFAN84_O19800035v0006944_L.jpg
;LH100\FRDAFAN84_O19800035v0006945_L.jpg
;LH100\FRDAFAN84_O19800035v0006946_L.jpg
;LH100\FRDAFAN84_O19800035v0006947_L.jpg
;LH100\FRDAFAN84_O19800035v0006948_L.jpg
;LH100\FRDAFAN84_O19800035v0006949_L.jpg
;LH100\FRDAFAN84_O19800035v0006950_L.jpg
;LH100\FRDAFAN84_O19800035v0006951_L.jpg
;LH100\FRDAFAN84_O19800035v0006952_L.jpg
;LH100\FRDAFAN84_O19800035v0006953_L.jpg
;LH100\FRDAFAN84_O19800035v0006954_L.jpg
c-100008;LH100\FRDAFAN84_O19800035v0006955_L.jpg
;LH100\FRDAFAN84_O19800035v0006956_L.jpg
;LH100\FRDAFAN84_O19800035v0006957_L.jpg
;LH100\FRDAFAN84_O19800035v0006958_L.jpg
;LH100\FRDAFAN84_O19800035v0006959_L.jpg
;LH100\FRDAFAN84_O19800035v0006960_L.jpg
;LH100\FRDAFAN84_O19800035v0006961_L.jpg
;LH100\FRDAFAN84_O19800035v0006962_L.jpg
;LH100\FRDAFAN84_O19800035v0006963_L.jpg
;LH100\FRDAFAN84_O19800035v0006964_L.jpg
c-100007;LH100\FRDAFAN84_O19800035v0006965_L.jpg
;LH100\FRDAFAN84_O19800035v0006966_L.jpg
;LH100\FRDAFAN84_O19800035v0006967_L.jpg
;LH100\FRDAFAN84_O19800035v0006968_L.jpg
;LH100\FRDAFAN84_O19800035v0006969_L.jpg
;LH100\FRDAFAN84_O19800035v0006970_L.jpg
;LH100\FRDAFAN84_O19800035v0006971_L.jpg
;LH100\FRDAFAN84_O19800035v0006972_L.jpg
;LH100\FRDAFAN84_O19800035v0006973_L.jpg
c-100006;LH100\FRDAFAN84_O19800035v0006974_L.jpg
;LH100\FRDAFAN84_O19800035v0006975_L.jpg
;LH100\FRDAFAN84_O19800035v0006976_L.jpg
;LH100\FRDAFAN84_O19800035v0006977_L.jpg
;LH100\FRDAFAN84_O19800035v0006978_L.jpg
;LH100\FRDAFAN84_O19800035v0006979_L.jpg
;LH100\FRDAFAN84_O19800035v0006980_L.jpg
;LH100\FRDAFAN84_O19800035v0006981_L.jpg
;LH100\FRDAFAN84_O19800035v0006982_L.jpg
;LH100\FRDAFAN84_O19800035v0006983_L.jpg
;LH100\FRDAFAN84_O19800035v0006984_L.jpg
;LH100\FRDAFAN84_O19800035v0006985_L.jpg
;LH100\FRDAFAN84_O19800035v0006986_L.jpg
;LH100\FRDAFAN84_O19800035v0006987_L.jpg
;LH100\FRDAFAN84_O19800035v0006988_L.jpg
;LH100\FRDAFAN84_O19800035v0006989_L.jpg
;LH100\FRDAFAN84_O19800035v0006990_L.jpg
;LH100\FRDAFAN84_O19800035v0006991_L.jpg
;LH100\FRDAFAN84_O19800035v0006992_L.jpg
;LH100\FRDAFAN84_O19800035v0006993_L.jpg
;LH100\FRDAFAN84_O19800035v0006994_L.jpg
;LH100\FRDAFAN84_O19800035v0006995_L.jpg
;LH100\FRDAFAN84_O19800035v0006996_L.jpg
c-100005;LH100\FRDAFAN84_O19800035v0006997_L.jpg
;LH100\FRDAFAN84_O19800035v0006998_L.jpg
;LH100\FRDAFAN84_O19800035v0006999_L.jpg
;LH100\FRDAFAN84_O19800035v0007000_L.jpg
;LH100\FRDAFAN84_O19800035v0007001_L.jpg
;LH100\FRDAFAN84_O19800035v0007002_L.jpg
;LH100\FRDAFAN84_O19800035v0007003_L.jpg
;LH100\FRDAFAN84_O19800035v0007004_L.jpg
;LH100\FRDAFAN84_O19800035v0007005_L.jpg
;LH100\FRDAFAN84_O19800035v0007006_L.jpg
;LH100\FRDAFAN84_O19800035v0007007_L.jpg
;LH100\FRDAFAN84_O19800035v0007008_L.jpg
;LH100\FRDAFAN84_O19800035v0007009_L.jpg
;LH100\FRDAFAN84_O19800035v0007010_L.jpg
;LH100\FRDAFAN84_O19800035v0007011_L.jpg
;LH100\FRDAFAN84_O19800035v0007012_L.jpg
;LH100\FRDAFAN84_O19800035v0007013_L.jpg
;LH100\FRDAFAN84_O19800035v0007014_L.jpg
;LH100\FRDAFAN84_O19800035v0007015_L.jpg
;LH100\FRDAFAN84_O19800035v0007016_L.jpg
;LH100\FRDAFAN84_O19800035v0007017_L.jpg
;LH100\FRDAFAN84_O19800035v0007018_L.jpg
;LH100\FRDAFAN84_O19800035v0007019_L.jpg
;LH100\FRDAFAN84_O19800035v0007020_L.jpg
;LH100\FRDAFAN84_O19800035v0007021_L.jpg
;LH100\FRDAFAN84_O19800035v0007022_L.jpg
;LH100\FRDAFAN84_O19800035v0007023_L.jpg
;LH100\FRDAFAN84_O19800035v0007024_L.jpg
c-100004;LH100\FRDAFAN84_O19800035v0007025_L.jpg
;LH100\FRDAFAN84_O19800035v0007026_L.jpg
;LH100\FRDAFAN84_O19800035v0007027_L.jpg
;LH100\FRDAFAN84_O19800035v0007028_L.jpg
;LH100\FRDAFAN84_O19800035v0007029_L.jpg
;LH100\FRDAFAN84_O19800035v0007030_L.jpg
;LH100\FRDAFAN84_O19800035v0007031_L.jpg
;LH100\FRDAFAN84_O19800035v0007032_L.jpg
;LH100\FRDAFAN84_O19800035v0007033_L.jpg
;LH100\FRDAFAN84_O19800035v0007034_L.jpg
;LH100\FRDAFAN84_O19800035v0007035_L.jpg
;LH100\FRDAFAN84_O19800035v0007036_L.jpg
;LH100\FRDAFAN84_O19800035v0007037_L.jpg
;LH100\FRDAFAN84_O19800035v0007038_L.jpg
;LH100\FRDAFAN84_O19800035v0007039_L.jpg
;LH100\FRDAFAN84_O19800035v0007040_L.jpg
;LH100\FRDAFAN84_O19800035v0007041_L.jpg
;LH100\FRDAFAN84_O19800035v0007042_L.jpg
;LH100\FRDAFAN84_O19800035v0007043_L.jpg
;LH100\FRDAFAN84_O19800035v0007044_L.jpg
;LH100\FRDAFAN84_O19800035v0007045_L.jpg
;LH100\FRDAFAN84_O19800035v0007046_L.jpg
;LH100\FRDAFAN84_O19800035v0007047_L.jpg
;LH100\FRDAFAN84_O19800035v0007048_L.jpg
;LH100\FRDAFAN84_O19800035v0007049_L.jpg
;LH100\FRDAFAN84_O19800035v0007050_L.jpg
;LH100\FRDAFAN84_O19800035v0007051_L.jpg
;LH100\FRDAFAN84_O19800035v0007052_L.jpg
;LH100\FRDAFAN84_O19800035v0007053_L.jpg
;LH100\FRDAFAN84_O19800035v0007054_L.jpg
;LH100\FRDAFAN84_O19800035v0007055_L.jpg
;LH100\FRDAFAN84_O19800035v0007056_L.jpg
;LH100\FRDAFAN84_O19800035v0007057_L.jpg
;LH100\FRDAFAN84_O19800035v0007058_L.jpg
;LH100\FRDAFAN84_O19800035v0007059_L.jpg
;LH100\FRDAFAN84_O19800035v0007060_L.jpg
;LH100\FRDAFAN84_O19800035v0007061_L.jpg
;LH100\FRDAFAN84_O19800035v0007062_L.jpg
;LH100\FRDAFAN84_O19800035v0007063_L.jpg
;LH100\FRDAFAN84_O19800035v0007064_L.jpg
;LH100\FRDAFAN84_O19800035v0007065_L.jpg
;LH100\FRDAFAN84_O19800035v0007066_L.jpg
;LH100\FRDAFAN84_O19800035v0007067_L.jpg
;LH100\FRDAFAN84_O19800035v0007068_L.jpg
c-100003;LH100\FRDAFAN84_O19800035v0007069_L.jpg
;LH100\FRDAFAN84_O19800035v0007070_L.jpg
;LH100\FRDAFAN84_O19800035v0007071_L.jpg
;LH100\FRDAFAN84_O19800035v0007072_L.jpg
;LH100\FRDAFAN84_O19800035v0007073_L.jpg
;LH100\FRDAFAN84_O19800035v0007074_L.jpg
;LH100\FRDAFAN84_O19800035v0007075_L.jpg
;LH100\FRDAFAN84_O19800035v0007076_L.jpg
c-100002;LH100\FRDAFAN84_O19800035v0007077_L.jpg
;LH100\FRDAFAN84_O19800035v0007078_L.jpg
;LH100\FRDAFAN84_O19800035v0007079_L.jpg
;LH100\FRDAFAN84_O19800035v0007080_L.jpg
;LH100\FRDAFAN84_O19800035v0007081_L.jpg
;LH100\FRDAFAN84_O19800035v0007082_L.jpg
;LH100\FRDAFAN84_O19800035v0007083_L.jpg
;LH100\FRDAFAN84_O19800035v0007084_L.jpg
;LH100\FRDAFAN84_O19800035v0007085_L.jpg
;LH100\FRDAFAN84_O19800035v0007086_L.jpg
;LH100\FRDAFAN84_O19800035v0007087_L.jpg
c-100001;LH100\FRDAFAN84_O19800035v0007088_L.jpg
;LH100\FRDAFAN84_O19800035v0007089_L.jpg
;LH100\FRDAFAN84_O19800035v0007090_L.jpg
;LH100\FRDAFAN84_O19800035v0007091_L.jpg
;LH100\FRDAFAN84_O19800035v0007092_L.jpg
;LH100\FRDAFAN84_O19800035v0007093_L.jpg
;LH100\FRDAFAN84_O19800035v0007094_L.jpg
;LH100\FRDAFAN84_O19800035v0007095_L.jpg
;LH100\FRDAFAN84_O19800035v0007096_L.jpg
;LH100\FRDAFAN84_O19800035v0007097_L.jpg
;LH100\FRDAFAN84_O19800035v0007098_L.jpg
;LH100\FRDAFAN84_O19800035v0007099_L.jpg
;LH100\FRDAFAN84_O19800035v0007100_L.jpg
;LH100\FRDAFAN84_O19800035v0007101_L.jpg
;LH100\FRDAFAN84_O19800035v0007102_L.jpg
;LH100\FRDAFAN84_O19800035v0007103_L.jpg
;LH100\FRDAFAN84_O19800035v0007104_L.jpg
;LH100\FRDAFAN84_O19800035v0007105_L.jpg
;LH100\FRDAFAN84_O19800035v0007106_L.jpg
c-100096;LH100\FRDAFAN84_O19800035v0011578_L.jpg
;LH100\FRDAFAN84_O19800035v0011579_L.jpg
;LH100\FRDAFAN84_O19800035v0011580_L.jpg
;LH100\FRDAFAN84_O19800035v0011581_L.jpg
;LH100\FRDAFAN84_O19800035v0011582_L.jpg
;LH100\FRDAFAN84_O19800035v0011583_L.jpg
;LH100\FRDAFAN84_O19800035v0011584_L.jpg
;LH100\FRDAFAN84_O19800035v0011585_L.jpg
;LH100\FRDAFAN84_O19800035v0011586_L.jpg
;LH100\FRDAFAN84_O19800035v0011587_L.jpg
c-100095;LH100\FRDAFAN84_O19800035v0011588_L.jpg
;LH100\FRDAFAN84_O19800035v0011589_L.jpg
;LH100\FRDAFAN84_O19800035v0011590_L.jpg
;LH100\FRDAFAN84_O19800035v0011591_L.jpg
;LH100\FRDAFAN84_O19800035v0011592_L.jpg
c-100094;LH100\FRDAFAN84_O19800035v0011593_L.jpg
;LH100\FRDAFAN84_O19800035v0011594_L.jpg
;LH100\FRDAFAN84_O19800035v0011595_L.jpg
;LH100\FRDAFAN84_O19800035v0011596_L.jpg
;LH100\FRDAFAN84_O19800035v0011597_L.jpg
;LH100\FRDAFAN84_O19800035v0011598_L.jpg
;LH100\FRDAFAN84_O19800035v0011599_L.jpg
;LH100\FRDAFAN84_O19800035v0011600_L.jpg
c-100093;LH100\FRDAFAN84_O19800035v0011601_L.jpg
;LH100\FRDAFAN84_O19800035v0011602_L.jpg
;LH100\FRDAFAN84_O19800035v0011603_L.jpg
;LH100\FRDAFAN84_O19800035v0011604_L.jpg
;LH100\FRDAFAN84_O19800035v0011605_L.jpg
;LH100\FRDAFAN84_O19800035v0011606_L.jpg
;LH100\FRDAFAN84_O19800035v0011607_L.jpg
;LH100\FRDAFAN84_O19800035v0011608_L.jpg
;LH100\FRDAFAN84_O19800035v0011609_L.jpg
;LH100\FRDAFAN84_O19800035v0011610_L.jpg
;LH100\FRDAFAN84_O19800035v0011611_L.jpg
;LH100\FRDAFAN84_O19800035v0011612_L.jpg
;LH100\FRDAFAN84_O19800035v0011613_L.jpg
;LH100\FRDAFAN84_O19800035v0011614_L.jpg
;LH100\FRDAFAN84_O19800035v0011615_L.jpg
;LH100\FRDAFAN84_O19800035v0011616_L.jpg
;LH100\FRDAFAN84_O19800035v0011617_L.jpg
;LH100\FRDAFAN84_O19800035v0011618_L.jpg
;LH100\FRDAFAN84_O19800035v0011619_L.jpg
;LH100\FRDAFAN84_O19800035v0011620_L.jpg
;LH100\FRDAFAN84_O19800035v0011621_L.jpg
;LH100\FRDAFAN84_O19800035v0011622_L.jpg
c-100092;LH100\FRDAFAN84_O19800035v0011623_L.jpg
;LH100\FRDAFAN84_O19800035v0011624_L.jpg
;LH100\FRDAFAN84_O19800035v0011625_L.jpg
;LH100\FRDAFAN84_O19800035v0011626_L.jpg
;LH100\FRDAFAN84_O19800035v0011627_L.jpg
;LH100\FRDAFAN84_O19800035v0011628_L.jpg
;LH100\FRDAFAN84_O19800035v0011629_L.jpg
;LH100\FRDAFAN84_O19800035v0011630_L.jpg
;LH100\FRDAFAN84_O19800035v0011631_L.jpg
;LH100\FRDAFAN84_O19800035v0011632_L.jpg
;LH100\FRDAFAN84_O19800035v0011633_L.jpg
;LH100\FRDAFAN84_O19800035v0011634_L.jpg
;LH100\FRDAFAN84_O19800035v0011635_L.jpg
;LH100\FRDAFAN84_O19800035v0011636_L.jpg
;LH100\FRDAFAN84_O19800035v0011637_L.jpg
;LH100\FRDAFAN84_O19800035v0011638_L.jpg
;LH100\FRDAFAN84_O19800035v0011639_L.jpg
;LH100\FRDAFAN84_O19800035v0011640_L.jpg
c-100091;LH100\FRDAFAN84_O19800035v0011641_L.jpg
;LH100\FRDAFAN84_O19800035v0011642_L.jpg
;LH100\FRDAFAN84_O19800035v0011643_L.jpg
;LH100\FRDAFAN84_O19800035v0011644_L.jpg
;LH100\FRDAFAN84_O19800035v0011645_L.jpg
;LH100\FRDAFAN84_O19800035v0011646_L.jpg
;LH100\FRDAFAN84_O19800035v0011647_L.jpg
;LH100\FRDAFAN84_O19800035v0011648_L.jpg
;LH100\FRDAFAN84_O19800035v0011649_L.jpg
;LH100\FRDAFAN84_O19800035v0011650_L.jpg
;LH100\FRDAFAN84_O19800035v0011651_L.jpg
c-100090;LH100\FRDAFAN84_O19800035v0011652_L.jpg
;LH100\FRDAFAN84_O19800035v0011653_L.jpg
;LH100\FRDAFAN84_O19800035v0011654_L.jpg
;LH100\FRDAFAN84_O19800035v0011655_L.jpg
;LH100\FRDAFAN84_O19800035v0011656_L.jpg
;LH100\FRDAFAN84_O19800035v0011657_L.jpg
;LH100\FRDAFAN84_O19800035v0011658_L.jpg
;LH100\FRDAFAN84_O19800035v0011659_L.jpg
;LH100\FRDAFAN84_O19800035v0011660_L.jpg
;LH100\FRDAFAN84_O19800035v0011661_L.jpg
;LH100\FRDAFAN84_O19800035v0011662_L.jpg
;LH100\FRDAFAN84_O19800035v0011663_L.jpg
;LH138\FRDAFAN84_O19800035v0385822_L.jpg
L2794001;LH280\FRDAFAN83_OL2794001V001_L.jpg
;LH280\FRDAFAN83_OL2794001V002_L.jpg
;LH280\FRDAFAN83_OL2794001V003_L.jpg
;LH280\FRDAFAN83_OL2794001V004_L.jpg
L2794002;LH280\FRDAFAN83_OL2794002V001_L.jpg
;LH280\FRDAFAN83_OL2794002V002_L.jpg
;LH280\FRDAFAN83_OL2794002V003_L.jpg
;LH280\FRDAFAN83_OL2794002V004_L.jpg
;LH280\FRDAFAN83_OL2794002V005_L.jpg
;LH280\FRDAFAN83_OL2794002V006_L.jpg
;LH280\FRDAFAN83_OL2794002V007_L.jpg
;LH280\FRDAFAN83_OL2794002V008_L.jpg
;LH280\FRDAFAN83_OL2794002V009_L.jpg
;LH280\FRDAFAN83_OL2794002V010_L.jpg
;LH280\FRDAFAN83_OL2794002V011_L.jpg
;LH280\FRDAFAN83_OL2794002V012_L.jpg
L2794003;LH280\FRDAFAN83_OL2794003V001_L.jpg
;LH280\FRDAFAN83_OL2794003V002_L.jpg
;LH280\FRDAFAN83_OL2794003V003_L.jpg
;LH280\FRDAFAN83_OL2794003V004_L.jpg
;LH280\FRDAFAN83_OL2794003V005_L.jpg
;LH280\FRDAFAN83_OL2794003V006_L.jpg
;LH280\FRDAFAN83_OL2794003V007_L.jpg
;LH280\FRDAFAN83_OL2794003V008_L.jpg
;LH280\FRDAFAN83_OL2794003V009_L.jpg
L2794004;LH280\FRDAFAN83_OL2794004V001_L.jpg
;LH280\FRDAFAN83_OL2794004V002_L.jpg
;LH280\FRDAFAN83_OL2794004V003_L.jpg
;LH280\FRDAFAN83_OL2794004V004_L.jpg
;LH280\FRDAFAN83_OL2794004V005_L.jpg
;LH280\FRDAFAN83_OL2794004V006_L.jpg
L2794005;LH280\FRDAFAN83_OL2794005V001_L.jpg
;LH280\FRDAFAN83_OL2794005V002_L.jpg
;LH280\FRDAFAN83_OL2794005V003_L.jpg
;LH280\FRDAFAN83_OL2794005V004_L.jpg
;LH280\FRDAFAN83_OL2794005V005_L.jpg
;LH280\FRDAFAN83_OL2794005V006_L.jpg
;LH280\FRDAFAN83_OL2794005V007_L.jpg
;LH280\FRDAFAN83_OL2794005V008_L.jpg
;LH280\FRDAFAN83_OL2794005V009_L.jpg
;LH280\FRDAFAN83_OL2794005V010_L.jpg
L2794006;LH280\FRDAFAN83_OL2794006V001_L.jpg
;LH280\FRDAFAN83_OL2794006V002_L.jpg
;LH280\FRDAFAN83_OL2794006V003_L.jpg
;LH280\FRDAFAN83_OL2794006V004_L.jpg
;LH280\FRDAFAN83_OL2794006V005_L.jpg
;LH280\FRDAFAN83_OL2794006V006_L.jpg
;LH280\FRDAFAN83_OL2794006V007_L.jpg
;LH280\FRDAFAN83_OL2794006V008_L.jpg
;LH280\FRDAFAN83_OL2794006V009_L.jpg
;LH280\FRDAFAN83_OL2794006V010_L.jpg
;LH280\FRDAFAN83_OL2794006V011_L.jpg
;LH280\FRDAFAN83_OL2794006V012_L.jpg
;LH280\FRDAFAN83_OL2794006V013_L.jpg
;LH280\FRDAFAN83_OL2794006V014_L.jpg
;LH280\FRDAFAN83_OL2794006V015_L.jpg
L2794007;LH280\FRDAFAN83_OL2794007V001_L.jpg
;LH280\FRDAFAN83_OL2794007V002_L.jpg
;LH280\FRDAFAN83_OL2794007V003_L.jpg
;LH280\FRDAFAN83_OL2794007V004_L.jpg
L2794008;LH280\FRDAFAN83_OL2794008V001_L.jpg
;LH280\FRDAFAN83_OL2794008V002_L.jpg
;LH280\FRDAFAN83_OL2794008V003_L.jpg
L2794009;LH280\FRDAFAN83_OL2794009V001_L.jpg
;LH280\FRDAFAN83_OL2794009V002_L.jpg
L2794010;LH280\FRDAFAN83_OL2794010V001_L.jpg
;LH280\FRDAFAN83_OL2794010V002_L.jpg
L2794011;LH280\FRDAFAN83_OL2794011V001_L.jpg
;LH280\FRDAFAN83_OL2794011V002_L.jpg
;LH280\FRDAFAN83_OL2794011V003_L.jpg
;LH280\FRDAFAN83_OL2794011V004_L.jpg
;LH280\FRDAFAN83_OL2794011V005_L.jpg
;LH280\FRDAFAN83_OL2794011V006_L.jpg
;LH280\FRDAFAN83_OL2794011V007_L.jpg
;LH280\FRDAFAN83_OL2794011V008_L.jpg
;LH280\FRDAFAN83_OL2794011V009_L.jpg
;LH280\FRDAFAN83_OL2794011V010_L.jpg
;LH280\FRDAFAN83_OL2794011V011_L.jpg
;LH280\FRDAFAN83_OL2794011V012_L.jpg
;LH280\FRDAFAN83_OL2794011V013_L.jpg
;LH280\FRDAFAN83_OL2794011V014_L.jpg
;LH280\FRDAFAN83_OL2794011V015_L.jpg
;LH280\FRDAFAN83_OL2794011V016_L.jpg
;LH280\FRDAFAN83_OL2794011V017_L.jpg
;LH280\FRDAFAN83_OL2794011V018_L.jpg
;LH280\FRDAFAN83_OL2794011V019_L.jpg
;LH280\FRDAFAN83_OL2794011V020_L.jpg
;LH280\FRDAFAN83_OL2794011V021_L.jpg
;LH280\FRDAFAN83_OL2794011V022_L.jpg
;LH280\FRDAFAN83_OL2794011V023_L.jpg
;LH280\FRDAFAN83_OL2794011V024_L.jpg
L2794012;LH280\FRDAFAN83_OL2794012V001_L.jpg
;LH280\FRDAFAN83_OL2794012V002_L.jpg
;LH280\FRDAFAN83_OL2794012V003_L.jpg
;LH280\FRDAFAN83_OL2794012V004_L.jpg
;LH280\FRDAFAN83_OL2794012V005_L.jpg
;LH280\FRDAFAN83_OL2794012V006_L.jpg
;LH280\FRDAFAN83_OL2794012V007_L.jpg
;LH280\FRDAFAN83_OL2794012V008_L.jpg
L2794013;LH280\FRDAFAN83_OL2794013V001_L.jpg
;LH280\FRDAFAN83_OL2794013V002_L.jpg
;LH280\FRDAFAN83_OL2794013V003_L.jpg
;LH280\FRDAFAN83_OL2794013V004_L.jpg
;LH280\FRDAFAN83_OL2794013V005_L.jpg
;LH280\FRDAFAN83_OL2794013V006_L.jpg
;LH280\FRDAFAN83_OL2794013V007_L.jpg
;LH280\FRDAFAN83_OL2794013V008_L.jpg
;LH280\FRDAFAN83_OL2794013V009_L.jpg
;LH280\FRDAFAN83_OL2794013V010_L.jpg
;LH280\FRDAFAN83_OL2794013V011_L.jpg
;LH280\FRDAFAN83_OL2794013V012_L.jpg
;LH280\FRDAFAN83_OL2794013V013_L.jpg
;LH280\FRDAFAN83_OL2794013V014_L.jpg
;LH280\FRDAFAN83_OL2794013V015_L.jpg
L2794014;LH280\FRDAFAN83_OL2794014V001_L.jpg
;LH280\FRDAFAN83_OL2794014V002_L.jpg
;LH280\FRDAFAN83_OL2794014V003_L.jpg
;LH280\FRDAFAN83_OL2794014V004_L.jpg
;LH280\FRDAFAN83_OL2794014V005_L.jpg
;LH280\FRDAFAN83_OL2794014V006_L.jpg
;LH280\FRDAFAN83_OL2794014V007_L.jpg
;LH280\FRDAFAN83_OL2794014V008_L.jpg
;LH280\FRDAFAN83_OL2794014V009_L.jpg
L2794015;LH280\FRDAFAN83_OL2794015V001_L.jpg
;LH280\FRDAFAN83_OL2794015V002_L.jpg
;LH280\FRDAFAN83_OL2794015V003_L.jpg
;LH280\FRDAFAN83_OL2794015V004_L.jpg
;LH280\FRDAFAN83_OL2794015V005_L.jpg
;LH280\FRDAFAN83_OL2794015V006_L.jpg
;LH280\FRDAFAN83_OL2794015V007_L.jpg
;LH280\FRDAFAN83_OL2794015V008_L.jpg
;LH280\FRDAFAN83_OL2794015V009_L.jpg
L2794016;LH280\FRDAFAN83_OL2794016V001_L.jpg
;LH280\FRDAFAN83_OL2794016V002_L.jpg
;LH280\FRDAFAN83_OL2794016V003_L.jpg
L2794017;LH280\FRDAFAN83_OL2794017V001_L.jpg
;LH280\FRDAFAN83_OL2794017V002_L.jpg
;LH280\FRDAFAN83_OL2794017V003_L.jpg
;LH280\FRDAFAN83_OL2794017V004_L.jpg
;LH280\FRDAFAN83_OL2794017V005_L.jpg
;LH280\FRDAFAN83_OL2794017V006_L.jpg
;LH280\FRDAFAN83_OL2794017V007_L.jpg
;LH280\FRDAFAN83_OL2794017V008_L.jpg
;LH280\FRDAFAN83_OL2794017V009_L.jpg
;LH280\FRDAFAN83_OL2794017V010_L.jpg
;LH280\FRDAFAN83_OL2794017V011_L.jpg
;LH280\FRDAFAN83_OL2794017V012_L.jpg
L2794018;LH280\FRDAFAN83_OL2794018v001_L.jpg
;LH280\FRDAFAN83_OL2794018v002_L.jpg
;LH280\FRDAFAN83_OL2794018v003_L.jpg
;LH280\FRDAFAN83_OL2794018v004_L.jpg
;LH280\FRDAFAN83_OL2794018v005_L.jpg
;LH280\FRDAFAN83_OL2794018v006_L.jpg
;LH280\FRDAFAN83_OL2794018v007_L.jpg
;LH280\FRDAFAN83_OL2794018v008_L.jpg
;LH280\FRDAFAN83_OL2794018v009_L.jpg
;LH280\FRDAFAN83_OL2794018v010_L.jpg
;LH280\FRDAFAN83_OL2794018v011_L.jpg
;LH280\FRDAFAN83_OL2794018v012_L.jpg
;LH280\FRDAFAN83_OL2794018v013_L.jpg
;LH280\FRDAFAN83_OL2794018v014_L.jpg
;LH280\FRDAFAN83_OL2794018v015_L.jpg
;LH280\FRDAFAN83_OL2794018v016_L.jpg
;LH280\FRDAFAN83_OL2794018v017_L.jpg
;LH280\FRDAFAN83_OL2794018v018_L.jpg
;LH280\FRDAFAN83_OL2794018v019_L.jpg
;LH280\FRDAFAN83_OL2794018v020_L.jpg
;LH280\FRDAFAN83_OL2794018v021_L.jpg
;LH280\FRDAFAN83_OL2794018v022_L.jpg
;LH280\FRDAFAN83_OL2794018v023_L.jpg
;LH280\FRDAFAN83_OL2794018v024_L.jpg
;LH280\FRDAFAN83_OL2794018v025_L.jpg
;LH280\FRDAFAN83_OL2794018v026_L.jpg
;LH280\FRDAFAN83_OL2794018v027_L.jpg
;LH280\FRDAFAN83_OL2794018v028_L.jpg
;LH280\FRDAFAN83_OL2794018v029_L.jpg
;LH280\FRDAFAN83_OL2794018v030_L.jpg
;LH280\FRDAFAN83_OL2794018v031_L.jpg
;LH280\FRDAFAN83_OL2794018v032_L.jpg
;LH280\FRDAFAN83_OL2794018v033_L.jpg
;LH280\FRDAFAN83_OL2794018v034_L.jpg
;LH280\FRDAFAN83_OL2794018v035_L.jpg
;LH280\FRDAFAN83_OL2794018v036_L.jpg
;LH280\FRDAFAN83_OL2794018v037_L.jpg
;LH280\FRDAFAN83_OL2794018v038_L.jpg
;LH280\FRDAFAN83_OL2794018v039_L.jpg
;LH280\FRDAFAN83_OL2794018v040_L.jpg
;LH280\FRDAFAN83_OL2794018v041_L.jpg
;LH280\FRDAFAN83_OL2794018v042_L.jpg
;LH280\FRDAFAN83_OL2794018v043_L.jpg
;LH280\FRDAFAN83_OL2794018v044_L.jpg
;LH280\FRDAFAN83_OL2794018v045_L.jpg
L2794019;LH280\FRDAFAN83_OL2794019V001_L.jpg
;LH280\FRDAFAN83_OL2794019V002_L.jpg
;LH280\FRDAFAN83_OL2794019V003_L.jpg
;LH280\FRDAFAN83_OL2794019V004_L.jpg
;LH280\FRDAFAN83_OL2794019V005_L.jpg
;LH280\FRDAFAN83_OL2794019V006_L.jpg
;LH280\FRDAFAN83_OL2794019V007_L.jpg
;LH280\FRDAFAN83_OL2794019V008_L.jpg
;LH280\FRDAFAN83_OL2794019V009_L.jpg
;LH280\FRDAFAN83_OL2794019V010_L.jpg
;LH280\FRDAFAN83_OL2794019V011_L.jpg
;LH280\FRDAFAN83_OL2794019V012_L.jpg
;LH280\FRDAFAN83_OL2794019V013_L.jpg
;LH280\FRDAFAN83_OL2794019V014_L.jpg
;LH280\FRDAFAN83_OL2794019V015_L.jpg
;LH280\FRDAFAN83_OL2794019V016_L.jpg
;LH280\FRDAFAN83_OL2794019V017_L.jpg
;LH280\FRDAFAN83_OL2794019V018_L.jpg
;LH280\FRDAFAN83_OL2794019V019_L.jpg
;LH280\FRDAFAN83_OL2794019V020_L.jpg
L2794020;LH280\FRDAFAN83_OL2794020V001_L.jpg
;LH280\FRDAFAN83_OL2794020V002_L.jpg
;LH280\FRDAFAN83_OL2794020V003_L.jpg
;LH280\FRDAFAN83_OL2794020V004_L.jpg
;LH280\FRDAFAN83_OL2794020V005_L.jpg
;LH280\FRDAFAN83_OL2794020V006_L.jpg
;LH280\FRDAFAN83_OL2794020V007_L.jpg
L2794021;LH280\FRDAFAN83_OL2794021V001_L.jpg
;LH280\FRDAFAN83_OL2794021V002_L.jpg
;LH280\FRDAFAN83_OL2794021V003_L.jpg
;LH280\FRDAFAN83_OL2794021V004_L.jpg
;LH280\FRDAFAN83_OL2794021V005_L.jpg
;LH280\FRDAFAN83_OL2794021V006_L.jpg
;LH280\FRDAFAN83_OL2794021V007_L.jpg
;LH280\FRDAFAN83_OL2794021V008_L.jpg
;LH280\FRDAFAN83_OL2794021V009_L.jpg
;LH280\FRDAFAN83_OL2794021V010_L.jpg
;LH280\FRDAFAN83_OL2794021V011_L.jpg
;LH280\FRDAFAN83_OL2794021V012_L.jpg
;LH280\FRDAFAN83_OL2794021V013_L.jpg
;LH280\FRDAFAN83_OL2794021V014_L.jpg
;LH280\FRDAFAN83_OL2794021V015_L.jpg
;LH280\FRDAFAN83_OL2794021V016_L.jpg
;LH280\FRDAFAN83_OL2794021V017_L.jpg
;LH280\FRDAFAN83_OL2794021V018_L.jpg
;LH280\FRDAFAN83_OL2794021V019_L.jpg
;LH280\FRDAFAN83_OL2794021V020_L.jpg
L2794022;LH280\FRDAFAN83_OL2794022V001_L.jpg
;LH280\FRDAFAN83_OL2794022V002_L.jpg
;LH280\FRDAFAN83_OL2794022V003_L.jpg
L2794023;LH280\FRDAFAN83_OL2794023V001_L.jpg
;LH280\FRDAFAN83_OL2794023V002_L.jpg
;LH280\FRDAFAN83_OL2794023V003_L.jpg
;LH280\FRDAFAN83_OL2794023V004_L.jpg
;LH280\FRDAFAN83_OL2794023V005_L.jpg
;LH280\FRDAFAN83_OL2794023V006_L.jpg
;LH280\FRDAFAN83_OL2794023V007_L.jpg
;LH280\FRDAFAN83_OL2794023V008_L.jpg
L2794024;LH280\FRDAFAN83_OL2794024V001_L.jpg
;LH280\FRDAFAN83_OL2794024V002_L.jpg
;LH280\FRDAFAN83_OL2794024V003_L.jpg
;LH280\FRDAFAN83_OL2794024V004_L.jpg
;LH280\FRDAFAN83_OL2794024V005_L.jpg
;LH280\FRDAFAN83_OL2794024V006_L.jpg
;LH280\FRDAFAN83_OL2794024V007_L.jpg
;LH280\FRDAFAN83_OL2794024V008_L.jpg
L2794025;LH280\FRDAFAN83_OL2794025V001_L.jpg
;LH280\FRDAFAN83_OL2794025V002_L.jpg
;LH280\FRDAFAN83_OL2794025V003_L.jpg
;LH280\FRDAFAN83_OL2794025V004_L.jpg
;LH280\FRDAFAN83_OL2794025V005_L.jpg
;LH280\FRDAFAN83_OL2794025V006_L.jpg
;LH280\FRDAFAN83_OL2794025V007_L.jpg
;LH280\FRDAFAN83_OL2794025V008_L.jpg
;LH280\FRDAFAN83_OL2794025V009_L.jpg
L2794026;LH280\FRDAFAN83_OL2794026V001_L.jpg
;LH280\FRDAFAN83_OL2794026V002_L.jpg
;LH280\FRDAFAN83_OL2794026V003_L.jpg
;LH280\FRDAFAN83_OL2794026V004_L.jpg
;LH280\FRDAFAN83_OL2794026V005_L.jpg
;LH280\FRDAFAN83_OL2794026V006_L.jpg
;LH280\FRDAFAN83_OL2794026V007_L.jpg
;LH280\FRDAFAN83_OL2794026V008_L.jpg
;LH280\FRDAFAN83_OL2794026V009_L.jpg
;LH280\FRDAFAN83_OL2794026V010_L.jpg
;LH280\FRDAFAN83_OL2794026V011_L.jpg
;LH280\FRDAFAN83_OL2794026V012_L.jpg
;LH280\FRDAFAN83_OL2794026V013_L.jpg
;LH280\FRDAFAN83_OL2794026V014_L.jpg
;LH280\FRDAFAN83_OL2794026V015_L.jpg
L2794027;LH280\FRDAFAN83_OL2794027V001_L.jpg
;LH280\FRDAFAN83_OL2794027V002_L.jpg
;LH280\FRDAFAN83_OL2794027V003_L.jpg
;LH280\FRDAFAN83_OL2794027V004_L.jpg
;LH280\FRDAFAN83_OL2794027V005_L.jpg
;LH280\FRDAFAN83_OL2794027V006_L.jpg
;LH280\FRDAFAN83_OL2794027V007_L.jpg
;LH280\FRDAFAN83_OL2794027V008_L.jpg
;LH280\FRDAFAN83_OL2794027V009_L.jpg
;LH280\FRDAFAN83_OL2794027V010_L.jpg
;LH280\FRDAFAN83_OL2794027V011_L.jpg
;LH280\FRDAFAN83_OL2794027V012_L.jpg
;LH280\FRDAFAN83_OL2794027V013_L.jpg
L2794028;LH280\FRDAFAN83_OL2794028V001_L.jpg
;LH280\FRDAFAN83_OL2794028V002_L.jpg
;LH280\FRDAFAN83_OL2794028V003_L.jpg
L2794029;LH280\FRDAFAN83_OL2794029V001_L.jpg
;LH280\FRDAFAN83_OL2794029V002_L.jpg
;LH280\FRDAFAN83_OL2794029V003_L.jpg
;LH280\FRDAFAN83_OL2794029V004_L.jpg
;LH280\FRDAFAN83_OL2794029V005_L.jpg
;LH280\FRDAFAN83_OL2794029V006_L.jpg
;LH280\FRDAFAN83_OL2794029V007_L.jpg
;LH280\FRDAFAN83_OL2794029V008_L.jpg
;LH280\FRDAFAN83_OL2794029V009_L.jpg
;LH280\FRDAFAN83_OL2794029V010_L.jpg
;LH280\FRDAFAN83_OL2794029V011_L.jpg
;LH280\FRDAFAN83_OL2794029V012_L.jpg
;LH280\FRDAFAN83_OL2794029V013_L.jpg
;LH280\FRDAFAN83_OL2794029V014_L.jpg
;LH280\FRDAFAN83_OL2794029V015_L.jpg
;LH280\FRDAFAN83_OL2794029V016_L.jpg
;LH280\FRDAFAN83_OL2794029V017_L.jpg
;LH280\FRDAFAN83_OL2794029V018_L.jpg
;LH280\FRDAFAN83_OL2794029V019_L.jpg
;LH280\FRDAFAN83_OL2794029V020_L.jpg
L2794030;LH280\FRDAFAN83_OL2794030V001_L.jpg
;LH280\FRDAFAN83_OL2794030V002_L.jpg
;LH280\FRDAFAN83_OL2794030V003_L.jpg
;LH280\FRDAFAN83_OL2794030V004_L.jpg
;LH280\FRDAFAN83_OL2794030V005_L.jpg
;LH280\FRDAFAN83_OL2794030V006_L.jpg
;LH280\FRDAFAN83_OL2794030V007_L.jpg
;LH280\FRDAFAN83_OL2794030V008_L.jpg
L2794031;LH280\FRDAFAN83_OL2794031V001_L.jpg
;LH280\FRDAFAN83_OL2794031V002_L.jpg
;LH280\FRDAFAN83_OL2794031V003_L.jpg
;LH280\FRDAFAN83_OL2794031V004_L.jpg
;LH280\FRDAFAN83_OL2794031V005_L.jpg
;LH280\FRDAFAN83_OL2794031V006_L.jpg
;LH280\FRDAFAN83_OL2794031V007_L.jpg
;LH280\FRDAFAN83_OL2794031V008_L.jpg
L2794032;LH280\FRDAFAN83_OL2794032V001_L.jpg
;LH280\FRDAFAN83_OL2794032V002_L.jpg
;LH280\FRDAFAN83_OL2794032V003_L.jpg
;LH280\FRDAFAN83_OL2794032V004_L.jpg
L2794033;LH280\FRDAFAN83_OL2794033V001_L.jpg
;LH280\FRDAFAN83_OL2794033V002_L.jpg
;LH280\FRDAFAN83_OL2794033V003_L.jpg
;LH280\FRDAFAN83_OL2794033V004_L.jpg
;LH280\FRDAFAN83_OL2794033V005_L.jpg
;LH280\FRDAFAN83_OL2794033V006_L.jpg
;LH280\FRDAFAN83_OL2794033V007_L.jpg
;LH280\FRDAFAN83_OL2794033V008_L.jpg
;LH280\FRDAFAN83_OL2794033V009_L.jpg
;LH280\FRDAFAN83_OL2794033V010_L.jpg
;LH280\FRDAFAN83_OL2794033V011_L.jpg
;LH280\FRDAFAN83_OL2794033V012_L.jpg
;LH280\FRDAFAN83_OL2794033V013_L.jpg
;LH280\FRDAFAN83_OL2794033V014_L.jpg
;LH280\FRDAFAN83_OL2794033V015_L.jpg
;LH280\FRDAFAN83_OL2794033V016_L.jpg
L2794034;LH280\FRDAFAN83_OL2794034V001_L.jpg
;LH280\FRDAFAN83_OL2794034V002_L.jpg
;LH280\FRDAFAN83_OL2794034V003_L.jpg
;LH280\FRDAFAN83_OL2794034V004_L.jpg
;LH280\FRDAFAN83_OL2794034V005_L.jpg
;LH280\FRDAFAN83_OL2794034V006_L.jpg
;LH280\FRDAFAN83_OL2794034V007_L.jpg
L2794035;LH280\FRDAFAN83_OL2794035V001_L.jpg
;LH280\FRDAFAN83_OL2794035V002_L.jpg
;LH280\FRDAFAN83_OL2794035V003_L.jpg
;LH280\FRDAFAN83_OL2794035V004_L.jpg
;LH280\FRDAFAN83_OL2794035V005_L.jpg
;LH280\FRDAFAN83_OL2794035V006_L.jpg
;LH280\FRDAFAN83_OL2794035V007_L.jpg
;LH280\FRDAFAN83_OL2794035V008_L.jpg
;LH280\FRDAFAN83_OL2794035V009_L.jpg
;LH280\FRDAFAN83_OL2794035V010_L.jpg
;LH280\FRDAFAN83_OL2794035V011_L.jpg
;LH280\FRDAFAN83_OL2794035V012_L.jpg
;LH280\FRDAFAN83_OL2794035V013_L.jpg
;LH280\FRDAFAN83_OL2794035V014_L.jpg
;LH280\FRDAFAN83_OL2794035V015_L.jpg
;LH280\FRDAFAN83_OL2794035V016_L.jpg
;LH280\FRDAFAN83_OL2794035V017_L.jpg
;LH280\FRDAFAN83_OL2794035V018_L.jpg
;LH280\FRDAFAN83_OL2794035V019_L.jpg
;LH280\FRDAFAN83_OL2794035V020_L.jpg
;LH280\FRDAFAN83_OL2794035V021_L.jpg
;LH280\FRDAFAN83_OL2794035V022_L.jpg
;LH280\FRDAFAN83_OL2794035V023_L.jpg
;LH280\FRDAFAN83_OL2794035V024_L.jpg
;LH280\FRDAFAN83_OL2794035V025_L.jpg
;LH280\FRDAFAN83_OL2794035V026_L.jpg
;LH280\FRDAFAN83_OL2794035V027_L.jpg
;LH280\FRDAFAN83_OL2794035V028_L.jpg
;LH280\FRDAFAN83_OL2794035V029_L.jpg
;LH280\FRDAFAN83_OL2794035V030_L.jpg
;LH280\FRDAFAN83_OL2794035V031_L.jpg
;LH280\FRDAFAN83_OL2794035V032_L.jpg
;LH280\FRDAFAN83_OL2794035V033_L.jpg
;LH280\FRDAFAN83_OL2794035V034_L.jpg
;LH280\FRDAFAN83_OL2794035V035_L.jpg
;LH280\FRDAFAN83_OL2794035V036_L.jpg
L2794036;LH280\FRDAFAN83_OL2794036V001_L.jpg
;LH280\FRDAFAN83_OL2794036V002_L.jpg
L2794037;LH280\FRDAFAN83_OL2794037V001_L.jpg
;LH280\FRDAFAN83_OL2794037V002_L.jpg
;LH280\FRDAFAN83_OL2794037V003_L.jpg
;LH280\FRDAFAN83_OL2794037V004_L.jpg
;LH280\FRDAFAN83_OL2794037V005_L.jpg
;LH280\FRDAFAN83_OL2794037V006_L.jpg
;LH280\FRDAFAN83_OL2794037V007_L.jpg
;LH280\FRDAFAN83_OL2794037V008_L.jpg
L2794038;LH280\FRDAFAN83_OL2794038V001_L.jpg
;LH280\FRDAFAN83_OL2794038V002_L.jpg
;LH280\FRDAFAN83_OL2794038V003_L.jpg
;LH280\FRDAFAN83_OL2794038V004_L.jpg
;LH280\FRDAFAN83_OL2794038V005_L.jpg
;LH280\FRDAFAN83_OL2794038V006_L.jpg
;LH280\FRDAFAN83_OL2794038V007_L.jpg
;LH280\FRDAFAN83_OL2794038V008_L.jpg
;LH280\FRDAFAN83_OL2794038V009_L.jpg
;LH280\FRDAFAN83_OL2794038V010_L.jpg
;LH280\FRDAFAN83_OL2794038V011_L.jpg
;LH280\FRDAFAN83_OL2794038V012_L.jpg
;LH280\FRDAFAN83_OL2794038V013_L.jpg
;LH280\FRDAFAN83_OL2794038V014_L.jpg
;LH280\FRDAFAN83_OL2794038V015_L.jpg
;LH280\FRDAFAN83_OL2794038V016_L.jpg
;LH280\FRDAFAN83_OL2794038V017_L.jpg
;LH280\FRDAFAN83_OL2794038V018_L.jpg
;LH280\FRDAFAN83_OL2794038V019_L.jpg
;LH280\FRDAFAN83_OL2794038V020_L.jpg
;LH280\FRDAFAN83_OL2794038V021_L.jpg
;LH280\FRDAFAN83_OL2794038V022_L.jpg
;LH280\FRDAFAN83_OL2794038V023_L.jpg
;LH280\FRDAFAN83_OL2794038V024_L.jpg
L2794039;LH280\FRDAFAN83_OL2794039V001_L.jpg
;LH280\FRDAFAN83_OL2794039V002_L.jpg
;LH280\FRDAFAN83_OL2794039V003_L.jpg
;LH280\FRDAFAN83_OL2794039V004_L.jpg
;LH280\FRDAFAN83_OL2794039V005_L.jpg
;LH280\FRDAFAN83_OL2794039V006_L.jpg
;LH280\FRDAFAN83_OL2794039V007_L.jpg
L2794040;LH280\FRDAFAN83_OL2794040V001_L.jpg
;LH280\FRDAFAN83_OL2794040V002_L.jpg
;LH280\FRDAFAN83_OL2794040V003_L.jpg
;LH280\FRDAFAN83_OL2794040V004_L.jpg
;LH280\FRDAFAN83_OL2794040V005_L.jpg
;LH280\FRDAFAN83_OL2794040V006_L.jpg
;LH280\FRDAFAN83_OL2794040V007_L.jpg
;LH280\FRDAFAN83_OL2794040V008_L.jpg
;LH280\FRDAFAN83_OL2794040V009_L.jpg
L2794041;LH280\FRDAFAN83_OL2794041V001_L.jpg
;LH280\FRDAFAN83_OL2794041V002_L.jpg
;LH280\FRDAFAN83_OL2794041V003_L.jpg
;LH280\FRDAFAN83_OL2794041V004_L.jpg
;LH280\FRDAFAN83_OL2794041V005_L.jpg
;LH280\FRDAFAN83_OL2794041V006_L.jpg
;LH280\FRDAFAN83_OL2794041V007_L.jpg
;LH280\FRDAFAN83_OL2794041V008_L.jpg
;LH280\FRDAFAN83_OL2794041V009_L.jpg
;LH280\FRDAFAN83_OL2794041V010_L.jpg
;LH280\FRDAFAN83_OL2794041V011_L.jpg
;LH280\FRDAFAN83_OL2794041V012_L.jpg
;LH280\FRDAFAN83_OL2794041V013_L.jpg
;LH280\FRDAFAN83_OL2794041V014_L.jpg
;LH280\FRDAFAN83_OL2794041V015_L.jpg
;LH280\FRDAFAN83_OL2794041V016_L.jpg
;LH280\FRDAFAN83_OL2794041V017_L.jpg
;LH280\FRDAFAN83_OL2794041V018_L.jpg
;LH280\FRDAFAN83_OL2794041V019_L.jpg
;LH280\FRDAFAN83_OL2794041V020_L.jpg
;LH280\FRDAFAN83_OL2794041V021_L.jpg
;LH280\FRDAFAN83_OL2794041V022_L.jpg
L2794042;LH280\FRDAFAN83_OL2794042V001_L.jpg
;LH280\FRDAFAN83_OL2794042V002_L.jpg
;LH280\FRDAFAN83_OL2794042V003_L.jpg
;LH280\FRDAFAN83_OL2794042V004_L.jpg
L2794043;LH280\FRDAFAN83_OL2794043V001_L.jpg
;LH280\FRDAFAN83_OL2794043V002_L.jpg
;LH280\FRDAFAN83_OL2794043V003_L.jpg
;LH280\FRDAFAN83_OL2794043V004_L.jpg
;LH280\FRDAFAN83_OL2794043V005_L.jpg
;LH280\FRDAFAN83_OL2794043V006_L.jpg
;LH280\FRDAFAN83_OL2794043V007_L.jpg
;LH280\FRDAFAN83_OL2794043V008_L.jpg
;LH280\FRDAFAN83_OL2794043V009_L.jpg
;LH280\FRDAFAN83_OL2794043V010_L.jpg
;LH280\FRDAFAN83_OL2794043V011_L.jpg
;LH280\FRDAFAN83_OL2794043V012_L.jpg
;LH280\FRDAFAN83_OL2794043V013_L.jpg
;LH280\FRDAFAN83_OL2794043V014_L.jpg
;LH280\FRDAFAN83_OL2794043V015_L.jpg
L2794044;LH280\FRDAFAN83_OL2794044V001_L.jpg
;LH280\FRDAFAN83_OL2794044V002_L.jpg
L2794045;LH280\FRDAFAN83_OL2794045V001_L.jpg
;LH280\FRDAFAN83_OL2794045V002_L.jpg
L2794046;LH280\FRDAFAN83_OL2794046V001_L.jpg
;LH280\FRDAFAN83_OL2794046V002_L.jpg
;LH280\FRDAFAN83_OL2794046V003_L.jpg
;LH280\FRDAFAN83_OL2794046V004_L.jpg
L2794047;LH280\FRDAFAN83_OL2794047V001_L.jpg
;LH280\FRDAFAN83_OL2794047V002_L.jpg
L2794048;LH280\FRDAFAN83_OL2794048V001_L.jpg
;LH280\FRDAFAN83_OL2794048V002_L.jpg
L2794049;LH280\FRDAFAN83_OL2794049V001_L.jpg
;LH280\FRDAFAN83_OL2794049V002_L.jpg
;LH280\FRDAFAN83_OL2794049V003_L.jpg
;LH280\FRDAFAN83_OL2794049V004_L.jpg
;LH280\FRDAFAN83_OL2794049V005_L.jpg
;LH280\FRDAFAN83_OL2794049V006_L.jpg
;LH280\FRDAFAN83_OL2794049V007_L.jpg
;LH280\FRDAFAN83_OL2794049V008_L.jpg
;LH280\FRDAFAN83_OL2794049V009_L.jpg
;LH280\FRDAFAN83_OL2794049V010_L.jpg
;LH280\FRDAFAN83_OL2794049V011_L.jpg
;LH280\FRDAFAN83_OL2794049V012_L.jpg
;LH280\FRDAFAN83_OL2794049V013_L.jpg
L2794050;LH280\FRDAFAN83_OL2794050V001_L.jpg
;LH280\FRDAFAN83_OL2794050V002_L.jpg
;LH280\FRDAFAN83_OL2794050V003_L.jpg
;LH280\FRDAFAN83_OL2794050V004_L.jpg
;LH280\FRDAFAN83_OL2794050V005_L.jpg
L2794051;LH280\FRDAFAN83_OL2794051V001_L.jpg
;LH280\FRDAFAN83_OL2794051V002_L.jpg
;LH280\FRDAFAN83_OL2794051V003_L.jpg
;LH280\FRDAFAN83_OL2794051V004_L.jpg
;LH280\FRDAFAN83_OL2794051V005_L.jpg
;LH280\FRDAFAN83_OL2794051V006_L.jpg
;LH280\FRDAFAN83_OL2794051V007_L.jpg
;LH280\FRDAFAN83_OL2794051V008_L.jpg
;LH280\FRDAFAN83_OL2794051V009_L.jpg
;LH280\FRDAFAN83_OL2794051V010_L.jpg
;LH280\FRDAFAN83_OL2794051V011_L.jpg
;LH280\FRDAFAN83_OL2794051V012_L.jpg
;LH280\FRDAFAN83_OL2794051V013_L.jpg
;LH280\FRDAFAN83_OL2794051V014_L.jpg
;LH280\FRDAFAN83_OL2794051V015_L.jpg
;LH280\FRDAFAN83_OL2794051V016_L.jpg
;LH280\FRDAFAN83_OL2794051V017_L.jpg
;LH280\FRDAFAN83_OL2794051V018_L.jpg
;LH280\FRDAFAN83_OL2794051V019_L.jpg
;LH280\FRDAFAN83_OL2794051V020_L.jpg
;LH280\FRDAFAN83_OL2794051V021_L.jpg
;LH280\FRDAFAN83_OL2794051V022_L.jpg
;LH280\FRDAFAN83_OL2794051V023_L.jpg
;LH280\FRDAFAN83_OL2794051V024_L.jpg
;LH280\FRDAFAN83_OL2794051V025_L.jpg
;LH280\FRDAFAN83_OL2794051V026_L.jpg
;LH280\FRDAFAN83_OL2794051V027_L.jpg
L2794052;LH280\FRDAFAN83_OL2794052V001_L.jpg
;LH280\FRDAFAN83_OL2794052V002_L.jpg
;LH280\FRDAFAN83_OL2794052V003_L.jpg
;LH280\FRDAFAN83_OL2794052V004_L.jpg
;LH280\FRDAFAN83_OL2794052V005_L.jpg
;LH280\FRDAFAN83_OL2794052V006_L.jpg
;LH280\FRDAFAN83_OL2794052V007_L.jpg
;LH280\FRDAFAN83_OL2794052V008_L.jpg
;LH280\FRDAFAN83_OL2794052V009_L.jpg
;LH280\FRDAFAN83_OL2794052V010_L.jpg
;LH280\FRDAFAN83_OL2794052V011_L.jpg
;LH280\FRDAFAN83_OL2794052V012_L.jpg
;LH280\FRDAFAN83_OL2794052V013_L.jpg
;LH280\FRDAFAN83_OL2794052V014_L.jpg
;LH280\FRDAFAN83_OL2794052V015_L.jpg
;LH280\FRDAFAN83_OL2794052V016_L.jpg
;LH280\FRDAFAN83_OL2794052V017_L.jpg
;LH280\FRDAFAN83_OL2794052V018_L.jpg
;LH280\FRDAFAN83_OL2794052V019_L.jpg
L2794053;LH280\FRDAFAN83_OL2794053V001_L.jpg
;LH280\FRDAFAN83_OL2794053V002_L.jpg
L2794054;LH280\FRDAFAN83_OL2794054V001_L.jpg
;LH280\FRDAFAN83_OL2794054V002_L.jpg
;LH280\FRDAFAN83_OL2794054V003_L.jpg
;LH280\FRDAFAN83_OL2794054V004_L.jpg
;LH280\FRDAFAN83_OL2794054V005_L.jpg
;LH280\FRDAFAN83_OL2794054V006_L.jpg
;LH280\FRDAFAN83_OL2794054V007_L.jpg
;LH280\FRDAFAN83_OL2794054V008_L.jpg
;LH280\FRDAFAN83_OL2794054V009_L.jpg