<?xml version="1.0" encoding="UTF-8"?><?xml-stylesheet type='text/css' href='ead.css'?>
<ead>
 <eadheader dateencoding="iso8601" langencoding="iso639-2b" repositoryencoding="iso15511">
  <eadid>FRAN_IR_015183</eadid>
  <filedesc>
   <titlestmt>
    <titleproper>Économie et finances ; Recensement de la population de 1962</titleproper>
    <subtitle>Répertoire (19880605/1-19880605/192)</subtitle>
   </titlestmt>
   <publicationstmt>
    <publisher>Archives nationales</publisher>
    <date calendar="gregorian" era="ce" normal="1988-01-01/1988-12-31">1988</date>
   </publicationstmt>
  </filedesc>
  <profiledesc>
   <creation>Cet instrument de recherche a été encodé en 2010 par l'entreprise diadeis dans le cadre du chantier de dématérialisation des instruments de recherche des Archives Nationales sur la base d'une DTD conforme à la DTD EAD (encoded archival description) et créée par le service de dématérialisation des instruments de recherche des Archives Nationales</creation>
  </profiledesc>
 </eadheader>
 <frontmatter>
  <div>
   <p/>
  </div>
 </frontmatter>
 <archdesc level="fonds">
  <did>
   <unitid type="cote-groupee">19880605/1-19880605/190</unitid>
   <unittitle>Économie et finances ; Institut national de la statistique et des études économiques (INSEE)</unittitle>
   <unitdate calendar="gregorian" era="ce" normal="1962-01-01/1962-12-31">1962-1962</unitdate>
   <origination>
    <corpname authfilenumber="FRAN_NP_007075">Institut national de la statistique et des études économiques</corpname>
   </origination>
   <physloc>Fontainebleau</physloc>
  </did>
  <scopecontent>
   <scopecontent>
    <p>RECENSEMENT DE LA POPULATION DE 1962 (RP62)</p>
    <p>LE RECENSEMENT DE LA POPULATION DONNE LIEU A PLUSIEURS EXPLOITATIONS :</p>
    <p>- UNE EXPLOITATION DITE EXHAUSTIVE (EXPLOITATION DE TOUS LES BULLETINS MAIS CONCERNANT SEULEMENT CERTAINES INFORMATIONS. CETTE EXPLOITATION EST DESIGNEE PAR "20-20")</p>
    <p>- UNE EXPLOITATION AU 1/20 DES BORDEREAUX DE MAISON ET DES FEUILLES DE LOGEMENT (EXPLOITATION DESIGNEE PAR "1-20BMFL")</p>
    <p>- UNE EXPLOITATION AU 1/20 DES BULLETINS INDIVIDUELS (DESIGNEE PAR "1-20BIFL LEDA")</p>
    <p>- 20-20 : UN FICHIER PAR DEPARTEMENT (SAUF CAS PARTICULIERS DE LA REGION PARISIENNE, DU NORD ET DU PAS-DE CALAIS, VOIR OBSERVATIONS. MANQUE LE DEPARTEMENT 74)</p>
    <p>- 1-20BMFL : UN FICHIER PAR DEPARTEMENT</p>
    <p>- 1-2OBIFL LEDA : UN FICHIER POUR LA FRANCE ENTIERE</p>
   </scopecontent>
   <scopecontent>
    <head>Sommaire</head>
    <p>Art 1-192 : Recensement général de la population de 1962 : Fichiers informatiques, 1962. (France métropolitaine seule). Art 1-190 : Fichiers informatiques. Art 191-192 : Documentation associée aux fichiers l'accès à une description précise de ces documents est assuré par l'interrogation des fichiers constance.</p>
   </scopecontent>
  </scopecontent>
  <controlaccess>
   <subject authfilenumber="d3ndfitnyd--8jw7tebl5fo3" source="FRAN_RI_004">population</subject>
   <subject authfilenumber="d3ndf1vz1f-y24sf513ov0m" source="FRAN_RI_004">nationalité</subject>
   <subject authfilenumber="d3ndfdjxqi-ydhu5qxq9tm3" source="FRAN_RI_004">logement</subject>
   <subject authfilenumber="d3ndfiufrf-1thfx94rcy77v" source="FRAN_RI_004">démographie</subject>
   <genreform authfilenumber="d3nd8f7o41-9cqbc6rfh0vz" source="FRAN_RI_001">statistique</genreform>
   <function authfilenumber="d3nyuiihz0-a8ekfbm461kd" source="FRAN_RI_011">statistique</function>
  </controlaccess>
  <dsc>
   
  </dsc>
 </archdesc>
</ead>