<?xml version="1.0" encoding="UTF-8"?><?xml-stylesheet type="text/css" href="ead.css"?>
<ead>
	<eadheader countryencoding="iso3166-1" dateencoding="iso8601" langencoding="iso639-2b" relatedencoding="DC" repositoryencoding="iso15511" scriptencoding="iso15924">
		<eadid>FRAN_IR_055417</eadid>
 <filedesc>
  <titlestmt>
   <titleproper>Archives électroniques de la Mission projet des Archives nationales en vu de l'ouverture du site de Pierrefitte-sur-Seine, déménagement des archives</titleproper>
    <subtitle>Messagerie électronique de Christèle Noulett, responsable de la Mission projet de préparation des archives des sites de Fontainebleau et Paris vers Pierrefitte-sur-Seine (20120434)</subtitle>
    <author>Traitement archivistique, Martine Sin Blima-Barru, responsable du département de l'archivage électronique et des archives audiovisuelles des Archives nationales (DAEAA) ; traitement technique, Isabelle Gallet-Ménager, responsable des traitements techniques des archives électroniques (DAEAA)</author>
   </titlestmt>
   <editionstmt>
				<edition>1ère édition électronique</edition>
			</editionstmt>
   <publicationstmt>
   <publisher>Archives nationales de France</publisher>
    <address>
					<addressline>Pierrefitte-sur-Seine</addressline>
				</address>
    <date calendar="gregorian" era="ce" normal="2016-01-01/2016-12-31">2016</date>
   </publicationstmt>
  </filedesc>
  <profiledesc>
  <creation>Cet instrument de recherche a été rédigé dans le système d'information archivistique des Archives nationales.</creation>
   <langusage>
    <language langcode="fre">Français</language>
   </langusage>
   <descrules>Conforme à la norme ISAD(G) et aux règles d'application de la DTD EAD (version 2002) aux Archives nationales.</descrules>
  </profiledesc>
 </eadheader>
	<frontmatter>
		<div>
			<p/>
		</div>
	</frontmatter>
	<archdesc level="recordgrp">
 <did>
  <unitid type="identifiant">20120434/1-20120434/1</unitid>
   <unittitle>Messagerie électronique de Christèle Noulet, responsable de la Mission projet de préparation des archives des sites de Fontainebleau et Paris en vu de leur déménagement vers Pierrefitte-sur-Seine</unittitle>
   <unitdate calendar="gregorian" era="ce" normal="2007-01-01 / 2010-12-31">2007-2010</unitdate>
   <origination>
    <corpname authfilenumber="FRAN_NP_005061">France. Ministère de la Culture et de la Communication. Archives nationales (1790-....)</corpname>
   </origination>
   <physdesc>
   <dimensions>1,21 Go (1 303 441 434 octets)</dimensions>
    <extent>25 028 messages et pièces jointes</extent>
    <physfacet source="FRAN_RI_002" type="d3nd9y3c6o-iu0j3xsmoisx">archives électroniques</physfacet>
   </physdesc>
   <langmaterial>
    <language langcode="fre">Français</language>
   </langmaterial>
   <repository>Archives nationales de France</repository>
   <physloc>Fontainebleau</physloc>
  </did>
  <accessrestrict>
   <p>Les documents étant des archives publiques, leur consultation s’effectue conformément aux articles L.213-1 à L.213-7 du Code du patrimoine.</p>
   <p>code du Patrimoine, articles L.213-1 à L.213-3.*</p>
  </accessrestrict>
  <userestrict>
   <p>Sous réserve des règles de réutilisation des données publiques.</p>
  </userestrict>
  <acqinfo>
   <p>Versement d'archives publiques 2012</p>
  </acqinfo>
  <bioghist>
   <p>Érigées en service à compétence nationale en 2006, les Archives nationales ont franchi une étape essentielle de leur refondation avec l'achèvement, en 2012, de la construction du nouveau site de Pierrefitte-sur-Seine, siège de l'institution, qui ouvre ses portes au public début 2013. La nouvelle organisation qui favorise l'exercice de leurs missions sur trois sites : Pierrefitte-sur-Seine, Paris et Fontainebleau, repose sur le redéploiement entre les sites des fonds d'archives, opération d'envergure qui inclut le déménagement de 200 km linéaires de fonds d'archives vers le site de Pierrefitte-sur-Seine. </p>
   <p>Pour mener à bien cette nouvelle répartition des fonds d'archives, un service spécifique est créé. Christèle Noulet, chargée d'études documentaire, est nommée à la tête de ce chantier dont elle assurera le pilotage, la coordination et le suivi pendant trois ans.</p>
  </bioghist>
  <custodhist>
   <p>L'archivage de la messagerie électronique est le fruit de la réflexion du département de l'archivage électronique et des archives audiovisuelles.</p>
   <p>
    <emph render="bold">Archiver et pérenniser une messagerie électronique aux Archives nationales</emph>
   </p>
   <p>La messagerie a été gérée avec le logiciel Thunderbird. L'archivage de la messagerie s'appuie sur l'utilisation du logiciel MgsExtract. Le traitement a été effectué en 2016. </p>
   <p>A cette date, on ne peut pas considérer que le format .eml est pérenne, de ce fait un export des messages avec conversion de format a été effectué : les fichiers "messages" ont été exportés en fichiers texte bruts (.txt), un des formats les plus simples et les plus anciens garantissant la pérennisation et l'intégrité des données. Les pièces jointes aux messages ont été extraites de leurs messages : leurs formats d'origine ont été conservés et pourront faire l'objet de conversion ultérieur. Le lien entre le message et les pièces jointes se fait grâce à l'identité du nommage des groupes fichiers et pièces jointes associés : chacun commence par la date, l'heure d'envoi, le nom de l'émetteur. Le titre donné par les auteurs des messages a été conservé dans les fichiers messages et apparaît après l'intitulé date, heure d'envoi, nom de l'émetteur. Le titre des pièces jointes a également été conservé. Chaque fichier "message" emporte dans l'en-tête du document, toutes les métadonnées qui lui sont propres et qui ont donc été ajoutées par traitement automatisé du logiciel MsgExtract, avant le corps du message lui-même.</p>
   <p> La conservation de l'arborescence des répertoires, telle qu'elle avait été créée par le producteur, a été préservée, la tenue d'une messagerie reflétant tant la vision de son utilisatrice sur ses propres missions que les conceptions propres à l'organisation institutionnelle.</p>
   <p>Les lecteurs peuvent également avoir accès sur demande à la messagerie dans son format d'exportation eml. La conservation de ces données permettrait à la messagerie d'être importer dans un utilitaire Thunderbird pour consultation ou bien d'effectuer à nouveau des opérations de pérennisation de la messagerie en fonction de moyens de conversion plus performant qui existeraient à l'avenir. </p>
   <p>La messagerie ne comportait pas d'agenda associé, fonctionnalité qui n'existe pas sous Thunderbird.</p>
  </custodhist>
  <appraisal>
   <p>Les Archives nationales ont supprimées les cartes de visites, les signatures se trouvant déjà dans les messages eux-mêmes. </p>
  </appraisal>
  <arrangement>
   <p>La messagerie électronique est divisée en 10 sous-répertoires, chacun se divisant également en un ou plusieurs autres sous-répertoires. Les messages sont eux classés par ordre chronologique.</p>
  </arrangement>
  <scopecontent>
   <p>
    <emph render="bold">Présentation de la Mission-projet de préparation du déménagement des fonds</emph>
   </p>
   <p>Entre 2006 et 2010, Christèle Noulet est responsable de la Mission-projet en charge du transfert des fonds d'archives en vu de leur déménagement depuis les sites de Paris et Fontainebleau vers le nouveau site de Pierrefitte-sur-Seine, qui doit accueillir les agents en 2012 et ouvrir au public en 2013. D'abord rattachée à la Direction des Archives de France, la Mission est ensuite rattachée au SCN francilien des Archives nationales, dès sa création en 2010. </p>
   <p>La messagerie électronique reflète les deux grandes missions qui lui sont confiées : </p>
   <list>
    <item>organiser le chantier de préparation et de déménagement des archives, </item>
    <item>accompagner dans le changement les agents des Archives nationales sur les site de Paris et Fontainebleau, lié à la réorganisation de l'institution sur trois sites.</item>
   </list>
   <p>Christèle Noulet, chargée d’études documentaires, prend ses fonctions en 2006 avec des objectifs d'abord prospectifs dans le but de déterminer le périmètre d'intervention de la future Mission. Des opérations expérimentales sont alors lancées pour tester différentes organisations possibles. Ce premier périmètre concerne des documents d'archives qui ne peuvent subir un déménagement au vu de leur état matériel (problème de conditionnement, état sanitaire général, etc.). A partir des premières évaluations, la société SETEC, prestataire de l'opération, travaille alors avec la Mission sur la finalisation de l'organisation choisie et la planification.</p>
   <p>Le chantier de préparation des archives qui débute ensuite, doit intervenir sur tous les fonds d'archives conservés sur les sites des Archives nationales à Paris et à Fontainebleau. Il est également un appui à l'organisation des opérations de traitement des fonds en vu de leur déménagement, une aide au département de la conservation des Archives nationales pour la mise en place des protocoles de traitement sanitaire, une instance de dialogue avec les agents en poste dans les sections responsables des fonds à Paris et au service des fonds à Fontainebleau pour préciser les traitements à programmer et aussi, rassurer les personnels.</p>
   <p>Le besoin a été défini dans un cahier des charges permettant de lancer les prestations sur les différents traitements à effectuer. La Mission assure également un support technique au niveau des prestataires pour répondre à leurs questions sur les archives, suit l'avancée et le respect du calendrier fixé. La gestion du projet produit de nombreux documents qui circulent par courriels : tableaux de bord, comptes rendus de réunion de suivi, documents budgétaires et de gestion des ressources humaines.</p>
   <p>La préparation du déménagement et le suivi des transferts des fonds occupent ensuite la Mission. Dans ce cadre, elle est un des interlocuteurs privilégiés de Jean-Luc Bichet, architecte des Archives nationales, responsable des différents aspects liés à la construction du bâtiment de Pierrefitte-sur-Seine, qui accompagne Bouygues, prestataire du chantier de construction. Elle suit plus particulièrement les dossiers liés à la climatique des magasins d’archives, au séchage du béton et au marché des rayonnages pour équiper les magasins.</p>
   <p>La coordination des acteurs multiples devient un enjeu majeur ainsi que la conduite du changement, qui occupe une place importante dans les fonctions de Christèle Noulet. Les liens et les travaux communs qu’elle initie avec les sections et le service des fonds tant pour les opérations de traitement des archives et la préparation du déménagement font partie de ses fonctions. Le chantier ouvert par la mise en place d’un programme scientifique, culturel et éducatif (PSCE) est l’occasion de fédérer les agents en poste sur les deux sites afin de créer une dynamique dans la perspective de l’ouverture du troisième site et de la nouvelle répartition des fonctions.</p>
   <p>A partir de 2010, le rattachement de la Mission au SCN des Archives nationales entraîne une implication de Christèle Noulet dans la gouvernance générale de l’institution, participant aux réunions stratégiques qui sont organisées à ce moment-là. Des réunions hebdomadaires sont ainsi organisées avec l’équipe de direction, Isabelle Neushwander, directrice du SCN, et Dominique Bezombe, chargée de mission.</p>
   <p>Un ensemble de messages porte sur un autre aspect des activités de Christèle Noulet, en tant que membre du Conseil d’administration d’une <emph render="italic">Cité pour les Archives</emph>. L’association avait pour but la promotion de la création d'un autre site d’Archives nationales, qui allait s’incarner avec la décision de construire à Pierrefitte-sur-Seine. Au moment où elle est en poste à la Mission-projet, l’objectif est bien sûr atteint, mais l’association existe toujours. D’autres échanges sont liés à son implication, au côté de nombreux autres agents des Archives nationales, contre le projet présidentiel de Maison de l’Histoire de France. Elle est notamment une des auteures de la pétition qui allait circuler demandant sa suppression.</p>
   <p>
    <emph render="bold">Présentation de la messagerie électronique</emph>
   </p>
   <p>La messagerie électronique de Christèle Noulet reflète l'étendue de ses fonctions. Parfaitement organisée en répertoires et sous répertoires (voir l'index en annexe), elle est divisée en 10 grandes parties correspondant chacune à un domaine d'activité :</p>
   <p>1/ Le chantier des fonds pour la partie de pilotage, d'organisation, de mise en place et de suivi budgétaire.</p>
   <p>2/ Les études qui ont accompagné et ont permis au chantier des fonds d'être mené à son terme. A côté des aspects directement liés au chantier comme le bilan sanitaire des archives, l'étude climatique des bâtiments, les études liées au déménagement (AMOA et marché de déménagement), on trouve le suivi de chantier où C. Noulet est intervenue en tant que participante des groupes de travail sur les ateliers de restauration du département de la conservation des Archives nationales, celui sur la mise en place du programme scientifique, culturel et éducatif (PSCE), ou celui sur le référentiel d'indexation.</p>
   <p>3/ La préparation des fonds, mission bien sûr essentielle de ce chantier occupe une place très importante dans les échanges de C. Noulet avec ses interlocuteurs. Ces opérations couvrent tous les travaux entrepris avant le déménagement : numérisation, microfilmage, conditionnement, dépoussiérage.</p>
   <p>4/ Le déménagement lui-même est également un sujet très présent dans les courriels échangés donnant une vue panoramique sur l'organisation du plus grand déménagement effectué dans le domaine des archives.</p>
   <p>5/ Un tel chantier laisse une place forcément large aux aspects liés à la conservation des documents, aux matériaux et outils qui entrent dans ces opérations.</p>
   <p>6/ Cette partie permet d'inscrire le chantier dans le contexte institutionnel des archives occupé notammaent par les grands débats menés par la <emph render="italic">Cité des Archives</emph> et ceux autour du projet présidentiel de la Maison de l'Histoire de France.</p>
   <p>7/ La politique scientifique des Archives nationale est brièvement abordée dans cette partie, très marginale par rapport aux missions de C. Noulet.</p>
   <p>8 à 10/Les trois dernières parties Courrier entrant, Templates et Trash tranchent par rapport à l'organisation des 7 autres parties, donnant l'impression que l'organisation générale de la messagerie n'a pu être achevée. Comme, il n'appartient pas aux Archives nationales de juger de leur opportunité, ces derniers répertoires ont été conservés en l'état.</p>
   <p>Une indexation, disponible dans les pièces annexes, permet de connaître plus finement le contenu de chacun des répertoires de la messagerie.</p>
   <p altrender="links">
    <ref role="ANX">Consulter les documents annexes ci-joint<extref href="FRAN_ANX_011685.pdf">20120434 Indexation messagerie Christèle Noulet</extref>
    </ref>
   </p>
  </scopecontent>
  <dsc>
  <c id="c-20ezo3i4bb--n2zm36d1c7ra" level="recordgrp">
   <did>
    <unitid type="identifiant">20120434/1</unitid>
     <unittitle>Messagerie électronique de Christèle Noulet, extraction des messages et des pièces jointes</unittitle>
     <unitdate calendar="gregorian" era="ce" normal="2007-01-01 / 2010-12-31">2007-2010</unitdate>
     <physdesc>
     <dimensions/>
     </physdesc>
    </did>
    <scopecontent>
     <p>L'export des messages a été fait au format fichier texte brut (.txt). Les pièces jointes ont été extraites de chacun des messages et conservent leur format d'origine. Le lien entre le message et ses pièces jointes se fait pas le nommage des fichiers. Il faut se référer à l'annexe d'indexation pour pouvoir effectuer des recherches fines dans l'ensemble de la messagerie.</p>
    </scopecontent>
   </c>
  </dsc>
 </archdesc>
</ead>