<?xml version="1.0" encoding="UTF-8"?><?xml-stylesheet type='text/css' href='ead.css'?>
<ead>
 <eadheader dateencoding="iso8601" langencoding="iso639-2b" repositoryencoding="iso15511">
  <eadid>FRAN_IR_018035</eadid>
  <filedesc>
   <titlestmt>
    <titleproper>Sécurité sociale ; Enquête statistique annuelle auprès des hôpitaux publics en 1982</titleproper>
    <subtitle>Répertoire (19920320/1-19920320/2)</subtitle>
   </titlestmt>
   <publicationstmt>
    <publisher>Archives nationales</publisher>
    <date calendar="gregorian" era="ce" normal="1992-01-01/1992-12-31">1992</date>
   </publicationstmt>
  </filedesc>
  <profiledesc>
   <creation>Cet instrument de recherche a été encodé en 2010 par l'entreprise diadeis dans le cadre du chantier de dématérialisation des instruments de recherche des Archives Nationales sur la base d'une DTD conforme à la DTD EAD (encoded archival description) et créée par le service de dématérialisation des instruments de recherche des Archives Nationales</creation>
  </profiledesc>
 </eadheader>
 <frontmatter>
  <div>
   <p/>
  </div>
 </frontmatter>
 <archdesc level="fonds">
  <did>
   <unitid type="cote-groupee">19920320/1-19920320/2</unitid>
   <unittitle>Sécurité sociale ; Sous-direction de l'assurance maladie ; Bureau relations avec les professions médicales (1976-1984) - Bureau relations avec les professions de santé, pharmacie (1984-)</unittitle>
   <unitdate calendar="gregorian" era="ce" normal="1982-01-01/1982-12-31">1982-1982</unitdate>
   <origination>
    <corpname authfilenumber="FRAN_NP_004538">Bureau des statistiques des établissements d'hospitalisation (ministères chargés de la santé et de la solidarité) (1988-1998)</corpname>
   </origination>
   <physloc>Fontainebleau</physloc>
  </did>
  <scopecontent>
   <head>Sommaire</head>
   <p>Statistique annuelle des établissements d'hospitalisation, de soins et de cure publics (dite H80), 1982. Art 1 : Fichier informatique Art 2 : Documentation associée au fichier l'accès à une description précise de ces documents est assure par l'interrogation des fichiers constance</p>
  </scopecontent>
  <controlaccess>
   <subject authfilenumber="d3ndfgb8kp-4rynzrcgmj17" source="FRAN_RI_004">hospitalisation publique</subject>
   <subject authfilenumber="d5b8ibbjwx--qzaditfa4wf8" source="FRAN_RI_004">établissement de santé</subject>
   <genreform authfilenumber="d3nd8f7o41-9cqbc6rfh0vz" source="FRAN_RI_001">statistique</genreform>
   <function authfilenumber="d3nyuiihz0-a8ekfbm461kd" source="FRAN_RI_011">statistique</function>
  </controlaccess>
  <dsc>
   
  </dsc>
 </archdesc>
</ead>